ISO-10303-21;
HEADER;
/* Generated by software containing ST-Developer
 * from STEP Tools, Inc. (www.steptools.com) 
 */

FILE_DESCRIPTION(
/* description */ ('STEP AP242'),
/* implementation_level */ '2;1');

FILE_NAME(
/* name */ '1053091203.step',
/* time_stamp */ '2026-05-22T14:14:22-07:00',
/* author */ (''),
/* organization */ (''),
/* preprocessor_version */ 'ST-DEVELOPER v20.1',
/* originating_system */ 'Autodesk Translation Framework v15.8.0.0',
/* authorisation */ '');

FILE_SCHEMA (('AUTOMOTIVE_DESIGN { 1 0 10303 214 3 1 1 }'));
ENDSEC;

DATA;
#10=MECHANICAL_DESIGN_GEOMETRIC_PRESENTATION_REPRESENTATION('',(#13),#4343);
#11=SHAPE_REPRESENTATION_RELATIONSHIP('SRR','None',#4350,#12);
#12=ADVANCED_BREP_SHAPE_REPRESENTATION('',(#14),#4342);
#13=STYLED_ITEM('',(#4359),#14);
#14=MANIFOLD_SOLID_BREP('Body1',#2650);
#15=SPHERICAL_SURFACE('',#2707,0.25);
#16=SPHERICAL_SURFACE('',#2714,0.25);
#17=FACE_BOUND('',#307,.T.);
#18=FACE_BOUND('',#308,.T.);
#19=FACE_BOUND('',#309,.T.);
#20=FACE_BOUND('',#319,.T.);
#21=FACE_BOUND('',#356,.T.);
#22=FACE_BOUND('',#389,.T.);
#23=PLANE('',#2670);
#24=PLANE('',#2671);
#25=PLANE('',#2672);
#26=PLANE('',#2673);
#27=PLANE('',#2680);
#28=PLANE('',#2681);
#29=PLANE('',#2682);
#30=PLANE('',#2683);
#31=PLANE('',#2684);
#32=PLANE('',#2685);
#33=PLANE('',#2686);
#34=PLANE('',#2687);
#35=PLANE('',#2688);
#36=PLANE('',#2689);
#37=PLANE('',#2690);
#38=PLANE('',#2691);
#39=PLANE('',#2695);
#40=PLANE('',#2699);
#41=PLANE('',#2703);
#42=PLANE('',#2715);
#43=PLANE('',#2718);
#44=PLANE('',#2719);
#45=PLANE('',#2720);
#46=PLANE('',#2723);
#47=PLANE('',#2726);
#48=PLANE('',#2727);
#49=PLANE('',#2728);
#50=PLANE('',#2729);
#51=PLANE('',#2730);
#52=PLANE('',#2731);
#53=PLANE('',#2732);
#54=PLANE('',#2733);
#55=PLANE('',#2734);
#56=PLANE('',#2735);
#57=PLANE('',#2736);
#58=PLANE('',#2737);
#59=PLANE('',#2738);
#60=PLANE('',#2739);
#61=PLANE('',#2740);
#62=PLANE('',#2747);
#63=PLANE('',#2748);
#64=PLANE('',#2749);
#65=PLANE('',#2750);
#66=PLANE('',#2751);
#67=PLANE('',#2752);
#68=PLANE('',#2753);
#69=PLANE('',#2754);
#70=PLANE('',#2761);
#71=PLANE('',#2762);
#72=PLANE('',#2763);
#73=PLANE('',#2764);
#74=PLANE('',#2765);
#75=PLANE('',#2766);
#76=PLANE('',#2767);
#77=PLANE('',#2768);
#78=PLANE('',#2769);
#79=PLANE('',#2770);
#80=PLANE('',#2777);
#81=PLANE('',#2778);
#82=PLANE('',#2779);
#83=PLANE('',#2780);
#84=PLANE('',#2781);
#85=PLANE('',#2782);
#86=PLANE('',#2783);
#87=PLANE('',#2784);
#88=PLANE('',#2791);
#89=PLANE('',#2792);
#90=PLANE('',#2793);
#91=PLANE('',#2794);
#92=PLANE('',#2795);
#93=PLANE('',#2796);
#94=PLANE('',#2797);
#95=PLANE('',#2798);
#96=PLANE('',#2805);
#97=PLANE('',#2806);
#98=PLANE('',#2807);
#99=PLANE('',#2808);
#100=PLANE('',#2809);
#101=PLANE('',#2810);
#102=PLANE('',#2811);
#103=PLANE('',#2812);
#104=PLANE('',#2813);
#105=PLANE('',#2814);
#106=PLANE('',#2821);
#107=PLANE('',#2824);
#108=PLANE('',#2825);
#109=PLANE('',#2826);
#110=PLANE('',#2827);
#111=PLANE('',#2828);
#112=PLANE('',#2829);
#113=PLANE('',#2830);
#114=PLANE('',#2831);
#115=PLANE('',#2832);
#116=PLANE('',#2833);
#117=PLANE('',#2834);
#118=PLANE('',#2835);
#119=PLANE('',#2836);
#120=PLANE('',#2837);
#121=PLANE('',#2838);
#122=PLANE('',#2839);
#123=PLANE('',#2840);
#124=PLANE('',#2841);
#125=PLANE('',#2842);
#126=PLANE('',#2843);
#127=PLANE('',#2844);
#128=PLANE('',#2845);
#129=PLANE('',#2855);
#130=PLANE('',#2856);
#131=PLANE('',#2857);
#132=PLANE('',#2858);
#133=PLANE('',#2859);
#134=CYLINDRICAL_SURFACE('',#2667,0.6);
#135=CYLINDRICAL_SURFACE('',#2692,0.25);
#136=CYLINDRICAL_SURFACE('',#2696,0.25);
#137=CYLINDRICAL_SURFACE('',#2700,0.25);
#138=CYLINDRICAL_SURFACE('',#2705,0.25);
#139=CYLINDRICAL_SURFACE('',#2709,0.25);
#140=CYLINDRICAL_SURFACE('',#2712,0.25);
#141=CYLINDRICAL_SURFACE('',#2721,0.25);
#142=CYLINDRICAL_SURFACE('',#2724,0.25);
#143=CYLINDRICAL_SURFACE('',#2771,1.64);
#144=CYLINDRICAL_SURFACE('',#2772,1.005);
#145=CYLINDRICAL_SURFACE('',#2773,1.64);
#146=CYLINDRICAL_SURFACE('',#2774,1.005);
#147=CYLINDRICAL_SURFACE('',#2775,1.64);
#148=CYLINDRICAL_SURFACE('',#2776,1.005);
#149=CYLINDRICAL_SURFACE('',#2815,1.005);
#150=CYLINDRICAL_SURFACE('',#2816,1.64);
#151=CYLINDRICAL_SURFACE('',#2817,1.005);
#152=CYLINDRICAL_SURFACE('',#2818,1.64);
#153=CYLINDRICAL_SURFACE('',#2819,1.005);
#154=CYLINDRICAL_SURFACE('',#2820,1.64);
#155=CYLINDRICAL_SURFACE('',#2852,1.64);
#156=CYLINDRICAL_SURFACE('',#2853,1.005);
#157=CYLINDRICAL_SURFACE('',#2854,1.64);
#158=CYLINDRICAL_SURFACE('',#2860,1.005);
#159=CYLINDRICAL_SURFACE('',#2861,1.64);
#160=CYLINDRICAL_SURFACE('',#2862,1.005);
#161=FACE_OUTER_BOUND('',#303,.T.);
#162=FACE_OUTER_BOUND('',#304,.T.);
#163=FACE_OUTER_BOUND('',#305,.T.);
#164=FACE_OUTER_BOUND('',#306,.T.);
#165=FACE_OUTER_BOUND('',#310,.T.);
#166=FACE_OUTER_BOUND('',#311,.T.);
#167=FACE_OUTER_BOUND('',#312,.T.);
#168=FACE_OUTER_BOUND('',#313,.T.);
#169=FACE_OUTER_BOUND('',#314,.T.);
#170=FACE_OUTER_BOUND('',#315,.T.);
#171=FACE_OUTER_BOUND('',#316,.T.);
#172=FACE_OUTER_BOUND('',#317,.T.);
#173=FACE_OUTER_BOUND('',#318,.T.);
#174=FACE_OUTER_BOUND('',#320,.T.);
#175=FACE_OUTER_BOUND('',#321,.T.);
#176=FACE_OUTER_BOUND('',#322,.T.);
#177=FACE_OUTER_BOUND('',#323,.T.);
#178=FACE_OUTER_BOUND('',#324,.T.);
#179=FACE_OUTER_BOUND('',#325,.T.);
#180=FACE_OUTER_BOUND('',#326,.T.);
#181=FACE_OUTER_BOUND('',#327,.T.);
#182=FACE_OUTER_BOUND('',#328,.T.);
#183=FACE_OUTER_BOUND('',#329,.T.);
#184=FACE_OUTER_BOUND('',#330,.T.);
#185=FACE_OUTER_BOUND('',#331,.T.);
#186=FACE_OUTER_BOUND('',#332,.T.);
#187=FACE_OUTER_BOUND('',#333,.T.);
#188=FACE_OUTER_BOUND('',#334,.T.);
#189=FACE_OUTER_BOUND('',#335,.T.);
#190=FACE_OUTER_BOUND('',#336,.T.);
#191=FACE_OUTER_BOUND('',#337,.T.);
#192=FACE_OUTER_BOUND('',#338,.T.);
#193=FACE_OUTER_BOUND('',#339,.T.);
#194=FACE_OUTER_BOUND('',#340,.T.);
#195=FACE_OUTER_BOUND('',#341,.T.);
#196=FACE_OUTER_BOUND('',#342,.T.);
#197=FACE_OUTER_BOUND('',#343,.T.);
#198=FACE_OUTER_BOUND('',#344,.T.);
#199=FACE_OUTER_BOUND('',#345,.T.);
#200=FACE_OUTER_BOUND('',#346,.T.);
#201=FACE_OUTER_BOUND('',#347,.T.);
#202=FACE_OUTER_BOUND('',#348,.T.);
#203=FACE_OUTER_BOUND('',#349,.T.);
#204=FACE_OUTER_BOUND('',#350,.T.);
#205=FACE_OUTER_BOUND('',#351,.T.);
#206=FACE_OUTER_BOUND('',#352,.T.);
#207=FACE_OUTER_BOUND('',#353,.T.);
#208=FACE_OUTER_BOUND('',#354,.T.);
#209=FACE_OUTER_BOUND('',#355,.T.);
#210=FACE_OUTER_BOUND('',#357,.T.);
#211=FACE_OUTER_BOUND('',#358,.T.);
#212=FACE_OUTER_BOUND('',#359,.T.);
#213=FACE_OUTER_BOUND('',#360,.T.);
#214=FACE_OUTER_BOUND('',#361,.T.);
#215=FACE_OUTER_BOUND('',#362,.T.);
#216=FACE_OUTER_BOUND('',#363,.T.);
#217=FACE_OUTER_BOUND('',#364,.T.);
#218=FACE_OUTER_BOUND('',#365,.T.);
#219=FACE_OUTER_BOUND('',#366,.T.);
#220=FACE_OUTER_BOUND('',#367,.T.);
#221=FACE_OUTER_BOUND('',#368,.T.);
#222=FACE_OUTER_BOUND('',#369,.T.);
#223=FACE_OUTER_BOUND('',#370,.T.);
#224=FACE_OUTER_BOUND('',#371,.T.);
#225=FACE_OUTER_BOUND('',#372,.T.);
#226=FACE_OUTER_BOUND('',#373,.T.);
#227=FACE_OUTER_BOUND('',#374,.T.);
#228=FACE_OUTER_BOUND('',#375,.T.);
#229=FACE_OUTER_BOUND('',#376,.T.);
#230=FACE_OUTER_BOUND('',#377,.T.);
#231=FACE_OUTER_BOUND('',#378,.T.);
#232=FACE_OUTER_BOUND('',#379,.T.);
#233=FACE_OUTER_BOUND('',#380,.T.);
#234=FACE_OUTER_BOUND('',#381,.T.);
#235=FACE_OUTER_BOUND('',#382,.T.);
#236=FACE_OUTER_BOUND('',#383,.T.);
#237=FACE_OUTER_BOUND('',#384,.T.);
#238=FACE_OUTER_BOUND('',#385,.T.);
#239=FACE_OUTER_BOUND('',#386,.T.);
#240=FACE_OUTER_BOUND('',#387,.T.);
#241=FACE_OUTER_BOUND('',#388,.T.);
#242=FACE_OUTER_BOUND('',#390,.T.);
#243=FACE_OUTER_BOUND('',#391,.T.);
#244=FACE_OUTER_BOUND('',#392,.T.);
#245=FACE_OUTER_BOUND('',#393,.T.);
#246=FACE_OUTER_BOUND('',#394,.T.);
#247=FACE_OUTER_BOUND('',#395,.T.);
#248=FACE_OUTER_BOUND('',#396,.T.);
#249=FACE_OUTER_BOUND('',#397,.T.);
#250=FACE_OUTER_BOUND('',#398,.T.);
#251=FACE_OUTER_BOUND('',#399,.T.);
#252=FACE_OUTER_BOUND('',#400,.T.);
#253=FACE_OUTER_BOUND('',#401,.T.);
#254=FACE_OUTER_BOUND('',#402,.T.);
#255=FACE_OUTER_BOUND('',#403,.T.);
#256=FACE_OUTER_BOUND('',#404,.T.);
#257=FACE_OUTER_BOUND('',#405,.T.);
#258=FACE_OUTER_BOUND('',#406,.T.);
#259=FACE_OUTER_BOUND('',#407,.T.);
#260=FACE_OUTER_BOUND('',#408,.T.);
#261=FACE_OUTER_BOUND('',#409,.T.);
#262=FACE_OUTER_BOUND('',#410,.T.);
#263=FACE_OUTER_BOUND('',#411,.T.);
#264=FACE_OUTER_BOUND('',#412,.T.);
#265=FACE_OUTER_BOUND('',#413,.T.);
#266=FACE_OUTER_BOUND('',#414,.T.);
#267=FACE_OUTER_BOUND('',#415,.T.);
#268=FACE_OUTER_BOUND('',#416,.T.);
#269=FACE_OUTER_BOUND('',#417,.T.);
#270=FACE_OUTER_BOUND('',#418,.T.);
#271=FACE_OUTER_BOUND('',#419,.T.);
#272=FACE_OUTER_BOUND('',#420,.T.);
#273=FACE_OUTER_BOUND('',#421,.T.);
#274=FACE_OUTER_BOUND('',#422,.T.);
#275=FACE_OUTER_BOUND('',#423,.T.);
#276=FACE_OUTER_BOUND('',#424,.T.);
#277=FACE_OUTER_BOUND('',#425,.T.);
#278=FACE_OUTER_BOUND('',#426,.T.);
#279=FACE_OUTER_BOUND('',#427,.T.);
#280=FACE_OUTER_BOUND('',#428,.T.);
#281=FACE_OUTER_BOUND('',#429,.T.);
#282=FACE_OUTER_BOUND('',#430,.T.);
#283=FACE_OUTER_BOUND('',#431,.T.);
#284=FACE_OUTER_BOUND('',#432,.T.);
#285=FACE_OUTER_BOUND('',#433,.T.);
#286=FACE_OUTER_BOUND('',#434,.T.);
#287=FACE_OUTER_BOUND('',#435,.T.);
#288=FACE_OUTER_BOUND('',#436,.T.);
#289=FACE_OUTER_BOUND('',#437,.T.);
#290=FACE_OUTER_BOUND('',#438,.T.);
#291=FACE_OUTER_BOUND('',#439,.T.);
#292=FACE_OUTER_BOUND('',#440,.T.);
#293=FACE_OUTER_BOUND('',#441,.T.);
#294=FACE_OUTER_BOUND('',#442,.T.);
#295=FACE_OUTER_BOUND('',#443,.T.);
#296=FACE_OUTER_BOUND('',#444,.T.);
#297=FACE_OUTER_BOUND('',#445,.T.);
#298=FACE_OUTER_BOUND('',#446,.T.);
#299=FACE_OUTER_BOUND('',#447,.T.);
#300=FACE_OUTER_BOUND('',#448,.T.);
#301=FACE_OUTER_BOUND('',#449,.T.);
#302=FACE_OUTER_BOUND('',#450,.T.);
#303=EDGE_LOOP('',(#1756,#1757,#1758,#1759));
#304=EDGE_LOOP('',(#1760,#1761,#1762,#1763,#1764));
#305=EDGE_LOOP('',(#1765,#1766,#1767,#1768,#1769,#1770,#1771,#1772));
#306=EDGE_LOOP('',(#1773,#1774,#1775,#1776,#1777,#1778,#1779,#1780,#1781,
#1782,#1783,#1784,#1785,#1786));
#307=EDGE_LOOP('',(#1787,#1788,#1789,#1790));
#308=EDGE_LOOP('',(#1791,#1792,#1793,#1794));
#309=EDGE_LOOP('',(#1795,#1796,#1797,#1798));
#310=EDGE_LOOP('',(#1799,#1800,#1801,#1802));
#311=EDGE_LOOP('',(#1803,#1804,#1805,#1806,#1807,#1808,#1809,#1810,#1811,
#1812,#1813,#1814));
#312=EDGE_LOOP('',(#1815,#1816,#1817,#1818));
#313=EDGE_LOOP('',(#1819,#1820,#1821,#1822));
#314=EDGE_LOOP('',(#1823,#1824,#1825,#1826));
#315=EDGE_LOOP('',(#1827,#1828,#1829,#1830));
#316=EDGE_LOOP('',(#1831,#1832,#1833,#1834));
#317=EDGE_LOOP('',(#1835,#1836,#1837,#1838));
#318=EDGE_LOOP('',(#1839,#1840,#1841,#1842));
#319=EDGE_LOOP('',(#1843,#1844,#1845,#1846));
#320=EDGE_LOOP('',(#1847,#1848,#1849,#1850,#1851,#1852,#1853,#1854,#1855));
#321=EDGE_LOOP('',(#1856,#1857,#1858,#1859,#1860,#1861,#1862,#1863,#1864,
#1865,#1866,#1867,#1868,#1869,#1870,#1871,#1872,#1873,#1874,#1875,#1876,
#1877,#1878,#1879));
#322=EDGE_LOOP('',(#1880,#1881,#1882,#1883,#1884));
#323=EDGE_LOOP('',(#1885,#1886,#1887,#1888,#1889,#1890,#1891,#1892));
#324=EDGE_LOOP('',(#1893,#1894,#1895,#1896,#1897,#1898));
#325=EDGE_LOOP('',(#1899,#1900,#1901,#1902));
#326=EDGE_LOOP('',(#1903,#1904,#1905,#1906,#1907,#1908,#1909,#1910));
#327=EDGE_LOOP('',(#1911,#1912,#1913,#1914));
#328=EDGE_LOOP('',(#1915,#1916,#1917,#1918,#1919,#1920));
#329=EDGE_LOOP('',(#1921,#1922,#1923,#1924));
#330=EDGE_LOOP('',(#1925,#1926,#1927,#1928,#1929,#1930));
#331=EDGE_LOOP('',(#1931,#1932,#1933,#1934));
#332=EDGE_LOOP('',(#1935,#1936,#1937));
#333=EDGE_LOOP('',(#1938,#1939,#1940,#1941));
#334=EDGE_LOOP('',(#1942,#1943,#1944,#1945));
#335=EDGE_LOOP('',(#1946,#1947,#1948));
#336=EDGE_LOOP('',(#1949,#1950,#1951,#1952,#1953,#1954,#1955,#1956,#1957,
#1958));
#337=EDGE_LOOP('',(#1959,#1960,#1961,#1962,#1963,#1964));
#338=EDGE_LOOP('',(#1965,#1966,#1967,#1968));
#339=EDGE_LOOP('',(#1969,#1970,#1971,#1972,#1973,#1974));
#340=EDGE_LOOP('',(#1975,#1976,#1977,#1978));
#341=EDGE_LOOP('',(#1979,#1980,#1981,#1982));
#342=EDGE_LOOP('',(#1983,#1984,#1985,#1986));
#343=EDGE_LOOP('',(#1987,#1988,#1989,#1990,#1991,#1992,#1993,#1994,#1995,
#1996));
#344=EDGE_LOOP('',(#1997,#1998,#1999,#2000,#2001,#2002,#2003,#2004,#2005,
#2006));
#345=EDGE_LOOP('',(#2007,#2008,#2009,#2010,#2011));
#346=EDGE_LOOP('',(#2012,#2013,#2014,#2015,#2016,#2017));
#347=EDGE_LOOP('',(#2018,#2019,#2020,#2021));
#348=EDGE_LOOP('',(#2022,#2023,#2024,#2025,#2026,#2027,#2028,#2029));
#349=EDGE_LOOP('',(#2030,#2031,#2032,#2033));
#350=EDGE_LOOP('',(#2034,#2035,#2036,#2037));
#351=EDGE_LOOP('',(#2038,#2039,#2040,#2041,#2042,#2043,#2044));
#352=EDGE_LOOP('',(#2045,#2046,#2047,#2048));
#353=EDGE_LOOP('',(#2049,#2050,#2051,#2052));
#354=EDGE_LOOP('',(#2053,#2054,#2055,#2056));
#355=EDGE_LOOP('',(#2057,#2058,#2059,#2060));
#356=EDGE_LOOP('',(#2061,#2062,#2063,#2064));
#357=EDGE_LOOP('',(#2065,#2066,#2067,#2068));
#358=EDGE_LOOP('',(#2069,#2070,#2071,#2072,#2073,#2074,#2075,#2076,#2077,
#2078,#2079,#2080));
#359=EDGE_LOOP('',(#2081,#2082,#2083,#2084));
#360=EDGE_LOOP('',(#2085,#2086,#2087,#2088));
#361=EDGE_LOOP('',(#2089,#2090,#2091,#2092));
#362=EDGE_LOOP('',(#2093,#2094,#2095,#2096));
#363=EDGE_LOOP('',(#2097,#2098,#2099,#2100));
#364=EDGE_LOOP('',(#2101,#2102,#2103,#2104));
#365=EDGE_LOOP('',(#2105,#2106,#2107,#2108));
#366=EDGE_LOOP('',(#2109,#2110,#2111,#2112,#2113,#2114,#2115,#2116,#2117,
#2118,#2119,#2120));
#367=EDGE_LOOP('',(#2121,#2122,#2123,#2124));
#368=EDGE_LOOP('',(#2125,#2126,#2127,#2128));
#369=EDGE_LOOP('',(#2129,#2130,#2131,#2132));
#370=EDGE_LOOP('',(#2133,#2134,#2135,#2136));
#371=EDGE_LOOP('',(#2137,#2138,#2139,#2140));
#372=EDGE_LOOP('',(#2141,#2142,#2143,#2144));
#373=EDGE_LOOP('',(#2145,#2146,#2147,#2148));
#374=EDGE_LOOP('',(#2149,#2150,#2151,#2152));
#375=EDGE_LOOP('',(#2153,#2154,#2155,#2156));
#376=EDGE_LOOP('',(#2157,#2158,#2159,#2160));
#377=EDGE_LOOP('',(#2161,#2162,#2163,#2164));
#378=EDGE_LOOP('',(#2165,#2166,#2167,#2168));
#379=EDGE_LOOP('',(#2169,#2170,#2171,#2172));
#380=EDGE_LOOP('',(#2173,#2174,#2175,#2176));
#381=EDGE_LOOP('',(#2177,#2178,#2179,#2180));
#382=EDGE_LOOP('',(#2181,#2182,#2183,#2184));
#383=EDGE_LOOP('',(#2185,#2186,#2187,#2188));
#384=EDGE_LOOP('',(#2189,#2190,#2191,#2192,#2193,#2194));
#385=EDGE_LOOP('',(#2195,#2196,#2197,#2198));
#386=EDGE_LOOP('',(#2199,#2200,#2201,#2202));
#387=EDGE_LOOP('',(#2203,#2204,#2205,#2206,#2207,#2208));
#388=EDGE_LOOP('',(#2209,#2210,#2211,#2212));
#389=EDGE_LOOP('',(#2213,#2214,#2215,#2216));
#390=EDGE_LOOP('',(#2217,#2218,#2219,#2220));
#391=EDGE_LOOP('',(#2221,#2222,#2223,#2224,#2225,#2226,#2227,#2228,#2229,
#2230,#2231,#2232));
#392=EDGE_LOOP('',(#2233,#2234,#2235,#2236));
#393=EDGE_LOOP('',(#2237,#2238,#2239,#2240));
#394=EDGE_LOOP('',(#2241,#2242,#2243,#2244));
#395=EDGE_LOOP('',(#2245,#2246,#2247,#2248));
#396=EDGE_LOOP('',(#2249,#2250,#2251,#2252));
#397=EDGE_LOOP('',(#2253,#2254,#2255,#2256));
#398=EDGE_LOOP('',(#2257,#2258,#2259,#2260));
#399=EDGE_LOOP('',(#2261,#2262,#2263,#2264,#2265,#2266,#2267,#2268,#2269,
#2270,#2271,#2272));
#400=EDGE_LOOP('',(#2273,#2274,#2275,#2276));
#401=EDGE_LOOP('',(#2277,#2278,#2279,#2280));
#402=EDGE_LOOP('',(#2281,#2282,#2283,#2284));
#403=EDGE_LOOP('',(#2285,#2286,#2287,#2288));
#404=EDGE_LOOP('',(#2289,#2290,#2291,#2292));
#405=EDGE_LOOP('',(#2293,#2294,#2295,#2296));
#406=EDGE_LOOP('',(#2297,#2298,#2299,#2300));
#407=EDGE_LOOP('',(#2301,#2302,#2303,#2304));
#408=EDGE_LOOP('',(#2305,#2306,#2307,#2308));
#409=EDGE_LOOP('',(#2309,#2310,#2311,#2312));
#410=EDGE_LOOP('',(#2313,#2314,#2315,#2316));
#411=EDGE_LOOP('',(#2317,#2318,#2319,#2320));
#412=EDGE_LOOP('',(#2321,#2322,#2323,#2324));
#413=EDGE_LOOP('',(#2325,#2326,#2327,#2328));
#414=EDGE_LOOP('',(#2329,#2330,#2331,#2332));
#415=EDGE_LOOP('',(#2333,#2334,#2335,#2336));
#416=EDGE_LOOP('',(#2337,#2338,#2339,#2340,#2341,#2342,#2343,#2344,#2345,
#2346,#2347,#2348,#2349,#2350,#2351,#2352,#2353,#2354,#2355));
#417=EDGE_LOOP('',(#2356,#2357,#2358,#2359));
#418=EDGE_LOOP('',(#2360,#2361));
#419=EDGE_LOOP('',(#2362,#2363,#2364,#2365));
#420=EDGE_LOOP('',(#2366,#2367,#2368,#2369));
#421=EDGE_LOOP('',(#2370,#2371,#2372,#2373,#2374,#2375,#2376,#2377));
#422=EDGE_LOOP('',(#2378,#2379,#2380,#2381));
#423=EDGE_LOOP('',(#2382,#2383,#2384,#2385));
#424=EDGE_LOOP('',(#2386,#2387,#2388,#2389));
#425=EDGE_LOOP('',(#2390,#2391,#2392,#2393));
#426=EDGE_LOOP('',(#2394,#2395,#2396,#2397));
#427=EDGE_LOOP('',(#2398,#2399,#2400,#2401));
#428=EDGE_LOOP('',(#2402,#2403,#2404,#2405,#2406,#2407,#2408,#2409));
#429=EDGE_LOOP('',(#2410,#2411,#2412,#2413));
#430=EDGE_LOOP('',(#2414,#2415,#2416,#2417));
#431=EDGE_LOOP('',(#2418,#2419,#2420,#2421));
#432=EDGE_LOOP('',(#2422,#2423,#2424,#2425));
#433=EDGE_LOOP('',(#2426,#2427,#2428,#2429));
#434=EDGE_LOOP('',(#2430,#2431,#2432,#2433));
#435=EDGE_LOOP('',(#2434,#2435,#2436,#2437));
#436=EDGE_LOOP('',(#2438,#2439,#2440,#2441));
#437=EDGE_LOOP('',(#2442,#2443,#2444,#2445));
#438=EDGE_LOOP('',(#2446,#2447,#2448,#2449));
#439=EDGE_LOOP('',(#2450,#2451,#2452,#2453,#2454,#2455,#2456,#2457,#2458,
#2459,#2460,#2461));
#440=EDGE_LOOP('',(#2462,#2463,#2464,#2465));
#441=EDGE_LOOP('',(#2466,#2467,#2468,#2469));
#442=EDGE_LOOP('',(#2470,#2471,#2472,#2473));
#443=EDGE_LOOP('',(#2474,#2475,#2476,#2477));
#444=EDGE_LOOP('',(#2478,#2479,#2480,#2481));
#445=EDGE_LOOP('',(#2482,#2483,#2484,#2485));
#446=EDGE_LOOP('',(#2486,#2487,#2488,#2489));
#447=EDGE_LOOP('',(#2490,#2491,#2492,#2493));
#448=EDGE_LOOP('',(#2494,#2495,#2496,#2497));
#449=EDGE_LOOP('',(#2498,#2499,#2500,#2501));
#450=EDGE_LOOP('',(#2502,#2503,#2504,#2505));
#451=(
BOUNDED_CURVE()
B_SPLINE_CURVE(2,(#3587,#3588,#3589),.UNSPECIFIED.,.F.,.F.)
B_SPLINE_CURVE_WITH_KNOTS((3,3),(-1.75978173339247,-1.17840765439461),
 .UNSPECIFIED.)
CURVE()
GEOMETRIC_REPRESENTATION_ITEM()
RATIONAL_B_SPLINE_CURVE((4.48666741947897,5.60833539666891,5.60833542232578))
REPRESENTATION_ITEM('')
);
#452=(
BOUNDED_CURVE()
B_SPLINE_CURVE(2,(#4234,#4235,#4236),.UNSPECIFIED.,.F.,.F.)
B_SPLINE_CURVE_WITH_KNOTS((3,3),(1.17840746548208,1.75978149572897),
 .UNSPECIFIED.)
CURVE()
GEOMETRIC_REPRESENTATION_ITEM()
RATIONAL_B_SPLINE_CURVE((5.60833521883105,5.60833550193383,4.48666801617212))
REPRESENTATION_ITEM('')
);
#453=CIRCLE('',#2665,0.4000000048037);
#454=CIRCLE('',#2666,0.6);
#455=CIRCLE('',#2668,0.6);
#456=CIRCLE('',#2669,0.6);
#457=CIRCLE('',#2674,1.64);
#458=CIRCLE('',#2675,1.005);
#459=CIRCLE('',#2676,1.64);
#460=CIRCLE('',#2677,1.005);
#461=CIRCLE('',#2678,1.64);
#462=CIRCLE('',#2679,1.005);
#463=CIRCLE('',#2693,0.25);
#464=CIRCLE('',#2694,0.25);
#465=CIRCLE('',#2697,0.25);
#466=CIRCLE('',#2698,0.25);
#467=CIRCLE('',#2701,0.25);
#468=CIRCLE('',#2702,0.25);
#469=CIRCLE('',#2704,0.25);
#470=CIRCLE('',#2706,0.25);
#471=CIRCLE('',#2708,0.25);
#472=CIRCLE('',#2710,0.25);
#473=CIRCLE('',#2711,0.25);
#474=CIRCLE('',#2713,0.25);
#475=CIRCLE('',#2716,0.25);
#476=CIRCLE('',#2717,0.25);
#477=CIRCLE('',#2722,0.25);
#478=CIRCLE('',#2725,0.25);
#479=CIRCLE('',#2741,1.64);
#480=CIRCLE('',#2742,1.005);
#481=CIRCLE('',#2743,1.64);
#482=CIRCLE('',#2744,1.005);
#483=CIRCLE('',#2745,1.64);
#484=CIRCLE('',#2746,1.005);
#485=CIRCLE('',#2755,1.005);
#486=CIRCLE('',#2756,1.64);
#487=CIRCLE('',#2757,1.005);
#488=CIRCLE('',#2758,1.64);
#489=CIRCLE('',#2759,1.005);
#490=CIRCLE('',#2760,1.64);
#491=CIRCLE('',#2785,1.005);
#492=CIRCLE('',#2786,1.64);
#493=CIRCLE('',#2787,1.005);
#494=CIRCLE('',#2788,1.64);
#495=CIRCLE('',#2789,1.005);
#496=CIRCLE('',#2790,1.64);
#497=CIRCLE('',#2799,1.64);
#498=CIRCLE('',#2800,1.005);
#499=CIRCLE('',#2801,1.64);
#500=CIRCLE('',#2802,1.005);
#501=CIRCLE('',#2803,1.64);
#502=CIRCLE('',#2804,1.005);
#503=CIRCLE('',#2823,0.3999999204006);
#504=CIRCLE('',#2846,1.005);
#505=CIRCLE('',#2847,1.64);
#506=CIRCLE('',#2848,1.005);
#507=CIRCLE('',#2849,1.64);
#508=CIRCLE('',#2850,1.005);
#509=CIRCLE('',#2851,1.64);
#510=LINE('',#3583,#826);
#511=LINE('',#3596,#827);
#512=LINE('',#3598,#828);
#513=LINE('',#3602,#829);
#514=LINE('',#3604,#830);
#515=LINE('',#3606,#831);
#516=LINE('',#3608,#832);
#517=LINE('',#3610,#833);
#518=LINE('',#3612,#834);
#519=LINE('',#3614,#835);
#520=LINE('',#3615,#836);
#521=LINE('',#3618,#837);
#522=LINE('',#3620,#838);
#523=LINE('',#3622,#839);
#524=LINE('',#3624,#840);
#525=LINE('',#3626,#841);
#526=LINE('',#3627,#842);
#527=LINE('',#3629,#843);
#528=LINE('',#3631,#844);
#529=LINE('',#3633,#845);
#530=LINE('',#3635,#846);
#531=LINE('',#3637,#847);
#532=LINE('',#3638,#848);
#533=LINE('',#3641,#849);
#534=LINE('',#3643,#850);
#535=LINE('',#3645,#851);
#536=LINE('',#3646,#852);
#537=LINE('',#3649,#853);
#538=LINE('',#3651,#854);
#539=LINE('',#3653,#855);
#540=LINE('',#3654,#856);
#541=LINE('',#3657,#857);
#542=LINE('',#3659,#858);
#543=LINE('',#3661,#859);
#544=LINE('',#3662,#860);
#545=LINE('',#3666,#861);
#546=LINE('',#3668,#862);
#547=LINE('',#3670,#863);
#548=LINE('',#3671,#864);
#549=LINE('',#3674,#865);
#550=LINE('',#3682,#866);
#551=LINE('',#3684,#867);
#552=LINE('',#3686,#868);
#553=LINE('',#3693,#869);
#554=LINE('',#3696,#870);
#555=LINE('',#3698,#871);
#556=LINE('',#3699,#872);
#557=LINE('',#3702,#873);
#558=LINE('',#3704,#874);
#559=LINE('',#3705,#875);
#560=LINE('',#3708,#876);
#561=LINE('',#3709,#877);
#562=LINE('',#3712,#878);
#563=LINE('',#3713,#879);
#564=LINE('',#3716,#880);
#565=LINE('',#3717,#881);
#566=LINE('',#3720,#882);
#567=LINE('',#3722,#883);
#568=LINE('',#3723,#884);
#569=LINE('',#3727,#885);
#570=LINE('',#3729,#886);
#571=LINE('',#3731,#887);
#572=LINE('',#3732,#888);
#573=LINE('',#3734,#889);
#574=LINE('',#3735,#890);
#575=LINE('',#3739,#891);
#576=LINE('',#3741,#892);
#577=LINE('',#3743,#893);
#578=LINE('',#3744,#894);
#579=LINE('',#3746,#895);
#580=LINE('',#3748,#896);
#581=LINE('',#3750,#897);
#582=LINE('',#3751,#898);
#583=LINE('',#3755,#899);
#584=LINE('',#3757,#900);
#585=LINE('',#3759,#901);
#586=LINE('',#3760,#902);
#587=LINE('',#3762,#903);
#588=LINE('',#3764,#904);
#589=LINE('',#3766,#905);
#590=LINE('',#3768,#906);
#591=LINE('',#3770,#907);
#592=LINE('',#3772,#908);
#593=LINE('',#3774,#909);
#594=LINE('',#3776,#910);
#595=LINE('',#3778,#911);
#596=LINE('',#3780,#912);
#597=LINE('',#3782,#913);
#598=LINE('',#3783,#914);
#599=LINE('',#3785,#915);
#600=LINE('',#3787,#916);
#601=LINE('',#3789,#917);
#602=LINE('',#3791,#918);
#603=LINE('',#3793,#919);
#604=LINE('',#3794,#920);
#605=LINE('',#3797,#921);
#606=LINE('',#3799,#922);
#607=LINE('',#3801,#923);
#608=LINE('',#3802,#924);
#609=LINE('',#3805,#925);
#610=LINE('',#3806,#926);
#611=LINE('',#3808,#927);
#612=LINE('',#3810,#928);
#613=LINE('',#3811,#929);
#614=LINE('',#3814,#930);
#615=LINE('',#3816,#931);
#616=LINE('',#3818,#932);
#617=LINE('',#3819,#933);
#618=LINE('',#3825,#934);
#619=LINE('',#3828,#935);
#620=LINE('',#3830,#936);
#621=LINE('',#3832,#937);
#622=LINE('',#3834,#938);
#623=LINE('',#3836,#939);
#624=LINE('',#3838,#940);
#625=LINE('',#3839,#941);
#626=LINE('',#3845,#942);
#627=LINE('',#3848,#943);
#628=LINE('',#3849,#944);
#629=LINE('',#3850,#945);
#630=LINE('',#3855,#946);
#631=LINE('',#3859,#947);
#632=LINE('',#3863,#948);
#633=LINE('',#3870,#949);
#634=LINE('',#3874,#950);
#635=LINE('',#3879,#951);
#636=LINE('',#3883,#952);
#637=LINE('',#3886,#953);
#638=LINE('',#3889,#954);
#639=LINE('',#3891,#955);
#640=LINE('',#3892,#956);
#641=LINE('',#3895,#957);
#642=LINE('',#3896,#958);
#643=LINE('',#3899,#959);
#644=LINE('',#3900,#960);
#645=LINE('',#3904,#961);
#646=LINE('',#3907,#962);
#647=LINE('',#3908,#963);
#648=LINE('',#3913,#964);
#649=LINE('',#3914,#965);
#650=LINE('',#3915,#966);
#651=LINE('',#3918,#967);
#652=LINE('',#3920,#968);
#653=LINE('',#3921,#969);
#654=LINE('',#3923,#970);
#655=LINE('',#3924,#971);
#656=LINE('',#3926,#972);
#657=LINE('',#3928,#973);
#658=LINE('',#3930,#974);
#659=LINE('',#3933,#975);
#660=LINE('',#3935,#976);
#661=LINE('',#3937,#977);
#662=LINE('',#3938,#978);
#663=LINE('',#3941,#979);
#664=LINE('',#3942,#980);
#665=LINE('',#3945,#981);
#666=LINE('',#3946,#982);
#667=LINE('',#3950,#983);
#668=LINE('',#3951,#984);
#669=LINE('',#3952,#985);
#670=LINE('',#3953,#986);
#671=LINE('',#3955,#987);
#672=LINE('',#3957,#988);
#673=LINE('',#3962,#989);
#674=LINE('',#3964,#990);
#675=LINE('',#3966,#991);
#676=LINE('',#3967,#992);
#677=LINE('',#3970,#993);
#678=LINE('',#3972,#994);
#679=LINE('',#3973,#995);
#680=LINE('',#3982,#996);
#681=LINE('',#3984,#997);
#682=LINE('',#3992,#998);
#683=LINE('',#3994,#999);
#684=LINE('',#3995,#1000);
#685=LINE('',#3998,#1001);
#686=LINE('',#4000,#1002);
#687=LINE('',#4001,#1003);
#688=LINE('',#4004,#1004);
#689=LINE('',#4006,#1005);
#690=LINE('',#4007,#1006);
#691=LINE('',#4010,#1007);
#692=LINE('',#4011,#1008);
#693=LINE('',#4013,#1009);
#694=LINE('',#4016,#1010);
#695=LINE('',#4017,#1011);
#696=LINE('',#4020,#1012);
#697=LINE('',#4022,#1013);
#698=LINE('',#4023,#1014);
#699=LINE('',#4026,#1015);
#700=LINE('',#4027,#1016);
#701=LINE('',#4035,#1017);
#702=LINE('',#4043,#1018);
#703=LINE('',#4044,#1019);
#704=LINE('',#4046,#1020);
#705=LINE('',#4048,#1021);
#706=LINE('',#4051,#1022);
#707=LINE('',#4052,#1023);
#708=LINE('',#4054,#1024);
#709=LINE('',#4057,#1025);
#710=LINE('',#4059,#1026);
#711=LINE('',#4060,#1027);
#712=LINE('',#4063,#1028);
#713=LINE('',#4064,#1029);
#714=LINE('',#4067,#1030);
#715=LINE('',#4068,#1031);
#716=LINE('',#4070,#1032);
#717=LINE('',#4073,#1033);
#718=LINE('',#4075,#1034);
#719=LINE('',#4078,#1035);
#720=LINE('',#4080,#1036);
#721=LINE('',#4083,#1037);
#722=LINE('',#4086,#1038);
#723=LINE('',#4088,#1039);
#724=LINE('',#4089,#1040);
#725=LINE('',#4092,#1041);
#726=LINE('',#4093,#1042);
#727=LINE('',#4096,#1043);
#728=LINE('',#4097,#1044);
#729=LINE('',#4099,#1045);
#730=LINE('',#4103,#1046);
#731=LINE('',#4105,#1047);
#732=LINE('',#4107,#1048);
#733=LINE('',#4108,#1049);
#734=LINE('',#4111,#1050);
#735=LINE('',#4113,#1051);
#736=LINE('',#4114,#1052);
#737=LINE('',#4123,#1053);
#738=LINE('',#4125,#1054);
#739=LINE('',#4133,#1055);
#740=LINE('',#4135,#1056);
#741=LINE('',#4136,#1057);
#742=LINE('',#4139,#1058);
#743=LINE('',#4141,#1059);
#744=LINE('',#4142,#1060);
#745=LINE('',#4145,#1061);
#746=LINE('',#4147,#1062);
#747=LINE('',#4148,#1063);
#748=LINE('',#4151,#1064);
#749=LINE('',#4152,#1065);
#750=LINE('',#4154,#1066);
#751=LINE('',#4157,#1067);
#752=LINE('',#4158,#1068);
#753=LINE('',#4161,#1069);
#754=LINE('',#4163,#1070);
#755=LINE('',#4164,#1071);
#756=LINE('',#4167,#1072);
#757=LINE('',#4168,#1073);
#758=LINE('',#4176,#1074);
#759=LINE('',#4184,#1075);
#760=LINE('',#4185,#1076);
#761=LINE('',#4187,#1077);
#762=LINE('',#4189,#1078);
#763=LINE('',#4192,#1079);
#764=LINE('',#4193,#1080);
#765=LINE('',#4195,#1081);
#766=LINE('',#4198,#1082);
#767=LINE('',#4200,#1083);
#768=LINE('',#4201,#1084);
#769=LINE('',#4204,#1085);
#770=LINE('',#4205,#1086);
#771=LINE('',#4208,#1087);
#772=LINE('',#4209,#1088);
#773=LINE('',#4211,#1089);
#774=LINE('',#4214,#1090);
#775=LINE('',#4216,#1091);
#776=LINE('',#4219,#1092);
#777=LINE('',#4221,#1093);
#778=LINE('',#4225,#1094);
#779=LINE('',#4227,#1095);
#780=LINE('',#4228,#1096);
#781=LINE('',#4230,#1097);
#782=LINE('',#4232,#1098);
#783=LINE('',#4233,#1099);
#784=LINE('',#4242,#1100);
#785=LINE('',#4243,#1101);
#786=LINE('',#4246,#1102);
#787=LINE('',#4247,#1103);
#788=LINE('',#4249,#1104);
#789=LINE('',#4251,#1105);
#790=LINE('',#4252,#1106);
#791=LINE('',#4255,#1107);
#792=LINE('',#4256,#1108);
#793=LINE('',#4258,#1109);
#794=LINE('',#4263,#1110);
#795=LINE('',#4265,#1111);
#796=LINE('',#4266,#1112);
#797=LINE('',#4270,#1113);
#798=LINE('',#4271,#1114);
#799=LINE('',#4272,#1115);
#800=LINE('',#4274,#1116);
#801=LINE('',#4275,#1117);
#802=LINE('',#4277,#1118);
#803=LINE('',#4280,#1119);
#804=LINE('',#4284,#1120);
#805=LINE('',#4285,#1121);
#806=LINE('',#4288,#1122);
#807=LINE('',#4289,#1123);
#808=LINE('',#4292,#1124);
#809=LINE('',#4294,#1125);
#810=LINE('',#4295,#1126);
#811=LINE('',#4297,#1127);
#812=LINE('',#4299,#1128);
#813=LINE('',#4307,#1129);
#814=LINE('',#4314,#1130);
#815=LINE('',#4316,#1131);
#816=LINE('',#4320,#1132);
#817=LINE('',#4322,#1133);
#818=LINE('',#4323,#1134);
#819=LINE('',#4326,#1135);
#820=LINE('',#4328,#1136);
#821=LINE('',#4329,#1137);
#822=LINE('',#4331,#1138);
#823=LINE('',#4333,#1139);
#824=LINE('',#4336,#1140);
#825=LINE('',#4338,#1141);
#826=VECTOR('',#2867,0.6324555556857);
#827=VECTOR('',#2876,1.000000013302);
#828=VECTOR('',#2879,1.00000000535);
#829=VECTOR('',#2882,0.6);
#830=VECTOR('',#2883,0.8);
#831=VECTOR('',#2884,9.06);
#832=VECTOR('',#2885,8.44);
#833=VECTOR('',#2886,9.06);
#834=VECTOR('',#2887,0.8);
#835=VECTOR('',#2888,0.6);
#836=VECTOR('',#2889,6.84);
#837=VECTOR('',#2892,1.7227864045);
#838=VECTOR('',#2893,0.6);
#839=VECTOR('',#2894,0.8);
#840=VECTOR('',#2895,2.28);
#841=VECTOR('',#2896,0.8);
#842=VECTOR('',#2897,0.6);
#843=VECTOR('',#2898,0.6);
#844=VECTOR('',#2899,0.8);
#845=VECTOR('',#2900,2.28);
#846=VECTOR('',#2901,0.8);
#847=VECTOR('',#2902,0.6);
#848=VECTOR('',#2903,4.2227864045);
#849=VECTOR('',#2904,0.635);
#850=VECTOR('',#2905,0.635);
#851=VECTOR('',#2906,0.635);
#852=VECTOR('',#2907,0.635);
#853=VECTOR('',#2908,0.635);
#854=VECTOR('',#2909,0.635);
#855=VECTOR('',#2910,0.635);
#856=VECTOR('',#2911,0.635);
#857=VECTOR('',#2912,0.635);
#858=VECTOR('',#2913,0.635);
#859=VECTOR('',#2914,0.635);
#860=VECTOR('',#2915,0.635);
#861=VECTOR('',#2918,3.99);
#862=VECTOR('',#2919,0.635);
#863=VECTOR('',#2920,3.99);
#864=VECTOR('',#2921,0.635);
#865=VECTOR('',#2924,0.5564091640801);
#866=VECTOR('',#2931,0.4064091640801);
#867=VECTOR('',#2932,0.635);
#868=VECTOR('',#2933,0.4064091640801);
#869=VECTOR('',#2940,0.5564091640801);
#870=VECTOR('',#2943,0.5894913061276);
#871=VECTOR('',#2944,0.5894913061276);
#872=VECTOR('',#2945,0.335);
#873=VECTOR('',#2948,0.335);
#874=VECTOR('',#2949,0.335);
#875=VECTOR('',#2950,0.335);
#876=VECTOR('',#2953,0.5894913061276);
#877=VECTOR('',#2954,0.635);
#878=VECTOR('',#2957,3.99);
#879=VECTOR('',#2958,0.635);
#880=VECTOR('',#2961,0.5564091640801);
#881=VECTOR('',#2962,0.635);
#882=VECTOR('',#2965,0.635);
#883=VECTOR('',#2966,0.635);
#884=VECTOR('',#2967,0.4064091640801);
#885=VECTOR('',#2970,2.22);
#886=VECTOR('',#2971,2.19);
#887=VECTOR('',#2972,2.22);
#888=VECTOR('',#2973,2.19);
#889=VECTOR('',#2974,0.635);
#890=VECTOR('',#2975,0.635);
#891=VECTOR('',#2978,0.848528137423901);
#892=VECTOR('',#2979,3.7);
#893=VECTOR('',#2980,0.71);
#894=VECTOR('',#2981,1.7);
#895=VECTOR('',#2982,1.45);
#896=VECTOR('',#2983,0.275);
#897=VECTOR('',#2984,4.55);
#898=VECTOR('',#2985,1.155);
#899=VECTOR('',#2988,0.4);
#900=VECTOR('',#2989,0.82);
#901=VECTOR('',#2990,1.62);
#902=VECTOR('',#2991,3.48);
#903=VECTOR('',#2992,3.48);
#904=VECTOR('',#2993,1.62);
#905=VECTOR('',#2994,0.82);
#906=VECTOR('',#2995,0.4);
#907=VECTOR('',#2996,1.465);
#908=VECTOR('',#2997,1.41);
#909=VECTOR('',#2998,2.19);
#910=VECTOR('',#2999,4.72);
#911=VECTOR('',#3000,2.19);
#912=VECTOR('',#3001,2.22);
#913=VECTOR('',#3002,0.88);
#914=VECTOR('',#3003,0.28);
#915=VECTOR('',#3004,2.78);
#916=VECTOR('',#3005,2.465);
#917=VECTOR('',#3006,2.22);
#918=VECTOR('',#3007,2.19);
#919=VECTOR('',#3008,1.41);
#920=VECTOR('',#3009,1.465);
#921=VECTOR('',#3012,4.55);
#922=VECTOR('',#3013,2.655);
#923=VECTOR('',#3014,5.731849315068);
#924=VECTOR('',#3015,1.677160637365);
#925=VECTOR('',#3018,4.4);
#926=VECTOR('',#3019,1.677160637365);
#927=VECTOR('',#3020,2.057692882818);
#928=VECTOR('',#3021,5.2);
#929=VECTOR('',#3022,2.057692882818);
#930=VECTOR('',#3025,4.75);
#931=VECTOR('',#3026,0.33);
#932=VECTOR('',#3027,6.2);
#933=VECTOR('',#3028,2.61);
#934=VECTOR('',#3035,2.609999999372);
#935=VECTOR('',#3038,4.7);
#936=VECTOR('',#3039,1.2);
#937=VECTOR('',#3040,0.6);
#938=VECTOR('',#3041,2.3);
#939=VECTOR('',#3042,0.6);
#940=VECTOR('',#3043,1.2);
#941=VECTOR('',#3044,2.609999998744);
#942=VECTOR('',#3051,2.61);
#943=VECTOR('',#3054,0.33);
#944=VECTOR('',#3055,4.75);
#945=VECTOR('',#3056,6.2);
#946=VECTOR('',#3061,6.199999999817);
#947=VECTOR('',#3066,4.7);
#948=VECTOR('',#3071,6.199999999634);
#949=VECTOR('',#3082,1.2);
#950=VECTOR('',#3087,1.2);
#951=VECTOR('',#3094,4.62);
#952=VECTOR('',#3097,1.8);
#953=VECTOR('',#3100,4.62);
#954=VECTOR('',#3103,0.85);
#955=VECTOR('',#3104,4.42);
#956=VECTOR('',#3105,0.45);
#957=VECTOR('',#3108,2.3);
#958=VECTOR('',#3109,0.45);
#959=VECTOR('',#3112,4.42);
#960=VECTOR('',#3113,0.85);
#961=VECTOR('',#3118,0.85);
#962=VECTOR('',#3121,1.8);
#963=VECTOR('',#3122,0.85);
#964=VECTOR('',#3129,1.05);
#965=VECTOR('',#3130,5.731849315068);
#966=VECTOR('',#3131,1.05);
#967=VECTOR('',#3134,0.81);
#968=VECTOR('',#3135,0.275);
#969=VECTOR('',#3136,2.78);
#970=VECTOR('',#3137,0.81);
#971=VECTOR('',#3138,2.655);
#972=VECTOR('',#3141,4.55);
#973=VECTOR('',#3144,6.);
#974=VECTOR('',#3147,6.);
#975=VECTOR('',#3150,0.28);
#976=VECTOR('',#3151,1.7);
#977=VECTOR('',#3152,2.22);
#978=VECTOR('',#3153,6.);
#979=VECTOR('',#3156,2.19);
#980=VECTOR('',#3157,6.);
#981=VECTOR('',#3160,2.22);
#982=VECTOR('',#3161,6.);
#983=VECTOR('',#3164,3.7);
#984=VECTOR('',#3165,0.848528137423901);
#985=VECTOR('',#3166,2.19);
#986=VECTOR('',#3167,0.71);
#987=VECTOR('',#3170,0.28);
#988=VECTOR('',#3173,0.28);
#989=VECTOR('',#3178,0.635);
#990=VECTOR('',#3179,0.635);
#991=VECTOR('',#3180,0.635);
#992=VECTOR('',#3181,0.635);
#993=VECTOR('',#3184,3.99);
#994=VECTOR('',#3185,3.99);
#995=VECTOR('',#3186,0.635);
#996=VECTOR('',#3195,0.5564091640801);
#997=VECTOR('',#3196,0.5564091640801);
#998=VECTOR('',#3203,0.4064091640801);
#999=VECTOR('',#3204,0.635);
#1000=VECTOR('',#3205,0.4064091640801);
#1001=VECTOR('',#3208,0.5894913061276);
#1002=VECTOR('',#3209,0.5894913061276);
#1003=VECTOR('',#3210,0.335);
#1004=VECTOR('',#3213,0.335);
#1005=VECTOR('',#3214,0.335);
#1006=VECTOR('',#3215,0.335);
#1007=VECTOR('',#3218,0.5894913061276);
#1008=VECTOR('',#3219,0.635);
#1009=VECTOR('',#3222,3.99);
#1010=VECTOR('',#3225,0.635);
#1011=VECTOR('',#3226,0.5564091640801);
#1012=VECTOR('',#3229,0.635);
#1013=VECTOR('',#3230,0.4064091640801);
#1014=VECTOR('',#3231,0.635);
#1015=VECTOR('',#3234,3.99);
#1016=VECTOR('',#3235,0.635);
#1017=VECTOR('',#3244,0.5564091640801);
#1018=VECTOR('',#3251,0.4064091640801);
#1019=VECTOR('',#3252,0.635);
#1020=VECTOR('',#3255,0.5894913061276);
#1021=VECTOR('',#3258,0.635);
#1022=VECTOR('',#3263,0.635);
#1023=VECTOR('',#3264,0.635);
#1024=VECTOR('',#3267,0.635);
#1025=VECTOR('',#3270,0.5894913061276);
#1026=VECTOR('',#3271,0.335);
#1027=VECTOR('',#3272,0.5894913061276);
#1028=VECTOR('',#3275,0.5894913061276);
#1029=VECTOR('',#3276,0.335);
#1030=VECTOR('',#3279,0.335);
#1031=VECTOR('',#3280,0.335);
#1032=VECTOR('',#3283,0.5894913061276);
#1033=VECTOR('',#3288,0.635);
#1034=VECTOR('',#3291,0.635);
#1035=VECTOR('',#3296,0.635);
#1036=VECTOR('',#3299,0.635);
#1037=VECTOR('',#3304,4.55);
#1038=VECTOR('',#3307,1.45);
#1039=VECTOR('',#3308,2.19);
#1040=VECTOR('',#3309,6.);
#1041=VECTOR('',#3312,2.22);
#1042=VECTOR('',#3313,6.);
#1043=VECTOR('',#3316,2.19);
#1044=VECTOR('',#3317,6.);
#1045=VECTOR('',#3320,2.22);
#1046=VECTOR('',#3323,0.635);
#1047=VECTOR('',#3324,0.635);
#1048=VECTOR('',#3325,0.635);
#1049=VECTOR('',#3326,0.635);
#1050=VECTOR('',#3329,3.99);
#1051=VECTOR('',#3330,3.99);
#1052=VECTOR('',#3331,0.635);
#1053=VECTOR('',#3340,0.5564091640801);
#1054=VECTOR('',#3341,0.5564091640801);
#1055=VECTOR('',#3348,0.4064091640801);
#1056=VECTOR('',#3349,0.635);
#1057=VECTOR('',#3350,0.4064091640801);
#1058=VECTOR('',#3353,0.5894913061276);
#1059=VECTOR('',#3354,0.5894913061276);
#1060=VECTOR('',#3355,0.335);
#1061=VECTOR('',#3358,0.335);
#1062=VECTOR('',#3359,0.335);
#1063=VECTOR('',#3360,0.335);
#1064=VECTOR('',#3363,0.5894913061276);
#1065=VECTOR('',#3364,0.635);
#1066=VECTOR('',#3367,3.99);
#1067=VECTOR('',#3370,0.635);
#1068=VECTOR('',#3371,0.5564091640801);
#1069=VECTOR('',#3374,0.635);
#1070=VECTOR('',#3375,0.4064091640801);
#1071=VECTOR('',#3376,0.635);
#1072=VECTOR('',#3379,3.99);
#1073=VECTOR('',#3380,0.635);
#1074=VECTOR('',#3389,0.5564091640801);
#1075=VECTOR('',#3396,0.4064091640801);
#1076=VECTOR('',#3397,0.635);
#1077=VECTOR('',#3400,0.5894913061276);
#1078=VECTOR('',#3403,0.635);
#1079=VECTOR('',#3408,0.635);
#1080=VECTOR('',#3409,0.635);
#1081=VECTOR('',#3412,0.635);
#1082=VECTOR('',#3415,0.5894913061276);
#1083=VECTOR('',#3416,0.335);
#1084=VECTOR('',#3417,0.5894913061276);
#1085=VECTOR('',#3420,0.5894913061276);
#1086=VECTOR('',#3421,0.335);
#1087=VECTOR('',#3424,0.335);
#1088=VECTOR('',#3425,0.335);
#1089=VECTOR('',#3428,0.5894913061276);
#1090=VECTOR('',#3433,0.635);
#1091=VECTOR('',#3436,0.635);
#1092=VECTOR('',#3441,0.635);
#1093=VECTOR('',#3444,0.635);
#1094=VECTOR('',#3449,0.6);
#1095=VECTOR('',#3450,0.8);
#1096=VECTOR('',#3451,9.06);
#1097=VECTOR('',#3452,9.06);
#1098=VECTOR('',#3453,0.8);
#1099=VECTOR('',#3454,0.6);
#1100=VECTOR('',#3463,0.6);
#1101=VECTOR('',#3464,0.6);
#1102=VECTOR('',#3467,0.8);
#1103=VECTOR('',#3468,0.6);
#1104=VECTOR('',#3471,0.6);
#1105=VECTOR('',#3472,0.6);
#1106=VECTOR('',#3473,0.6);
#1107=VECTOR('',#3476,0.8);
#1108=VECTOR('',#3477,0.6);
#1109=VECTOR('',#3480,0.6);
#1110=VECTOR('',#3487,0.6);
#1111=VECTOR('',#3488,0.8);
#1112=VECTOR('',#3489,0.6);
#1113=VECTOR('',#3492,0.8);
#1114=VECTOR('',#3493,0.6);
#1115=VECTOR('',#3494,0.6);
#1116=VECTOR('',#3497,0.6);
#1117=VECTOR('',#3498,0.6);
#1118=VECTOR('',#3501,0.6);
#1119=VECTOR('',#3506,0.6);
#1120=VECTOR('',#3511,3.99);
#1121=VECTOR('',#3512,0.635);
#1122=VECTOR('',#3515,0.635);
#1123=VECTOR('',#3516,0.5564091640801);
#1124=VECTOR('',#3519,0.635);
#1125=VECTOR('',#3520,0.4064091640801);
#1126=VECTOR('',#3521,0.635);
#1127=VECTOR('',#3524,0.5894913061276);
#1128=VECTOR('',#3527,0.635);
#1129=VECTOR('',#3538,0.635);
#1130=VECTOR('',#3547,0.635);
#1131=VECTOR('',#3550,0.635);
#1132=VECTOR('',#3555,0.5894913061276);
#1133=VECTOR('',#3556,0.5894913061276);
#1134=VECTOR('',#3557,0.335);
#1135=VECTOR('',#3560,0.335);
#1136=VECTOR('',#3561,0.335);
#1137=VECTOR('',#3562,0.335);
#1138=VECTOR('',#3565,0.5894913061276);
#1139=VECTOR('',#3568,0.5894913061276);
#1140=VECTOR('',#3573,0.635);
#1141=VECTOR('',#3576,0.635);
#1142=VERTEX_POINT('',#3581);
#1143=VERTEX_POINT('',#3582);
#1144=VERTEX_POINT('',#3584);
#1145=VERTEX_POINT('',#3586);
#1146=VERTEX_POINT('',#3592);
#1147=VERTEX_POINT('',#3593);
#1148=VERTEX_POINT('',#3595);
#1149=VERTEX_POINT('',#3600);
#1150=VERTEX_POINT('',#3601);
#1151=VERTEX_POINT('',#3603);
#1152=VERTEX_POINT('',#3605);
#1153=VERTEX_POINT('',#3607);
#1154=VERTEX_POINT('',#3609);
#1155=VERTEX_POINT('',#3611);
#1156=VERTEX_POINT('',#3613);
#1157=VERTEX_POINT('',#3617);
#1158=VERTEX_POINT('',#3619);
#1159=VERTEX_POINT('',#3621);
#1160=VERTEX_POINT('',#3623);
#1161=VERTEX_POINT('',#3625);
#1162=VERTEX_POINT('',#3628);
#1163=VERTEX_POINT('',#3630);
#1164=VERTEX_POINT('',#3632);
#1165=VERTEX_POINT('',#3634);
#1166=VERTEX_POINT('',#3636);
#1167=VERTEX_POINT('',#3639);
#1168=VERTEX_POINT('',#3640);
#1169=VERTEX_POINT('',#3642);
#1170=VERTEX_POINT('',#3644);
#1171=VERTEX_POINT('',#3647);
#1172=VERTEX_POINT('',#3648);
#1173=VERTEX_POINT('',#3650);
#1174=VERTEX_POINT('',#3652);
#1175=VERTEX_POINT('',#3655);
#1176=VERTEX_POINT('',#3656);
#1177=VERTEX_POINT('',#3658);
#1178=VERTEX_POINT('',#3660);
#1179=VERTEX_POINT('',#3664);
#1180=VERTEX_POINT('',#3665);
#1181=VERTEX_POINT('',#3667);
#1182=VERTEX_POINT('',#3669);
#1183=VERTEX_POINT('',#3673);
#1184=VERTEX_POINT('',#3675);
#1185=VERTEX_POINT('',#3677);
#1186=VERTEX_POINT('',#3679);
#1187=VERTEX_POINT('',#3681);
#1188=VERTEX_POINT('',#3683);
#1189=VERTEX_POINT('',#3685);
#1190=VERTEX_POINT('',#3687);
#1191=VERTEX_POINT('',#3689);
#1192=VERTEX_POINT('',#3691);
#1193=VERTEX_POINT('',#3695);
#1194=VERTEX_POINT('',#3697);
#1195=VERTEX_POINT('',#3701);
#1196=VERTEX_POINT('',#3703);
#1197=VERTEX_POINT('',#3707);
#1198=VERTEX_POINT('',#3711);
#1199=VERTEX_POINT('',#3715);
#1200=VERTEX_POINT('',#3719);
#1201=VERTEX_POINT('',#3721);
#1202=VERTEX_POINT('',#3725);
#1203=VERTEX_POINT('',#3726);
#1204=VERTEX_POINT('',#3728);
#1205=VERTEX_POINT('',#3730);
#1206=VERTEX_POINT('',#3733);
#1207=VERTEX_POINT('',#3737);
#1208=VERTEX_POINT('',#3738);
#1209=VERTEX_POINT('',#3740);
#1210=VERTEX_POINT('',#3742);
#1211=VERTEX_POINT('',#3745);
#1212=VERTEX_POINT('',#3747);
#1213=VERTEX_POINT('',#3749);
#1214=VERTEX_POINT('',#3753);
#1215=VERTEX_POINT('',#3754);
#1216=VERTEX_POINT('',#3756);
#1217=VERTEX_POINT('',#3758);
#1218=VERTEX_POINT('',#3761);
#1219=VERTEX_POINT('',#3763);
#1220=VERTEX_POINT('',#3765);
#1221=VERTEX_POINT('',#3767);
#1222=VERTEX_POINT('',#3769);
#1223=VERTEX_POINT('',#3771);
#1224=VERTEX_POINT('',#3773);
#1225=VERTEX_POINT('',#3775);
#1226=VERTEX_POINT('',#3777);
#1227=VERTEX_POINT('',#3779);
#1228=VERTEX_POINT('',#3781);
#1229=VERTEX_POINT('',#3784);
#1230=VERTEX_POINT('',#3786);
#1231=VERTEX_POINT('',#3788);
#1232=VERTEX_POINT('',#3790);
#1233=VERTEX_POINT('',#3792);
#1234=VERTEX_POINT('',#3796);
#1235=VERTEX_POINT('',#3798);
#1236=VERTEX_POINT('',#3800);
#1237=VERTEX_POINT('',#3804);
#1238=VERTEX_POINT('',#3807);
#1239=VERTEX_POINT('',#3809);
#1240=VERTEX_POINT('',#3813);
#1241=VERTEX_POINT('',#3815);
#1242=VERTEX_POINT('',#3817);
#1243=VERTEX_POINT('',#3821);
#1244=VERTEX_POINT('',#3823);
#1245=VERTEX_POINT('',#3827);
#1246=VERTEX_POINT('',#3829);
#1247=VERTEX_POINT('',#3831);
#1248=VERTEX_POINT('',#3833);
#1249=VERTEX_POINT('',#3835);
#1250=VERTEX_POINT('',#3837);
#1251=VERTEX_POINT('',#3841);
#1252=VERTEX_POINT('',#3843);
#1253=VERTEX_POINT('',#3847);
#1254=VERTEX_POINT('',#3852);
#1255=VERTEX_POINT('',#3854);
#1256=VERTEX_POINT('',#3858);
#1257=VERTEX_POINT('',#3862);
#1258=VERTEX_POINT('',#3868);
#1259=VERTEX_POINT('',#3873);
#1260=VERTEX_POINT('',#3878);
#1261=VERTEX_POINT('',#3880);
#1262=VERTEX_POINT('',#3882);
#1263=VERTEX_POINT('',#3884);
#1264=VERTEX_POINT('',#3888);
#1265=VERTEX_POINT('',#3890);
#1266=VERTEX_POINT('',#3894);
#1267=VERTEX_POINT('',#3898);
#1268=VERTEX_POINT('',#3902);
#1269=VERTEX_POINT('',#3906);
#1270=VERTEX_POINT('',#3912);
#1271=VERTEX_POINT('',#3917);
#1272=VERTEX_POINT('',#3919);
#1273=VERTEX_POINT('',#3922);
#1274=VERTEX_POINT('',#3932);
#1275=VERTEX_POINT('',#3934);
#1276=VERTEX_POINT('',#3936);
#1277=VERTEX_POINT('',#3940);
#1278=VERTEX_POINT('',#3944);
#1279=VERTEX_POINT('',#3948);
#1280=VERTEX_POINT('',#3949);
#1281=VERTEX_POINT('',#3960);
#1282=VERTEX_POINT('',#3961);
#1283=VERTEX_POINT('',#3963);
#1284=VERTEX_POINT('',#3965);
#1285=VERTEX_POINT('',#3969);
#1286=VERTEX_POINT('',#3971);
#1287=VERTEX_POINT('',#3975);
#1288=VERTEX_POINT('',#3976);
#1289=VERTEX_POINT('',#3978);
#1290=VERTEX_POINT('',#3980);
#1291=VERTEX_POINT('',#3983);
#1292=VERTEX_POINT('',#3985);
#1293=VERTEX_POINT('',#3987);
#1294=VERTEX_POINT('',#3989);
#1295=VERTEX_POINT('',#3991);
#1296=VERTEX_POINT('',#3993);
#1297=VERTEX_POINT('',#3997);
#1298=VERTEX_POINT('',#3999);
#1299=VERTEX_POINT('',#4003);
#1300=VERTEX_POINT('',#4005);
#1301=VERTEX_POINT('',#4009);
#1302=VERTEX_POINT('',#4015);
#1303=VERTEX_POINT('',#4019);
#1304=VERTEX_POINT('',#4021);
#1305=VERTEX_POINT('',#4025);
#1306=VERTEX_POINT('',#4029);
#1307=VERTEX_POINT('',#4031);
#1308=VERTEX_POINT('',#4034);
#1309=VERTEX_POINT('',#4036);
#1310=VERTEX_POINT('',#4038);
#1311=VERTEX_POINT('',#4040);
#1312=VERTEX_POINT('',#4042);
#1313=VERTEX_POINT('',#4056);
#1314=VERTEX_POINT('',#4058);
#1315=VERTEX_POINT('',#4062);
#1316=VERTEX_POINT('',#4066);
#1317=VERTEX_POINT('',#4085);
#1318=VERTEX_POINT('',#4087);
#1319=VERTEX_POINT('',#4091);
#1320=VERTEX_POINT('',#4095);
#1321=VERTEX_POINT('',#4101);
#1322=VERTEX_POINT('',#4102);
#1323=VERTEX_POINT('',#4104);
#1324=VERTEX_POINT('',#4106);
#1325=VERTEX_POINT('',#4110);
#1326=VERTEX_POINT('',#4112);
#1327=VERTEX_POINT('',#4116);
#1328=VERTEX_POINT('',#4117);
#1329=VERTEX_POINT('',#4119);
#1330=VERTEX_POINT('',#4121);
#1331=VERTEX_POINT('',#4124);
#1332=VERTEX_POINT('',#4126);
#1333=VERTEX_POINT('',#4128);
#1334=VERTEX_POINT('',#4130);
#1335=VERTEX_POINT('',#4132);
#1336=VERTEX_POINT('',#4134);
#1337=VERTEX_POINT('',#4138);
#1338=VERTEX_POINT('',#4140);
#1339=VERTEX_POINT('',#4144);
#1340=VERTEX_POINT('',#4146);
#1341=VERTEX_POINT('',#4150);
#1342=VERTEX_POINT('',#4156);
#1343=VERTEX_POINT('',#4160);
#1344=VERTEX_POINT('',#4162);
#1345=VERTEX_POINT('',#4166);
#1346=VERTEX_POINT('',#4170);
#1347=VERTEX_POINT('',#4172);
#1348=VERTEX_POINT('',#4175);
#1349=VERTEX_POINT('',#4177);
#1350=VERTEX_POINT('',#4179);
#1351=VERTEX_POINT('',#4181);
#1352=VERTEX_POINT('',#4183);
#1353=VERTEX_POINT('',#4197);
#1354=VERTEX_POINT('',#4199);
#1355=VERTEX_POINT('',#4203);
#1356=VERTEX_POINT('',#4207);
#1357=VERTEX_POINT('',#4224);
#1358=VERTEX_POINT('',#4226);
#1359=VERTEX_POINT('',#4229);
#1360=VERTEX_POINT('',#4231);
#1361=VERTEX_POINT('',#4241);
#1362=VERTEX_POINT('',#4245);
#1363=VERTEX_POINT('',#4250);
#1364=VERTEX_POINT('',#4254);
#1365=VERTEX_POINT('',#4262);
#1366=VERTEX_POINT('',#4264);
#1367=VERTEX_POINT('',#4268);
#1368=VERTEX_POINT('',#4269);
#1369=VERTEX_POINT('',#4283);
#1370=VERTEX_POINT('',#4287);
#1371=VERTEX_POINT('',#4291);
#1372=VERTEX_POINT('',#4293);
#1373=VERTEX_POINT('',#4302);
#1374=VERTEX_POINT('',#4304);
#1375=VERTEX_POINT('',#4308);
#1376=VERTEX_POINT('',#4310);
#1377=VERTEX_POINT('',#4319);
#1378=VERTEX_POINT('',#4321);
#1379=VERTEX_POINT('',#4325);
#1380=VERTEX_POINT('',#4327);
#1381=EDGE_CURVE('',#1142,#1143,#510,.T.);
#1382=EDGE_CURVE('',#1144,#1142,#453,.T.);
#1383=EDGE_CURVE('',#1145,#1144,#451,.T.);
#1384=EDGE_CURVE('',#1145,#1143,#454,.T.);
#1385=EDGE_CURVE('',#1146,#1147,#455,.T.);
#1386=EDGE_CURVE('',#1147,#1148,#511,.T.);
#1387=EDGE_CURVE('',#1143,#1148,#456,.T.);
#1388=EDGE_CURVE('',#1146,#1145,#512,.T.);
#1389=EDGE_CURVE('',#1149,#1150,#513,.T.);
#1390=EDGE_CURVE('',#1151,#1150,#514,.T.);
#1391=EDGE_CURVE('',#1152,#1151,#515,.T.);
#1392=EDGE_CURVE('',#1153,#1152,#516,.T.);
#1393=EDGE_CURVE('',#1153,#1154,#517,.T.);
#1394=EDGE_CURVE('',#1155,#1154,#518,.T.);
#1395=EDGE_CURVE('',#1156,#1155,#519,.T.);
#1396=EDGE_CURVE('',#1149,#1156,#520,.T.);
#1397=EDGE_CURVE('',#1157,#1146,#521,.T.);
#1398=EDGE_CURVE('',#1157,#1158,#522,.T.);
#1399=EDGE_CURVE('',#1159,#1158,#523,.T.);
#1400=EDGE_CURVE('',#1160,#1159,#524,.T.);
#1401=EDGE_CURVE('',#1160,#1161,#525,.T.);
#1402=EDGE_CURVE('',#1149,#1161,#526,.T.);
#1403=EDGE_CURVE('',#1156,#1162,#527,.T.);
#1404=EDGE_CURVE('',#1163,#1162,#528,.T.);
#1405=EDGE_CURVE('',#1163,#1164,#529,.T.);
#1406=EDGE_CURVE('',#1164,#1165,#530,.T.);
#1407=EDGE_CURVE('',#1166,#1165,#531,.T.);
#1408=EDGE_CURVE('',#1147,#1166,#532,.T.);
#1409=EDGE_CURVE('',#1167,#1168,#533,.T.);
#1410=EDGE_CURVE('',#1168,#1169,#534,.T.);
#1411=EDGE_CURVE('',#1170,#1169,#535,.T.);
#1412=EDGE_CURVE('',#1167,#1170,#536,.T.);
#1413=EDGE_CURVE('',#1171,#1172,#537,.T.);
#1414=EDGE_CURVE('',#1172,#1173,#538,.T.);
#1415=EDGE_CURVE('',#1174,#1173,#539,.T.);
#1416=EDGE_CURVE('',#1171,#1174,#540,.T.);
#1417=EDGE_CURVE('',#1175,#1176,#541,.T.);
#1418=EDGE_CURVE('',#1176,#1177,#542,.T.);
#1419=EDGE_CURVE('',#1178,#1177,#543,.T.);
#1420=EDGE_CURVE('',#1175,#1178,#544,.T.);
#1421=EDGE_CURVE('',#1179,#1180,#545,.T.);
#1422=EDGE_CURVE('',#1181,#1179,#546,.T.);
#1423=EDGE_CURVE('',#1182,#1181,#547,.T.);
#1424=EDGE_CURVE('',#1182,#1180,#548,.T.);
#1425=EDGE_CURVE('',#1178,#1183,#549,.T.);
#1426=EDGE_CURVE('',#1184,#1183,#457,.T.);
#1427=EDGE_CURVE('',#1185,#1184,#458,.T.);
#1428=EDGE_CURVE('',#1186,#1185,#459,.T.);
#1429=EDGE_CURVE('',#1186,#1187,#550,.T.);
#1430=EDGE_CURVE('',#1187,#1188,#551,.T.);
#1431=EDGE_CURVE('',#1188,#1189,#552,.T.);
#1432=EDGE_CURVE('',#1190,#1189,#460,.T.);
#1433=EDGE_CURVE('',#1191,#1190,#461,.T.);
#1434=EDGE_CURVE('',#1192,#1191,#462,.T.);
#1435=EDGE_CURVE('',#1192,#1175,#553,.T.);
#1436=EDGE_CURVE('',#1180,#1193,#554,.T.);
#1437=EDGE_CURVE('',#1194,#1182,#555,.T.);
#1438=EDGE_CURVE('',#1194,#1193,#556,.T.);
#1439=EDGE_CURVE('',#1195,#1194,#557,.T.);
#1440=EDGE_CURVE('',#1196,#1195,#558,.T.);
#1441=EDGE_CURVE('',#1196,#1193,#559,.T.);
#1442=EDGE_CURVE('',#1196,#1197,#560,.T.);
#1443=EDGE_CURVE('',#1197,#1180,#561,.T.);
#1444=EDGE_CURVE('',#1198,#1197,#562,.T.);
#1445=EDGE_CURVE('',#1179,#1198,#563,.T.);
#1446=EDGE_CURVE('',#1199,#1177,#564,.T.);
#1447=EDGE_CURVE('',#1183,#1199,#565,.T.);
#1448=EDGE_CURVE('',#1200,#1187,#566,.T.);
#1449=EDGE_CURVE('',#1186,#1201,#567,.T.);
#1450=EDGE_CURVE('',#1200,#1201,#568,.T.);
#1451=EDGE_CURVE('',#1202,#1203,#569,.T.);
#1452=EDGE_CURVE('',#1203,#1204,#570,.T.);
#1453=EDGE_CURVE('',#1204,#1205,#571,.T.);
#1454=EDGE_CURVE('',#1205,#1202,#572,.T.);
#1455=EDGE_CURVE('',#1206,#1198,#573,.T.);
#1456=EDGE_CURVE('',#1181,#1206,#574,.T.);
#1457=EDGE_CURVE('',#1207,#1208,#575,.T.);
#1458=EDGE_CURVE('',#1209,#1207,#576,.T.);
#1459=EDGE_CURVE('',#1210,#1209,#577,.T.);
#1460=EDGE_CURVE('',#1210,#1202,#578,.T.);
#1461=EDGE_CURVE('',#1211,#1205,#579,.T.);
#1462=EDGE_CURVE('',#1212,#1211,#580,.T.);
#1463=EDGE_CURVE('',#1213,#1212,#581,.T.);
#1464=EDGE_CURVE('',#1208,#1213,#582,.T.);
#1465=EDGE_CURVE('',#1214,#1215,#583,.T.);
#1466=EDGE_CURVE('',#1214,#1216,#584,.T.);
#1467=EDGE_CURVE('',#1217,#1216,#585,.T.);
#1468=EDGE_CURVE('',#1153,#1217,#586,.T.);
#1469=EDGE_CURVE('',#1152,#1218,#587,.T.);
#1470=EDGE_CURVE('',#1219,#1218,#588,.T.);
#1471=EDGE_CURVE('',#1220,#1219,#589,.T.);
#1472=EDGE_CURVE('',#1221,#1220,#590,.T.);
#1473=EDGE_CURVE('',#1221,#1222,#591,.T.);
#1474=EDGE_CURVE('',#1223,#1222,#592,.T.);
#1475=EDGE_CURVE('',#1224,#1223,#593,.T.);
#1476=EDGE_CURVE('',#1224,#1225,#594,.T.);
#1477=EDGE_CURVE('',#1226,#1225,#595,.T.);
#1478=EDGE_CURVE('',#1227,#1226,#596,.T.);
#1479=EDGE_CURVE('',#1228,#1227,#597,.T.);
#1480=EDGE_CURVE('',#1228,#1208,#598,.T.);
#1481=EDGE_CURVE('',#1229,#1213,#599,.T.);
#1482=EDGE_CURVE('',#1229,#1230,#600,.T.);
#1483=EDGE_CURVE('',#1231,#1230,#601,.T.);
#1484=EDGE_CURVE('',#1232,#1231,#602,.T.);
#1485=EDGE_CURVE('',#1233,#1232,#603,.T.);
#1486=EDGE_CURVE('',#1215,#1233,#604,.T.);
#1487=EDGE_CURVE('',#1233,#1234,#605,.T.);
#1488=EDGE_CURVE('',#1235,#1234,#606,.T.);
#1489=EDGE_CURVE('',#1236,#1235,#607,.T.);
#1490=EDGE_CURVE('',#1215,#1236,#608,.T.);
#1491=EDGE_CURVE('',#1237,#1236,#609,.T.);
#1492=EDGE_CURVE('',#1221,#1237,#610,.T.);
#1493=EDGE_CURVE('',#1238,#1220,#611,.T.);
#1494=EDGE_CURVE('',#1239,#1238,#612,.T.);
#1495=EDGE_CURVE('',#1239,#1214,#613,.T.);
#1496=EDGE_CURVE('',#1216,#1240,#614,.T.);
#1497=EDGE_CURVE('',#1241,#1239,#615,.T.);
#1498=EDGE_CURVE('',#1241,#1242,#616,.T.);
#1499=EDGE_CURVE('',#1242,#1240,#617,.T.);
#1500=EDGE_CURVE('',#1240,#1243,#463,.T.);
#1501=EDGE_CURVE('',#1242,#1244,#464,.T.);
#1502=EDGE_CURVE('',#1244,#1243,#618,.T.);
#1503=EDGE_CURVE('',#1243,#1245,#619,.T.);
#1504=EDGE_CURVE('',#1244,#1246,#620,.T.);
#1505=EDGE_CURVE('',#1246,#1247,#621,.T.);
#1506=EDGE_CURVE('',#1247,#1248,#622,.T.);
#1507=EDGE_CURVE('',#1249,#1248,#623,.T.);
#1508=EDGE_CURVE('',#1249,#1250,#624,.T.);
#1509=EDGE_CURVE('',#1245,#1250,#625,.T.);
#1510=EDGE_CURVE('',#1245,#1251,#465,.T.);
#1511=EDGE_CURVE('',#1252,#1250,#466,.T.);
#1512=EDGE_CURVE('',#1251,#1252,#626,.T.);
#1513=EDGE_CURVE('',#1253,#1238,#627,.T.);
#1514=EDGE_CURVE('',#1219,#1251,#628,.T.);
#1515=EDGE_CURVE('',#1252,#1253,#629,.T.);
#1516=EDGE_CURVE('',#1252,#1254,#467,.T.);
#1517=EDGE_CURVE('',#1254,#1255,#630,.T.);
#1518=EDGE_CURVE('',#1253,#1255,#468,.T.);
#1519=EDGE_CURVE('',#1256,#1255,#631,.T.);
#1520=EDGE_CURVE('',#1256,#1241,#469,.T.);
#1521=EDGE_CURVE('',#1256,#1257,#632,.T.);
#1522=EDGE_CURVE('',#1242,#1257,#470,.T.);
#1523=EDGE_CURVE('',#1257,#1244,#471,.T.);
#1524=EDGE_CURVE('',#1249,#1258,#472,.T.);
#1525=EDGE_CURVE('',#1258,#1254,#633,.T.);
#1526=EDGE_CURVE('',#1250,#1254,#473,.T.);
#1527=EDGE_CURVE('',#1257,#1259,#634,.T.);
#1528=EDGE_CURVE('',#1246,#1259,#474,.T.);
#1529=EDGE_CURVE('',#1258,#1260,#635,.T.);
#1530=EDGE_CURVE('',#1261,#1260,#475,.T.);
#1531=EDGE_CURVE('',#1262,#1261,#636,.T.);
#1532=EDGE_CURVE('',#1263,#1262,#476,.T.);
#1533=EDGE_CURVE('',#1259,#1263,#637,.T.);
#1534=EDGE_CURVE('',#1263,#1264,#638,.T.);
#1535=EDGE_CURVE('',#1265,#1264,#639,.T.);
#1536=EDGE_CURVE('',#1247,#1265,#640,.T.);
#1537=EDGE_CURVE('',#1265,#1266,#641,.T.);
#1538=EDGE_CURVE('',#1266,#1248,#642,.T.);
#1539=EDGE_CURVE('',#1266,#1267,#643,.T.);
#1540=EDGE_CURVE('',#1260,#1267,#644,.T.);
#1541=EDGE_CURVE('',#1268,#1267,#477,.T.);
#1542=EDGE_CURVE('',#1261,#1268,#645,.T.);
#1543=EDGE_CURVE('',#1269,#1268,#646,.T.);
#1544=EDGE_CURVE('',#1262,#1269,#647,.T.);
#1545=EDGE_CURVE('',#1264,#1269,#478,.T.);
#1546=EDGE_CURVE('',#1270,#1266,#648,.T.);
#1547=EDGE_CURVE('',#1237,#1270,#649,.T.);
#1548=EDGE_CURVE('',#1265,#1235,#650,.T.);
#1549=EDGE_CURVE('',#1234,#1271,#651,.T.);
#1550=EDGE_CURVE('',#1271,#1272,#652,.T.);
#1551=EDGE_CURVE('',#1272,#1212,#653,.T.);
#1552=EDGE_CURVE('',#1211,#1273,#654,.T.);
#1553=EDGE_CURVE('',#1273,#1270,#655,.T.);
#1554=EDGE_CURVE('',#1222,#1273,#656,.T.);
#1555=EDGE_CURVE('',#1223,#1204,#657,.T.);
#1556=EDGE_CURVE('',#1224,#1203,#658,.T.);
#1557=EDGE_CURVE('',#1210,#1274,#659,.T.);
#1558=EDGE_CURVE('',#1274,#1275,#660,.T.);
#1559=EDGE_CURVE('',#1276,#1275,#661,.T.);
#1560=EDGE_CURVE('',#1225,#1276,#662,.T.);
#1561=EDGE_CURVE('',#1277,#1276,#663,.T.);
#1562=EDGE_CURVE('',#1226,#1277,#664,.T.);
#1563=EDGE_CURVE('',#1278,#1277,#665,.T.);
#1564=EDGE_CURVE('',#1227,#1278,#666,.T.);
#1565=EDGE_CURVE('',#1279,#1280,#667,.T.);
#1566=EDGE_CURVE('',#1280,#1228,#668,.T.);
#1567=EDGE_CURVE('',#1275,#1278,#669,.T.);
#1568=EDGE_CURVE('',#1274,#1279,#670,.T.);
#1569=EDGE_CURVE('',#1209,#1279,#671,.T.);
#1570=EDGE_CURVE('',#1207,#1280,#672,.T.);
#1571=EDGE_CURVE('',#1281,#1282,#673,.T.);
#1572=EDGE_CURVE('',#1283,#1282,#674,.T.);
#1573=EDGE_CURVE('',#1284,#1283,#675,.T.);
#1574=EDGE_CURVE('',#1284,#1281,#676,.T.);
#1575=EDGE_CURVE('',#1281,#1285,#677,.T.);
#1576=EDGE_CURVE('',#1286,#1284,#678,.T.);
#1577=EDGE_CURVE('',#1286,#1285,#679,.T.);
#1578=EDGE_CURVE('',#1287,#1288,#479,.T.);
#1579=EDGE_CURVE('',#1289,#1287,#480,.T.);
#1580=EDGE_CURVE('',#1290,#1289,#481,.T.);
#1581=EDGE_CURVE('',#1290,#1167,#680,.T.);
#1582=EDGE_CURVE('',#1170,#1291,#681,.T.);
#1583=EDGE_CURVE('',#1292,#1291,#482,.T.);
#1584=EDGE_CURVE('',#1293,#1292,#483,.T.);
#1585=EDGE_CURVE('',#1294,#1293,#484,.T.);
#1586=EDGE_CURVE('',#1294,#1295,#682,.T.);
#1587=EDGE_CURVE('',#1295,#1296,#683,.T.);
#1588=EDGE_CURVE('',#1296,#1288,#684,.T.);
#1589=EDGE_CURVE('',#1285,#1297,#685,.T.);
#1590=EDGE_CURVE('',#1298,#1286,#686,.T.);
#1591=EDGE_CURVE('',#1298,#1297,#687,.T.);
#1592=EDGE_CURVE('',#1299,#1298,#688,.T.);
#1593=EDGE_CURVE('',#1300,#1299,#689,.T.);
#1594=EDGE_CURVE('',#1300,#1297,#690,.T.);
#1595=EDGE_CURVE('',#1300,#1301,#691,.T.);
#1596=EDGE_CURVE('',#1301,#1285,#692,.T.);
#1597=EDGE_CURVE('',#1282,#1301,#693,.T.);
#1598=EDGE_CURVE('',#1291,#1302,#694,.T.);
#1599=EDGE_CURVE('',#1302,#1169,#695,.T.);
#1600=EDGE_CURVE('',#1294,#1303,#696,.T.);
#1601=EDGE_CURVE('',#1304,#1303,#697,.T.);
#1602=EDGE_CURVE('',#1304,#1295,#698,.T.);
#1603=EDGE_CURVE('',#1305,#1283,#699,.T.);
#1604=EDGE_CURVE('',#1301,#1305,#700,.T.);
#1605=EDGE_CURVE('',#1303,#1306,#485,.T.);
#1606=EDGE_CURVE('',#1306,#1307,#486,.T.);
#1607=EDGE_CURVE('',#1307,#1302,#487,.T.);
#1608=EDGE_CURVE('',#1168,#1308,#701,.T.);
#1609=EDGE_CURVE('',#1308,#1309,#488,.T.);
#1610=EDGE_CURVE('',#1309,#1310,#489,.T.);
#1611=EDGE_CURVE('',#1310,#1311,#490,.T.);
#1612=EDGE_CURVE('',#1311,#1312,#702,.T.);
#1613=EDGE_CURVE('',#1312,#1304,#703,.T.);
#1614=EDGE_CURVE('',#1305,#1299,#704,.T.);
#1615=EDGE_CURVE('',#1305,#1286,#705,.T.);
#1616=EDGE_CURVE('',#1288,#1311,#706,.T.);
#1617=EDGE_CURVE('',#1312,#1296,#707,.T.);
#1618=EDGE_CURVE('',#1290,#1308,#708,.T.);
#1619=EDGE_CURVE('',#1313,#1296,#709,.T.);
#1620=EDGE_CURVE('',#1314,#1313,#710,.T.);
#1621=EDGE_CURVE('',#1314,#1312,#711,.T.);
#1622=EDGE_CURVE('',#1304,#1315,#712,.T.);
#1623=EDGE_CURVE('',#1314,#1315,#713,.T.);
#1624=EDGE_CURVE('',#1316,#1313,#714,.T.);
#1625=EDGE_CURVE('',#1315,#1316,#715,.T.);
#1626=EDGE_CURVE('',#1316,#1295,#716,.T.);
#1627=EDGE_CURVE('',#1287,#1310,#717,.T.);
#1628=EDGE_CURVE('',#1289,#1309,#718,.T.);
#1629=EDGE_CURVE('',#1292,#1307,#719,.T.);
#1630=EDGE_CURVE('',#1293,#1306,#720,.T.);
#1631=EDGE_CURVE('',#1229,#1272,#721,.T.);
#1632=EDGE_CURVE('',#1271,#1317,#722,.T.);
#1633=EDGE_CURVE('',#1318,#1317,#723,.T.);
#1634=EDGE_CURVE('',#1230,#1318,#724,.T.);
#1635=EDGE_CURVE('',#1319,#1318,#725,.T.);
#1636=EDGE_CURVE('',#1231,#1319,#726,.T.);
#1637=EDGE_CURVE('',#1320,#1319,#727,.T.);
#1638=EDGE_CURVE('',#1232,#1320,#728,.T.);
#1639=EDGE_CURVE('',#1317,#1320,#729,.T.);
#1640=EDGE_CURVE('',#1321,#1322,#730,.T.);
#1641=EDGE_CURVE('',#1323,#1322,#731,.T.);
#1642=EDGE_CURVE('',#1324,#1323,#732,.T.);
#1643=EDGE_CURVE('',#1324,#1321,#733,.T.);
#1644=EDGE_CURVE('',#1321,#1325,#734,.T.);
#1645=EDGE_CURVE('',#1326,#1324,#735,.T.);
#1646=EDGE_CURVE('',#1326,#1325,#736,.T.);
#1647=EDGE_CURVE('',#1327,#1328,#491,.T.);
#1648=EDGE_CURVE('',#1329,#1327,#492,.T.);
#1649=EDGE_CURVE('',#1330,#1329,#493,.T.);
#1650=EDGE_CURVE('',#1330,#1171,#737,.T.);
#1651=EDGE_CURVE('',#1174,#1331,#738,.T.);
#1652=EDGE_CURVE('',#1332,#1331,#494,.T.);
#1653=EDGE_CURVE('',#1333,#1332,#495,.T.);
#1654=EDGE_CURVE('',#1334,#1333,#496,.T.);
#1655=EDGE_CURVE('',#1334,#1335,#739,.T.);
#1656=EDGE_CURVE('',#1335,#1336,#740,.T.);
#1657=EDGE_CURVE('',#1336,#1328,#741,.T.);
#1658=EDGE_CURVE('',#1325,#1337,#742,.T.);
#1659=EDGE_CURVE('',#1338,#1326,#743,.T.);
#1660=EDGE_CURVE('',#1338,#1337,#744,.T.);
#1661=EDGE_CURVE('',#1339,#1338,#745,.T.);
#1662=EDGE_CURVE('',#1340,#1339,#746,.T.);
#1663=EDGE_CURVE('',#1340,#1337,#747,.T.);
#1664=EDGE_CURVE('',#1340,#1341,#748,.T.);
#1665=EDGE_CURVE('',#1341,#1325,#749,.T.);
#1666=EDGE_CURVE('',#1322,#1341,#750,.T.);
#1667=EDGE_CURVE('',#1342,#1331,#751,.T.);
#1668=EDGE_CURVE('',#1342,#1173,#752,.T.);
#1669=EDGE_CURVE('',#1343,#1334,#753,.T.);
#1670=EDGE_CURVE('',#1344,#1343,#754,.T.);
#1671=EDGE_CURVE('',#1344,#1335,#755,.T.);
#1672=EDGE_CURVE('',#1345,#1323,#756,.T.);
#1673=EDGE_CURVE('',#1341,#1345,#757,.T.);
#1674=EDGE_CURVE('',#1343,#1346,#497,.T.);
#1675=EDGE_CURVE('',#1346,#1347,#498,.T.);
#1676=EDGE_CURVE('',#1347,#1342,#499,.T.);
#1677=EDGE_CURVE('',#1172,#1348,#758,.T.);
#1678=EDGE_CURVE('',#1348,#1349,#500,.T.);
#1679=EDGE_CURVE('',#1349,#1350,#501,.T.);
#1680=EDGE_CURVE('',#1350,#1351,#502,.T.);
#1681=EDGE_CURVE('',#1351,#1352,#759,.T.);
#1682=EDGE_CURVE('',#1352,#1344,#760,.T.);
#1683=EDGE_CURVE('',#1345,#1339,#761,.T.);
#1684=EDGE_CURVE('',#1345,#1326,#762,.T.);
#1685=EDGE_CURVE('',#1351,#1328,#763,.T.);
#1686=EDGE_CURVE('',#1352,#1336,#764,.T.);
#1687=EDGE_CURVE('',#1348,#1330,#765,.T.);
#1688=EDGE_CURVE('',#1353,#1336,#766,.T.);
#1689=EDGE_CURVE('',#1354,#1353,#767,.T.);
#1690=EDGE_CURVE('',#1354,#1352,#768,.T.);
#1691=EDGE_CURVE('',#1344,#1355,#769,.T.);
#1692=EDGE_CURVE('',#1354,#1355,#770,.T.);
#1693=EDGE_CURVE('',#1356,#1353,#771,.T.);
#1694=EDGE_CURVE('',#1355,#1356,#772,.T.);
#1695=EDGE_CURVE('',#1356,#1335,#773,.T.);
#1696=EDGE_CURVE('',#1350,#1327,#774,.T.);
#1697=EDGE_CURVE('',#1349,#1329,#775,.T.);
#1698=EDGE_CURVE('',#1347,#1332,#776,.T.);
#1699=EDGE_CURVE('',#1346,#1333,#777,.T.);
#1700=EDGE_CURVE('',#1166,#1357,#778,.T.);
#1701=EDGE_CURVE('',#1358,#1357,#779,.T.);
#1702=EDGE_CURVE('',#1358,#1217,#780,.T.);
#1703=EDGE_CURVE('',#1359,#1218,#781,.T.);
#1704=EDGE_CURVE('',#1360,#1359,#782,.T.);
#1705=EDGE_CURVE('',#1157,#1360,#783,.T.);
#1706=EDGE_CURVE('',#1144,#1148,#452,.T.);
#1707=EDGE_CURVE('',#1142,#1144,#503,.T.);
#1708=EDGE_CURVE('',#1361,#1360,#784,.T.);
#1709=EDGE_CURVE('',#1158,#1361,#785,.T.);
#1710=EDGE_CURVE('',#1362,#1361,#786,.T.);
#1711=EDGE_CURVE('',#1159,#1362,#787,.T.);
#1712=EDGE_CURVE('',#1359,#1362,#788,.T.);
#1713=EDGE_CURVE('',#1363,#1151,#789,.T.);
#1714=EDGE_CURVE('',#1160,#1363,#790,.T.);
#1715=EDGE_CURVE('',#1364,#1363,#791,.T.);
#1716=EDGE_CURVE('',#1161,#1364,#792,.T.);
#1717=EDGE_CURVE('',#1150,#1364,#793,.T.);
#1718=EDGE_CURVE('',#1357,#1365,#794,.T.);
#1719=EDGE_CURVE('',#1365,#1366,#795,.T.);
#1720=EDGE_CURVE('',#1366,#1358,#796,.T.);
#1721=EDGE_CURVE('',#1367,#1368,#797,.T.);
#1722=EDGE_CURVE('',#1368,#1155,#798,.T.);
#1723=EDGE_CURVE('',#1154,#1367,#799,.T.);
#1724=EDGE_CURVE('',#1164,#1366,#800,.T.);
#1725=EDGE_CURVE('',#1163,#1367,#801,.T.);
#1726=EDGE_CURVE('',#1162,#1368,#802,.T.);
#1727=EDGE_CURVE('',#1165,#1365,#803,.T.);
#1728=EDGE_CURVE('',#1369,#1206,#804,.T.);
#1729=EDGE_CURVE('',#1369,#1182,#805,.T.);
#1730=EDGE_CURVE('',#1192,#1370,#806,.T.);
#1731=EDGE_CURVE('',#1176,#1370,#807,.T.);
#1732=EDGE_CURVE('',#1371,#1188,#808,.T.);
#1733=EDGE_CURVE('',#1372,#1371,#809,.T.);
#1734=EDGE_CURVE('',#1189,#1372,#810,.T.);
#1735=EDGE_CURVE('',#1369,#1195,#811,.T.);
#1736=EDGE_CURVE('',#1197,#1369,#812,.T.);
#1737=EDGE_CURVE('',#1370,#1373,#504,.T.);
#1738=EDGE_CURVE('',#1373,#1374,#505,.T.);
#1739=EDGE_CURVE('',#1374,#1372,#506,.T.);
#1740=EDGE_CURVE('',#1371,#1200,#813,.T.);
#1741=EDGE_CURVE('',#1201,#1375,#507,.T.);
#1742=EDGE_CURVE('',#1375,#1376,#508,.T.);
#1743=EDGE_CURVE('',#1376,#1199,#509,.T.);
#1744=EDGE_CURVE('',#1184,#1376,#814,.T.);
#1745=EDGE_CURVE('',#1185,#1375,#815,.T.);
#1746=EDGE_CURVE('',#1200,#1377,#816,.T.);
#1747=EDGE_CURVE('',#1378,#1371,#817,.T.);
#1748=EDGE_CURVE('',#1378,#1377,#818,.T.);
#1749=EDGE_CURVE('',#1378,#1379,#819,.T.);
#1750=EDGE_CURVE('',#1380,#1379,#820,.T.);
#1751=EDGE_CURVE('',#1377,#1380,#821,.T.);
#1752=EDGE_CURVE('',#1380,#1187,#822,.T.);
#1753=EDGE_CURVE('',#1379,#1188,#823,.T.);
#1754=EDGE_CURVE('',#1190,#1374,#824,.T.);
#1755=EDGE_CURVE('',#1191,#1373,#825,.T.);
#1756=ORIENTED_EDGE('',*,*,#1381,.F.);
#1757=ORIENTED_EDGE('',*,*,#1382,.F.);
#1758=ORIENTED_EDGE('',*,*,#1383,.F.);
#1759=ORIENTED_EDGE('',*,*,#1384,.T.);
#1760=ORIENTED_EDGE('',*,*,#1385,.T.);
#1761=ORIENTED_EDGE('',*,*,#1386,.T.);
#1762=ORIENTED_EDGE('',*,*,#1387,.F.);
#1763=ORIENTED_EDGE('',*,*,#1384,.F.);
#1764=ORIENTED_EDGE('',*,*,#1388,.F.);
#1765=ORIENTED_EDGE('',*,*,#1389,.T.);
#1766=ORIENTED_EDGE('',*,*,#1390,.F.);
#1767=ORIENTED_EDGE('',*,*,#1391,.F.);
#1768=ORIENTED_EDGE('',*,*,#1392,.F.);
#1769=ORIENTED_EDGE('',*,*,#1393,.T.);
#1770=ORIENTED_EDGE('',*,*,#1394,.F.);
#1771=ORIENTED_EDGE('',*,*,#1395,.F.);
#1772=ORIENTED_EDGE('',*,*,#1396,.F.);
#1773=ORIENTED_EDGE('',*,*,#1397,.F.);
#1774=ORIENTED_EDGE('',*,*,#1398,.T.);
#1775=ORIENTED_EDGE('',*,*,#1399,.F.);
#1776=ORIENTED_EDGE('',*,*,#1400,.F.);
#1777=ORIENTED_EDGE('',*,*,#1401,.T.);
#1778=ORIENTED_EDGE('',*,*,#1402,.F.);
#1779=ORIENTED_EDGE('',*,*,#1396,.T.);
#1780=ORIENTED_EDGE('',*,*,#1403,.T.);
#1781=ORIENTED_EDGE('',*,*,#1404,.F.);
#1782=ORIENTED_EDGE('',*,*,#1405,.T.);
#1783=ORIENTED_EDGE('',*,*,#1406,.T.);
#1784=ORIENTED_EDGE('',*,*,#1407,.F.);
#1785=ORIENTED_EDGE('',*,*,#1408,.F.);
#1786=ORIENTED_EDGE('',*,*,#1385,.F.);
#1787=ORIENTED_EDGE('',*,*,#1409,.T.);
#1788=ORIENTED_EDGE('',*,*,#1410,.T.);
#1789=ORIENTED_EDGE('',*,*,#1411,.F.);
#1790=ORIENTED_EDGE('',*,*,#1412,.F.);
#1791=ORIENTED_EDGE('',*,*,#1413,.T.);
#1792=ORIENTED_EDGE('',*,*,#1414,.T.);
#1793=ORIENTED_EDGE('',*,*,#1415,.F.);
#1794=ORIENTED_EDGE('',*,*,#1416,.F.);
#1795=ORIENTED_EDGE('',*,*,#1417,.T.);
#1796=ORIENTED_EDGE('',*,*,#1418,.T.);
#1797=ORIENTED_EDGE('',*,*,#1419,.F.);
#1798=ORIENTED_EDGE('',*,*,#1420,.F.);
#1799=ORIENTED_EDGE('',*,*,#1421,.F.);
#1800=ORIENTED_EDGE('',*,*,#1422,.F.);
#1801=ORIENTED_EDGE('',*,*,#1423,.F.);
#1802=ORIENTED_EDGE('',*,*,#1424,.T.);
#1803=ORIENTED_EDGE('',*,*,#1420,.T.);
#1804=ORIENTED_EDGE('',*,*,#1425,.T.);
#1805=ORIENTED_EDGE('',*,*,#1426,.F.);
#1806=ORIENTED_EDGE('',*,*,#1427,.F.);
#1807=ORIENTED_EDGE('',*,*,#1428,.F.);
#1808=ORIENTED_EDGE('',*,*,#1429,.T.);
#1809=ORIENTED_EDGE('',*,*,#1430,.T.);
#1810=ORIENTED_EDGE('',*,*,#1431,.T.);
#1811=ORIENTED_EDGE('',*,*,#1432,.F.);
#1812=ORIENTED_EDGE('',*,*,#1433,.F.);
#1813=ORIENTED_EDGE('',*,*,#1434,.F.);
#1814=ORIENTED_EDGE('',*,*,#1435,.T.);
#1815=ORIENTED_EDGE('',*,*,#1436,.F.);
#1816=ORIENTED_EDGE('',*,*,#1424,.F.);
#1817=ORIENTED_EDGE('',*,*,#1437,.F.);
#1818=ORIENTED_EDGE('',*,*,#1438,.T.);
#1819=ORIENTED_EDGE('',*,*,#1438,.F.);
#1820=ORIENTED_EDGE('',*,*,#1439,.F.);
#1821=ORIENTED_EDGE('',*,*,#1440,.F.);
#1822=ORIENTED_EDGE('',*,*,#1441,.T.);
#1823=ORIENTED_EDGE('',*,*,#1442,.T.);
#1824=ORIENTED_EDGE('',*,*,#1443,.T.);
#1825=ORIENTED_EDGE('',*,*,#1436,.T.);
#1826=ORIENTED_EDGE('',*,*,#1441,.F.);
#1827=ORIENTED_EDGE('',*,*,#1444,.F.);
#1828=ORIENTED_EDGE('',*,*,#1445,.F.);
#1829=ORIENTED_EDGE('',*,*,#1421,.T.);
#1830=ORIENTED_EDGE('',*,*,#1443,.F.);
#1831=ORIENTED_EDGE('',*,*,#1419,.T.);
#1832=ORIENTED_EDGE('',*,*,#1446,.F.);
#1833=ORIENTED_EDGE('',*,*,#1447,.F.);
#1834=ORIENTED_EDGE('',*,*,#1425,.F.);
#1835=ORIENTED_EDGE('',*,*,#1448,.T.);
#1836=ORIENTED_EDGE('',*,*,#1429,.F.);
#1837=ORIENTED_EDGE('',*,*,#1449,.T.);
#1838=ORIENTED_EDGE('',*,*,#1450,.F.);
#1839=ORIENTED_EDGE('',*,*,#1451,.T.);
#1840=ORIENTED_EDGE('',*,*,#1452,.T.);
#1841=ORIENTED_EDGE('',*,*,#1453,.T.);
#1842=ORIENTED_EDGE('',*,*,#1454,.T.);
#1843=ORIENTED_EDGE('',*,*,#1445,.T.);
#1844=ORIENTED_EDGE('',*,*,#1455,.F.);
#1845=ORIENTED_EDGE('',*,*,#1456,.F.);
#1846=ORIENTED_EDGE('',*,*,#1422,.T.);
#1847=ORIENTED_EDGE('',*,*,#1457,.F.);
#1848=ORIENTED_EDGE('',*,*,#1458,.F.);
#1849=ORIENTED_EDGE('',*,*,#1459,.F.);
#1850=ORIENTED_EDGE('',*,*,#1460,.T.);
#1851=ORIENTED_EDGE('',*,*,#1454,.F.);
#1852=ORIENTED_EDGE('',*,*,#1461,.F.);
#1853=ORIENTED_EDGE('',*,*,#1462,.F.);
#1854=ORIENTED_EDGE('',*,*,#1463,.F.);
#1855=ORIENTED_EDGE('',*,*,#1464,.F.);
#1856=ORIENTED_EDGE('',*,*,#1465,.F.);
#1857=ORIENTED_EDGE('',*,*,#1466,.T.);
#1858=ORIENTED_EDGE('',*,*,#1467,.F.);
#1859=ORIENTED_EDGE('',*,*,#1468,.F.);
#1860=ORIENTED_EDGE('',*,*,#1392,.T.);
#1861=ORIENTED_EDGE('',*,*,#1469,.T.);
#1862=ORIENTED_EDGE('',*,*,#1470,.F.);
#1863=ORIENTED_EDGE('',*,*,#1471,.F.);
#1864=ORIENTED_EDGE('',*,*,#1472,.F.);
#1865=ORIENTED_EDGE('',*,*,#1473,.T.);
#1866=ORIENTED_EDGE('',*,*,#1474,.F.);
#1867=ORIENTED_EDGE('',*,*,#1475,.F.);
#1868=ORIENTED_EDGE('',*,*,#1476,.T.);
#1869=ORIENTED_EDGE('',*,*,#1477,.F.);
#1870=ORIENTED_EDGE('',*,*,#1478,.F.);
#1871=ORIENTED_EDGE('',*,*,#1479,.F.);
#1872=ORIENTED_EDGE('',*,*,#1480,.T.);
#1873=ORIENTED_EDGE('',*,*,#1464,.T.);
#1874=ORIENTED_EDGE('',*,*,#1481,.F.);
#1875=ORIENTED_EDGE('',*,*,#1482,.T.);
#1876=ORIENTED_EDGE('',*,*,#1483,.F.);
#1877=ORIENTED_EDGE('',*,*,#1484,.F.);
#1878=ORIENTED_EDGE('',*,*,#1485,.F.);
#1879=ORIENTED_EDGE('',*,*,#1486,.F.);
#1880=ORIENTED_EDGE('',*,*,#1487,.T.);
#1881=ORIENTED_EDGE('',*,*,#1488,.F.);
#1882=ORIENTED_EDGE('',*,*,#1489,.F.);
#1883=ORIENTED_EDGE('',*,*,#1490,.F.);
#1884=ORIENTED_EDGE('',*,*,#1486,.T.);
#1885=ORIENTED_EDGE('',*,*,#1491,.F.);
#1886=ORIENTED_EDGE('',*,*,#1492,.F.);
#1887=ORIENTED_EDGE('',*,*,#1472,.T.);
#1888=ORIENTED_EDGE('',*,*,#1493,.F.);
#1889=ORIENTED_EDGE('',*,*,#1494,.F.);
#1890=ORIENTED_EDGE('',*,*,#1495,.T.);
#1891=ORIENTED_EDGE('',*,*,#1465,.T.);
#1892=ORIENTED_EDGE('',*,*,#1490,.T.);
#1893=ORIENTED_EDGE('',*,*,#1496,.F.);
#1894=ORIENTED_EDGE('',*,*,#1466,.F.);
#1895=ORIENTED_EDGE('',*,*,#1495,.F.);
#1896=ORIENTED_EDGE('',*,*,#1497,.F.);
#1897=ORIENTED_EDGE('',*,*,#1498,.T.);
#1898=ORIENTED_EDGE('',*,*,#1499,.T.);
#1899=ORIENTED_EDGE('',*,*,#1500,.F.);
#1900=ORIENTED_EDGE('',*,*,#1499,.F.);
#1901=ORIENTED_EDGE('',*,*,#1501,.T.);
#1902=ORIENTED_EDGE('',*,*,#1502,.T.);
#1903=ORIENTED_EDGE('',*,*,#1503,.F.);
#1904=ORIENTED_EDGE('',*,*,#1502,.F.);
#1905=ORIENTED_EDGE('',*,*,#1504,.T.);
#1906=ORIENTED_EDGE('',*,*,#1505,.T.);
#1907=ORIENTED_EDGE('',*,*,#1506,.T.);
#1908=ORIENTED_EDGE('',*,*,#1507,.F.);
#1909=ORIENTED_EDGE('',*,*,#1508,.T.);
#1910=ORIENTED_EDGE('',*,*,#1509,.F.);
#1911=ORIENTED_EDGE('',*,*,#1510,.F.);
#1912=ORIENTED_EDGE('',*,*,#1509,.T.);
#1913=ORIENTED_EDGE('',*,*,#1511,.F.);
#1914=ORIENTED_EDGE('',*,*,#1512,.F.);
#1915=ORIENTED_EDGE('',*,*,#1513,.T.);
#1916=ORIENTED_EDGE('',*,*,#1493,.T.);
#1917=ORIENTED_EDGE('',*,*,#1471,.T.);
#1918=ORIENTED_EDGE('',*,*,#1514,.T.);
#1919=ORIENTED_EDGE('',*,*,#1512,.T.);
#1920=ORIENTED_EDGE('',*,*,#1515,.T.);
#1921=ORIENTED_EDGE('',*,*,#1515,.F.);
#1922=ORIENTED_EDGE('',*,*,#1516,.T.);
#1923=ORIENTED_EDGE('',*,*,#1517,.T.);
#1924=ORIENTED_EDGE('',*,*,#1518,.F.);
#1925=ORIENTED_EDGE('',*,*,#1519,.F.);
#1926=ORIENTED_EDGE('',*,*,#1520,.T.);
#1927=ORIENTED_EDGE('',*,*,#1497,.T.);
#1928=ORIENTED_EDGE('',*,*,#1494,.T.);
#1929=ORIENTED_EDGE('',*,*,#1513,.F.);
#1930=ORIENTED_EDGE('',*,*,#1518,.T.);
#1931=ORIENTED_EDGE('',*,*,#1521,.T.);
#1932=ORIENTED_EDGE('',*,*,#1522,.F.);
#1933=ORIENTED_EDGE('',*,*,#1498,.F.);
#1934=ORIENTED_EDGE('',*,*,#1520,.F.);
#1935=ORIENTED_EDGE('',*,*,#1501,.F.);
#1936=ORIENTED_EDGE('',*,*,#1522,.T.);
#1937=ORIENTED_EDGE('',*,*,#1523,.T.);
#1938=ORIENTED_EDGE('',*,*,#1508,.F.);
#1939=ORIENTED_EDGE('',*,*,#1524,.T.);
#1940=ORIENTED_EDGE('',*,*,#1525,.T.);
#1941=ORIENTED_EDGE('',*,*,#1526,.F.);
#1942=ORIENTED_EDGE('',*,*,#1527,.T.);
#1943=ORIENTED_EDGE('',*,*,#1528,.F.);
#1944=ORIENTED_EDGE('',*,*,#1504,.F.);
#1945=ORIENTED_EDGE('',*,*,#1523,.F.);
#1946=ORIENTED_EDGE('',*,*,#1516,.F.);
#1947=ORIENTED_EDGE('',*,*,#1511,.T.);
#1948=ORIENTED_EDGE('',*,*,#1526,.T.);
#1949=ORIENTED_EDGE('',*,*,#1525,.F.);
#1950=ORIENTED_EDGE('',*,*,#1529,.T.);
#1951=ORIENTED_EDGE('',*,*,#1530,.F.);
#1952=ORIENTED_EDGE('',*,*,#1531,.F.);
#1953=ORIENTED_EDGE('',*,*,#1532,.F.);
#1954=ORIENTED_EDGE('',*,*,#1533,.F.);
#1955=ORIENTED_EDGE('',*,*,#1527,.F.);
#1956=ORIENTED_EDGE('',*,*,#1521,.F.);
#1957=ORIENTED_EDGE('',*,*,#1519,.T.);
#1958=ORIENTED_EDGE('',*,*,#1517,.F.);
#1959=ORIENTED_EDGE('',*,*,#1528,.T.);
#1960=ORIENTED_EDGE('',*,*,#1533,.T.);
#1961=ORIENTED_EDGE('',*,*,#1534,.T.);
#1962=ORIENTED_EDGE('',*,*,#1535,.F.);
#1963=ORIENTED_EDGE('',*,*,#1536,.F.);
#1964=ORIENTED_EDGE('',*,*,#1505,.F.);
#1965=ORIENTED_EDGE('',*,*,#1536,.T.);
#1966=ORIENTED_EDGE('',*,*,#1537,.T.);
#1967=ORIENTED_EDGE('',*,*,#1538,.T.);
#1968=ORIENTED_EDGE('',*,*,#1506,.F.);
#1969=ORIENTED_EDGE('',*,*,#1538,.F.);
#1970=ORIENTED_EDGE('',*,*,#1539,.T.);
#1971=ORIENTED_EDGE('',*,*,#1540,.F.);
#1972=ORIENTED_EDGE('',*,*,#1529,.F.);
#1973=ORIENTED_EDGE('',*,*,#1524,.F.);
#1974=ORIENTED_EDGE('',*,*,#1507,.T.);
#1975=ORIENTED_EDGE('',*,*,#1540,.T.);
#1976=ORIENTED_EDGE('',*,*,#1541,.F.);
#1977=ORIENTED_EDGE('',*,*,#1542,.F.);
#1978=ORIENTED_EDGE('',*,*,#1530,.T.);
#1979=ORIENTED_EDGE('',*,*,#1542,.T.);
#1980=ORIENTED_EDGE('',*,*,#1543,.F.);
#1981=ORIENTED_EDGE('',*,*,#1544,.F.);
#1982=ORIENTED_EDGE('',*,*,#1531,.T.);
#1983=ORIENTED_EDGE('',*,*,#1544,.T.);
#1984=ORIENTED_EDGE('',*,*,#1545,.F.);
#1985=ORIENTED_EDGE('',*,*,#1534,.F.);
#1986=ORIENTED_EDGE('',*,*,#1532,.T.);
#1987=ORIENTED_EDGE('',*,*,#1545,.T.);
#1988=ORIENTED_EDGE('',*,*,#1543,.T.);
#1989=ORIENTED_EDGE('',*,*,#1541,.T.);
#1990=ORIENTED_EDGE('',*,*,#1539,.F.);
#1991=ORIENTED_EDGE('',*,*,#1546,.F.);
#1992=ORIENTED_EDGE('',*,*,#1547,.F.);
#1993=ORIENTED_EDGE('',*,*,#1491,.T.);
#1994=ORIENTED_EDGE('',*,*,#1489,.T.);
#1995=ORIENTED_EDGE('',*,*,#1548,.F.);
#1996=ORIENTED_EDGE('',*,*,#1535,.T.);
#1997=ORIENTED_EDGE('',*,*,#1548,.T.);
#1998=ORIENTED_EDGE('',*,*,#1488,.T.);
#1999=ORIENTED_EDGE('',*,*,#1549,.T.);
#2000=ORIENTED_EDGE('',*,*,#1550,.T.);
#2001=ORIENTED_EDGE('',*,*,#1551,.T.);
#2002=ORIENTED_EDGE('',*,*,#1462,.T.);
#2003=ORIENTED_EDGE('',*,*,#1552,.T.);
#2004=ORIENTED_EDGE('',*,*,#1553,.T.);
#2005=ORIENTED_EDGE('',*,*,#1546,.T.);
#2006=ORIENTED_EDGE('',*,*,#1537,.F.);
#2007=ORIENTED_EDGE('',*,*,#1492,.T.);
#2008=ORIENTED_EDGE('',*,*,#1547,.T.);
#2009=ORIENTED_EDGE('',*,*,#1553,.F.);
#2010=ORIENTED_EDGE('',*,*,#1554,.F.);
#2011=ORIENTED_EDGE('',*,*,#1473,.F.);
#2012=ORIENTED_EDGE('',*,*,#1461,.T.);
#2013=ORIENTED_EDGE('',*,*,#1453,.F.);
#2014=ORIENTED_EDGE('',*,*,#1555,.F.);
#2015=ORIENTED_EDGE('',*,*,#1474,.T.);
#2016=ORIENTED_EDGE('',*,*,#1554,.T.);
#2017=ORIENTED_EDGE('',*,*,#1552,.F.);
#2018=ORIENTED_EDGE('',*,*,#1555,.T.);
#2019=ORIENTED_EDGE('',*,*,#1452,.F.);
#2020=ORIENTED_EDGE('',*,*,#1556,.F.);
#2021=ORIENTED_EDGE('',*,*,#1475,.T.);
#2022=ORIENTED_EDGE('',*,*,#1556,.T.);
#2023=ORIENTED_EDGE('',*,*,#1451,.F.);
#2024=ORIENTED_EDGE('',*,*,#1460,.F.);
#2025=ORIENTED_EDGE('',*,*,#1557,.T.);
#2026=ORIENTED_EDGE('',*,*,#1558,.T.);
#2027=ORIENTED_EDGE('',*,*,#1559,.F.);
#2028=ORIENTED_EDGE('',*,*,#1560,.F.);
#2029=ORIENTED_EDGE('',*,*,#1476,.F.);
#2030=ORIENTED_EDGE('',*,*,#1560,.T.);
#2031=ORIENTED_EDGE('',*,*,#1561,.F.);
#2032=ORIENTED_EDGE('',*,*,#1562,.F.);
#2033=ORIENTED_EDGE('',*,*,#1477,.T.);
#2034=ORIENTED_EDGE('',*,*,#1562,.T.);
#2035=ORIENTED_EDGE('',*,*,#1563,.F.);
#2036=ORIENTED_EDGE('',*,*,#1564,.F.);
#2037=ORIENTED_EDGE('',*,*,#1478,.T.);
#2038=ORIENTED_EDGE('',*,*,#1565,.T.);
#2039=ORIENTED_EDGE('',*,*,#1566,.T.);
#2040=ORIENTED_EDGE('',*,*,#1479,.T.);
#2041=ORIENTED_EDGE('',*,*,#1564,.T.);
#2042=ORIENTED_EDGE('',*,*,#1567,.F.);
#2043=ORIENTED_EDGE('',*,*,#1558,.F.);
#2044=ORIENTED_EDGE('',*,*,#1568,.T.);
#2045=ORIENTED_EDGE('',*,*,#1569,.T.);
#2046=ORIENTED_EDGE('',*,*,#1568,.F.);
#2047=ORIENTED_EDGE('',*,*,#1557,.F.);
#2048=ORIENTED_EDGE('',*,*,#1459,.T.);
#2049=ORIENTED_EDGE('',*,*,#1570,.T.);
#2050=ORIENTED_EDGE('',*,*,#1565,.F.);
#2051=ORIENTED_EDGE('',*,*,#1569,.F.);
#2052=ORIENTED_EDGE('',*,*,#1458,.T.);
#2053=ORIENTED_EDGE('',*,*,#1566,.F.);
#2054=ORIENTED_EDGE('',*,*,#1570,.F.);
#2055=ORIENTED_EDGE('',*,*,#1457,.T.);
#2056=ORIENTED_EDGE('',*,*,#1480,.F.);
#2057=ORIENTED_EDGE('',*,*,#1559,.T.);
#2058=ORIENTED_EDGE('',*,*,#1567,.T.);
#2059=ORIENTED_EDGE('',*,*,#1563,.T.);
#2060=ORIENTED_EDGE('',*,*,#1561,.T.);
#2061=ORIENTED_EDGE('',*,*,#1571,.T.);
#2062=ORIENTED_EDGE('',*,*,#1572,.F.);
#2063=ORIENTED_EDGE('',*,*,#1573,.F.);
#2064=ORIENTED_EDGE('',*,*,#1574,.T.);
#2065=ORIENTED_EDGE('',*,*,#1575,.F.);
#2066=ORIENTED_EDGE('',*,*,#1574,.F.);
#2067=ORIENTED_EDGE('',*,*,#1576,.F.);
#2068=ORIENTED_EDGE('',*,*,#1577,.T.);
#2069=ORIENTED_EDGE('',*,*,#1578,.F.);
#2070=ORIENTED_EDGE('',*,*,#1579,.F.);
#2071=ORIENTED_EDGE('',*,*,#1580,.F.);
#2072=ORIENTED_EDGE('',*,*,#1581,.T.);
#2073=ORIENTED_EDGE('',*,*,#1412,.T.);
#2074=ORIENTED_EDGE('',*,*,#1582,.T.);
#2075=ORIENTED_EDGE('',*,*,#1583,.F.);
#2076=ORIENTED_EDGE('',*,*,#1584,.F.);
#2077=ORIENTED_EDGE('',*,*,#1585,.F.);
#2078=ORIENTED_EDGE('',*,*,#1586,.T.);
#2079=ORIENTED_EDGE('',*,*,#1587,.T.);
#2080=ORIENTED_EDGE('',*,*,#1588,.T.);
#2081=ORIENTED_EDGE('',*,*,#1589,.F.);
#2082=ORIENTED_EDGE('',*,*,#1577,.F.);
#2083=ORIENTED_EDGE('',*,*,#1590,.F.);
#2084=ORIENTED_EDGE('',*,*,#1591,.T.);
#2085=ORIENTED_EDGE('',*,*,#1591,.F.);
#2086=ORIENTED_EDGE('',*,*,#1592,.F.);
#2087=ORIENTED_EDGE('',*,*,#1593,.F.);
#2088=ORIENTED_EDGE('',*,*,#1594,.T.);
#2089=ORIENTED_EDGE('',*,*,#1595,.T.);
#2090=ORIENTED_EDGE('',*,*,#1596,.T.);
#2091=ORIENTED_EDGE('',*,*,#1589,.T.);
#2092=ORIENTED_EDGE('',*,*,#1594,.F.);
#2093=ORIENTED_EDGE('',*,*,#1597,.F.);
#2094=ORIENTED_EDGE('',*,*,#1571,.F.);
#2095=ORIENTED_EDGE('',*,*,#1575,.T.);
#2096=ORIENTED_EDGE('',*,*,#1596,.F.);
#2097=ORIENTED_EDGE('',*,*,#1598,.F.);
#2098=ORIENTED_EDGE('',*,*,#1582,.F.);
#2099=ORIENTED_EDGE('',*,*,#1411,.T.);
#2100=ORIENTED_EDGE('',*,*,#1599,.F.);
#2101=ORIENTED_EDGE('',*,*,#1600,.T.);
#2102=ORIENTED_EDGE('',*,*,#1601,.F.);
#2103=ORIENTED_EDGE('',*,*,#1602,.T.);
#2104=ORIENTED_EDGE('',*,*,#1586,.F.);
#2105=ORIENTED_EDGE('',*,*,#1603,.T.);
#2106=ORIENTED_EDGE('',*,*,#1572,.T.);
#2107=ORIENTED_EDGE('',*,*,#1597,.T.);
#2108=ORIENTED_EDGE('',*,*,#1604,.T.);
#2109=ORIENTED_EDGE('',*,*,#1605,.T.);
#2110=ORIENTED_EDGE('',*,*,#1606,.T.);
#2111=ORIENTED_EDGE('',*,*,#1607,.T.);
#2112=ORIENTED_EDGE('',*,*,#1599,.T.);
#2113=ORIENTED_EDGE('',*,*,#1410,.F.);
#2114=ORIENTED_EDGE('',*,*,#1608,.T.);
#2115=ORIENTED_EDGE('',*,*,#1609,.T.);
#2116=ORIENTED_EDGE('',*,*,#1610,.T.);
#2117=ORIENTED_EDGE('',*,*,#1611,.T.);
#2118=ORIENTED_EDGE('',*,*,#1612,.T.);
#2119=ORIENTED_EDGE('',*,*,#1613,.T.);
#2120=ORIENTED_EDGE('',*,*,#1601,.T.);
#2121=ORIENTED_EDGE('',*,*,#1614,.F.);
#2122=ORIENTED_EDGE('',*,*,#1604,.F.);
#2123=ORIENTED_EDGE('',*,*,#1595,.F.);
#2124=ORIENTED_EDGE('',*,*,#1593,.T.);
#2125=ORIENTED_EDGE('',*,*,#1614,.T.);
#2126=ORIENTED_EDGE('',*,*,#1592,.T.);
#2127=ORIENTED_EDGE('',*,*,#1590,.T.);
#2128=ORIENTED_EDGE('',*,*,#1615,.F.);
#2129=ORIENTED_EDGE('',*,*,#1576,.T.);
#2130=ORIENTED_EDGE('',*,*,#1573,.T.);
#2131=ORIENTED_EDGE('',*,*,#1603,.F.);
#2132=ORIENTED_EDGE('',*,*,#1615,.T.);
#2133=ORIENTED_EDGE('',*,*,#1616,.F.);
#2134=ORIENTED_EDGE('',*,*,#1588,.F.);
#2135=ORIENTED_EDGE('',*,*,#1617,.F.);
#2136=ORIENTED_EDGE('',*,*,#1612,.F.);
#2137=ORIENTED_EDGE('',*,*,#1618,.T.);
#2138=ORIENTED_EDGE('',*,*,#1608,.F.);
#2139=ORIENTED_EDGE('',*,*,#1409,.F.);
#2140=ORIENTED_EDGE('',*,*,#1581,.F.);
#2141=ORIENTED_EDGE('',*,*,#1619,.F.);
#2142=ORIENTED_EDGE('',*,*,#1620,.F.);
#2143=ORIENTED_EDGE('',*,*,#1621,.T.);
#2144=ORIENTED_EDGE('',*,*,#1617,.T.);
#2145=ORIENTED_EDGE('',*,*,#1622,.F.);
#2146=ORIENTED_EDGE('',*,*,#1613,.F.);
#2147=ORIENTED_EDGE('',*,*,#1621,.F.);
#2148=ORIENTED_EDGE('',*,*,#1623,.T.);
#2149=ORIENTED_EDGE('',*,*,#1623,.F.);
#2150=ORIENTED_EDGE('',*,*,#1620,.T.);
#2151=ORIENTED_EDGE('',*,*,#1624,.F.);
#2152=ORIENTED_EDGE('',*,*,#1625,.F.);
#2153=ORIENTED_EDGE('',*,*,#1622,.T.);
#2154=ORIENTED_EDGE('',*,*,#1625,.T.);
#2155=ORIENTED_EDGE('',*,*,#1626,.T.);
#2156=ORIENTED_EDGE('',*,*,#1602,.F.);
#2157=ORIENTED_EDGE('',*,*,#1626,.F.);
#2158=ORIENTED_EDGE('',*,*,#1624,.T.);
#2159=ORIENTED_EDGE('',*,*,#1619,.T.);
#2160=ORIENTED_EDGE('',*,*,#1587,.F.);
#2161=ORIENTED_EDGE('',*,*,#1616,.T.);
#2162=ORIENTED_EDGE('',*,*,#1611,.F.);
#2163=ORIENTED_EDGE('',*,*,#1627,.F.);
#2164=ORIENTED_EDGE('',*,*,#1578,.T.);
#2165=ORIENTED_EDGE('',*,*,#1627,.T.);
#2166=ORIENTED_EDGE('',*,*,#1610,.F.);
#2167=ORIENTED_EDGE('',*,*,#1628,.F.);
#2168=ORIENTED_EDGE('',*,*,#1579,.T.);
#2169=ORIENTED_EDGE('',*,*,#1628,.T.);
#2170=ORIENTED_EDGE('',*,*,#1609,.F.);
#2171=ORIENTED_EDGE('',*,*,#1618,.F.);
#2172=ORIENTED_EDGE('',*,*,#1580,.T.);
#2173=ORIENTED_EDGE('',*,*,#1598,.T.);
#2174=ORIENTED_EDGE('',*,*,#1607,.F.);
#2175=ORIENTED_EDGE('',*,*,#1629,.F.);
#2176=ORIENTED_EDGE('',*,*,#1583,.T.);
#2177=ORIENTED_EDGE('',*,*,#1629,.T.);
#2178=ORIENTED_EDGE('',*,*,#1606,.F.);
#2179=ORIENTED_EDGE('',*,*,#1630,.F.);
#2180=ORIENTED_EDGE('',*,*,#1584,.T.);
#2181=ORIENTED_EDGE('',*,*,#1630,.T.);
#2182=ORIENTED_EDGE('',*,*,#1605,.F.);
#2183=ORIENTED_EDGE('',*,*,#1600,.F.);
#2184=ORIENTED_EDGE('',*,*,#1585,.T.);
#2185=ORIENTED_EDGE('',*,*,#1463,.T.);
#2186=ORIENTED_EDGE('',*,*,#1551,.F.);
#2187=ORIENTED_EDGE('',*,*,#1631,.F.);
#2188=ORIENTED_EDGE('',*,*,#1481,.T.);
#2189=ORIENTED_EDGE('',*,*,#1631,.T.);
#2190=ORIENTED_EDGE('',*,*,#1550,.F.);
#2191=ORIENTED_EDGE('',*,*,#1632,.T.);
#2192=ORIENTED_EDGE('',*,*,#1633,.F.);
#2193=ORIENTED_EDGE('',*,*,#1634,.F.);
#2194=ORIENTED_EDGE('',*,*,#1482,.F.);
#2195=ORIENTED_EDGE('',*,*,#1634,.T.);
#2196=ORIENTED_EDGE('',*,*,#1635,.F.);
#2197=ORIENTED_EDGE('',*,*,#1636,.F.);
#2198=ORIENTED_EDGE('',*,*,#1483,.T.);
#2199=ORIENTED_EDGE('',*,*,#1636,.T.);
#2200=ORIENTED_EDGE('',*,*,#1637,.F.);
#2201=ORIENTED_EDGE('',*,*,#1638,.F.);
#2202=ORIENTED_EDGE('',*,*,#1484,.T.);
#2203=ORIENTED_EDGE('',*,*,#1487,.F.);
#2204=ORIENTED_EDGE('',*,*,#1485,.T.);
#2205=ORIENTED_EDGE('',*,*,#1638,.T.);
#2206=ORIENTED_EDGE('',*,*,#1639,.F.);
#2207=ORIENTED_EDGE('',*,*,#1632,.F.);
#2208=ORIENTED_EDGE('',*,*,#1549,.F.);
#2209=ORIENTED_EDGE('',*,*,#1635,.T.);
#2210=ORIENTED_EDGE('',*,*,#1633,.T.);
#2211=ORIENTED_EDGE('',*,*,#1639,.T.);
#2212=ORIENTED_EDGE('',*,*,#1637,.T.);
#2213=ORIENTED_EDGE('',*,*,#1640,.T.);
#2214=ORIENTED_EDGE('',*,*,#1641,.F.);
#2215=ORIENTED_EDGE('',*,*,#1642,.F.);
#2216=ORIENTED_EDGE('',*,*,#1643,.T.);
#2217=ORIENTED_EDGE('',*,*,#1644,.F.);
#2218=ORIENTED_EDGE('',*,*,#1643,.F.);
#2219=ORIENTED_EDGE('',*,*,#1645,.F.);
#2220=ORIENTED_EDGE('',*,*,#1646,.T.);
#2221=ORIENTED_EDGE('',*,*,#1647,.F.);
#2222=ORIENTED_EDGE('',*,*,#1648,.F.);
#2223=ORIENTED_EDGE('',*,*,#1649,.F.);
#2224=ORIENTED_EDGE('',*,*,#1650,.T.);
#2225=ORIENTED_EDGE('',*,*,#1416,.T.);
#2226=ORIENTED_EDGE('',*,*,#1651,.T.);
#2227=ORIENTED_EDGE('',*,*,#1652,.F.);
#2228=ORIENTED_EDGE('',*,*,#1653,.F.);
#2229=ORIENTED_EDGE('',*,*,#1654,.F.);
#2230=ORIENTED_EDGE('',*,*,#1655,.T.);
#2231=ORIENTED_EDGE('',*,*,#1656,.T.);
#2232=ORIENTED_EDGE('',*,*,#1657,.T.);
#2233=ORIENTED_EDGE('',*,*,#1658,.F.);
#2234=ORIENTED_EDGE('',*,*,#1646,.F.);
#2235=ORIENTED_EDGE('',*,*,#1659,.F.);
#2236=ORIENTED_EDGE('',*,*,#1660,.T.);
#2237=ORIENTED_EDGE('',*,*,#1660,.F.);
#2238=ORIENTED_EDGE('',*,*,#1661,.F.);
#2239=ORIENTED_EDGE('',*,*,#1662,.F.);
#2240=ORIENTED_EDGE('',*,*,#1663,.T.);
#2241=ORIENTED_EDGE('',*,*,#1664,.T.);
#2242=ORIENTED_EDGE('',*,*,#1665,.T.);
#2243=ORIENTED_EDGE('',*,*,#1658,.T.);
#2244=ORIENTED_EDGE('',*,*,#1663,.F.);
#2245=ORIENTED_EDGE('',*,*,#1666,.F.);
#2246=ORIENTED_EDGE('',*,*,#1640,.F.);
#2247=ORIENTED_EDGE('',*,*,#1644,.T.);
#2248=ORIENTED_EDGE('',*,*,#1665,.F.);
#2249=ORIENTED_EDGE('',*,*,#1667,.T.);
#2250=ORIENTED_EDGE('',*,*,#1651,.F.);
#2251=ORIENTED_EDGE('',*,*,#1415,.T.);
#2252=ORIENTED_EDGE('',*,*,#1668,.F.);
#2253=ORIENTED_EDGE('',*,*,#1669,.F.);
#2254=ORIENTED_EDGE('',*,*,#1670,.F.);
#2255=ORIENTED_EDGE('',*,*,#1671,.T.);
#2256=ORIENTED_EDGE('',*,*,#1655,.F.);
#2257=ORIENTED_EDGE('',*,*,#1672,.T.);
#2258=ORIENTED_EDGE('',*,*,#1641,.T.);
#2259=ORIENTED_EDGE('',*,*,#1666,.T.);
#2260=ORIENTED_EDGE('',*,*,#1673,.T.);
#2261=ORIENTED_EDGE('',*,*,#1674,.T.);
#2262=ORIENTED_EDGE('',*,*,#1675,.T.);
#2263=ORIENTED_EDGE('',*,*,#1676,.T.);
#2264=ORIENTED_EDGE('',*,*,#1668,.T.);
#2265=ORIENTED_EDGE('',*,*,#1414,.F.);
#2266=ORIENTED_EDGE('',*,*,#1677,.T.);
#2267=ORIENTED_EDGE('',*,*,#1678,.T.);
#2268=ORIENTED_EDGE('',*,*,#1679,.T.);
#2269=ORIENTED_EDGE('',*,*,#1680,.T.);
#2270=ORIENTED_EDGE('',*,*,#1681,.T.);
#2271=ORIENTED_EDGE('',*,*,#1682,.T.);
#2272=ORIENTED_EDGE('',*,*,#1670,.T.);
#2273=ORIENTED_EDGE('',*,*,#1683,.F.);
#2274=ORIENTED_EDGE('',*,*,#1673,.F.);
#2275=ORIENTED_EDGE('',*,*,#1664,.F.);
#2276=ORIENTED_EDGE('',*,*,#1662,.T.);
#2277=ORIENTED_EDGE('',*,*,#1683,.T.);
#2278=ORIENTED_EDGE('',*,*,#1661,.T.);
#2279=ORIENTED_EDGE('',*,*,#1659,.T.);
#2280=ORIENTED_EDGE('',*,*,#1684,.F.);
#2281=ORIENTED_EDGE('',*,*,#1645,.T.);
#2282=ORIENTED_EDGE('',*,*,#1642,.T.);
#2283=ORIENTED_EDGE('',*,*,#1672,.F.);
#2284=ORIENTED_EDGE('',*,*,#1684,.T.);
#2285=ORIENTED_EDGE('',*,*,#1685,.T.);
#2286=ORIENTED_EDGE('',*,*,#1657,.F.);
#2287=ORIENTED_EDGE('',*,*,#1686,.F.);
#2288=ORIENTED_EDGE('',*,*,#1681,.F.);
#2289=ORIENTED_EDGE('',*,*,#1687,.F.);
#2290=ORIENTED_EDGE('',*,*,#1677,.F.);
#2291=ORIENTED_EDGE('',*,*,#1413,.F.);
#2292=ORIENTED_EDGE('',*,*,#1650,.F.);
#2293=ORIENTED_EDGE('',*,*,#1688,.F.);
#2294=ORIENTED_EDGE('',*,*,#1689,.F.);
#2295=ORIENTED_EDGE('',*,*,#1690,.T.);
#2296=ORIENTED_EDGE('',*,*,#1686,.T.);
#2297=ORIENTED_EDGE('',*,*,#1691,.F.);
#2298=ORIENTED_EDGE('',*,*,#1682,.F.);
#2299=ORIENTED_EDGE('',*,*,#1690,.F.);
#2300=ORIENTED_EDGE('',*,*,#1692,.T.);
#2301=ORIENTED_EDGE('',*,*,#1692,.F.);
#2302=ORIENTED_EDGE('',*,*,#1689,.T.);
#2303=ORIENTED_EDGE('',*,*,#1693,.F.);
#2304=ORIENTED_EDGE('',*,*,#1694,.F.);
#2305=ORIENTED_EDGE('',*,*,#1691,.T.);
#2306=ORIENTED_EDGE('',*,*,#1694,.T.);
#2307=ORIENTED_EDGE('',*,*,#1695,.T.);
#2308=ORIENTED_EDGE('',*,*,#1671,.F.);
#2309=ORIENTED_EDGE('',*,*,#1695,.F.);
#2310=ORIENTED_EDGE('',*,*,#1693,.T.);
#2311=ORIENTED_EDGE('',*,*,#1688,.T.);
#2312=ORIENTED_EDGE('',*,*,#1656,.F.);
#2313=ORIENTED_EDGE('',*,*,#1696,.T.);
#2314=ORIENTED_EDGE('',*,*,#1647,.T.);
#2315=ORIENTED_EDGE('',*,*,#1685,.F.);
#2316=ORIENTED_EDGE('',*,*,#1680,.F.);
#2317=ORIENTED_EDGE('',*,*,#1697,.T.);
#2318=ORIENTED_EDGE('',*,*,#1648,.T.);
#2319=ORIENTED_EDGE('',*,*,#1696,.F.);
#2320=ORIENTED_EDGE('',*,*,#1679,.F.);
#2321=ORIENTED_EDGE('',*,*,#1687,.T.);
#2322=ORIENTED_EDGE('',*,*,#1649,.T.);
#2323=ORIENTED_EDGE('',*,*,#1697,.F.);
#2324=ORIENTED_EDGE('',*,*,#1678,.F.);
#2325=ORIENTED_EDGE('',*,*,#1698,.T.);
#2326=ORIENTED_EDGE('',*,*,#1652,.T.);
#2327=ORIENTED_EDGE('',*,*,#1667,.F.);
#2328=ORIENTED_EDGE('',*,*,#1676,.F.);
#2329=ORIENTED_EDGE('',*,*,#1699,.T.);
#2330=ORIENTED_EDGE('',*,*,#1653,.T.);
#2331=ORIENTED_EDGE('',*,*,#1698,.F.);
#2332=ORIENTED_EDGE('',*,*,#1675,.F.);
#2333=ORIENTED_EDGE('',*,*,#1669,.T.);
#2334=ORIENTED_EDGE('',*,*,#1654,.T.);
#2335=ORIENTED_EDGE('',*,*,#1699,.F.);
#2336=ORIENTED_EDGE('',*,*,#1674,.F.);
#2337=ORIENTED_EDGE('',*,*,#1386,.F.);
#2338=ORIENTED_EDGE('',*,*,#1408,.T.);
#2339=ORIENTED_EDGE('',*,*,#1700,.T.);
#2340=ORIENTED_EDGE('',*,*,#1701,.F.);
#2341=ORIENTED_EDGE('',*,*,#1702,.T.);
#2342=ORIENTED_EDGE('',*,*,#1467,.T.);
#2343=ORIENTED_EDGE('',*,*,#1496,.T.);
#2344=ORIENTED_EDGE('',*,*,#1500,.T.);
#2345=ORIENTED_EDGE('',*,*,#1503,.T.);
#2346=ORIENTED_EDGE('',*,*,#1510,.T.);
#2347=ORIENTED_EDGE('',*,*,#1514,.F.);
#2348=ORIENTED_EDGE('',*,*,#1470,.T.);
#2349=ORIENTED_EDGE('',*,*,#1703,.F.);
#2350=ORIENTED_EDGE('',*,*,#1704,.F.);
#2351=ORIENTED_EDGE('',*,*,#1705,.F.);
#2352=ORIENTED_EDGE('',*,*,#1397,.T.);
#2353=ORIENTED_EDGE('',*,*,#1388,.T.);
#2354=ORIENTED_EDGE('',*,*,#1383,.T.);
#2355=ORIENTED_EDGE('',*,*,#1706,.T.);
#2356=ORIENTED_EDGE('',*,*,#1707,.F.);
#2357=ORIENTED_EDGE('',*,*,#1381,.T.);
#2358=ORIENTED_EDGE('',*,*,#1387,.T.);
#2359=ORIENTED_EDGE('',*,*,#1706,.F.);
#2360=ORIENTED_EDGE('',*,*,#1382,.T.);
#2361=ORIENTED_EDGE('',*,*,#1707,.T.);
#2362=ORIENTED_EDGE('',*,*,#1705,.T.);
#2363=ORIENTED_EDGE('',*,*,#1708,.F.);
#2364=ORIENTED_EDGE('',*,*,#1709,.F.);
#2365=ORIENTED_EDGE('',*,*,#1398,.F.);
#2366=ORIENTED_EDGE('',*,*,#1709,.T.);
#2367=ORIENTED_EDGE('',*,*,#1710,.F.);
#2368=ORIENTED_EDGE('',*,*,#1711,.F.);
#2369=ORIENTED_EDGE('',*,*,#1399,.T.);
#2370=ORIENTED_EDGE('',*,*,#1711,.T.);
#2371=ORIENTED_EDGE('',*,*,#1712,.F.);
#2372=ORIENTED_EDGE('',*,*,#1703,.T.);
#2373=ORIENTED_EDGE('',*,*,#1469,.F.);
#2374=ORIENTED_EDGE('',*,*,#1391,.T.);
#2375=ORIENTED_EDGE('',*,*,#1713,.F.);
#2376=ORIENTED_EDGE('',*,*,#1714,.F.);
#2377=ORIENTED_EDGE('',*,*,#1400,.T.);
#2378=ORIENTED_EDGE('',*,*,#1714,.T.);
#2379=ORIENTED_EDGE('',*,*,#1715,.F.);
#2380=ORIENTED_EDGE('',*,*,#1716,.F.);
#2381=ORIENTED_EDGE('',*,*,#1401,.F.);
#2382=ORIENTED_EDGE('',*,*,#1716,.T.);
#2383=ORIENTED_EDGE('',*,*,#1717,.F.);
#2384=ORIENTED_EDGE('',*,*,#1389,.F.);
#2385=ORIENTED_EDGE('',*,*,#1402,.T.);
#2386=ORIENTED_EDGE('',*,*,#1710,.T.);
#2387=ORIENTED_EDGE('',*,*,#1708,.T.);
#2388=ORIENTED_EDGE('',*,*,#1704,.T.);
#2389=ORIENTED_EDGE('',*,*,#1712,.T.);
#2390=ORIENTED_EDGE('',*,*,#1717,.T.);
#2391=ORIENTED_EDGE('',*,*,#1715,.T.);
#2392=ORIENTED_EDGE('',*,*,#1713,.T.);
#2393=ORIENTED_EDGE('',*,*,#1390,.T.);
#2394=ORIENTED_EDGE('',*,*,#1718,.T.);
#2395=ORIENTED_EDGE('',*,*,#1719,.T.);
#2396=ORIENTED_EDGE('',*,*,#1720,.T.);
#2397=ORIENTED_EDGE('',*,*,#1701,.T.);
#2398=ORIENTED_EDGE('',*,*,#1721,.T.);
#2399=ORIENTED_EDGE('',*,*,#1722,.T.);
#2400=ORIENTED_EDGE('',*,*,#1394,.T.);
#2401=ORIENTED_EDGE('',*,*,#1723,.T.);
#2402=ORIENTED_EDGE('',*,*,#1468,.T.);
#2403=ORIENTED_EDGE('',*,*,#1702,.F.);
#2404=ORIENTED_EDGE('',*,*,#1720,.F.);
#2405=ORIENTED_EDGE('',*,*,#1724,.F.);
#2406=ORIENTED_EDGE('',*,*,#1405,.F.);
#2407=ORIENTED_EDGE('',*,*,#1725,.T.);
#2408=ORIENTED_EDGE('',*,*,#1723,.F.);
#2409=ORIENTED_EDGE('',*,*,#1393,.F.);
#2410=ORIENTED_EDGE('',*,*,#1726,.T.);
#2411=ORIENTED_EDGE('',*,*,#1721,.F.);
#2412=ORIENTED_EDGE('',*,*,#1725,.F.);
#2413=ORIENTED_EDGE('',*,*,#1404,.T.);
#2414=ORIENTED_EDGE('',*,*,#1395,.T.);
#2415=ORIENTED_EDGE('',*,*,#1722,.F.);
#2416=ORIENTED_EDGE('',*,*,#1726,.F.);
#2417=ORIENTED_EDGE('',*,*,#1403,.F.);
#2418=ORIENTED_EDGE('',*,*,#1724,.T.);
#2419=ORIENTED_EDGE('',*,*,#1719,.F.);
#2420=ORIENTED_EDGE('',*,*,#1727,.F.);
#2421=ORIENTED_EDGE('',*,*,#1406,.F.);
#2422=ORIENTED_EDGE('',*,*,#1727,.T.);
#2423=ORIENTED_EDGE('',*,*,#1718,.F.);
#2424=ORIENTED_EDGE('',*,*,#1700,.F.);
#2425=ORIENTED_EDGE('',*,*,#1407,.T.);
#2426=ORIENTED_EDGE('',*,*,#1423,.T.);
#2427=ORIENTED_EDGE('',*,*,#1456,.T.);
#2428=ORIENTED_EDGE('',*,*,#1728,.F.);
#2429=ORIENTED_EDGE('',*,*,#1729,.T.);
#2430=ORIENTED_EDGE('',*,*,#1417,.F.);
#2431=ORIENTED_EDGE('',*,*,#1435,.F.);
#2432=ORIENTED_EDGE('',*,*,#1730,.T.);
#2433=ORIENTED_EDGE('',*,*,#1731,.F.);
#2434=ORIENTED_EDGE('',*,*,#1732,.F.);
#2435=ORIENTED_EDGE('',*,*,#1733,.F.);
#2436=ORIENTED_EDGE('',*,*,#1734,.F.);
#2437=ORIENTED_EDGE('',*,*,#1431,.F.);
#2438=ORIENTED_EDGE('',*,*,#1735,.T.);
#2439=ORIENTED_EDGE('',*,*,#1439,.T.);
#2440=ORIENTED_EDGE('',*,*,#1437,.T.);
#2441=ORIENTED_EDGE('',*,*,#1729,.F.);
#2442=ORIENTED_EDGE('',*,*,#1735,.F.);
#2443=ORIENTED_EDGE('',*,*,#1736,.F.);
#2444=ORIENTED_EDGE('',*,*,#1442,.F.);
#2445=ORIENTED_EDGE('',*,*,#1440,.T.);
#2446=ORIENTED_EDGE('',*,*,#1728,.T.);
#2447=ORIENTED_EDGE('',*,*,#1455,.T.);
#2448=ORIENTED_EDGE('',*,*,#1444,.T.);
#2449=ORIENTED_EDGE('',*,*,#1736,.T.);
#2450=ORIENTED_EDGE('',*,*,#1418,.F.);
#2451=ORIENTED_EDGE('',*,*,#1731,.T.);
#2452=ORIENTED_EDGE('',*,*,#1737,.T.);
#2453=ORIENTED_EDGE('',*,*,#1738,.T.);
#2454=ORIENTED_EDGE('',*,*,#1739,.T.);
#2455=ORIENTED_EDGE('',*,*,#1733,.T.);
#2456=ORIENTED_EDGE('',*,*,#1740,.T.);
#2457=ORIENTED_EDGE('',*,*,#1450,.T.);
#2458=ORIENTED_EDGE('',*,*,#1741,.T.);
#2459=ORIENTED_EDGE('',*,*,#1742,.T.);
#2460=ORIENTED_EDGE('',*,*,#1743,.T.);
#2461=ORIENTED_EDGE('',*,*,#1446,.T.);
#2462=ORIENTED_EDGE('',*,*,#1447,.T.);
#2463=ORIENTED_EDGE('',*,*,#1743,.F.);
#2464=ORIENTED_EDGE('',*,*,#1744,.F.);
#2465=ORIENTED_EDGE('',*,*,#1426,.T.);
#2466=ORIENTED_EDGE('',*,*,#1744,.T.);
#2467=ORIENTED_EDGE('',*,*,#1742,.F.);
#2468=ORIENTED_EDGE('',*,*,#1745,.F.);
#2469=ORIENTED_EDGE('',*,*,#1427,.T.);
#2470=ORIENTED_EDGE('',*,*,#1745,.T.);
#2471=ORIENTED_EDGE('',*,*,#1741,.F.);
#2472=ORIENTED_EDGE('',*,*,#1449,.F.);
#2473=ORIENTED_EDGE('',*,*,#1428,.T.);
#2474=ORIENTED_EDGE('',*,*,#1746,.F.);
#2475=ORIENTED_EDGE('',*,*,#1740,.F.);
#2476=ORIENTED_EDGE('',*,*,#1747,.F.);
#2477=ORIENTED_EDGE('',*,*,#1748,.T.);
#2478=ORIENTED_EDGE('',*,*,#1748,.F.);
#2479=ORIENTED_EDGE('',*,*,#1749,.T.);
#2480=ORIENTED_EDGE('',*,*,#1750,.F.);
#2481=ORIENTED_EDGE('',*,*,#1751,.F.);
#2482=ORIENTED_EDGE('',*,*,#1746,.T.);
#2483=ORIENTED_EDGE('',*,*,#1751,.T.);
#2484=ORIENTED_EDGE('',*,*,#1752,.T.);
#2485=ORIENTED_EDGE('',*,*,#1448,.F.);
#2486=ORIENTED_EDGE('',*,*,#1752,.F.);
#2487=ORIENTED_EDGE('',*,*,#1750,.T.);
#2488=ORIENTED_EDGE('',*,*,#1753,.T.);
#2489=ORIENTED_EDGE('',*,*,#1430,.F.);
#2490=ORIENTED_EDGE('',*,*,#1753,.F.);
#2491=ORIENTED_EDGE('',*,*,#1749,.F.);
#2492=ORIENTED_EDGE('',*,*,#1747,.T.);
#2493=ORIENTED_EDGE('',*,*,#1732,.T.);
#2494=ORIENTED_EDGE('',*,*,#1734,.T.);
#2495=ORIENTED_EDGE('',*,*,#1739,.F.);
#2496=ORIENTED_EDGE('',*,*,#1754,.F.);
#2497=ORIENTED_EDGE('',*,*,#1432,.T.);
#2498=ORIENTED_EDGE('',*,*,#1754,.T.);
#2499=ORIENTED_EDGE('',*,*,#1738,.F.);
#2500=ORIENTED_EDGE('',*,*,#1755,.F.);
#2501=ORIENTED_EDGE('',*,*,#1433,.T.);
#2502=ORIENTED_EDGE('',*,*,#1755,.T.);
#2503=ORIENTED_EDGE('',*,*,#1737,.F.);
#2504=ORIENTED_EDGE('',*,*,#1730,.F.);
#2505=ORIENTED_EDGE('',*,*,#1434,.T.);
#2506=CONICAL_SURFACE('',#2664,0.5000000590361,0.321750610492825);
#2507=CONICAL_SURFACE('',#2822,0.4999999877513,0.321750610492825);
#2508=ADVANCED_FACE('',(#161),#2506,.T.);
#2509=ADVANCED_FACE('',(#162),#134,.T.);
#2510=ADVANCED_FACE('',(#163),#23,.F.);
#2511=ADVANCED_FACE('',(#164,#17,#18,#19),#24,.T.);
#2512=ADVANCED_FACE('',(#165),#25,.F.);
#2513=ADVANCED_FACE('',(#166),#26,.F.);
#2514=ADVANCED_FACE('',(#167),#27,.T.);
#2515=ADVANCED_FACE('',(#168),#28,.T.);
#2516=ADVANCED_FACE('',(#169),#29,.T.);
#2517=ADVANCED_FACE('',(#170),#30,.T.);
#2518=ADVANCED_FACE('',(#171),#31,.T.);
#2519=ADVANCED_FACE('',(#172),#32,.T.);
#2520=ADVANCED_FACE('',(#173,#20),#33,.T.);
#2521=ADVANCED_FACE('',(#174),#34,.F.);
#2522=ADVANCED_FACE('',(#175),#35,.T.);
#2523=ADVANCED_FACE('',(#176),#36,.F.);
#2524=ADVANCED_FACE('',(#177),#37,.T.);
#2525=ADVANCED_FACE('',(#178),#38,.F.);
#2526=ADVANCED_FACE('',(#179),#135,.T.);
#2527=ADVANCED_FACE('',(#180),#39,.T.);
#2528=ADVANCED_FACE('',(#181),#136,.T.);
#2529=ADVANCED_FACE('',(#182),#40,.T.);
#2530=ADVANCED_FACE('',(#183),#137,.T.);
#2531=ADVANCED_FACE('',(#184),#41,.T.);
#2532=ADVANCED_FACE('',(#185),#138,.T.);
#2533=ADVANCED_FACE('',(#186),#15,.T.);
#2534=ADVANCED_FACE('',(#187),#139,.T.);
#2535=ADVANCED_FACE('',(#188),#140,.T.);
#2536=ADVANCED_FACE('',(#189),#16,.T.);
#2537=ADVANCED_FACE('',(#190),#42,.T.);
#2538=ADVANCED_FACE('',(#191),#43,.F.);
#2539=ADVANCED_FACE('',(#192),#44,.T.);
#2540=ADVANCED_FACE('',(#193),#45,.F.);
#2541=ADVANCED_FACE('',(#194),#141,.F.);
#2542=ADVANCED_FACE('',(#195),#46,.F.);
#2543=ADVANCED_FACE('',(#196),#142,.F.);
#2544=ADVANCED_FACE('',(#197),#47,.F.);
#2545=ADVANCED_FACE('',(#198),#48,.T.);
#2546=ADVANCED_FACE('',(#199),#49,.F.);
#2547=ADVANCED_FACE('',(#200),#50,.F.);
#2548=ADVANCED_FACE('',(#201),#51,.F.);
#2549=ADVANCED_FACE('',(#202),#52,.F.);
#2550=ADVANCED_FACE('',(#203),#53,.F.);
#2551=ADVANCED_FACE('',(#204),#54,.F.);
#2552=ADVANCED_FACE('',(#205),#55,.F.);
#2553=ADVANCED_FACE('',(#206),#56,.F.);
#2554=ADVANCED_FACE('',(#207),#57,.F.);
#2555=ADVANCED_FACE('',(#208),#58,.F.);
#2556=ADVANCED_FACE('',(#209,#21),#59,.T.);
#2557=ADVANCED_FACE('',(#210),#60,.F.);
#2558=ADVANCED_FACE('',(#211),#61,.F.);
#2559=ADVANCED_FACE('',(#212),#62,.T.);
#2560=ADVANCED_FACE('',(#213),#63,.T.);
#2561=ADVANCED_FACE('',(#214),#64,.T.);
#2562=ADVANCED_FACE('',(#215),#65,.T.);
#2563=ADVANCED_FACE('',(#216),#66,.T.);
#2564=ADVANCED_FACE('',(#217),#67,.T.);
#2565=ADVANCED_FACE('',(#218),#68,.T.);
#2566=ADVANCED_FACE('',(#219),#69,.T.);
#2567=ADVANCED_FACE('',(#220),#70,.T.);
#2568=ADVANCED_FACE('',(#221),#71,.T.);
#2569=ADVANCED_FACE('',(#222),#72,.T.);
#2570=ADVANCED_FACE('',(#223),#73,.T.);
#2571=ADVANCED_FACE('',(#224),#74,.T.);
#2572=ADVANCED_FACE('',(#225),#75,.T.);
#2573=ADVANCED_FACE('',(#226),#76,.T.);
#2574=ADVANCED_FACE('',(#227),#77,.T.);
#2575=ADVANCED_FACE('',(#228),#78,.T.);
#2576=ADVANCED_FACE('',(#229),#79,.T.);
#2577=ADVANCED_FACE('',(#230),#143,.T.);
#2578=ADVANCED_FACE('',(#231),#144,.F.);
#2579=ADVANCED_FACE('',(#232),#145,.T.);
#2580=ADVANCED_FACE('',(#233),#146,.F.);
#2581=ADVANCED_FACE('',(#234),#147,.T.);
#2582=ADVANCED_FACE('',(#235),#148,.F.);
#2583=ADVANCED_FACE('',(#236),#80,.F.);
#2584=ADVANCED_FACE('',(#237),#81,.F.);
#2585=ADVANCED_FACE('',(#238),#82,.F.);
#2586=ADVANCED_FACE('',(#239),#83,.F.);
#2587=ADVANCED_FACE('',(#240),#84,.F.);
#2588=ADVANCED_FACE('',(#241,#22),#85,.T.);
#2589=ADVANCED_FACE('',(#242),#86,.F.);
#2590=ADVANCED_FACE('',(#243),#87,.F.);
#2591=ADVANCED_FACE('',(#244),#88,.T.);
#2592=ADVANCED_FACE('',(#245),#89,.T.);
#2593=ADVANCED_FACE('',(#246),#90,.T.);
#2594=ADVANCED_FACE('',(#247),#91,.F.);
#2595=ADVANCED_FACE('',(#248),#92,.F.);
#2596=ADVANCED_FACE('',(#249),#93,.F.);
#2597=ADVANCED_FACE('',(#250),#94,.T.);
#2598=ADVANCED_FACE('',(#251),#95,.T.);
#2599=ADVANCED_FACE('',(#252),#96,.T.);
#2600=ADVANCED_FACE('',(#253),#97,.T.);
#2601=ADVANCED_FACE('',(#254),#98,.F.);
#2602=ADVANCED_FACE('',(#255),#99,.F.);
#2603=ADVANCED_FACE('',(#256),#100,.F.);
#2604=ADVANCED_FACE('',(#257),#101,.T.);
#2605=ADVANCED_FACE('',(#258),#102,.T.);
#2606=ADVANCED_FACE('',(#259),#103,.T.);
#2607=ADVANCED_FACE('',(#260),#104,.T.);
#2608=ADVANCED_FACE('',(#261),#105,.T.);
#2609=ADVANCED_FACE('',(#262),#149,.F.);
#2610=ADVANCED_FACE('',(#263),#150,.T.);
#2611=ADVANCED_FACE('',(#264),#151,.F.);
#2612=ADVANCED_FACE('',(#265),#152,.T.);
#2613=ADVANCED_FACE('',(#266),#153,.F.);
#2614=ADVANCED_FACE('',(#267),#154,.T.);
#2615=ADVANCED_FACE('',(#268),#106,.T.);
#2616=ADVANCED_FACE('',(#269),#2507,.T.);
#2617=ADVANCED_FACE('',(#270),#107,.T.);
#2618=ADVANCED_FACE('',(#271),#108,.T.);
#2619=ADVANCED_FACE('',(#272),#109,.T.);
#2620=ADVANCED_FACE('',(#273),#110,.T.);
#2621=ADVANCED_FACE('',(#274),#111,.T.);
#2622=ADVANCED_FACE('',(#275),#112,.T.);
#2623=ADVANCED_FACE('',(#276),#113,.T.);
#2624=ADVANCED_FACE('',(#277),#114,.T.);
#2625=ADVANCED_FACE('',(#278),#115,.T.);
#2626=ADVANCED_FACE('',(#279),#116,.T.);
#2627=ADVANCED_FACE('',(#280),#117,.T.);
#2628=ADVANCED_FACE('',(#281),#118,.T.);
#2629=ADVANCED_FACE('',(#282),#119,.T.);
#2630=ADVANCED_FACE('',(#283),#120,.T.);
#2631=ADVANCED_FACE('',(#284),#121,.T.);
#2632=ADVANCED_FACE('',(#285),#122,.T.);
#2633=ADVANCED_FACE('',(#286),#123,.T.);
#2634=ADVANCED_FACE('',(#287),#124,.T.);
#2635=ADVANCED_FACE('',(#288),#125,.T.);
#2636=ADVANCED_FACE('',(#289),#126,.T.);
#2637=ADVANCED_FACE('',(#290),#127,.T.);
#2638=ADVANCED_FACE('',(#291),#128,.T.);
#2639=ADVANCED_FACE('',(#292),#155,.T.);
#2640=ADVANCED_FACE('',(#293),#156,.F.);
#2641=ADVANCED_FACE('',(#294),#157,.T.);
#2642=ADVANCED_FACE('',(#295),#129,.T.);
#2643=ADVANCED_FACE('',(#296),#130,.T.);
#2644=ADVANCED_FACE('',(#297),#131,.T.);
#2645=ADVANCED_FACE('',(#298),#132,.T.);
#2646=ADVANCED_FACE('',(#299),#133,.T.);
#2647=ADVANCED_FACE('',(#300),#158,.F.);
#2648=ADVANCED_FACE('',(#301),#159,.T.);
#2649=ADVANCED_FACE('',(#302),#160,.F.);
#2650=CLOSED_SHELL('',(#2508,#2509,#2510,#2511,#2512,#2513,#2514,#2515,
#2516,#2517,#2518,#2519,#2520,#2521,#2522,#2523,#2524,#2525,#2526,#2527,
#2528,#2529,#2530,#2531,#2532,#2533,#2534,#2535,#2536,#2537,#2538,#2539,
#2540,#2541,#2542,#2543,#2544,#2545,#2546,#2547,#2548,#2549,#2550,#2551,
#2552,#2553,#2554,#2555,#2556,#2557,#2558,#2559,#2560,#2561,#2562,#2563,
#2564,#2565,#2566,#2567,#2568,#2569,#2570,#2571,#2572,#2573,#2574,#2575,
#2576,#2577,#2578,#2579,#2580,#2581,#2582,#2583,#2584,#2585,#2586,#2587,
#2588,#2589,#2590,#2591,#2592,#2593,#2594,#2595,#2596,#2597,#2598,#2599,
#2600,#2601,#2602,#2603,#2604,#2605,#2606,#2607,#2608,#2609,#2610,#2611,
#2612,#2613,#2614,#2615,#2616,#2617,#2618,#2619,#2620,#2621,#2622,#2623,
#2624,#2625,#2626,#2627,#2628,#2629,#2630,#2631,#2632,#2633,#2634,#2635,
#2636,#2637,#2638,#2639,#2640,#2641,#2642,#2643,#2644,#2645,#2646,#2647,
#2648,#2649));
#2651=DERIVED_UNIT_ELEMENT(#2653,1.);
#2652=DERIVED_UNIT_ELEMENT(#4345,-3.);
#2653=(
MASS_UNIT()
NAMED_UNIT(*)
SI_UNIT(.KILO.,.GRAM.)
);
#2654=DERIVED_UNIT((#2651,#2652));
#2655=MEASURE_REPRESENTATION_ITEM('density measure',
POSITIVE_RATIO_MEASURE(7850.),#2654);
#2656=PROPERTY_DEFINITION_REPRESENTATION(#2661,#2658);
#2657=PROPERTY_DEFINITION_REPRESENTATION(#2662,#2659);
#2658=REPRESENTATION('material name',(#2660),#4342);
#2659=REPRESENTATION('density',(#2655),#4342);
#2660=DESCRIPTIVE_REPRESENTATION_ITEM('Steel','Steel');
#2661=PROPERTY_DEFINITION('material property','material name',#4352);
#2662=PROPERTY_DEFINITION('material property','density of part',#4352);
#2663=AXIS2_PLACEMENT_3D('',#3579,#2863,#2864);
#2664=AXIS2_PLACEMENT_3D('',#3580,#2865,#2866);
#2665=AXIS2_PLACEMENT_3D('',#3585,#2868,#2869);
#2666=AXIS2_PLACEMENT_3D('',#3590,#2870,#2871);
#2667=AXIS2_PLACEMENT_3D('',#3591,#2872,#2873);
#2668=AXIS2_PLACEMENT_3D('',#3594,#2874,#2875);
#2669=AXIS2_PLACEMENT_3D('',#3597,#2877,#2878);
#2670=AXIS2_PLACEMENT_3D('',#3599,#2880,#2881);
#2671=AXIS2_PLACEMENT_3D('',#3616,#2890,#2891);
#2672=AXIS2_PLACEMENT_3D('',#3663,#2916,#2917);
#2673=AXIS2_PLACEMENT_3D('',#3672,#2922,#2923);
#2674=AXIS2_PLACEMENT_3D('',#3676,#2925,#2926);
#2675=AXIS2_PLACEMENT_3D('',#3678,#2927,#2928);
#2676=AXIS2_PLACEMENT_3D('',#3680,#2929,#2930);
#2677=AXIS2_PLACEMENT_3D('',#3688,#2934,#2935);
#2678=AXIS2_PLACEMENT_3D('',#3690,#2936,#2937);
#2679=AXIS2_PLACEMENT_3D('',#3692,#2938,#2939);
#2680=AXIS2_PLACEMENT_3D('',#3694,#2941,#2942);
#2681=AXIS2_PLACEMENT_3D('',#3700,#2946,#2947);
#2682=AXIS2_PLACEMENT_3D('',#3706,#2951,#2952);
#2683=AXIS2_PLACEMENT_3D('',#3710,#2955,#2956);
#2684=AXIS2_PLACEMENT_3D('',#3714,#2959,#2960);
#2685=AXIS2_PLACEMENT_3D('',#3718,#2963,#2964);
#2686=AXIS2_PLACEMENT_3D('',#3724,#2968,#2969);
#2687=AXIS2_PLACEMENT_3D('',#3736,#2976,#2977);
#2688=AXIS2_PLACEMENT_3D('',#3752,#2986,#2987);
#2689=AXIS2_PLACEMENT_3D('',#3795,#3010,#3011);
#2690=AXIS2_PLACEMENT_3D('',#3803,#3016,#3017);
#2691=AXIS2_PLACEMENT_3D('',#3812,#3023,#3024);
#2692=AXIS2_PLACEMENT_3D('',#3820,#3029,#3030);
#2693=AXIS2_PLACEMENT_3D('',#3822,#3031,#3032);
#2694=AXIS2_PLACEMENT_3D('',#3824,#3033,#3034);
#2695=AXIS2_PLACEMENT_3D('',#3826,#3036,#3037);
#2696=AXIS2_PLACEMENT_3D('',#3840,#3045,#3046);
#2697=AXIS2_PLACEMENT_3D('',#3842,#3047,#3048);
#2698=AXIS2_PLACEMENT_3D('',#3844,#3049,#3050);
#2699=AXIS2_PLACEMENT_3D('',#3846,#3052,#3053);
#2700=AXIS2_PLACEMENT_3D('',#3851,#3057,#3058);
#2701=AXIS2_PLACEMENT_3D('',#3853,#3059,#3060);
#2702=AXIS2_PLACEMENT_3D('',#3856,#3062,#3063);
#2703=AXIS2_PLACEMENT_3D('',#3857,#3064,#3065);
#2704=AXIS2_PLACEMENT_3D('',#3860,#3067,#3068);
#2705=AXIS2_PLACEMENT_3D('',#3861,#3069,#3070);
#2706=AXIS2_PLACEMENT_3D('',#3864,#3072,#3073);
#2707=AXIS2_PLACEMENT_3D('',#3865,#3074,#3075);
#2708=AXIS2_PLACEMENT_3D('',#3866,#3076,#3077);
#2709=AXIS2_PLACEMENT_3D('',#3867,#3078,#3079);
#2710=AXIS2_PLACEMENT_3D('',#3869,#3080,#3081);
#2711=AXIS2_PLACEMENT_3D('',#3871,#3083,#3084);
#2712=AXIS2_PLACEMENT_3D('',#3872,#3085,#3086);
#2713=AXIS2_PLACEMENT_3D('',#3875,#3088,#3089);
#2714=AXIS2_PLACEMENT_3D('',#3876,#3090,#3091);
#2715=AXIS2_PLACEMENT_3D('',#3877,#3092,#3093);
#2716=AXIS2_PLACEMENT_3D('',#3881,#3095,#3096);
#2717=AXIS2_PLACEMENT_3D('',#3885,#3098,#3099);
#2718=AXIS2_PLACEMENT_3D('',#3887,#3101,#3102);
#2719=AXIS2_PLACEMENT_3D('',#3893,#3106,#3107);
#2720=AXIS2_PLACEMENT_3D('',#3897,#3110,#3111);
#2721=AXIS2_PLACEMENT_3D('',#3901,#3114,#3115);
#2722=AXIS2_PLACEMENT_3D('',#3903,#3116,#3117);
#2723=AXIS2_PLACEMENT_3D('',#3905,#3119,#3120);
#2724=AXIS2_PLACEMENT_3D('',#3909,#3123,#3124);
#2725=AXIS2_PLACEMENT_3D('',#3910,#3125,#3126);
#2726=AXIS2_PLACEMENT_3D('',#3911,#3127,#3128);
#2727=AXIS2_PLACEMENT_3D('',#3916,#3132,#3133);
#2728=AXIS2_PLACEMENT_3D('',#3925,#3139,#3140);
#2729=AXIS2_PLACEMENT_3D('',#3927,#3142,#3143);
#2730=AXIS2_PLACEMENT_3D('',#3929,#3145,#3146);
#2731=AXIS2_PLACEMENT_3D('',#3931,#3148,#3149);
#2732=AXIS2_PLACEMENT_3D('',#3939,#3154,#3155);
#2733=AXIS2_PLACEMENT_3D('',#3943,#3158,#3159);
#2734=AXIS2_PLACEMENT_3D('',#3947,#3162,#3163);
#2735=AXIS2_PLACEMENT_3D('',#3954,#3168,#3169);
#2736=AXIS2_PLACEMENT_3D('',#3956,#3171,#3172);
#2737=AXIS2_PLACEMENT_3D('',#3958,#3174,#3175);
#2738=AXIS2_PLACEMENT_3D('',#3959,#3176,#3177);
#2739=AXIS2_PLACEMENT_3D('',#3968,#3182,#3183);
#2740=AXIS2_PLACEMENT_3D('',#3974,#3187,#3188);
#2741=AXIS2_PLACEMENT_3D('',#3977,#3189,#3190);
#2742=AXIS2_PLACEMENT_3D('',#3979,#3191,#3192);
#2743=AXIS2_PLACEMENT_3D('',#3981,#3193,#3194);
#2744=AXIS2_PLACEMENT_3D('',#3986,#3197,#3198);
#2745=AXIS2_PLACEMENT_3D('',#3988,#3199,#3200);
#2746=AXIS2_PLACEMENT_3D('',#3990,#3201,#3202);
#2747=AXIS2_PLACEMENT_3D('',#3996,#3206,#3207);
#2748=AXIS2_PLACEMENT_3D('',#4002,#3211,#3212);
#2749=AXIS2_PLACEMENT_3D('',#4008,#3216,#3217);
#2750=AXIS2_PLACEMENT_3D('',#4012,#3220,#3221);
#2751=AXIS2_PLACEMENT_3D('',#4014,#3223,#3224);
#2752=AXIS2_PLACEMENT_3D('',#4018,#3227,#3228);
#2753=AXIS2_PLACEMENT_3D('',#4024,#3232,#3233);
#2754=AXIS2_PLACEMENT_3D('',#4028,#3236,#3237);
#2755=AXIS2_PLACEMENT_3D('',#4030,#3238,#3239);
#2756=AXIS2_PLACEMENT_3D('',#4032,#3240,#3241);
#2757=AXIS2_PLACEMENT_3D('',#4033,#3242,#3243);
#2758=AXIS2_PLACEMENT_3D('',#4037,#3245,#3246);
#2759=AXIS2_PLACEMENT_3D('',#4039,#3247,#3248);
#2760=AXIS2_PLACEMENT_3D('',#4041,#3249,#3250);
#2761=AXIS2_PLACEMENT_3D('',#4045,#3253,#3254);
#2762=AXIS2_PLACEMENT_3D('',#4047,#3256,#3257);
#2763=AXIS2_PLACEMENT_3D('',#4049,#3259,#3260);
#2764=AXIS2_PLACEMENT_3D('',#4050,#3261,#3262);
#2765=AXIS2_PLACEMENT_3D('',#4053,#3265,#3266);
#2766=AXIS2_PLACEMENT_3D('',#4055,#3268,#3269);
#2767=AXIS2_PLACEMENT_3D('',#4061,#3273,#3274);
#2768=AXIS2_PLACEMENT_3D('',#4065,#3277,#3278);
#2769=AXIS2_PLACEMENT_3D('',#4069,#3281,#3282);
#2770=AXIS2_PLACEMENT_3D('',#4071,#3284,#3285);
#2771=AXIS2_PLACEMENT_3D('',#4072,#3286,#3287);
#2772=AXIS2_PLACEMENT_3D('',#4074,#3289,#3290);
#2773=AXIS2_PLACEMENT_3D('',#4076,#3292,#3293);
#2774=AXIS2_PLACEMENT_3D('',#4077,#3294,#3295);
#2775=AXIS2_PLACEMENT_3D('',#4079,#3297,#3298);
#2776=AXIS2_PLACEMENT_3D('',#4081,#3300,#3301);
#2777=AXIS2_PLACEMENT_3D('',#4082,#3302,#3303);
#2778=AXIS2_PLACEMENT_3D('',#4084,#3305,#3306);
#2779=AXIS2_PLACEMENT_3D('',#4090,#3310,#3311);
#2780=AXIS2_PLACEMENT_3D('',#4094,#3314,#3315);
#2781=AXIS2_PLACEMENT_3D('',#4098,#3318,#3319);
#2782=AXIS2_PLACEMENT_3D('',#4100,#3321,#3322);
#2783=AXIS2_PLACEMENT_3D('',#4109,#3327,#3328);
#2784=AXIS2_PLACEMENT_3D('',#4115,#3332,#3333);
#2785=AXIS2_PLACEMENT_3D('',#4118,#3334,#3335);
#2786=AXIS2_PLACEMENT_3D('',#4120,#3336,#3337);
#2787=AXIS2_PLACEMENT_3D('',#4122,#3338,#3339);
#2788=AXIS2_PLACEMENT_3D('',#4127,#3342,#3343);
#2789=AXIS2_PLACEMENT_3D('',#4129,#3344,#3345);
#2790=AXIS2_PLACEMENT_3D('',#4131,#3346,#3347);
#2791=AXIS2_PLACEMENT_3D('',#4137,#3351,#3352);
#2792=AXIS2_PLACEMENT_3D('',#4143,#3356,#3357);
#2793=AXIS2_PLACEMENT_3D('',#4149,#3361,#3362);
#2794=AXIS2_PLACEMENT_3D('',#4153,#3365,#3366);
#2795=AXIS2_PLACEMENT_3D('',#4155,#3368,#3369);
#2796=AXIS2_PLACEMENT_3D('',#4159,#3372,#3373);
#2797=AXIS2_PLACEMENT_3D('',#4165,#3377,#3378);
#2798=AXIS2_PLACEMENT_3D('',#4169,#3381,#3382);
#2799=AXIS2_PLACEMENT_3D('',#4171,#3383,#3384);
#2800=AXIS2_PLACEMENT_3D('',#4173,#3385,#3386);
#2801=AXIS2_PLACEMENT_3D('',#4174,#3387,#3388);
#2802=AXIS2_PLACEMENT_3D('',#4178,#3390,#3391);
#2803=AXIS2_PLACEMENT_3D('',#4180,#3392,#3393);
#2804=AXIS2_PLACEMENT_3D('',#4182,#3394,#3395);
#2805=AXIS2_PLACEMENT_3D('',#4186,#3398,#3399);
#2806=AXIS2_PLACEMENT_3D('',#4188,#3401,#3402);
#2807=AXIS2_PLACEMENT_3D('',#4190,#3404,#3405);
#2808=AXIS2_PLACEMENT_3D('',#4191,#3406,#3407);
#2809=AXIS2_PLACEMENT_3D('',#4194,#3410,#3411);
#2810=AXIS2_PLACEMENT_3D('',#4196,#3413,#3414);
#2811=AXIS2_PLACEMENT_3D('',#4202,#3418,#3419);
#2812=AXIS2_PLACEMENT_3D('',#4206,#3422,#3423);
#2813=AXIS2_PLACEMENT_3D('',#4210,#3426,#3427);
#2814=AXIS2_PLACEMENT_3D('',#4212,#3429,#3430);
#2815=AXIS2_PLACEMENT_3D('',#4213,#3431,#3432);
#2816=AXIS2_PLACEMENT_3D('',#4215,#3434,#3435);
#2817=AXIS2_PLACEMENT_3D('',#4217,#3437,#3438);
#2818=AXIS2_PLACEMENT_3D('',#4218,#3439,#3440);
#2819=AXIS2_PLACEMENT_3D('',#4220,#3442,#3443);
#2820=AXIS2_PLACEMENT_3D('',#4222,#3445,#3446);
#2821=AXIS2_PLACEMENT_3D('',#4223,#3447,#3448);
#2822=AXIS2_PLACEMENT_3D('',#4237,#3455,#3456);
#2823=AXIS2_PLACEMENT_3D('',#4238,#3457,#3458);
#2824=AXIS2_PLACEMENT_3D('',#4239,#3459,#3460);
#2825=AXIS2_PLACEMENT_3D('',#4240,#3461,#3462);
#2826=AXIS2_PLACEMENT_3D('',#4244,#3465,#3466);
#2827=AXIS2_PLACEMENT_3D('',#4248,#3469,#3470);
#2828=AXIS2_PLACEMENT_3D('',#4253,#3474,#3475);
#2829=AXIS2_PLACEMENT_3D('',#4257,#3478,#3479);
#2830=AXIS2_PLACEMENT_3D('',#4259,#3481,#3482);
#2831=AXIS2_PLACEMENT_3D('',#4260,#3483,#3484);
#2832=AXIS2_PLACEMENT_3D('',#4261,#3485,#3486);
#2833=AXIS2_PLACEMENT_3D('',#4267,#3490,#3491);
#2834=AXIS2_PLACEMENT_3D('',#4273,#3495,#3496);
#2835=AXIS2_PLACEMENT_3D('',#4276,#3499,#3500);
#2836=AXIS2_PLACEMENT_3D('',#4278,#3502,#3503);
#2837=AXIS2_PLACEMENT_3D('',#4279,#3504,#3505);
#2838=AXIS2_PLACEMENT_3D('',#4281,#3507,#3508);
#2839=AXIS2_PLACEMENT_3D('',#4282,#3509,#3510);
#2840=AXIS2_PLACEMENT_3D('',#4286,#3513,#3514);
#2841=AXIS2_PLACEMENT_3D('',#4290,#3517,#3518);
#2842=AXIS2_PLACEMENT_3D('',#4296,#3522,#3523);
#2843=AXIS2_PLACEMENT_3D('',#4298,#3525,#3526);
#2844=AXIS2_PLACEMENT_3D('',#4300,#3528,#3529);
#2845=AXIS2_PLACEMENT_3D('',#4301,#3530,#3531);
#2846=AXIS2_PLACEMENT_3D('',#4303,#3532,#3533);
#2847=AXIS2_PLACEMENT_3D('',#4305,#3534,#3535);
#2848=AXIS2_PLACEMENT_3D('',#4306,#3536,#3537);
#2849=AXIS2_PLACEMENT_3D('',#4309,#3539,#3540);
#2850=AXIS2_PLACEMENT_3D('',#4311,#3541,#3542);
#2851=AXIS2_PLACEMENT_3D('',#4312,#3543,#3544);
#2852=AXIS2_PLACEMENT_3D('',#4313,#3545,#3546);
#2853=AXIS2_PLACEMENT_3D('',#4315,#3548,#3549);
#2854=AXIS2_PLACEMENT_3D('',#4317,#3551,#3552);
#2855=AXIS2_PLACEMENT_3D('',#4318,#3553,#3554);
#2856=AXIS2_PLACEMENT_3D('',#4324,#3558,#3559);
#2857=AXIS2_PLACEMENT_3D('',#4330,#3563,#3564);
#2858=AXIS2_PLACEMENT_3D('',#4332,#3566,#3567);
#2859=AXIS2_PLACEMENT_3D('',#4334,#3569,#3570);
#2860=AXIS2_PLACEMENT_3D('',#4335,#3571,#3572);
#2861=AXIS2_PLACEMENT_3D('',#4337,#3574,#3575);
#2862=AXIS2_PLACEMENT_3D('',#4339,#3577,#3578);
#2863=DIRECTION('axis',(0.,0.,1.));
#2864=DIRECTION('refdir',(1.,0.,0.));
#2865=DIRECTION('center_axis',(0.,0.,1.));
#2866=DIRECTION('ref_axis',(0.,-1.,0.));
#2867=DIRECTION('',(-1.7956607420561E-6,-0.316227836968517,0.948683274398252));
#2868=DIRECTION('center_axis',(0.,0.,-1.));
#2869=DIRECTION('ref_axis',(3.89457073021509E-7,0.999999999999924,0.));
#2870=DIRECTION('center_axis',(0.,0.,-1.));
#2871=DIRECTION('ref_axis',(0.7453559924999,0.6666666666667,0.));
#2872=DIRECTION('center_axis',(0.,0.,1.));
#2873=DIRECTION('ref_axis',(-7.54685815542596E-11,-1.,0.));
#2874=DIRECTION('center_axis',(0.,0.,-1.));
#2875=DIRECTION('ref_axis',(0.7453559924999,0.6666666666667,0.));
#2876=DIRECTION('',(-2.897160273118E-8,2.603736924738E-8,-0.999999999999999));
#2877=DIRECTION('center_axis',(0.,0.,-1.));
#2878=DIRECTION('ref_axis',(-5.99286442137826E-6,-0.999999999982043,0.));
#2879=DIRECTION('',(1.194407344412E-8,1.068598181998E-8,-1.));
#2880=DIRECTION('center_axis',(0.,1.,0.));
#2881=DIRECTION('ref_axis',(1.,0.,0.));
#2882=DIRECTION('',(0.,0.,-1.));
#2883=DIRECTION('',(-1.,0.,0.));
#2884=DIRECTION('',(0.,0.,-1.));
#2885=DIRECTION('',(1.,0.,0.));
#2886=DIRECTION('',(0.,0.,-1.));
#2887=DIRECTION('',(-1.,0.,0.));
#2888=DIRECTION('',(0.,0.,-1.));
#2889=DIRECTION('',(-1.,0.,0.));
#2890=DIRECTION('center_axis',(0.,0.,-1.));
#2891=DIRECTION('ref_axis',(0.,-1.,0.));
#2892=DIRECTION('',(-1.,0.,0.));
#2893=DIRECTION('',(0.,-1.,0.));
#2894=DIRECTION('',(-1.,0.,0.));
#2895=DIRECTION('',(0.,1.,0.));
#2896=DIRECTION('',(-1.,0.,0.));
#2897=DIRECTION('',(0.,1.,0.));
#2898=DIRECTION('',(0.,1.,0.));
#2899=DIRECTION('',(1.,0.,0.));
#2900=DIRECTION('',(0.,1.,0.));
#2901=DIRECTION('',(1.,0.,0.));
#2902=DIRECTION('',(0.,-1.,0.));
#2903=DIRECTION('',(-1.,0.,0.));
#2904=DIRECTION('',(1.,0.,0.));
#2905=DIRECTION('',(0.,1.,0.));
#2906=DIRECTION('',(1.,0.,0.));
#2907=DIRECTION('',(0.,1.,0.));
#2908=DIRECTION('',(1.,0.,0.));
#2909=DIRECTION('',(0.,1.,0.));
#2910=DIRECTION('',(1.,0.,0.));
#2911=DIRECTION('',(0.,1.,0.));
#2912=DIRECTION('',(1.,0.,0.));
#2913=DIRECTION('',(0.,1.,0.));
#2914=DIRECTION('',(1.,0.,0.));
#2915=DIRECTION('',(0.,1.,0.));
#2916=DIRECTION('center_axis',(1.,0.,0.));
#2917=DIRECTION('ref_axis',(0.,1.,0.));
#2918=DIRECTION('',(0.,0.,1.));
#2919=DIRECTION('',(0.,1.,0.));
#2920=DIRECTION('',(0.,0.,-1.));
#2921=DIRECTION('',(0.,1.,0.));
#2922=DIRECTION('center_axis',(1.,0.,0.));
#2923=DIRECTION('ref_axis',(0.,1.,0.));
#2924=DIRECTION('',(0.,0.,-1.));
#2925=DIRECTION('center_axis',(1.,0.,0.));
#2926=DIRECTION('ref_axis',(0.,0.90170132325143,-0.432359484279714));
#2927=DIRECTION('center_axis',(-1.,0.,0.));
#2928=DIRECTION('ref_axis',(0.,-0.901701323251391,-0.432359484279796));
#2929=DIRECTION('center_axis',(1.,0.,0.));
#2930=DIRECTION('ref_axis',(0.,1.,0.));
#2931=DIRECTION('',(0.,0.,-1.));
#2932=DIRECTION('',(0.,-1.,0.));
#2933=DIRECTION('',(0.,0.,1.));
#2934=DIRECTION('center_axis',(-1.,0.,0.));
#2935=DIRECTION('ref_axis',(0.,0.90170132325143,0.432359484279714));
#2936=DIRECTION('center_axis',(1.,0.,0.));
#2937=DIRECTION('ref_axis',(0.,-0.90170132325143,0.432359484279714));
#2938=DIRECTION('center_axis',(-1.,0.,0.));
#2939=DIRECTION('ref_axis',(0.,1.,0.));
#2940=DIRECTION('',(0.,0.,1.));
#2941=DIRECTION('center_axis',(-0.964763821237732,0.,0.263117405792109));
#2942=DIRECTION('ref_axis',(0.,1.,0.));
#2943=DIRECTION('',(0.254456678903991,-0.254456678903991,0.933007822647968));
#2944=DIRECTION('',(-0.254456678903991,-0.254456678903991,-0.933007822647968));
#2945=DIRECTION('',(0.,1.,0.));
#2946=DIRECTION('center_axis',(0.,0.,1.));
#2947=DIRECTION('ref_axis',(1.,0.,0.));
#2948=DIRECTION('',(-1.,0.,0.));
#2949=DIRECTION('',(0.,-1.,0.));
#2950=DIRECTION('',(-1.,0.,0.));
#2951=DIRECTION('center_axis',(0.,0.964763821237732,0.263117405792109));
#2952=DIRECTION('ref_axis',(1.,0.,0.));
#2953=DIRECTION('',(0.254456678903991,0.254456678903991,-0.933007822647968));
#2954=DIRECTION('',(-1.,0.,0.));
#2955=DIRECTION('center_axis',(0.,1.,0.));
#2956=DIRECTION('ref_axis',(1.,0.,0.));
#2957=DIRECTION('',(0.,0.,1.));
#2958=DIRECTION('',(1.,0.,0.));
#2959=DIRECTION('center_axis',(0.,1.,0.));
#2960=DIRECTION('ref_axis',(1.,0.,0.));
#2961=DIRECTION('',(0.,0.,1.));
#2962=DIRECTION('',(1.,0.,0.));
#2963=DIRECTION('center_axis',(0.,1.,0.));
#2964=DIRECTION('ref_axis',(1.,0.,0.));
#2965=DIRECTION('',(-1.,0.,0.));
#2966=DIRECTION('',(1.,0.,0.));
#2967=DIRECTION('',(0.,0.,1.));
#2968=DIRECTION('center_axis',(0.,0.,1.));
#2969=DIRECTION('ref_axis',(1.,0.,0.));
#2970=DIRECTION('',(1.,0.,0.));
#2971=DIRECTION('',(0.,1.,0.));
#2972=DIRECTION('',(-1.,0.,0.));
#2973=DIRECTION('',(0.,-1.,0.));
#2974=DIRECTION('',(0.,1.,0.));
#2975=DIRECTION('',(1.,0.,0.));
#2976=DIRECTION('center_axis',(-1.,0.,0.));
#2977=DIRECTION('ref_axis',(0.,0.,1.));
#2978=DIRECTION('',(0.,0.707106781186548,0.707106781186548));
#2979=DIRECTION('',(0.,0.,1.));
#2980=DIRECTION('',(0.,1.,0.));
#2981=DIRECTION('',(0.,0.,-1.));
#2982=DIRECTION('',(0.,0.,-1.));
#2983=DIRECTION('',(0.,-1.,0.));
#2984=DIRECTION('',(0.,0.,-1.));
#2985=DIRECTION('',(0.,1.,0.));
#2986=DIRECTION('center_axis',(0.,0.,1.));
#2987=DIRECTION('ref_axis',(1.,0.,0.));
#2988=DIRECTION('',(1.,0.,0.));
#2989=DIRECTION('',(0.,-1.,0.));
#2990=DIRECTION('',(1.,0.,0.));
#2991=DIRECTION('',(0.,1.,0.));
#2992=DIRECTION('',(0.,1.,0.));
#2993=DIRECTION('',(1.,0.,0.));
#2994=DIRECTION('',(0.,-1.,0.));
#2995=DIRECTION('',(1.,0.,0.));
#2996=DIRECTION('',(0.,-1.,0.));
#2997=DIRECTION('',(-1.,0.,0.));
#2998=DIRECTION('',(0.,1.,0.));
#2999=DIRECTION('',(-1.,0.,0.));
#3000=DIRECTION('',(0.,-1.,0.));
#3001=DIRECTION('',(-1.,0.,0.));
#3002=DIRECTION('',(0.,1.,0.));
#3003=DIRECTION('',(1.,0.,0.));
#3004=DIRECTION('',(1.,0.,0.));
#3005=DIRECTION('',(0.,-1.,0.));
#3006=DIRECTION('',(1.,0.,0.));
#3007=DIRECTION('',(0.,-1.,0.));
#3008=DIRECTION('',(-1.,0.,0.));
#3009=DIRECTION('',(0.,-1.,0.));
#3010=DIRECTION('center_axis',(-1.,0.,0.));
#3011=DIRECTION('ref_axis',(0.,0.,1.));
#3012=DIRECTION('',(0.,0.,-1.));
#3013=DIRECTION('',(0.,-1.,0.));
#3014=DIRECTION('',(0.,0.,-1.));
#3015=DIRECTION('',(0.,0.709532511965789,0.704672700239989));
#3016=DIRECTION('center_axis',(0.,-0.704672700239989,0.709532511965789));
#3017=DIRECTION('ref_axis',(-1.,0.,0.));
#3018=DIRECTION('',(-1.,0.,0.));
#3019=DIRECTION('',(0.,0.709532511965789,0.704672700239989));
#3020=DIRECTION('',(0.,-0.709532511965789,-0.704672700239989));
#3021=DIRECTION('',(1.,0.,0.));
#3022=DIRECTION('',(0.,-0.709532511965789,-0.704672700239989));
#3023=DIRECTION('center_axis',(1.,0.,0.));
#3024=DIRECTION('ref_axis',(0.,1.,0.));
#3025=DIRECTION('',(0.,0.,-1.));
#3026=DIRECTION('',(0.,-1.,0.));
#3027=DIRECTION('',(0.,0.,-1.));
#3028=DIRECTION('',(0.,-1.,0.));
#3029=DIRECTION('center_axis',(0.,1.,0.));
#3030=DIRECTION('ref_axis',(-1.,0.,0.));
#3031=DIRECTION('center_axis',(0.,-1.,0.));
#3032=DIRECTION('ref_axis',(-1.,0.,0.));
#3033=DIRECTION('center_axis',(0.,-1.,0.));
#3034=DIRECTION('ref_axis',(-1.,0.,0.));
#3035=DIRECTION('',(0.,-1.,0.));
#3036=DIRECTION('center_axis',(0.,0.,-1.));
#3037=DIRECTION('ref_axis',(0.,-1.,0.));
#3038=DIRECTION('',(1.,0.,0.));
#3039=DIRECTION('',(1.,5.235071635449E-10,0.));
#3040=DIRECTION('',(0.,-1.,0.));
#3041=DIRECTION('',(1.,0.,0.));
#3042=DIRECTION('',(0.,-1.,0.));
#3043=DIRECTION('',(1.,-1.046998043819E-9,0.));
#3044=DIRECTION('',(0.,1.,0.));
#3045=DIRECTION('center_axis',(0.,-1.,0.));
#3046=DIRECTION('ref_axis',(1.,0.,0.));
#3047=DIRECTION('center_axis',(0.,-1.,0.));
#3048=DIRECTION('ref_axis',(0.,0.,-1.));
#3049=DIRECTION('center_axis',(0.,1.,0.));
#3050=DIRECTION('ref_axis',(1.,0.,0.));
#3051=DIRECTION('',(0.,1.,0.));
#3052=DIRECTION('center_axis',(1.,0.,0.));
#3053=DIRECTION('ref_axis',(0.,1.,0.));
#3054=DIRECTION('',(0.,-1.,0.));
#3055=DIRECTION('',(0.,0.,-1.));
#3056=DIRECTION('',(0.,0.,1.));
#3057=DIRECTION('center_axis',(0.,0.,-1.));
#3058=DIRECTION('ref_axis',(1.,0.,0.));
#3059=DIRECTION('center_axis',(0.,0.,1.));
#3060=DIRECTION('ref_axis',(1.,0.,0.));
#3061=DIRECTION('',(0.,0.,1.));
#3062=DIRECTION('center_axis',(0.,0.,1.));
#3063=DIRECTION('ref_axis',(1.,0.,0.));
#3064=DIRECTION('center_axis',(0.,0.,1.));
#3065=DIRECTION('ref_axis',(1.,0.,0.));
#3066=DIRECTION('',(1.,0.,0.));
#3067=DIRECTION('center_axis',(0.,0.,1.));
#3068=DIRECTION('ref_axis',(0.,1.,0.));
#3069=DIRECTION('center_axis',(0.,0.,1.));
#3070=DIRECTION('ref_axis',(-1.,0.,0.));
#3071=DIRECTION('',(0.,0.,-1.));
#3072=DIRECTION('center_axis',(0.,0.,-1.));
#3073=DIRECTION('ref_axis',(-1.,0.,0.));
#3074=DIRECTION('center_axis',(0.,0.707106783705197,0.707106778667898));
#3075=DIRECTION('ref_axis',(0.,0.707106778667897,-0.707106783705198));
#3076=DIRECTION('center_axis',(-1.,0.,0.));
#3077=DIRECTION('ref_axis',(0.,1.,0.));
#3078=DIRECTION('center_axis',(-1.,0.,0.));
#3079=DIRECTION('ref_axis',(0.,0.,-1.));
#3080=DIRECTION('center_axis',(1.,0.,0.));
#3081=DIRECTION('ref_axis',(0.,0.,-1.));
#3082=DIRECTION('',(1.,0.,1.524774750905E-10));
#3083=DIRECTION('center_axis',(1.,0.,0.));
#3084=DIRECTION('ref_axis',(0.,0.,-1.));
#3085=DIRECTION('center_axis',(-1.,0.,0.));
#3086=DIRECTION('ref_axis',(0.,0.,-1.));
#3087=DIRECTION('',(1.,0.,-3.04948936473E-10));
#3088=DIRECTION('center_axis',(1.,0.,0.));
#3089=DIRECTION('ref_axis',(0.,0.,-1.));
#3090=DIRECTION('center_axis',(0.,-0.707106783705197,-0.707106778667898));
#3091=DIRECTION('ref_axis',(0.,0.707106778667897,-0.707106783705198));
#3092=DIRECTION('center_axis',(0.,1.,0.));
#3093=DIRECTION('ref_axis',(1.,0.,0.));
#3094=DIRECTION('',(0.,0.,1.));
#3095=DIRECTION('center_axis',(0.,1.,0.));
#3096=DIRECTION('ref_axis',(0.,0.,1.));
#3097=DIRECTION('',(1.,0.,0.));
#3098=DIRECTION('center_axis',(0.,1.,0.));
#3099=DIRECTION('ref_axis',(-1.,0.,0.));
#3100=DIRECTION('',(0.,0.,1.));
#3101=DIRECTION('center_axis',(-1.,0.,0.));
#3102=DIRECTION('ref_axis',(0.,0.,1.));
#3103=DIRECTION('',(0.,-1.,0.));
#3104=DIRECTION('',(0.,0.,1.));
#3105=DIRECTION('',(0.,0.,1.));
#3106=DIRECTION('center_axis',(0.,1.,0.));
#3107=DIRECTION('ref_axis',(1.,0.,0.));
#3108=DIRECTION('',(1.,0.,0.));
#3109=DIRECTION('',(0.,0.,-1.));
#3110=DIRECTION('center_axis',(1.,0.,0.));
#3111=DIRECTION('ref_axis',(0.,1.,0.));
#3112=DIRECTION('',(0.,0.,1.));
#3113=DIRECTION('',(0.,-1.,0.));
#3114=DIRECTION('center_axis',(0.,-1.,0.));
#3115=DIRECTION('ref_axis',(1.,0.,0.));
#3116=DIRECTION('center_axis',(0.,1.,0.));
#3117=DIRECTION('ref_axis',(0.,0.,1.));
#3118=DIRECTION('',(0.,-1.,0.));
#3119=DIRECTION('center_axis',(0.,0.,1.));
#3120=DIRECTION('ref_axis',(1.,0.,0.));
#3121=DIRECTION('',(1.,0.,0.));
#3122=DIRECTION('',(0.,-1.,0.));
#3123=DIRECTION('center_axis',(0.,-1.,0.));
#3124=DIRECTION('ref_axis',(1.,0.,0.));
#3125=DIRECTION('center_axis',(0.,1.,0.));
#3126=DIRECTION('ref_axis',(-1.,0.,0.));
#3127=DIRECTION('center_axis',(0.,1.,0.));
#3128=DIRECTION('ref_axis',(1.,0.,0.));
#3129=DIRECTION('',(-1.,0.,0.));
#3130=DIRECTION('',(0.,0.,-1.));
#3131=DIRECTION('',(-1.,0.,0.));
#3132=DIRECTION('center_axis',(0.,0.,1.));
#3133=DIRECTION('ref_axis',(1.,0.,0.));
#3134=DIRECTION('',(1.,0.,0.));
#3135=DIRECTION('',(0.,1.,0.));
#3136=DIRECTION('',(1.,0.,0.));
#3137=DIRECTION('',(1.,0.,0.));
#3138=DIRECTION('',(0.,1.,0.));
#3139=DIRECTION('center_axis',(1.,0.,0.));
#3140=DIRECTION('ref_axis',(0.,1.,0.));
#3141=DIRECTION('',(0.,0.,-1.));
#3142=DIRECTION('center_axis',(0.,1.,0.));
#3143=DIRECTION('ref_axis',(1.,0.,0.));
#3144=DIRECTION('',(0.,0.,-1.));
#3145=DIRECTION('center_axis',(1.,0.,0.));
#3146=DIRECTION('ref_axis',(0.,1.,0.));
#3147=DIRECTION('',(0.,0.,-1.));
#3148=DIRECTION('center_axis',(0.,-1.,0.));
#3149=DIRECTION('ref_axis',(0.,0.,-1.));
#3150=DIRECTION('',(-1.,0.,0.));
#3151=DIRECTION('',(0.,0.,-1.));
#3152=DIRECTION('',(1.,0.,0.));
#3153=DIRECTION('',(0.,0.,-1.));
#3154=DIRECTION('center_axis',(-1.,0.,0.));
#3155=DIRECTION('ref_axis',(0.,0.,1.));
#3156=DIRECTION('',(0.,-1.,0.));
#3157=DIRECTION('',(0.,0.,-1.));
#3158=DIRECTION('center_axis',(0.,1.,0.));
#3159=DIRECTION('ref_axis',(1.,0.,0.));
#3160=DIRECTION('',(-1.,0.,0.));
#3161=DIRECTION('',(0.,0.,-1.));
#3162=DIRECTION('center_axis',(1.,0.,0.));
#3163=DIRECTION('ref_axis',(0.,1.,0.));
#3164=DIRECTION('',(0.,0.,1.));
#3165=DIRECTION('',(0.,0.707106781186548,0.707106781186548));
#3166=DIRECTION('',(0.,1.,0.));
#3167=DIRECTION('',(0.,1.,0.));
#3168=DIRECTION('center_axis',(0.,0.,-1.));
#3169=DIRECTION('ref_axis',(0.,-1.,0.));
#3170=DIRECTION('',(-1.,0.,0.));
#3171=DIRECTION('center_axis',(0.,1.,0.));
#3172=DIRECTION('ref_axis',(1.,0.,0.));
#3173=DIRECTION('',(-1.,0.,0.));
#3174=DIRECTION('center_axis',(0.,0.707106781186548,-0.707106781186548));
#3175=DIRECTION('ref_axis',(-1.,0.,0.));
#3176=DIRECTION('center_axis',(0.,0.,1.));
#3177=DIRECTION('ref_axis',(1.,0.,0.));
#3178=DIRECTION('',(1.,0.,0.));
#3179=DIRECTION('',(0.,1.,0.));
#3180=DIRECTION('',(1.,0.,0.));
#3181=DIRECTION('',(0.,1.,0.));
#3182=DIRECTION('center_axis',(1.,0.,0.));
#3183=DIRECTION('ref_axis',(0.,1.,0.));
#3184=DIRECTION('',(0.,0.,1.));
#3185=DIRECTION('',(0.,0.,-1.));
#3186=DIRECTION('',(0.,1.,0.));
#3187=DIRECTION('center_axis',(1.,0.,0.));
#3188=DIRECTION('ref_axis',(0.,1.,0.));
#3189=DIRECTION('center_axis',(1.,0.,0.));
#3190=DIRECTION('ref_axis',(0.,-0.90170132325143,0.432359484279714));
#3191=DIRECTION('center_axis',(-1.,0.,0.));
#3192=DIRECTION('ref_axis',(0.,0.90170132325143,0.432359484279714));
#3193=DIRECTION('center_axis',(1.,0.,0.));
#3194=DIRECTION('ref_axis',(0.,-1.,0.));
#3195=DIRECTION('',(0.,0.,1.));
#3196=DIRECTION('',(0.,0.,-1.));
#3197=DIRECTION('center_axis',(-1.,0.,0.));
#3198=DIRECTION('ref_axis',(0.,-0.90170132325143,-0.432359484279714));
#3199=DIRECTION('center_axis',(1.,0.,0.));
#3200=DIRECTION('ref_axis',(0.,0.90170132325143,-0.432359484279714));
#3201=DIRECTION('center_axis',(-1.,0.,0.));
#3202=DIRECTION('ref_axis',(0.,-1.,0.));
#3203=DIRECTION('',(0.,0.,-1.));
#3204=DIRECTION('',(0.,-1.,0.));
#3205=DIRECTION('',(0.,0.,1.));
#3206=DIRECTION('center_axis',(-0.964763821237732,0.,0.263117405792109));
#3207=DIRECTION('ref_axis',(0.,1.,0.));
#3208=DIRECTION('',(0.254456678903991,-0.254456678903991,0.933007822647968));
#3209=DIRECTION('',(-0.254456678903991,-0.254456678903991,-0.933007822647968));
#3210=DIRECTION('',(0.,1.,0.));
#3211=DIRECTION('center_axis',(0.,0.,1.));
#3212=DIRECTION('ref_axis',(1.,0.,0.));
#3213=DIRECTION('',(-1.,0.,0.));
#3214=DIRECTION('',(0.,-1.,0.));
#3215=DIRECTION('',(-1.,0.,0.));
#3216=DIRECTION('center_axis',(0.,0.964763821237732,0.263117405792109));
#3217=DIRECTION('ref_axis',(1.,0.,0.));
#3218=DIRECTION('',(0.254456678903991,0.254456678903991,-0.933007822647968));
#3219=DIRECTION('',(-1.,0.,0.));
#3220=DIRECTION('center_axis',(0.,1.,0.));
#3221=DIRECTION('ref_axis',(1.,0.,0.));
#3222=DIRECTION('',(0.,0.,1.));
#3223=DIRECTION('center_axis',(0.,1.,0.));
#3224=DIRECTION('ref_axis',(1.,0.,0.));
#3225=DIRECTION('',(1.,0.,0.));
#3226=DIRECTION('',(0.,0.,1.));
#3227=DIRECTION('center_axis',(0.,1.,0.));
#3228=DIRECTION('ref_axis',(1.,0.,0.));
#3229=DIRECTION('',(1.,0.,0.));
#3230=DIRECTION('',(0.,0.,1.));
#3231=DIRECTION('',(-1.,0.,0.));
#3232=DIRECTION('center_axis',(1.,0.,0.));
#3233=DIRECTION('ref_axis',(0.,1.,0.));
#3234=DIRECTION('',(0.,0.,-1.));
#3235=DIRECTION('',(0.,-1.,0.));
#3236=DIRECTION('center_axis',(1.,0.,0.));
#3237=DIRECTION('ref_axis',(0.,1.,0.));
#3238=DIRECTION('center_axis',(-1.,0.,0.));
#3239=DIRECTION('ref_axis',(0.,-1.,0.));
#3240=DIRECTION('center_axis',(1.,0.,0.));
#3241=DIRECTION('ref_axis',(0.,0.90170132325143,-0.432359484279714));
#3242=DIRECTION('center_axis',(-1.,0.,0.));
#3243=DIRECTION('ref_axis',(0.,-0.90170132325143,-0.432359484279714));
#3244=DIRECTION('',(0.,0.,-1.));
#3245=DIRECTION('center_axis',(1.,0.,0.));
#3246=DIRECTION('ref_axis',(0.,-1.,0.));
#3247=DIRECTION('center_axis',(-1.,0.,0.));
#3248=DIRECTION('ref_axis',(0.,0.90170132325143,0.432359484279714));
#3249=DIRECTION('center_axis',(1.,0.,0.));
#3250=DIRECTION('ref_axis',(0.,-0.90170132325143,0.432359484279714));
#3251=DIRECTION('',(0.,0.,-1.));
#3252=DIRECTION('',(0.,1.,0.));
#3253=DIRECTION('center_axis',(0.964763821237732,0.,0.263117405792109));
#3254=DIRECTION('ref_axis',(0.,-1.,0.));
#3255=DIRECTION('',(-0.254456678903991,0.254456678903991,0.933007822647968));
#3256=DIRECTION('center_axis',(0.,-0.964763821237732,0.263117405792109));
#3257=DIRECTION('ref_axis',(-1.,0.,0.));
#3258=DIRECTION('',(-1.,0.,0.));
#3259=DIRECTION('center_axis',(0.,-1.,0.));
#3260=DIRECTION('ref_axis',(0.,0.,-1.));
#3261=DIRECTION('center_axis',(0.,-1.,0.));
#3262=DIRECTION('ref_axis',(0.,0.,-1.));
#3263=DIRECTION('',(1.,0.,0.));
#3264=DIRECTION('',(-1.,0.,0.));
#3265=DIRECTION('center_axis',(0.,-1.,0.));
#3266=DIRECTION('ref_axis',(0.,0.,-1.));
#3267=DIRECTION('',(1.,0.,0.));
#3268=DIRECTION('center_axis',(0.,-0.964763821237732,-0.263117405792109));
#3269=DIRECTION('ref_axis',(0.,0.263117405792109,-0.964763821237732));
#3270=DIRECTION('',(-0.254456678903991,-0.254456678903991,0.933007822647968));
#3271=DIRECTION('',(-1.,0.,0.));
#3272=DIRECTION('',(0.254456678903991,-0.254456678903991,0.933007822647968));
#3273=DIRECTION('center_axis',(0.964763821237732,0.,-0.263117405792109));
#3274=DIRECTION('ref_axis',(0.,-1.,0.));
#3275=DIRECTION('',(-0.254456678903991,-0.254456678903991,-0.933007822647968));
#3276=DIRECTION('',(0.,1.,0.));
#3277=DIRECTION('center_axis',(0.,0.,-1.));
#3278=DIRECTION('ref_axis',(0.,-1.,0.));
#3279=DIRECTION('',(0.,-1.,0.));
#3280=DIRECTION('',(-1.,0.,0.));
#3281=DIRECTION('center_axis',(0.,0.964763821237732,-0.263117405792109));
#3282=DIRECTION('ref_axis',(-1.,0.,0.));
#3283=DIRECTION('',(-0.254456678903991,0.254456678903991,0.933007822647968));
#3284=DIRECTION('center_axis',(-0.964763821237732,0.,-0.263117405792109));
#3285=DIRECTION('ref_axis',(-0.263117405792109,0.,0.964763821237732));
#3286=DIRECTION('center_axis',(-1.,0.,0.));
#3287=DIRECTION('ref_axis',(0.,0.,-1.));
#3288=DIRECTION('',(1.,0.,0.));
#3289=DIRECTION('center_axis',(-1.,0.,0.));
#3290=DIRECTION('ref_axis',(0.,0.,-1.));
#3291=DIRECTION('',(1.,0.,0.));
#3292=DIRECTION('center_axis',(-1.,0.,0.));
#3293=DIRECTION('ref_axis',(0.,0.,-1.));
#3294=DIRECTION('center_axis',(-1.,0.,0.));
#3295=DIRECTION('ref_axis',(0.,0.,-1.));
#3296=DIRECTION('',(1.,0.,0.));
#3297=DIRECTION('center_axis',(-1.,0.,0.));
#3298=DIRECTION('ref_axis',(0.,0.,-1.));
#3299=DIRECTION('',(1.,0.,0.));
#3300=DIRECTION('center_axis',(-1.,0.,0.));
#3301=DIRECTION('ref_axis',(0.,0.,-1.));
#3302=DIRECTION('center_axis',(0.,-1.,0.));
#3303=DIRECTION('ref_axis',(0.,0.,-1.));
#3304=DIRECTION('',(0.,0.,-1.));
#3305=DIRECTION('center_axis',(1.,0.,0.));
#3306=DIRECTION('ref_axis',(0.,1.,0.));
#3307=DIRECTION('',(0.,0.,-1.));
#3308=DIRECTION('',(0.,1.,0.));
#3309=DIRECTION('',(0.,0.,-1.));
#3310=DIRECTION('center_axis',(0.,-1.,0.));
#3311=DIRECTION('ref_axis',(0.,0.,-1.));
#3312=DIRECTION('',(1.,0.,0.));
#3313=DIRECTION('',(0.,0.,-1.));
#3314=DIRECTION('center_axis',(-1.,0.,0.));
#3315=DIRECTION('ref_axis',(0.,0.,1.));
#3316=DIRECTION('',(0.,-1.,0.));
#3317=DIRECTION('',(0.,0.,-1.));
#3318=DIRECTION('center_axis',(0.,1.,0.));
#3319=DIRECTION('ref_axis',(1.,0.,0.));
#3320=DIRECTION('',(-1.,0.,0.));
#3321=DIRECTION('center_axis',(0.,0.,1.));
#3322=DIRECTION('ref_axis',(1.,0.,0.));
#3323=DIRECTION('',(1.,0.,0.));
#3324=DIRECTION('',(0.,1.,0.));
#3325=DIRECTION('',(1.,0.,0.));
#3326=DIRECTION('',(0.,1.,0.));
#3327=DIRECTION('center_axis',(1.,0.,0.));
#3328=DIRECTION('ref_axis',(0.,1.,0.));
#3329=DIRECTION('',(0.,0.,1.));
#3330=DIRECTION('',(0.,0.,-1.));
#3331=DIRECTION('',(0.,1.,0.));
#3332=DIRECTION('center_axis',(1.,0.,0.));
#3333=DIRECTION('ref_axis',(0.,1.,0.));
#3334=DIRECTION('center_axis',(-1.,0.,0.));
#3335=DIRECTION('ref_axis',(0.,0.90170132325143,0.432359484279714));
#3336=DIRECTION('center_axis',(1.,0.,0.));
#3337=DIRECTION('ref_axis',(0.,-0.90170132325143,0.432359484279714));
#3338=DIRECTION('center_axis',(-1.,0.,0.));
#3339=DIRECTION('ref_axis',(0.,1.,0.));
#3340=DIRECTION('',(0.,0.,1.));
#3341=DIRECTION('',(0.,0.,-1.));
#3342=DIRECTION('center_axis',(1.,0.,0.));
#3343=DIRECTION('ref_axis',(0.,0.90170132325143,-0.432359484279714));
#3344=DIRECTION('center_axis',(-1.,0.,0.));
#3345=DIRECTION('ref_axis',(0.,-0.901701323251391,-0.432359484279796));
#3346=DIRECTION('center_axis',(1.,0.,0.));
#3347=DIRECTION('ref_axis',(0.,1.,0.));
#3348=DIRECTION('',(0.,0.,-1.));
#3349=DIRECTION('',(0.,-1.,0.));
#3350=DIRECTION('',(0.,0.,1.));
#3351=DIRECTION('center_axis',(-0.964763821237732,0.,0.263117405792109));
#3352=DIRECTION('ref_axis',(0.,1.,0.));
#3353=DIRECTION('',(0.254456678903991,-0.254456678903991,0.933007822647968));
#3354=DIRECTION('',(-0.254456678903991,-0.254456678903991,-0.933007822647968));
#3355=DIRECTION('',(0.,1.,0.));
#3356=DIRECTION('center_axis',(0.,0.,1.));
#3357=DIRECTION('ref_axis',(1.,0.,0.));
#3358=DIRECTION('',(-1.,0.,0.));
#3359=DIRECTION('',(0.,-1.,0.));
#3360=DIRECTION('',(-1.,0.,0.));
#3361=DIRECTION('center_axis',(0.,0.964763821237732,0.263117405792109));
#3362=DIRECTION('ref_axis',(1.,0.,0.));
#3363=DIRECTION('',(0.254456678903991,0.254456678903991,-0.933007822647968));
#3364=DIRECTION('',(-1.,0.,0.));
#3365=DIRECTION('center_axis',(0.,-1.,0.));
#3366=DIRECTION('ref_axis',(0.,0.,-1.));
#3367=DIRECTION('',(0.,0.,1.));
#3368=DIRECTION('center_axis',(0.,-1.,0.));
#3369=DIRECTION('ref_axis',(0.,0.,-1.));
#3370=DIRECTION('',(-1.,0.,0.));
#3371=DIRECTION('',(0.,0.,1.));
#3372=DIRECTION('center_axis',(0.,-1.,0.));
#3373=DIRECTION('ref_axis',(0.,0.,-1.));
#3374=DIRECTION('',(-1.,0.,0.));
#3375=DIRECTION('',(0.,0.,1.));
#3376=DIRECTION('',(-1.,0.,0.));
#3377=DIRECTION('center_axis',(1.,0.,0.));
#3378=DIRECTION('ref_axis',(0.,1.,0.));
#3379=DIRECTION('',(0.,0.,-1.));
#3380=DIRECTION('',(0.,-1.,0.));
#3381=DIRECTION('center_axis',(1.,0.,0.));
#3382=DIRECTION('ref_axis',(0.,1.,0.));
#3383=DIRECTION('center_axis',(1.,0.,0.));
#3384=DIRECTION('ref_axis',(0.,1.,0.));
#3385=DIRECTION('center_axis',(-1.,0.,0.));
#3386=DIRECTION('ref_axis',(0.,-0.901701323251391,-0.432359484279796));
#3387=DIRECTION('center_axis',(1.,0.,0.));
#3388=DIRECTION('ref_axis',(0.,0.90170132325143,-0.432359484279714));
#3389=DIRECTION('',(0.,0.,-1.));
#3390=DIRECTION('center_axis',(-1.,0.,0.));
#3391=DIRECTION('ref_axis',(0.,1.,0.));
#3392=DIRECTION('center_axis',(1.,0.,0.));
#3393=DIRECTION('ref_axis',(0.,-0.90170132325143,0.432359484279714));
#3394=DIRECTION('center_axis',(-1.,0.,0.));
#3395=DIRECTION('ref_axis',(0.,0.90170132325143,0.432359484279714));
#3396=DIRECTION('',(0.,0.,-1.));
#3397=DIRECTION('',(0.,1.,0.));
#3398=DIRECTION('center_axis',(0.964763821237732,0.,0.263117405792109));
#3399=DIRECTION('ref_axis',(0.,-1.,0.));
#3400=DIRECTION('',(-0.254456678903991,0.254456678903991,0.933007822647968));
#3401=DIRECTION('center_axis',(0.,-0.964763821237732,0.263117405792109));
#3402=DIRECTION('ref_axis',(-1.,0.,0.));
#3403=DIRECTION('',(-1.,0.,0.));
#3404=DIRECTION('center_axis',(0.,1.,0.));
#3405=DIRECTION('ref_axis',(1.,0.,0.));
#3406=DIRECTION('center_axis',(0.,1.,0.));
#3407=DIRECTION('ref_axis',(1.,0.,0.));
#3408=DIRECTION('',(-1.,0.,0.));
#3409=DIRECTION('',(-1.,0.,0.));
#3410=DIRECTION('center_axis',(0.,1.,0.));
#3411=DIRECTION('ref_axis',(1.,0.,0.));
#3412=DIRECTION('',(-1.,0.,0.));
#3413=DIRECTION('center_axis',(0.,-0.964763821237732,-0.263117405792109));
#3414=DIRECTION('ref_axis',(0.,0.263117405792109,-0.964763821237732));
#3415=DIRECTION('',(-0.254456678903991,-0.254456678903991,0.933007822647968));
#3416=DIRECTION('',(-1.,0.,0.));
#3417=DIRECTION('',(0.254456678903991,-0.254456678903991,0.933007822647968));
#3418=DIRECTION('center_axis',(0.964763821237732,0.,-0.263117405792109));
#3419=DIRECTION('ref_axis',(0.,-1.,0.));
#3420=DIRECTION('',(-0.254456678903991,-0.254456678903991,-0.933007822647968));
#3421=DIRECTION('',(0.,1.,0.));
#3422=DIRECTION('center_axis',(0.,0.,-1.));
#3423=DIRECTION('ref_axis',(0.,-1.,0.));
#3424=DIRECTION('',(0.,-1.,0.));
#3425=DIRECTION('',(-1.,0.,0.));
#3426=DIRECTION('center_axis',(0.,0.964763821237732,-0.263117405792109));
#3427=DIRECTION('ref_axis',(-1.,0.,0.));
#3428=DIRECTION('',(-0.254456678903991,0.254456678903991,0.933007822647968));
#3429=DIRECTION('center_axis',(-0.964763821237732,0.,-0.263117405792109));
#3430=DIRECTION('ref_axis',(-0.263117405792109,0.,0.964763821237732));
#3431=DIRECTION('center_axis',(-1.,0.,0.));
#3432=DIRECTION('ref_axis',(0.,0.,-1.));
#3433=DIRECTION('',(-1.,0.,0.));
#3434=DIRECTION('center_axis',(-1.,0.,0.));
#3435=DIRECTION('ref_axis',(0.,0.,-1.));
#3436=DIRECTION('',(-1.,0.,0.));
#3437=DIRECTION('center_axis',(-1.,0.,0.));
#3438=DIRECTION('ref_axis',(0.,0.,-1.));
#3439=DIRECTION('center_axis',(-1.,0.,0.));
#3440=DIRECTION('ref_axis',(0.,0.,-1.));
#3441=DIRECTION('',(-1.,0.,0.));
#3442=DIRECTION('center_axis',(-1.,0.,0.));
#3443=DIRECTION('ref_axis',(0.,0.,-1.));
#3444=DIRECTION('',(-1.,0.,0.));
#3445=DIRECTION('center_axis',(-1.,0.,0.));
#3446=DIRECTION('ref_axis',(0.,0.,-1.));
#3447=DIRECTION('center_axis',(0.,1.,0.));
#3448=DIRECTION('ref_axis',(1.,0.,0.));
#3449=DIRECTION('',(0.,0.,-1.));
#3450=DIRECTION('',(1.,0.,0.));
#3451=DIRECTION('',(0.,0.,1.));
#3452=DIRECTION('',(0.,0.,1.));
#3453=DIRECTION('',(1.,0.,0.));
#3454=DIRECTION('',(0.,0.,-1.));
#3455=DIRECTION('center_axis',(0.,0.,1.));
#3456=DIRECTION('ref_axis',(-0.999999999995723,2.92487137283548E-6,0.));
#3457=DIRECTION('center_axis',(0.,0.,-1.));
#3458=DIRECTION('ref_axis',(-5.76870339496278E-6,-0.999999999983361,0.));
#3459=DIRECTION('center_axis',(0.,0.,-1.));
#3460=DIRECTION('ref_axis',(0.,-1.,0.));
#3461=DIRECTION('center_axis',(-1.,0.,0.));
#3462=DIRECTION('ref_axis',(0.,0.,1.));
#3463=DIRECTION('',(0.,1.,0.));
#3464=DIRECTION('',(0.,0.,-1.));
#3465=DIRECTION('center_axis',(0.,-1.,0.));
#3466=DIRECTION('ref_axis',(0.,0.,-1.));
#3467=DIRECTION('',(-1.,0.,0.));
#3468=DIRECTION('',(0.,0.,-1.));
#3469=DIRECTION('center_axis',(1.,0.,0.));
#3470=DIRECTION('ref_axis',(0.,1.,0.));
#3471=DIRECTION('',(0.,-1.,0.));
#3472=DIRECTION('',(0.,-1.,0.));
#3473=DIRECTION('',(0.,0.,-1.));
#3474=DIRECTION('center_axis',(0.,1.,0.));
#3475=DIRECTION('ref_axis',(1.,0.,0.));
#3476=DIRECTION('',(1.,0.,0.));
#3477=DIRECTION('',(0.,0.,-1.));
#3478=DIRECTION('center_axis',(-1.,0.,0.));
#3479=DIRECTION('ref_axis',(0.,0.,1.));
#3480=DIRECTION('',(0.,1.,0.));
#3481=DIRECTION('center_axis',(0.,0.,-1.));
#3482=DIRECTION('ref_axis',(0.,-1.,0.));
#3483=DIRECTION('center_axis',(0.,0.,-1.));
#3484=DIRECTION('ref_axis',(0.,-1.,0.));
#3485=DIRECTION('center_axis',(0.,0.,-1.));
#3486=DIRECTION('ref_axis',(0.,-1.,0.));
#3487=DIRECTION('',(0.,-1.,0.));
#3488=DIRECTION('',(-1.,0.,0.));
#3489=DIRECTION('',(0.,1.,0.));
#3490=DIRECTION('center_axis',(0.,0.,-1.));
#3491=DIRECTION('ref_axis',(0.,-1.,0.));
#3492=DIRECTION('',(1.,0.,0.));
#3493=DIRECTION('',(0.,-1.,0.));
#3494=DIRECTION('',(0.,1.,0.));
#3495=DIRECTION('center_axis',(-1.,0.,0.));
#3496=DIRECTION('ref_axis',(0.,0.,1.));
#3497=DIRECTION('',(0.,0.,-1.));
#3498=DIRECTION('',(0.,0.,-1.));
#3499=DIRECTION('center_axis',(0.,1.,0.));
#3500=DIRECTION('ref_axis',(1.,0.,0.));
#3501=DIRECTION('',(0.,0.,-1.));
#3502=DIRECTION('center_axis',(1.,0.,0.));
#3503=DIRECTION('ref_axis',(0.,1.,0.));
#3504=DIRECTION('center_axis',(0.,-1.,0.));
#3505=DIRECTION('ref_axis',(0.,0.,-1.));
#3506=DIRECTION('',(0.,0.,-1.));
#3507=DIRECTION('center_axis',(1.,0.,0.));
#3508=DIRECTION('ref_axis',(0.,1.,0.));
#3509=DIRECTION('center_axis',(0.,-1.,0.));
#3510=DIRECTION('ref_axis',(0.,0.,-1.));
#3511=DIRECTION('',(0.,0.,-1.));
#3512=DIRECTION('',(-1.,0.,0.));
#3513=DIRECTION('center_axis',(0.,-1.,0.));
#3514=DIRECTION('ref_axis',(0.,0.,-1.));
#3515=DIRECTION('',(1.,0.,0.));
#3516=DIRECTION('',(0.,0.,-1.));
#3517=DIRECTION('center_axis',(0.,-1.,0.));
#3518=DIRECTION('ref_axis',(0.,0.,-1.));
#3519=DIRECTION('',(-1.,0.,0.));
#3520=DIRECTION('',(0.,0.,-1.));
#3521=DIRECTION('',(1.,0.,0.));
#3522=DIRECTION('center_axis',(0.,-0.964763821237732,0.263117405792109));
#3523=DIRECTION('ref_axis',(-1.,0.,0.));
#3524=DIRECTION('',(-0.254456678903991,0.254456678903991,0.933007822647968));
#3525=DIRECTION('center_axis',(0.964763821237732,0.,0.263117405792109));
#3526=DIRECTION('ref_axis',(0.,-1.,0.));
#3527=DIRECTION('',(0.,-1.,0.));
#3528=DIRECTION('center_axis',(1.,0.,0.));
#3529=DIRECTION('ref_axis',(0.,1.,0.));
#3530=DIRECTION('center_axis',(1.,0.,0.));
#3531=DIRECTION('ref_axis',(0.,1.,0.));
#3532=DIRECTION('center_axis',(-1.,0.,0.));
#3533=DIRECTION('ref_axis',(0.,1.,0.));
#3534=DIRECTION('center_axis',(1.,0.,0.));
#3535=DIRECTION('ref_axis',(0.,-0.90170132325143,0.432359484279714));
#3536=DIRECTION('center_axis',(-1.,0.,0.));
#3537=DIRECTION('ref_axis',(0.,0.90170132325143,0.432359484279714));
#3538=DIRECTION('',(0.,1.,0.));
#3539=DIRECTION('center_axis',(1.,0.,0.));
#3540=DIRECTION('ref_axis',(0.,1.,0.));
#3541=DIRECTION('center_axis',(-1.,0.,0.));
#3542=DIRECTION('ref_axis',(0.,-0.901701323251391,-0.432359484279796));
#3543=DIRECTION('center_axis',(1.,0.,0.));
#3544=DIRECTION('ref_axis',(0.,0.90170132325143,-0.432359484279714));
#3545=DIRECTION('center_axis',(-1.,0.,0.));
#3546=DIRECTION('ref_axis',(0.,0.,-1.));
#3547=DIRECTION('',(1.,0.,0.));
#3548=DIRECTION('center_axis',(-1.,0.,0.));
#3549=DIRECTION('ref_axis',(0.,0.,-1.));
#3550=DIRECTION('',(1.,0.,0.));
#3551=DIRECTION('center_axis',(-1.,0.,0.));
#3552=DIRECTION('ref_axis',(0.,0.,-1.));
#3553=DIRECTION('center_axis',(0.964763821237732,0.,-0.263117405792109));
#3554=DIRECTION('ref_axis',(0.,-1.,0.));
#3555=DIRECTION('',(-0.254456678903991,-0.254456678903991,-0.933007822647968));
#3556=DIRECTION('',(0.254456678903991,-0.254456678903991,0.933007822647968));
#3557=DIRECTION('',(0.,1.,0.));
#3558=DIRECTION('center_axis',(0.,0.,-1.));
#3559=DIRECTION('ref_axis',(0.,-1.,0.));
#3560=DIRECTION('',(-1.,0.,0.));
#3561=DIRECTION('',(0.,-1.,0.));
#3562=DIRECTION('',(-1.,0.,0.));
#3563=DIRECTION('center_axis',(0.,0.964763821237732,-0.263117405792109));
#3564=DIRECTION('ref_axis',(-1.,0.,0.));
#3565=DIRECTION('',(-0.254456678903991,0.254456678903991,0.933007822647968));
#3566=DIRECTION('center_axis',(-0.964763821237732,0.,-0.263117405792109));
#3567=DIRECTION('ref_axis',(-0.263117405792109,0.,0.964763821237732));
#3568=DIRECTION('',(-0.254456678903991,-0.254456678903991,0.933007822647968));
#3569=DIRECTION('center_axis',(0.,-0.964763821237732,-0.263117405792109));
#3570=DIRECTION('ref_axis',(0.,0.263117405792109,-0.964763821237732));
#3571=DIRECTION('center_axis',(-1.,0.,0.));
#3572=DIRECTION('ref_axis',(0.,0.,-1.));
#3573=DIRECTION('',(1.,0.,0.));
#3574=DIRECTION('center_axis',(-1.,0.,0.));
#3575=DIRECTION('ref_axis',(0.,0.,-1.));
#3576=DIRECTION('',(1.,0.,0.));
#3577=DIRECTION('center_axis',(-1.,0.,0.));
#3578=DIRECTION('ref_axis',(0.,0.,-1.));
#3579=CARTESIAN_POINT('',(0.,0.,0.));
#3580=CARTESIAN_POINT('Origin',(1.249999929529,1.340000095631,-5.529999893399));
#3581=CARTESIAN_POINT('',(1.24999756064888,0.940000123759432,-5.83000000181323));
#3582=CARTESIAN_POINT('',(1.24999647302911,0.74000001836847,-5.22999999387726));
#3583=CARTESIAN_POINT('',(1.249997539929,0.9400001074406,-5.829999989121));
#3584=CARTESIAN_POINT('',(1.249999937719,1.74000002719832,-5.83000008159492));
#3585=CARTESIAN_POINT('Origin',(1.249999929529,1.340000095631,-5.83));
#3586=CARTESIAN_POINT('',(1.69721363603877,1.73999999709238,-5.22999991751521));
#3587=CARTESIAN_POINT('Ctrl Pts',(1.6972136927323,1.74,-5.22999994286931));
#3588=CARTESIAN_POINT('Ctrl Pts',(1.42888540310419,1.74,-5.83000029032458));
#3589=CARTESIAN_POINT('Ctrl Pts',(1.2499999377126,1.74,-5.83000030130404));
#3590=CARTESIAN_POINT('Origin',(1.25,1.34,-5.229999869525));
#3591=CARTESIAN_POINT('Origin',(1.25,1.34,-4.23));
#3592=CARTESIAN_POINT('',(1.6972135955,1.74,-4.23));
#3593=CARTESIAN_POINT('',(0.8027864045,1.74,-4.23));
#3594=CARTESIAN_POINT('Origin',(1.25,1.34,-4.23));
#3595=CARTESIAN_POINT('',(0.802786351893576,1.73999999950532,-5.23000014098527));
#3596=CARTESIAN_POINT('',(0.8027864045,1.74,-4.23));
#3597=CARTESIAN_POINT('Origin',(1.25,1.34,-5.230000130472));
#3598=CARTESIAN_POINT('',(1.6972135955,1.74,-4.23));
#3599=CARTESIAN_POINT('Origin',(0.,-1.74,0.));
#3600=CARTESIAN_POINT('',(3.42,-1.74,-4.23));
#3601=CARTESIAN_POINT('',(3.42,-1.74,-4.83));
#3602=CARTESIAN_POINT('',(3.42,-1.74,-4.23));
#3603=CARTESIAN_POINT('',(4.22,-1.74,-4.83));
#3604=CARTESIAN_POINT('',(4.22,-1.74,-4.83));
#3605=CARTESIAN_POINT('',(4.22,-1.74,4.23));
#3606=CARTESIAN_POINT('',(4.22,-1.74,4.23));
#3607=CARTESIAN_POINT('',(-4.22,-1.74,4.23));
#3608=CARTESIAN_POINT('',(-4.22,-1.74,4.23));
#3609=CARTESIAN_POINT('',(-4.22,-1.74,-4.83));
#3610=CARTESIAN_POINT('',(-4.22,-1.74,4.23));
#3611=CARTESIAN_POINT('',(-3.42,-1.74,-4.83));
#3612=CARTESIAN_POINT('',(-3.42,-1.74,-4.83));
#3613=CARTESIAN_POINT('',(-3.42,-1.74,-4.23));
#3614=CARTESIAN_POINT('',(-3.42,-1.74,-4.23));
#3615=CARTESIAN_POINT('',(3.42,-1.74,-4.23));
#3616=CARTESIAN_POINT('Origin',(4.22,-1.74,-4.23));
#3617=CARTESIAN_POINT('',(3.42,1.74,-4.23));
#3618=CARTESIAN_POINT('',(3.42,1.74,-4.23));
#3619=CARTESIAN_POINT('',(3.42,1.14,-4.23));
#3620=CARTESIAN_POINT('',(3.42,1.74,-4.23));
#3621=CARTESIAN_POINT('',(4.22,1.14,-4.23));
#3622=CARTESIAN_POINT('',(4.22,1.14,-4.23));
#3623=CARTESIAN_POINT('',(4.22,-1.14,-4.23));
#3624=CARTESIAN_POINT('',(4.22,-1.14,-4.23));
#3625=CARTESIAN_POINT('',(3.42,-1.14,-4.23));
#3626=CARTESIAN_POINT('',(4.22,-1.14,-4.23));
#3627=CARTESIAN_POINT('',(3.42,-1.74,-4.23));
#3628=CARTESIAN_POINT('',(-3.42,-1.14,-4.23));
#3629=CARTESIAN_POINT('',(-3.42,-1.74,-4.23));
#3630=CARTESIAN_POINT('',(-4.22,-1.14,-4.23));
#3631=CARTESIAN_POINT('',(-4.22,-1.14,-4.23));
#3632=CARTESIAN_POINT('',(-4.22,1.14,-4.23));
#3633=CARTESIAN_POINT('',(-4.22,-1.14,-4.23));
#3634=CARTESIAN_POINT('',(-3.42,1.14,-4.23));
#3635=CARTESIAN_POINT('',(-4.22,1.14,-4.23));
#3636=CARTESIAN_POINT('',(-3.42,1.74,-4.23));
#3637=CARTESIAN_POINT('',(-3.42,1.74,-4.23));
#3638=CARTESIAN_POINT('',(0.8027864045,1.74,-4.23));
#3639=CARTESIAN_POINT('',(-0.3175,-0.3175,-4.23));
#3640=CARTESIAN_POINT('',(0.3175,-0.3175,-4.23));
#3641=CARTESIAN_POINT('',(-0.3175,-0.3175,-4.23));
#3642=CARTESIAN_POINT('',(0.3175,0.3175,-4.23));
#3643=CARTESIAN_POINT('',(0.3175,-0.3175,-4.23));
#3644=CARTESIAN_POINT('',(-0.3175,0.3175,-4.23));
#3645=CARTESIAN_POINT('',(-0.3175,0.3175,-4.23));
#3646=CARTESIAN_POINT('',(-0.3175,-0.3175,-4.23));
#3647=CARTESIAN_POINT('',(-2.8175,-0.3175,-4.23));
#3648=CARTESIAN_POINT('',(-2.1825,-0.3175,-4.23));
#3649=CARTESIAN_POINT('',(-2.8175,-0.3175,-4.23));
#3650=CARTESIAN_POINT('',(-2.1825,0.3175,-4.23));
#3651=CARTESIAN_POINT('',(-2.1825,-0.3175,-4.23));
#3652=CARTESIAN_POINT('',(-2.8175,0.3175,-4.23));
#3653=CARTESIAN_POINT('',(-2.8175,0.3175,-4.23));
#3654=CARTESIAN_POINT('',(-2.8175,-0.3175,-4.23));
#3655=CARTESIAN_POINT('',(2.1825,-0.3175,-4.23));
#3656=CARTESIAN_POINT('',(2.8175,-0.3175,-4.23));
#3657=CARTESIAN_POINT('',(2.1825,-0.3175,-4.23));
#3658=CARTESIAN_POINT('',(2.8175,0.3175,-4.23));
#3659=CARTESIAN_POINT('',(2.8175,-0.3175,-4.23));
#3660=CARTESIAN_POINT('',(2.1825,0.3175,-4.23));
#3661=CARTESIAN_POINT('',(2.1825,0.3175,-4.23));
#3662=CARTESIAN_POINT('',(2.1825,-0.3175,-4.23));
#3663=CARTESIAN_POINT('Origin',(2.1825,-1.74,0.));
#3664=CARTESIAN_POINT('',(2.1825,0.3175,-1.77));
#3665=CARTESIAN_POINT('',(2.1825,0.3175,2.22));
#3666=CARTESIAN_POINT('',(2.1825,0.3175,-1.77));
#3667=CARTESIAN_POINT('',(2.1825,-0.3175,-1.77));
#3668=CARTESIAN_POINT('',(2.1825,-0.3175,-1.77));
#3669=CARTESIAN_POINT('',(2.1825,-0.3175,2.22));
#3670=CARTESIAN_POINT('',(2.1825,-0.3175,2.22));
#3671=CARTESIAN_POINT('',(2.1825,-0.3175,2.22));
#3672=CARTESIAN_POINT('Origin',(2.1825,-1.74,0.));
#3673=CARTESIAN_POINT('',(2.1825,0.3175,-4.78640916408));
#3674=CARTESIAN_POINT('',(2.1825,0.3175,-4.23));
#3675=CARTESIAN_POINT('',(2.1825,0.1562901701323,-5.495478718299));
#3676=CARTESIAN_POINT('Origin',(2.1825,-1.3225,-4.78640916408));
#3677=CARTESIAN_POINT('',(2.1825,0.1562901701323,-6.364521281701));
#3678=CARTESIAN_POINT('Origin',(2.1825,1.0625,-5.93));
#3679=CARTESIAN_POINT('',(2.1825,0.3175,-7.07359083592));
#3680=CARTESIAN_POINT('Origin',(2.1825,-1.3225,-7.07359083592));
#3681=CARTESIAN_POINT('',(2.1825,0.3175,-7.48));
#3682=CARTESIAN_POINT('',(2.1825,0.3175,-7.07359083592));
#3683=CARTESIAN_POINT('',(2.1825,-0.3175,-7.48));
#3684=CARTESIAN_POINT('',(2.1825,0.3175,-7.48));
#3685=CARTESIAN_POINT('',(2.1825,-0.3175,-7.07359083592));
#3686=CARTESIAN_POINT('',(2.1825,-0.3175,-7.48));
#3687=CARTESIAN_POINT('',(2.1825,-0.4162901701323,-6.639069554219));
#3688=CARTESIAN_POINT('Origin',(2.1825,-1.3225,-7.07359083592));
#3689=CARTESIAN_POINT('',(2.1825,-0.4162901701323,-5.220930445781));
#3690=CARTESIAN_POINT('Origin',(2.1825,1.0625,-5.93));
#3691=CARTESIAN_POINT('',(2.1825,-0.3175,-4.78640916408));
#3692=CARTESIAN_POINT('Origin',(2.1825,-1.3225,-4.78640916408));
#3693=CARTESIAN_POINT('',(2.1825,-0.3175,-4.78640916408));
#3694=CARTESIAN_POINT('Origin',(2.2575,0.,2.495));
#3695=CARTESIAN_POINT('',(2.3325,0.1675,2.77));
#3696=CARTESIAN_POINT('',(2.1825,0.3175,2.22));
#3697=CARTESIAN_POINT('',(2.3325,-0.1675,2.77));
#3698=CARTESIAN_POINT('',(2.3325,-0.1675,2.77));
#3699=CARTESIAN_POINT('',(2.3325,-0.1675,2.77));
#3700=CARTESIAN_POINT('Origin',(2.1825,0.3175,2.77));
#3701=CARTESIAN_POINT('',(2.6675,-0.1675,2.77));
#3702=CARTESIAN_POINT('',(2.6675,-0.1675,2.77));
#3703=CARTESIAN_POINT('',(2.6675,0.1675,2.77));
#3704=CARTESIAN_POINT('',(2.6675,0.1675,2.77));
#3705=CARTESIAN_POINT('',(2.6675,0.1675,2.77));
#3706=CARTESIAN_POINT('Origin',(2.5,0.2425,2.495));
#3707=CARTESIAN_POINT('',(2.8175,0.3175,2.22));
#3708=CARTESIAN_POINT('',(2.6675,0.1675,2.77));
#3709=CARTESIAN_POINT('',(2.8175,0.3175,2.22));
#3710=CARTESIAN_POINT('Origin',(2.1825,0.3175,-8.03));
#3711=CARTESIAN_POINT('',(2.8175,0.3175,-1.77));
#3712=CARTESIAN_POINT('',(2.8175,0.3175,-1.77));
#3713=CARTESIAN_POINT('',(2.1825,0.3175,-1.77));
#3714=CARTESIAN_POINT('Origin',(2.1825,0.3175,-8.03));
#3715=CARTESIAN_POINT('',(2.8175,0.3175,-4.78640916408));
#3716=CARTESIAN_POINT('',(2.8175,0.3175,-4.78640916408));
#3717=CARTESIAN_POINT('',(2.1825,0.3175,-4.78640916408));
#3718=CARTESIAN_POINT('Origin',(2.1825,0.3175,-8.03));
#3719=CARTESIAN_POINT('',(2.8175,0.3175,-7.48));
#3720=CARTESIAN_POINT('',(2.8175,0.3175,-7.48));
#3721=CARTESIAN_POINT('',(2.8175,0.3175,-7.07359083592));
#3722=CARTESIAN_POINT('',(2.1825,0.3175,-7.07359083592));
#3723=CARTESIAN_POINT('',(2.8175,0.3175,-7.48));
#3724=CARTESIAN_POINT('Origin',(0.,-1.74,-1.77));
#3725=CARTESIAN_POINT('',(1.39,-1.095,-1.77));
#3726=CARTESIAN_POINT('',(3.61,-1.095,-1.77));
#3727=CARTESIAN_POINT('',(1.39,-1.095,-1.77));
#3728=CARTESIAN_POINT('',(3.61,1.095,-1.77));
#3729=CARTESIAN_POINT('',(3.61,-1.095,-1.77));
#3730=CARTESIAN_POINT('',(1.39,1.095,-1.77));
#3731=CARTESIAN_POINT('',(3.61,1.095,-1.77));
#3732=CARTESIAN_POINT('',(1.39,1.095,-1.77));
#3733=CARTESIAN_POINT('',(2.8175,-0.3175,-1.77));
#3734=CARTESIAN_POINT('',(2.8175,-0.3175,-1.77));
#3735=CARTESIAN_POINT('',(2.1825,-0.3175,-1.77));
#3736=CARTESIAN_POINT('Origin',(1.39,1.095,4.23));
#3737=CARTESIAN_POINT('',(1.39,-0.385,3.63));
#3738=CARTESIAN_POINT('',(1.39,0.215,4.23));
#3739=CARTESIAN_POINT('',(1.39,-0.385,3.63));
#3740=CARTESIAN_POINT('',(1.39,-0.385,-0.07));
#3741=CARTESIAN_POINT('',(1.39,-0.385,-0.07));
#3742=CARTESIAN_POINT('',(1.39,-1.095,-0.07));
#3743=CARTESIAN_POINT('',(1.39,-1.095,-0.07));
#3744=CARTESIAN_POINT('',(1.39,-1.095,-0.07));
#3745=CARTESIAN_POINT('',(1.39,1.095,-0.32));
#3746=CARTESIAN_POINT('',(1.39,1.095,-0.32));
#3747=CARTESIAN_POINT('',(1.39,1.37,-0.32));
#3748=CARTESIAN_POINT('',(1.39,1.37,-0.32));
#3749=CARTESIAN_POINT('',(1.39,1.37,4.23));
#3750=CARTESIAN_POINT('',(1.39,1.37,4.23));
#3751=CARTESIAN_POINT('',(1.39,0.215,4.23));
#3752=CARTESIAN_POINT('Origin',(-4.22,-1.74,4.23));
#3753=CARTESIAN_POINT('',(-2.6,2.56,4.23));
#3754=CARTESIAN_POINT('',(-2.2,2.56,4.23));
#3755=CARTESIAN_POINT('',(-2.6,2.56,4.23));
#3756=CARTESIAN_POINT('',(-2.6,1.74,4.23));
#3757=CARTESIAN_POINT('',(-2.6,2.56,4.23));
#3758=CARTESIAN_POINT('',(-4.22,1.74,4.23));
#3759=CARTESIAN_POINT('',(-4.22,1.74,4.23));
#3760=CARTESIAN_POINT('',(-4.22,-1.74,4.23));
#3761=CARTESIAN_POINT('',(4.22,1.74,4.23));
#3762=CARTESIAN_POINT('',(4.22,-1.74,4.23));
#3763=CARTESIAN_POINT('',(2.6,1.74,4.23));
#3764=CARTESIAN_POINT('',(2.6,1.74,4.23));
#3765=CARTESIAN_POINT('',(2.6,2.56,4.23));
#3766=CARTESIAN_POINT('',(2.6,2.56,4.23));
#3767=CARTESIAN_POINT('',(2.2,2.56,4.23));
#3768=CARTESIAN_POINT('',(2.2,2.56,4.23));
#3769=CARTESIAN_POINT('',(2.2,1.095,4.23));
#3770=CARTESIAN_POINT('',(2.2,2.56,4.23));
#3771=CARTESIAN_POINT('',(3.61,1.095,4.23));
#3772=CARTESIAN_POINT('',(3.61,1.095,4.23));
#3773=CARTESIAN_POINT('',(3.61,-1.095,4.23));
#3774=CARTESIAN_POINT('',(3.61,-1.095,4.23));
#3775=CARTESIAN_POINT('',(-1.11,-1.095,4.23));
#3776=CARTESIAN_POINT('',(3.61,-1.095,4.23));
#3777=CARTESIAN_POINT('',(-1.11,1.095,4.23));
#3778=CARTESIAN_POINT('',(-1.11,1.095,4.23));
#3779=CARTESIAN_POINT('',(1.11,1.095,4.23));
#3780=CARTESIAN_POINT('',(1.11,1.095,4.23));
#3781=CARTESIAN_POINT('',(1.11,0.215,4.23));
#3782=CARTESIAN_POINT('',(1.11,0.215,4.23));
#3783=CARTESIAN_POINT('',(1.11,0.215,4.23));
#3784=CARTESIAN_POINT('',(-1.39,1.37,4.23));
#3785=CARTESIAN_POINT('',(-1.39,1.37,4.23));
#3786=CARTESIAN_POINT('',(-1.39,-1.095,4.23));
#3787=CARTESIAN_POINT('',(-1.39,1.37,4.23));
#3788=CARTESIAN_POINT('',(-3.61,-1.095,4.23));
#3789=CARTESIAN_POINT('',(-3.61,-1.095,4.23));
#3790=CARTESIAN_POINT('',(-3.61,1.095,4.23));
#3791=CARTESIAN_POINT('',(-3.61,1.095,4.23));
#3792=CARTESIAN_POINT('',(-2.2,1.095,4.23));
#3793=CARTESIAN_POINT('',(-2.2,1.095,4.23));
#3794=CARTESIAN_POINT('',(-2.2,2.56,4.23));
#3795=CARTESIAN_POINT('Origin',(-2.2,3.75,5.68));
#3796=CARTESIAN_POINT('',(-2.2,1.095,-0.32));
#3797=CARTESIAN_POINT('',(-2.2,1.095,4.23));
#3798=CARTESIAN_POINT('',(-2.2,3.75,-0.32));
#3799=CARTESIAN_POINT('',(-2.2,3.75,-0.32));
#3800=CARTESIAN_POINT('',(-2.2,3.75,5.411849315068));
#3801=CARTESIAN_POINT('',(-2.2,3.75,5.411849315068));
#3802=CARTESIAN_POINT('',(-2.2,2.56,4.23));
#3803=CARTESIAN_POINT('Origin',(-2.6,4.02,5.68));
#3804=CARTESIAN_POINT('',(2.2,3.75,5.411849315068));
#3805=CARTESIAN_POINT('',(2.2,3.75,5.411849315068));
#3806=CARTESIAN_POINT('',(2.2,2.56,4.23));
#3807=CARTESIAN_POINT('',(2.6,4.02,5.68));
#3808=CARTESIAN_POINT('',(2.6,4.02,5.68));
#3809=CARTESIAN_POINT('',(-2.6,4.02,5.68));
#3810=CARTESIAN_POINT('',(-2.6,4.02,5.68));
#3811=CARTESIAN_POINT('',(-2.6,4.02,5.68));
#3812=CARTESIAN_POINT('Origin',(-2.6,0.,0.));
#3813=CARTESIAN_POINT('',(-2.6,1.74,-0.52));
#3814=CARTESIAN_POINT('',(-2.6,1.74,4.23));
#3815=CARTESIAN_POINT('',(-2.6,4.35,5.68));
#3816=CARTESIAN_POINT('',(-2.6,4.35,5.68));
#3817=CARTESIAN_POINT('',(-2.6,4.35,-0.52));
#3818=CARTESIAN_POINT('',(-2.6,4.35,5.68));
#3819=CARTESIAN_POINT('',(-2.6,4.35,-0.52));
#3820=CARTESIAN_POINT('Origin',(-2.35,4.387794437114,-0.52));
#3821=CARTESIAN_POINT('',(-2.35,1.74,-0.77));
#3822=CARTESIAN_POINT('Origin',(-2.35,1.74,-0.52));
#3823=CARTESIAN_POINT('',(-2.35,4.349999999372,-0.77));
#3824=CARTESIAN_POINT('Origin',(-2.35,4.35,-0.52));
#3825=CARTESIAN_POINT('',(-2.35,4.349999999372,-0.77));
#3826=CARTESIAN_POINT('Origin',(-2.6,1.74,-0.77));
#3827=CARTESIAN_POINT('',(2.35,1.74,-0.77));
#3828=CARTESIAN_POINT('',(-2.35,1.74,-0.77));
#3829=CARTESIAN_POINT('',(-1.15,4.35,-0.77));
#3830=CARTESIAN_POINT('',(-2.35,4.349999999372,-0.77));
#3831=CARTESIAN_POINT('',(-1.15,3.75,-0.77));
#3832=CARTESIAN_POINT('',(-1.15,4.35,-0.77));
#3833=CARTESIAN_POINT('',(1.15,3.75,-0.77));
#3834=CARTESIAN_POINT('',(-1.15,3.75,-0.77));
#3835=CARTESIAN_POINT('',(1.15,4.35,-0.77));
#3836=CARTESIAN_POINT('',(1.15,4.35,-0.77));
#3837=CARTESIAN_POINT('',(2.35,4.3499999996859,-0.77));
#3838=CARTESIAN_POINT('',(1.15,4.35,-0.77));
#3839=CARTESIAN_POINT('',(2.35,1.74,-0.77));
#3840=CARTESIAN_POINT('Origin',(2.35,-10.004824,-0.52));
#3841=CARTESIAN_POINT('',(2.6,1.74,-0.52));
#3842=CARTESIAN_POINT('Origin',(2.35,1.74,-0.52));
#3843=CARTESIAN_POINT('',(2.6,4.35,-0.52));
#3844=CARTESIAN_POINT('Origin',(2.35,4.35,-0.52));
#3845=CARTESIAN_POINT('',(2.6,1.74,-0.52));
#3846=CARTESIAN_POINT('Origin',(2.6,0.,0.));
#3847=CARTESIAN_POINT('',(2.6,4.35,5.68));
#3848=CARTESIAN_POINT('',(2.6,4.35,5.68));
#3849=CARTESIAN_POINT('',(2.6,1.74,4.23));
#3850=CARTESIAN_POINT('',(2.6,4.35,-0.52));
#3851=CARTESIAN_POINT('Origin',(2.35,4.35,-0.546605390165));
#3852=CARTESIAN_POINT('',(2.35,4.6,-0.519999999817));
#3853=CARTESIAN_POINT('Origin',(2.35,4.35,-0.52));
#3854=CARTESIAN_POINT('',(2.35,4.6,5.68));
#3855=CARTESIAN_POINT('',(2.35,4.6,-0.519999999817));
#3856=CARTESIAN_POINT('Origin',(2.35,4.35,5.68));
#3857=CARTESIAN_POINT('Origin',(-2.6,4.6,5.68));
#3858=CARTESIAN_POINT('',(-2.35,4.6,5.68));
#3859=CARTESIAN_POINT('',(-2.35,4.6,5.68));
#3860=CARTESIAN_POINT('Origin',(-2.35,4.35,5.68));
#3861=CARTESIAN_POINT('Origin',(-2.35,4.35,23.552356));
#3862=CARTESIAN_POINT('',(-2.35,4.6,-0.52));
#3863=CARTESIAN_POINT('',(-2.35,4.6,5.68));
#3864=CARTESIAN_POINT('Origin',(-2.35,4.35,-0.52));
#3865=CARTESIAN_POINT('Origin',(-2.35,4.35,-0.52));
#3866=CARTESIAN_POINT('Origin',(-2.35,4.35,-0.52));
#3867=CARTESIAN_POINT('Origin',(-2.6,4.35,-0.52));
#3868=CARTESIAN_POINT('',(1.15,4.6,-0.52));
#3869=CARTESIAN_POINT('Origin',(1.15,4.35,-0.52));
#3870=CARTESIAN_POINT('',(1.15,4.6,-0.52));
#3871=CARTESIAN_POINT('Origin',(2.35,4.35,-0.52));
#3872=CARTESIAN_POINT('Origin',(-2.6,4.35,-0.52));
#3873=CARTESIAN_POINT('',(-1.15,4.6,-0.52));
#3874=CARTESIAN_POINT('',(-2.35,4.6,-0.5199999996341));
#3875=CARTESIAN_POINT('Origin',(-1.15,4.35,-0.52));
#3876=CARTESIAN_POINT('Origin',(2.35,4.35,-0.52));
#3877=CARTESIAN_POINT('Origin',(-2.6,4.6,-0.52));
#3878=CARTESIAN_POINT('',(1.15,4.6,4.1));
#3879=CARTESIAN_POINT('',(1.15,4.6,-0.52));
#3880=CARTESIAN_POINT('',(0.9,4.6,4.35));
#3881=CARTESIAN_POINT('Origin',(0.9,4.6,4.1));
#3882=CARTESIAN_POINT('',(-0.9,4.6,4.35));
#3883=CARTESIAN_POINT('',(-0.9,4.6,4.35));
#3884=CARTESIAN_POINT('',(-1.15,4.6,4.1));
#3885=CARTESIAN_POINT('Origin',(-0.9,4.6,4.1));
#3886=CARTESIAN_POINT('',(-1.15,4.6,-0.52));
#3887=CARTESIAN_POINT('Origin',(-1.15,4.6,-0.77));
#3888=CARTESIAN_POINT('',(-1.15,3.75,4.1));
#3889=CARTESIAN_POINT('',(-1.15,4.6,4.1));
#3890=CARTESIAN_POINT('',(-1.15,3.75,-0.32));
#3891=CARTESIAN_POINT('',(-1.15,3.75,-0.32));
#3892=CARTESIAN_POINT('',(-1.15,3.75,-0.77));
#3893=CARTESIAN_POINT('Origin',(-2.6,3.75,0.));
#3894=CARTESIAN_POINT('',(1.15,3.75,-0.32));
#3895=CARTESIAN_POINT('',(-1.15,3.75,-0.32));
#3896=CARTESIAN_POINT('',(1.15,3.75,-0.32));
#3897=CARTESIAN_POINT('Origin',(1.15,4.6,4.1));
#3898=CARTESIAN_POINT('',(1.15,3.75,4.1));
#3899=CARTESIAN_POINT('',(1.15,3.75,-0.32));
#3900=CARTESIAN_POINT('',(1.15,4.6,4.1));
#3901=CARTESIAN_POINT('Origin',(0.9,4.6,4.1));
#3902=CARTESIAN_POINT('',(0.9,3.75,4.35));
#3903=CARTESIAN_POINT('Origin',(0.9,3.75,4.1));
#3904=CARTESIAN_POINT('',(0.9,4.6,4.35));
#3905=CARTESIAN_POINT('Origin',(-0.9,4.6,4.35));
#3906=CARTESIAN_POINT('',(-0.9,3.75,4.35));
#3907=CARTESIAN_POINT('',(-0.9,3.75,4.35));
#3908=CARTESIAN_POINT('',(-0.9,4.6,4.35));
#3909=CARTESIAN_POINT('Origin',(-0.9,4.6,4.1));
#3910=CARTESIAN_POINT('Origin',(-0.9,3.75,4.1));
#3911=CARTESIAN_POINT('Origin',(2.2,3.75,5.68));
#3912=CARTESIAN_POINT('',(2.2,3.75,-0.32));
#3913=CARTESIAN_POINT('',(2.2,3.75,-0.32));
#3914=CARTESIAN_POINT('',(2.2,3.75,5.411849315068));
#3915=CARTESIAN_POINT('',(-1.15,3.75,-0.32));
#3916=CARTESIAN_POINT('Origin',(-2.6,0.,-0.32));
#3917=CARTESIAN_POINT('',(-1.39,1.095,-0.32));
#3918=CARTESIAN_POINT('',(-2.2,1.095,-0.32));
#3919=CARTESIAN_POINT('',(-1.39,1.37,-0.32));
#3920=CARTESIAN_POINT('',(-1.39,1.095,-0.32));
#3921=CARTESIAN_POINT('',(-1.39,1.37,-0.32));
#3922=CARTESIAN_POINT('',(2.2,1.095,-0.32));
#3923=CARTESIAN_POINT('',(1.39,1.095,-0.32));
#3924=CARTESIAN_POINT('',(2.2,1.095,-0.32));
#3925=CARTESIAN_POINT('Origin',(2.2,1.095,5.68));
#3926=CARTESIAN_POINT('',(2.2,1.095,4.23));
#3927=CARTESIAN_POINT('Origin',(3.61,1.095,4.23));
#3928=CARTESIAN_POINT('',(3.61,1.095,4.23));
#3929=CARTESIAN_POINT('Origin',(3.61,-1.095,4.23));
#3930=CARTESIAN_POINT('',(3.61,-1.095,4.23));
#3931=CARTESIAN_POINT('Origin',(1.39,-1.095,4.23));
#3932=CARTESIAN_POINT('',(1.11,-1.095,-0.07));
#3933=CARTESIAN_POINT('',(1.39,-1.095,-0.07));
#3934=CARTESIAN_POINT('',(1.11,-1.095,-1.77));
#3935=CARTESIAN_POINT('',(1.11,-1.095,-0.07));
#3936=CARTESIAN_POINT('',(-1.11,-1.095,-1.77));
#3937=CARTESIAN_POINT('',(-1.11,-1.095,-1.77));
#3938=CARTESIAN_POINT('',(-1.11,-1.095,4.23));
#3939=CARTESIAN_POINT('Origin',(-1.11,1.095,4.23));
#3940=CARTESIAN_POINT('',(-1.11,1.095,-1.77));
#3941=CARTESIAN_POINT('',(-1.11,1.095,-1.77));
#3942=CARTESIAN_POINT('',(-1.11,1.095,4.23));
#3943=CARTESIAN_POINT('Origin',(1.11,1.095,4.23));
#3944=CARTESIAN_POINT('',(1.11,1.095,-1.77));
#3945=CARTESIAN_POINT('',(1.11,1.095,-1.77));
#3946=CARTESIAN_POINT('',(1.11,1.095,4.23));
#3947=CARTESIAN_POINT('Origin',(1.11,-1.095,4.23));
#3948=CARTESIAN_POINT('',(1.11,-0.385,-0.07));
#3949=CARTESIAN_POINT('',(1.11,-0.385,3.63));
#3950=CARTESIAN_POINT('',(1.11,-0.385,-0.07));
#3951=CARTESIAN_POINT('',(1.11,-0.385,3.63));
#3952=CARTESIAN_POINT('',(1.11,-1.095,-1.77));
#3953=CARTESIAN_POINT('',(1.11,-1.095,-0.07));
#3954=CARTESIAN_POINT('Origin',(2.5,-1.095,-0.07));
#3955=CARTESIAN_POINT('',(1.39,-0.385,-0.07));
#3956=CARTESIAN_POINT('Origin',(2.5,-0.385,-0.07));
#3957=CARTESIAN_POINT('',(1.39,-0.385,3.63));
#3958=CARTESIAN_POINT('Origin',(2.5,-0.385,3.63));
#3959=CARTESIAN_POINT('Origin',(0.,-1.74,-1.77));
#3960=CARTESIAN_POINT('',(-0.3175,0.3175,-1.77));
#3961=CARTESIAN_POINT('',(0.3175,0.3175,-1.77));
#3962=CARTESIAN_POINT('',(-0.3175,0.3175,-1.77));
#3963=CARTESIAN_POINT('',(0.3175,-0.3175,-1.77));
#3964=CARTESIAN_POINT('',(0.3175,-0.3175,-1.77));
#3965=CARTESIAN_POINT('',(-0.3175,-0.3175,-1.77));
#3966=CARTESIAN_POINT('',(-0.3175,-0.3175,-1.77));
#3967=CARTESIAN_POINT('',(-0.3175,-0.3175,-1.77));
#3968=CARTESIAN_POINT('Origin',(-0.3175,-1.74,0.));
#3969=CARTESIAN_POINT('',(-0.3175,0.3175,2.22));
#3970=CARTESIAN_POINT('',(-0.3175,0.3175,-1.77));
#3971=CARTESIAN_POINT('',(-0.3175,-0.3175,2.22));
#3972=CARTESIAN_POINT('',(-0.3175,-0.3175,2.22));
#3973=CARTESIAN_POINT('',(-0.3175,-0.3175,2.22));
#3974=CARTESIAN_POINT('Origin',(-0.3175,-1.74,0.));
#3975=CARTESIAN_POINT('',(-0.3175,-0.1562901701323,-6.364521281701));
#3976=CARTESIAN_POINT('',(-0.3175,-0.3175,-7.07359083592));
#3977=CARTESIAN_POINT('Origin',(-0.3175,1.3225,-7.07359083592));
#3978=CARTESIAN_POINT('',(-0.3175,-0.1562901701323,-5.495478718299));
#3979=CARTESIAN_POINT('Origin',(-0.3175,-1.0625,-5.93));
#3980=CARTESIAN_POINT('',(-0.3175,-0.3175,-4.78640916408));
#3981=CARTESIAN_POINT('Origin',(-0.3175,1.3225,-4.78640916408));
#3982=CARTESIAN_POINT('',(-0.3175,-0.3175,-4.78640916408));
#3983=CARTESIAN_POINT('',(-0.3175,0.3175,-4.78640916408));
#3984=CARTESIAN_POINT('',(-0.3175,0.3175,-4.23));
#3985=CARTESIAN_POINT('',(-0.3175,0.4162901701323,-5.220930445781));
#3986=CARTESIAN_POINT('Origin',(-0.3175,1.3225,-4.78640916408));
#3987=CARTESIAN_POINT('',(-0.3175,0.4162901701323,-6.639069554219));
#3988=CARTESIAN_POINT('Origin',(-0.3175,-1.0625,-5.93));
#3989=CARTESIAN_POINT('',(-0.3175,0.3175,-7.07359083592));
#3990=CARTESIAN_POINT('Origin',(-0.3175,1.3225,-7.07359083592));
#3991=CARTESIAN_POINT('',(-0.3175,0.3175,-7.48));
#3992=CARTESIAN_POINT('',(-0.3175,0.3175,-7.07359083592));
#3993=CARTESIAN_POINT('',(-0.3175,-0.3175,-7.48));
#3994=CARTESIAN_POINT('',(-0.3175,0.3175,-7.48));
#3995=CARTESIAN_POINT('',(-0.3175,-0.3175,-7.48));
#3996=CARTESIAN_POINT('Origin',(-0.2425,0.,2.495));
#3997=CARTESIAN_POINT('',(-0.1675,0.1675,2.77));
#3998=CARTESIAN_POINT('',(-0.3175,0.3175,2.22));
#3999=CARTESIAN_POINT('',(-0.1675,-0.1675,2.77));
#4000=CARTESIAN_POINT('',(-0.1675,-0.1675,2.77));
#4001=CARTESIAN_POINT('',(-0.1675,-0.1675,2.77));
#4002=CARTESIAN_POINT('Origin',(-0.3175,0.3175,2.77));
#4003=CARTESIAN_POINT('',(0.1675,-0.1675,2.77));
#4004=CARTESIAN_POINT('',(0.1675,-0.1675,2.77));
#4005=CARTESIAN_POINT('',(0.1675,0.1675,2.77));
#4006=CARTESIAN_POINT('',(0.1675,0.1675,2.77));
#4007=CARTESIAN_POINT('',(0.1675,0.1675,2.77));
#4008=CARTESIAN_POINT('Origin',(0.,0.2425,2.495));
#4009=CARTESIAN_POINT('',(0.3175,0.3175,2.22));
#4010=CARTESIAN_POINT('',(0.1675,0.1675,2.77));
#4011=CARTESIAN_POINT('',(0.3175,0.3175,2.22));
#4012=CARTESIAN_POINT('Origin',(-0.3175,0.3175,-7.43));
#4013=CARTESIAN_POINT('',(0.3175,0.3175,-1.77));
#4014=CARTESIAN_POINT('Origin',(-0.3175,0.3175,-7.43));
#4015=CARTESIAN_POINT('',(0.3175,0.3175,-4.78640916408));
#4016=CARTESIAN_POINT('',(-0.3175,0.3175,-4.78640916408));
#4017=CARTESIAN_POINT('',(0.3175,0.3175,-4.78640916408));
#4018=CARTESIAN_POINT('Origin',(-0.3175,0.3175,-7.43));
#4019=CARTESIAN_POINT('',(0.3175,0.3175,-7.07359083592));
#4020=CARTESIAN_POINT('',(-0.3175,0.3175,-7.07359083592));
#4021=CARTESIAN_POINT('',(0.3175,0.3175,-7.48));
#4022=CARTESIAN_POINT('',(0.3175,0.3175,-7.48));
#4023=CARTESIAN_POINT('',(0.3175,0.3175,-7.48));
#4024=CARTESIAN_POINT('Origin',(0.3175,-1.74,0.));
#4025=CARTESIAN_POINT('',(0.3175,-0.3175,2.22));
#4026=CARTESIAN_POINT('',(0.3175,-0.3175,2.22));
#4027=CARTESIAN_POINT('',(0.3175,0.3175,2.22));
#4028=CARTESIAN_POINT('Origin',(0.3175,-1.74,0.));
#4029=CARTESIAN_POINT('',(0.3175,0.4162901701323,-6.639069554219));
#4030=CARTESIAN_POINT('Origin',(0.3175,1.3225,-7.07359083592));
#4031=CARTESIAN_POINT('',(0.3175,0.4162901701323,-5.220930445781));
#4032=CARTESIAN_POINT('Origin',(0.3175,-1.0625,-5.93));
#4033=CARTESIAN_POINT('Origin',(0.3175,1.3225,-4.78640916408));
#4034=CARTESIAN_POINT('',(0.3175,-0.3175,-4.78640916408));
#4035=CARTESIAN_POINT('',(0.3175,-0.3175,-4.23));
#4036=CARTESIAN_POINT('',(0.3175,-0.1562901701323,-5.495478718299));
#4037=CARTESIAN_POINT('Origin',(0.3175,1.3225,-4.78640916408));
#4038=CARTESIAN_POINT('',(0.3175,-0.1562901701323,-6.364521281701));
#4039=CARTESIAN_POINT('Origin',(0.3175,-1.0625,-5.93));
#4040=CARTESIAN_POINT('',(0.3175,-0.3175,-7.07359083592));
#4041=CARTESIAN_POINT('Origin',(0.3175,1.3225,-7.07359083592));
#4042=CARTESIAN_POINT('',(0.3175,-0.3175,-7.48));
#4043=CARTESIAN_POINT('',(0.3175,-0.3175,-7.07359083592));
#4044=CARTESIAN_POINT('',(0.3175,-0.3175,-7.48));
#4045=CARTESIAN_POINT('Origin',(0.2425,0.,2.495));
#4046=CARTESIAN_POINT('',(0.3175,-0.3175,2.22));
#4047=CARTESIAN_POINT('Origin',(0.,-0.2425,2.495));
#4048=CARTESIAN_POINT('',(0.3175,-0.3175,2.22));
#4049=CARTESIAN_POINT('Origin',(-0.3175,-0.3175,-4.23));
#4050=CARTESIAN_POINT('Origin',(-0.3175,-0.3175,-4.23));
#4051=CARTESIAN_POINT('',(-0.3175,-0.3175,-7.07359083592));
#4052=CARTESIAN_POINT('',(0.3175,-0.3175,-7.48));
#4053=CARTESIAN_POINT('Origin',(-0.3175,-0.3175,-4.23));
#4054=CARTESIAN_POINT('',(-0.3175,-0.3175,-4.78640916408));
#4055=CARTESIAN_POINT('Origin',(0.,-0.2425,-7.755));
#4056=CARTESIAN_POINT('',(-0.1675,-0.1675,-8.03));
#4057=CARTESIAN_POINT('',(-0.1675,-0.1675,-8.03));
#4058=CARTESIAN_POINT('',(0.1675,-0.1675,-8.03));
#4059=CARTESIAN_POINT('',(0.1675,-0.1675,-8.03));
#4060=CARTESIAN_POINT('',(0.1675,-0.1675,-8.03));
#4061=CARTESIAN_POINT('Origin',(0.2425,0.,-7.755));
#4062=CARTESIAN_POINT('',(0.1675,0.1675,-8.03));
#4063=CARTESIAN_POINT('',(0.3175,0.3175,-7.48));
#4064=CARTESIAN_POINT('',(0.1675,-0.1675,-8.03));
#4065=CARTESIAN_POINT('Origin',(-0.3175,-0.3175,-8.03));
#4066=CARTESIAN_POINT('',(-0.1675,0.1675,-8.03));
#4067=CARTESIAN_POINT('',(-0.1675,0.1675,-8.03));
#4068=CARTESIAN_POINT('',(0.1675,0.1675,-8.03));
#4069=CARTESIAN_POINT('Origin',(0.,0.2425,-7.755));
#4070=CARTESIAN_POINT('',(-0.1675,0.1675,-8.03));
#4071=CARTESIAN_POINT('Origin',(-0.2425,0.,-7.755));
#4072=CARTESIAN_POINT('Origin',(-0.3175,1.3225,-7.07359083592));
#4073=CARTESIAN_POINT('',(-0.3175,-0.1562901701323,-6.364521281701));
#4074=CARTESIAN_POINT('Origin',(-0.3175,-1.0625,-5.93));
#4075=CARTESIAN_POINT('',(-0.3175,-0.1562901701323,-5.495478718299));
#4076=CARTESIAN_POINT('Origin',(-0.3175,1.3225,-4.78640916408));
#4077=CARTESIAN_POINT('Origin',(-0.3175,1.3225,-4.78640916408));
#4078=CARTESIAN_POINT('',(-0.3175,0.4162901701323,-5.220930445781));
#4079=CARTESIAN_POINT('Origin',(-0.3175,-1.0625,-5.93));
#4080=CARTESIAN_POINT('',(-0.3175,0.4162901701323,-6.639069554219));
#4081=CARTESIAN_POINT('Origin',(-0.3175,1.3225,-7.07359083592));
#4082=CARTESIAN_POINT('Origin',(-1.39,1.37,5.68));
#4083=CARTESIAN_POINT('',(-1.39,1.37,4.23));
#4084=CARTESIAN_POINT('Origin',(-1.39,1.095,5.68));
#4085=CARTESIAN_POINT('',(-1.39,1.095,-1.77));
#4086=CARTESIAN_POINT('',(-1.39,1.095,-0.32));
#4087=CARTESIAN_POINT('',(-1.39,-1.095,-1.77));
#4088=CARTESIAN_POINT('',(-1.39,-1.095,-1.77));
#4089=CARTESIAN_POINT('',(-1.39,-1.095,4.23));
#4090=CARTESIAN_POINT('Origin',(-3.61,-1.095,4.23));
#4091=CARTESIAN_POINT('',(-3.61,-1.095,-1.77));
#4092=CARTESIAN_POINT('',(-3.61,-1.095,-1.77));
#4093=CARTESIAN_POINT('',(-3.61,-1.095,4.23));
#4094=CARTESIAN_POINT('Origin',(-3.61,1.095,4.23));
#4095=CARTESIAN_POINT('',(-3.61,1.095,-1.77));
#4096=CARTESIAN_POINT('',(-3.61,1.095,-1.77));
#4097=CARTESIAN_POINT('',(-3.61,1.095,4.23));
#4098=CARTESIAN_POINT('Origin',(-1.39,1.095,4.23));
#4099=CARTESIAN_POINT('',(-1.39,1.095,-1.77));
#4100=CARTESIAN_POINT('Origin',(0.,-1.74,-1.77));
#4101=CARTESIAN_POINT('',(-2.8175,0.3175,-1.77));
#4102=CARTESIAN_POINT('',(-2.1825,0.3175,-1.77));
#4103=CARTESIAN_POINT('',(-2.8175,0.3175,-1.77));
#4104=CARTESIAN_POINT('',(-2.1825,-0.3175,-1.77));
#4105=CARTESIAN_POINT('',(-2.1825,-0.3175,-1.77));
#4106=CARTESIAN_POINT('',(-2.8175,-0.3175,-1.77));
#4107=CARTESIAN_POINT('',(-2.8175,-0.3175,-1.77));
#4108=CARTESIAN_POINT('',(-2.8175,-0.3175,-1.77));
#4109=CARTESIAN_POINT('Origin',(-2.8175,-1.74,0.));
#4110=CARTESIAN_POINT('',(-2.8175,0.3175,2.22));
#4111=CARTESIAN_POINT('',(-2.8175,0.3175,-1.77));
#4112=CARTESIAN_POINT('',(-2.8175,-0.3175,2.22));
#4113=CARTESIAN_POINT('',(-2.8175,-0.3175,2.22));
#4114=CARTESIAN_POINT('',(-2.8175,-0.3175,2.22));
#4115=CARTESIAN_POINT('Origin',(-2.8175,-1.74,0.));
#4116=CARTESIAN_POINT('',(-2.8175,-0.4162901701323,-6.639069554219));
#4117=CARTESIAN_POINT('',(-2.8175,-0.3175,-7.07359083592));
#4118=CARTESIAN_POINT('Origin',(-2.8175,-1.3225,-7.07359083592));
#4119=CARTESIAN_POINT('',(-2.8175,-0.4162901701323,-5.220930445781));
#4120=CARTESIAN_POINT('Origin',(-2.8175,1.0625,-5.93));
#4121=CARTESIAN_POINT('',(-2.8175,-0.3175,-4.78640916408));
#4122=CARTESIAN_POINT('Origin',(-2.8175,-1.3225,-4.78640916408));
#4123=CARTESIAN_POINT('',(-2.8175,-0.3175,-4.78640916408));
#4124=CARTESIAN_POINT('',(-2.8175,0.3175,-4.78640916408));
#4125=CARTESIAN_POINT('',(-2.8175,0.3175,-4.23));
#4126=CARTESIAN_POINT('',(-2.8175,0.1562901701323,-5.495478718299));
#4127=CARTESIAN_POINT('Origin',(-2.8175,-1.3225,-4.78640916408));
#4128=CARTESIAN_POINT('',(-2.8175,0.1562901701323,-6.364521281701));
#4129=CARTESIAN_POINT('Origin',(-2.8175,1.0625,-5.93));
#4130=CARTESIAN_POINT('',(-2.8175,0.3175,-7.07359083592));
#4131=CARTESIAN_POINT('Origin',(-2.8175,-1.3225,-7.07359083592));
#4132=CARTESIAN_POINT('',(-2.8175,0.3175,-7.48));
#4133=CARTESIAN_POINT('',(-2.8175,0.3175,-7.07359083592));
#4134=CARTESIAN_POINT('',(-2.8175,-0.3175,-7.48));
#4135=CARTESIAN_POINT('',(-2.8175,0.3175,-7.48));
#4136=CARTESIAN_POINT('',(-2.8175,-0.3175,-7.48));
#4137=CARTESIAN_POINT('Origin',(-2.7425,0.,2.495));
#4138=CARTESIAN_POINT('',(-2.6675,0.1675,2.77));
#4139=CARTESIAN_POINT('',(-2.8175,0.3175,2.22));
#4140=CARTESIAN_POINT('',(-2.6675,-0.1675,2.77));
#4141=CARTESIAN_POINT('',(-2.6675,-0.1675,2.77));
#4142=CARTESIAN_POINT('',(-2.6675,-0.1675,2.77));
#4143=CARTESIAN_POINT('Origin',(-2.8175,0.3175,2.77));
#4144=CARTESIAN_POINT('',(-2.3325,-0.1675,2.77));
#4145=CARTESIAN_POINT('',(-2.3325,-0.1675,2.77));
#4146=CARTESIAN_POINT('',(-2.3325,0.1675,2.77));
#4147=CARTESIAN_POINT('',(-2.3325,0.1675,2.77));
#4148=CARTESIAN_POINT('',(-2.3325,0.1675,2.77));
#4149=CARTESIAN_POINT('Origin',(-2.5,0.2425,2.495));
#4150=CARTESIAN_POINT('',(-2.1825,0.3175,2.22));
#4151=CARTESIAN_POINT('',(-2.3325,0.1675,2.77));
#4152=CARTESIAN_POINT('',(-2.1825,0.3175,2.22));
#4153=CARTESIAN_POINT('Origin',(-2.1825,0.3175,-7.43));
#4154=CARTESIAN_POINT('',(-2.1825,0.3175,-1.77));
#4155=CARTESIAN_POINT('Origin',(-2.1825,0.3175,-7.43));
#4156=CARTESIAN_POINT('',(-2.1825,0.3175,-4.78640916408));
#4157=CARTESIAN_POINT('',(-2.1825,0.3175,-4.78640916408));
#4158=CARTESIAN_POINT('',(-2.1825,0.3175,-4.78640916408));
#4159=CARTESIAN_POINT('Origin',(-2.1825,0.3175,-7.43));
#4160=CARTESIAN_POINT('',(-2.1825,0.3175,-7.07359083592));
#4161=CARTESIAN_POINT('',(-2.1825,0.3175,-7.07359083592));
#4162=CARTESIAN_POINT('',(-2.1825,0.3175,-7.48));
#4163=CARTESIAN_POINT('',(-2.1825,0.3175,-7.48));
#4164=CARTESIAN_POINT('',(-2.1825,0.3175,-7.48));
#4165=CARTESIAN_POINT('Origin',(-2.1825,-1.74,0.));
#4166=CARTESIAN_POINT('',(-2.1825,-0.3175,2.22));
#4167=CARTESIAN_POINT('',(-2.1825,-0.3175,2.22));
#4168=CARTESIAN_POINT('',(-2.1825,0.3175,2.22));
#4169=CARTESIAN_POINT('Origin',(-2.1825,-1.74,0.));
#4170=CARTESIAN_POINT('',(-2.1825,0.1562901701323,-6.364521281701));
#4171=CARTESIAN_POINT('Origin',(-2.1825,-1.3225,-7.07359083592));
#4172=CARTESIAN_POINT('',(-2.1825,0.1562901701323,-5.495478718299));
#4173=CARTESIAN_POINT('Origin',(-2.1825,1.0625,-5.93));
#4174=CARTESIAN_POINT('Origin',(-2.1825,-1.3225,-4.78640916408));
#4175=CARTESIAN_POINT('',(-2.1825,-0.3175,-4.78640916408));
#4176=CARTESIAN_POINT('',(-2.1825,-0.3175,-4.23));
#4177=CARTESIAN_POINT('',(-2.1825,-0.4162901701323,-5.220930445781));
#4178=CARTESIAN_POINT('Origin',(-2.1825,-1.3225,-4.78640916408));
#4179=CARTESIAN_POINT('',(-2.1825,-0.4162901701323,-6.639069554219));
#4180=CARTESIAN_POINT('Origin',(-2.1825,1.0625,-5.93));
#4181=CARTESIAN_POINT('',(-2.1825,-0.3175,-7.07359083592));
#4182=CARTESIAN_POINT('Origin',(-2.1825,-1.3225,-7.07359083592));
#4183=CARTESIAN_POINT('',(-2.1825,-0.3175,-7.48));
#4184=CARTESIAN_POINT('',(-2.1825,-0.3175,-7.07359083592));
#4185=CARTESIAN_POINT('',(-2.1825,-0.3175,-7.48));
#4186=CARTESIAN_POINT('Origin',(-2.2575,0.,2.495));
#4187=CARTESIAN_POINT('',(-2.1825,-0.3175,2.22));
#4188=CARTESIAN_POINT('Origin',(-2.5,-0.2425,2.495));
#4189=CARTESIAN_POINT('',(-2.1825,-0.3175,2.22));
#4190=CARTESIAN_POINT('Origin',(-2.1825,-0.3175,-4.43));
#4191=CARTESIAN_POINT('Origin',(-2.1825,-0.3175,-4.43));
#4192=CARTESIAN_POINT('',(-2.1825,-0.3175,-7.07359083592));
#4193=CARTESIAN_POINT('',(-2.1825,-0.3175,-7.48));
#4194=CARTESIAN_POINT('Origin',(-2.1825,-0.3175,-4.43));
#4195=CARTESIAN_POINT('',(-2.1825,-0.3175,-4.78640916408));
#4196=CARTESIAN_POINT('Origin',(-2.5,-0.2425,-7.755));
#4197=CARTESIAN_POINT('',(-2.6675,-0.1675,-8.03));
#4198=CARTESIAN_POINT('',(-2.6675,-0.1675,-8.03));
#4199=CARTESIAN_POINT('',(-2.3325,-0.1675,-8.03));
#4200=CARTESIAN_POINT('',(-2.3325,-0.1675,-8.03));
#4201=CARTESIAN_POINT('',(-2.3325,-0.1675,-8.03));
#4202=CARTESIAN_POINT('Origin',(-2.2575,0.,-7.755));
#4203=CARTESIAN_POINT('',(-2.3325,0.1675,-8.03));
#4204=CARTESIAN_POINT('',(-2.1825,0.3175,-7.48));
#4205=CARTESIAN_POINT('',(-2.3325,-0.1675,-8.03));
#4206=CARTESIAN_POINT('Origin',(-2.8175,-0.3175,-8.03));
#4207=CARTESIAN_POINT('',(-2.6675,0.1675,-8.03));
#4208=CARTESIAN_POINT('',(-2.6675,0.1675,-8.03));
#4209=CARTESIAN_POINT('',(-2.3325,0.1675,-8.03));
#4210=CARTESIAN_POINT('Origin',(-2.5,0.2425,-7.755));
#4211=CARTESIAN_POINT('',(-2.6675,0.1675,-8.03));
#4212=CARTESIAN_POINT('Origin',(-2.7425,0.,-7.755));
#4213=CARTESIAN_POINT('Origin',(-2.1825,-1.3225,-7.07359083592));
#4214=CARTESIAN_POINT('',(-2.1825,-0.4162901701323,-6.639069554219));
#4215=CARTESIAN_POINT('Origin',(-2.1825,1.0625,-5.93));
#4216=CARTESIAN_POINT('',(-2.1825,-0.4162901701323,-5.220930445781));
#4217=CARTESIAN_POINT('Origin',(-2.1825,-1.3225,-4.78640916408));
#4218=CARTESIAN_POINT('Origin',(-2.1825,-1.3225,-4.78640916408));
#4219=CARTESIAN_POINT('',(-2.1825,0.1562901701323,-5.495478718299));
#4220=CARTESIAN_POINT('Origin',(-2.1825,1.0625,-5.93));
#4221=CARTESIAN_POINT('',(-2.1825,0.1562901701323,-6.364521281701));
#4222=CARTESIAN_POINT('Origin',(-2.1825,-1.3225,-7.07359083592));
#4223=CARTESIAN_POINT('Origin',(0.,1.74,0.));
#4224=CARTESIAN_POINT('',(-3.42,1.74,-4.83));
#4225=CARTESIAN_POINT('',(-3.42,1.74,-4.23));
#4226=CARTESIAN_POINT('',(-4.22,1.74,-4.83));
#4227=CARTESIAN_POINT('',(-4.22,1.74,-4.83));
#4228=CARTESIAN_POINT('',(-4.22,1.74,-4.83));
#4229=CARTESIAN_POINT('',(4.22,1.74,-4.83));
#4230=CARTESIAN_POINT('',(4.22,1.74,-4.83));
#4231=CARTESIAN_POINT('',(3.42,1.74,-4.83));
#4232=CARTESIAN_POINT('',(3.42,1.74,-4.83));
#4233=CARTESIAN_POINT('',(3.42,1.74,-4.23));
#4234=CARTESIAN_POINT('Ctrl Pts',(1.24999993772541,1.74,-5.83000002507566));
#4235=CARTESIAN_POINT('Ctrl Pts',(1.07111449007143,1.74,-5.83000014622504));
#4236=CARTESIAN_POINT('Ctrl Pts',(0.802786302752646,1.74,-5.23000016296177));
#4237=CARTESIAN_POINT('Origin',(1.249999847426,1.340000087958,-5.529999854044));
#4238=CARTESIAN_POINT('Origin',(1.249999847426,1.340000087958,-5.83));
#4239=CARTESIAN_POINT('Origin',(0.,-1.74,-5.83));
#4240=CARTESIAN_POINT('Origin',(3.42,1.14,-4.23));
#4241=CARTESIAN_POINT('',(3.42,1.14,-4.83));
#4242=CARTESIAN_POINT('',(3.42,1.14,-4.83));
#4243=CARTESIAN_POINT('',(3.42,1.14,-4.23));
#4244=CARTESIAN_POINT('Origin',(4.22,1.14,-4.23));
#4245=CARTESIAN_POINT('',(4.22,1.14,-4.83));
#4246=CARTESIAN_POINT('',(4.22,1.14,-4.83));
#4247=CARTESIAN_POINT('',(4.22,1.14,-4.23));
#4248=CARTESIAN_POINT('Origin',(4.22,-1.74,4.23));
#4249=CARTESIAN_POINT('',(4.22,1.74,-4.83));
#4250=CARTESIAN_POINT('',(4.22,-1.14,-4.83));
#4251=CARTESIAN_POINT('',(4.22,-1.14,-4.83));
#4252=CARTESIAN_POINT('',(4.22,-1.14,-4.23));
#4253=CARTESIAN_POINT('Origin',(3.42,-1.14,-4.23));
#4254=CARTESIAN_POINT('',(3.42,-1.14,-4.83));
#4255=CARTESIAN_POINT('',(3.42,-1.14,-4.83));
#4256=CARTESIAN_POINT('',(3.42,-1.14,-4.23));
#4257=CARTESIAN_POINT('Origin',(3.42,-1.74,-4.23));
#4258=CARTESIAN_POINT('',(3.42,-1.74,-4.83));
#4259=CARTESIAN_POINT('Origin',(0.,-1.74,-4.83));
#4260=CARTESIAN_POINT('Origin',(0.,-1.74,-4.83));
#4261=CARTESIAN_POINT('Origin',(0.,-1.74,-4.83));
#4262=CARTESIAN_POINT('',(-3.42,1.14,-4.83));
#4263=CARTESIAN_POINT('',(-3.42,1.74,-4.83));
#4264=CARTESIAN_POINT('',(-4.22,1.14,-4.83));
#4265=CARTESIAN_POINT('',(-3.42,1.14,-4.83));
#4266=CARTESIAN_POINT('',(-4.22,1.14,-4.83));
#4267=CARTESIAN_POINT('Origin',(0.,-1.74,-4.83));
#4268=CARTESIAN_POINT('',(-4.22,-1.14,-4.83));
#4269=CARTESIAN_POINT('',(-3.42,-1.14,-4.83));
#4270=CARTESIAN_POINT('',(-4.22,-1.14,-4.83));
#4271=CARTESIAN_POINT('',(-3.42,-1.14,-4.83));
#4272=CARTESIAN_POINT('',(-4.22,-1.74,-4.83));
#4273=CARTESIAN_POINT('Origin',(-4.22,-1.74,-4.23));
#4274=CARTESIAN_POINT('',(-4.22,1.14,-4.23));
#4275=CARTESIAN_POINT('',(-4.22,-1.14,-4.23));
#4276=CARTESIAN_POINT('Origin',(-4.22,-1.14,-4.23));
#4277=CARTESIAN_POINT('',(-3.42,-1.14,-4.23));
#4278=CARTESIAN_POINT('Origin',(-3.42,-1.14,-4.23));
#4279=CARTESIAN_POINT('Origin',(-3.42,1.14,-4.23));
#4280=CARTESIAN_POINT('',(-3.42,1.14,-4.23));
#4281=CARTESIAN_POINT('Origin',(-3.42,1.74,-4.23));
#4282=CARTESIAN_POINT('Origin',(2.1825,-0.3175,2.77));
#4283=CARTESIAN_POINT('',(2.8175,-0.3175,2.22));
#4284=CARTESIAN_POINT('',(2.8175,-0.3175,2.22));
#4285=CARTESIAN_POINT('',(2.8175,-0.3175,2.22));
#4286=CARTESIAN_POINT('Origin',(2.1825,-0.3175,2.77));
#4287=CARTESIAN_POINT('',(2.8175,-0.3175,-4.78640916408));
#4288=CARTESIAN_POINT('',(2.1825,-0.3175,-4.78640916408));
#4289=CARTESIAN_POINT('',(2.8175,-0.3175,-4.23));
#4290=CARTESIAN_POINT('Origin',(2.1825,-0.3175,2.77));
#4291=CARTESIAN_POINT('',(2.8175,-0.3175,-7.48));
#4292=CARTESIAN_POINT('',(2.8175,-0.3175,-7.48));
#4293=CARTESIAN_POINT('',(2.8175,-0.3175,-7.07359083592));
#4294=CARTESIAN_POINT('',(2.8175,-0.3175,-7.07359083592));
#4295=CARTESIAN_POINT('',(2.1825,-0.3175,-7.07359083592));
#4296=CARTESIAN_POINT('Origin',(2.5,-0.2425,2.495));
#4297=CARTESIAN_POINT('',(2.8175,-0.3175,2.22));
#4298=CARTESIAN_POINT('Origin',(2.7425,-1.06581410364E-14,2.495));
#4299=CARTESIAN_POINT('',(2.8175,0.3175,2.22));
#4300=CARTESIAN_POINT('Origin',(2.8175,-1.74,0.));
#4301=CARTESIAN_POINT('Origin',(2.8175,-1.74,0.));
#4302=CARTESIAN_POINT('',(2.8175,-0.4162901701323,-5.220930445781));
#4303=CARTESIAN_POINT('Origin',(2.8175,-1.3225,-4.78640916408));
#4304=CARTESIAN_POINT('',(2.8175,-0.4162901701323,-6.639069554219));
#4305=CARTESIAN_POINT('Origin',(2.8175,1.0625,-5.93));
#4306=CARTESIAN_POINT('Origin',(2.8175,-1.3225,-7.07359083592));
#4307=CARTESIAN_POINT('',(2.8175,-0.3175,-7.48));
#4308=CARTESIAN_POINT('',(2.8175,0.1562901701323,-6.364521281701));
#4309=CARTESIAN_POINT('Origin',(2.8175,-1.3225,-7.07359083592));
#4310=CARTESIAN_POINT('',(2.8175,0.1562901701323,-5.495478718299));
#4311=CARTESIAN_POINT('Origin',(2.8175,1.0625,-5.93));
#4312=CARTESIAN_POINT('Origin',(2.8175,-1.3225,-4.78640916408));
#4313=CARTESIAN_POINT('Origin',(2.1825,-1.3225,-4.78640916408));
#4314=CARTESIAN_POINT('',(2.1825,0.1562901701323,-5.495478718299));
#4315=CARTESIAN_POINT('Origin',(2.1825,1.0625,-5.93));
#4316=CARTESIAN_POINT('',(2.1825,0.1562901701323,-6.364521281701));
#4317=CARTESIAN_POINT('Origin',(2.1825,-1.3225,-7.07359083592));
#4318=CARTESIAN_POINT('Origin',(2.7425,0.,-7.755));
#4319=CARTESIAN_POINT('',(2.6675,0.1675,-8.03));
#4320=CARTESIAN_POINT('',(2.8175,0.3175,-7.48));
#4321=CARTESIAN_POINT('',(2.6675,-0.1675,-8.03));
#4322=CARTESIAN_POINT('',(2.6675,-0.1675,-8.03));
#4323=CARTESIAN_POINT('',(2.6675,-0.1675,-8.03));
#4324=CARTESIAN_POINT('Origin',(2.1825,-0.3175,-8.03));
#4325=CARTESIAN_POINT('',(2.3325,-0.1675,-8.03));
#4326=CARTESIAN_POINT('',(2.6675,-0.1675,-8.03));
#4327=CARTESIAN_POINT('',(2.3325,0.1675,-8.03));
#4328=CARTESIAN_POINT('',(2.3325,0.1675,-8.03));
#4329=CARTESIAN_POINT('',(2.6675,0.1675,-8.03));
#4330=CARTESIAN_POINT('Origin',(2.5,0.2425,-7.755));
#4331=CARTESIAN_POINT('',(2.3325,0.1675,-8.03));
#4332=CARTESIAN_POINT('Origin',(2.2575,0.,-7.755));
#4333=CARTESIAN_POINT('',(2.3325,-0.1675,-8.03));
#4334=CARTESIAN_POINT('Origin',(2.5,-0.2425,-7.755));
#4335=CARTESIAN_POINT('Origin',(2.1825,-1.3225,-7.07359083592));
#4336=CARTESIAN_POINT('',(2.1825,-0.4162901701323,-6.639069554219));
#4337=CARTESIAN_POINT('Origin',(2.1825,1.0625,-5.93));
#4338=CARTESIAN_POINT('',(2.1825,-0.4162901701323,-5.220930445781));
#4339=CARTESIAN_POINT('Origin',(2.1825,-1.3225,-4.78640916408));
#4340=UNCERTAINTY_MEASURE_WITH_UNIT(LENGTH_MEASURE(0.01),#4344,
'DISTANCE_ACCURACY_VALUE',
'Maximum model space distance between geometric entities at asserted c
onnectivities');
#4341=UNCERTAINTY_MEASURE_WITH_UNIT(LENGTH_MEASURE(0.01),#4344,
'DISTANCE_ACCURACY_VALUE',
'Maximum model space distance between geometric entities at asserted c
onnectivities');
#4342=(
GEOMETRIC_REPRESENTATION_CONTEXT(3)
GLOBAL_UNCERTAINTY_ASSIGNED_CONTEXT((#4340))
GLOBAL_UNIT_ASSIGNED_CONTEXT((#4344,#4346,#4347))
REPRESENTATION_CONTEXT('','3D')
);
#4343=(
GEOMETRIC_REPRESENTATION_CONTEXT(3)
GLOBAL_UNCERTAINTY_ASSIGNED_CONTEXT((#4341))
GLOBAL_UNIT_ASSIGNED_CONTEXT((#4344,#4346,#4347))
REPRESENTATION_CONTEXT('','3D')
);
#4344=(
LENGTH_UNIT()
NAMED_UNIT(*)
SI_UNIT(.MILLI.,.METRE.)
);
#4345=(
LENGTH_UNIT()
NAMED_UNIT(*)
SI_UNIT($,.METRE.)
);
#4346=(
NAMED_UNIT(*)
PLANE_ANGLE_UNIT()
SI_UNIT($,.RADIAN.)
);
#4347=(
NAMED_UNIT(*)
SI_UNIT($,.STERADIAN.)
SOLID_ANGLE_UNIT()
);
#4348=SHAPE_DEFINITION_REPRESENTATION(#4349,#4350);
#4349=PRODUCT_DEFINITION_SHAPE('',$,#4352);
#4350=SHAPE_REPRESENTATION('',(#2663),#4342);
#4351=PRODUCT_DEFINITION_CONTEXT('part definition',#4356,'design');
#4352=PRODUCT_DEFINITION('1053091203_1','(Unsaved)',#4353,#4351);
#4353=PRODUCT_DEFINITION_FORMATION('',$,#4358);
#4354=PRODUCT_RELATED_PRODUCT_CATEGORY('(Unsaved)','(Unsaved)',(#4358));
#4355=APPLICATION_PROTOCOL_DEFINITION('international standard',
'automotive_design',2009,#4356);
#4356=APPLICATION_CONTEXT(
'Core Data for Automotive Mechanical Design Process');
#4357=PRODUCT_CONTEXT('part definition',#4356,'mechanical');
#4358=PRODUCT('1053091203_1','(Unsaved)','STEP AP242',(#4357));
#4359=PRESENTATION_STYLE_ASSIGNMENT((#4360));
#4360=SURFACE_STYLE_USAGE(.BOTH.,#4361);
#4361=SURFACE_SIDE_STYLE('',(#4362));
#4362=SURFACE_STYLE_FILL_AREA(#4363);
#4363=FILL_AREA_STYLE('Steel - Satin',(#4364));
#4364=FILL_AREA_STYLE_COLOUR('Steel - Satin',#4365);
#4365=COLOUR_RGB('Steel - Satin',0.627450980392157,0.627450980392157,0.627450980392157);
ENDSEC;
END-ISO-10303-21;
