ISO-10303-21;
HEADER;
/* Generated by software containing ST-Developer
 * from STEP Tools, Inc. (www.steptools.com) 
 */

FILE_DESCRIPTION(
/* description */ ('STEP AP242'),
/* implementation_level */ '2;1');

FILE_NAME(
/* name */ '1053091202.step',
/* time_stamp */ '2026-05-22T14:14:40-07:00',
/* author */ (''),
/* organization */ (''),
/* preprocessor_version */ 'ST-DEVELOPER v20.1',
/* originating_system */ 'Autodesk Translation Framework v15.8.0.0',
/* authorisation */ '');

FILE_SCHEMA (('AUTOMOTIVE_DESIGN { 1 0 10303 214 3 1 1 }'));
ENDSEC;

DATA;
#10=MECHANICAL_DESIGN_GEOMETRIC_PRESENTATION_REPRESENTATION('',(#13),#3525);
#11=SHAPE_REPRESENTATION_RELATIONSHIP('SRR','None',#3532,#12);
#12=ADVANCED_BREP_SHAPE_REPRESENTATION('',(#14),#3524);
#13=STYLED_ITEM('',(#3541),#14);
#14=MANIFOLD_SOLID_BREP('Body1',#2152);
#15=SPHERICAL_SURFACE('',#2212,0.25);
#16=SPHERICAL_SURFACE('',#2219,0.25);
#17=FACE_BOUND('',#249,.T.);
#18=FACE_BOUND('',#250,.T.);
#19=FACE_BOUND('',#260,.T.);
#20=FACE_BOUND('',#298,.T.);
#21=PLANE('',#2172);
#22=PLANE('',#2173);
#23=PLANE('',#2174);
#24=PLANE('',#2175);
#25=PLANE('',#2182);
#26=PLANE('',#2183);
#27=PLANE('',#2184);
#28=PLANE('',#2185);
#29=PLANE('',#2186);
#30=PLANE('',#2187);
#31=PLANE('',#2188);
#32=PLANE('',#2189);
#33=PLANE('',#2190);
#34=PLANE('',#2191);
#35=PLANE('',#2192);
#36=PLANE('',#2193);
#37=PLANE('',#2194);
#38=PLANE('',#2195);
#39=PLANE('',#2196);
#40=PLANE('',#2200);
#41=PLANE('',#2204);
#42=PLANE('',#2208);
#43=PLANE('',#2220);
#44=PLANE('',#2223);
#45=PLANE('',#2224);
#46=PLANE('',#2225);
#47=PLANE('',#2228);
#48=PLANE('',#2231);
#49=PLANE('',#2232);
#50=PLANE('',#2233);
#51=PLANE('',#2234);
#52=PLANE('',#2235);
#53=PLANE('',#2236);
#54=PLANE('',#2237);
#55=PLANE('',#2238);
#56=PLANE('',#2239);
#57=PLANE('',#2240);
#58=PLANE('',#2241);
#59=PLANE('',#2242);
#60=PLANE('',#2243);
#61=PLANE('',#2244);
#62=PLANE('',#2251);
#63=PLANE('',#2252);
#64=PLANE('',#2253);
#65=PLANE('',#2254);
#66=PLANE('',#2255);
#67=PLANE('',#2256);
#68=PLANE('',#2257);
#69=PLANE('',#2258);
#70=PLANE('',#2265);
#71=PLANE('',#2266);
#72=PLANE('',#2267);
#73=PLANE('',#2268);
#74=PLANE('',#2269);
#75=PLANE('',#2270);
#76=PLANE('',#2271);
#77=PLANE('',#2272);
#78=PLANE('',#2273);
#79=PLANE('',#2274);
#80=PLANE('',#2281);
#81=PLANE('',#2282);
#82=PLANE('',#2283);
#83=PLANE('',#2286);
#84=PLANE('',#2287);
#85=PLANE('',#2288);
#86=PLANE('',#2289);
#87=PLANE('',#2290);
#88=PLANE('',#2291);
#89=PLANE('',#2292);
#90=PLANE('',#2293);
#91=PLANE('',#2294);
#92=PLANE('',#2295);
#93=PLANE('',#2296);
#94=PLANE('',#2297);
#95=PLANE('',#2298);
#96=PLANE('',#2299);
#97=PLANE('',#2300);
#98=PLANE('',#2301);
#99=PLANE('',#2302);
#100=PLANE('',#2303);
#101=PLANE('',#2304);
#102=PLANE('',#2305);
#103=PLANE('',#2306);
#104=PLANE('',#2307);
#105=PLANE('',#2317);
#106=PLANE('',#2318);
#107=PLANE('',#2319);
#108=PLANE('',#2320);
#109=PLANE('',#2321);
#110=CYLINDRICAL_SURFACE('',#2169,0.6);
#111=CYLINDRICAL_SURFACE('',#2197,0.25);
#112=CYLINDRICAL_SURFACE('',#2201,0.25);
#113=CYLINDRICAL_SURFACE('',#2205,0.25);
#114=CYLINDRICAL_SURFACE('',#2210,0.25);
#115=CYLINDRICAL_SURFACE('',#2214,0.25);
#116=CYLINDRICAL_SURFACE('',#2217,0.25);
#117=CYLINDRICAL_SURFACE('',#2226,0.25);
#118=CYLINDRICAL_SURFACE('',#2229,0.25);
#119=CYLINDRICAL_SURFACE('',#2275,1.64);
#120=CYLINDRICAL_SURFACE('',#2276,1.005);
#121=CYLINDRICAL_SURFACE('',#2277,1.64);
#122=CYLINDRICAL_SURFACE('',#2278,1.005);
#123=CYLINDRICAL_SURFACE('',#2279,1.64);
#124=CYLINDRICAL_SURFACE('',#2280,1.005);
#125=CYLINDRICAL_SURFACE('',#2314,1.64);
#126=CYLINDRICAL_SURFACE('',#2315,1.005);
#127=CYLINDRICAL_SURFACE('',#2316,1.64);
#128=CYLINDRICAL_SURFACE('',#2322,1.005);
#129=CYLINDRICAL_SURFACE('',#2323,1.64);
#130=CYLINDRICAL_SURFACE('',#2324,1.005);
#131=FACE_OUTER_BOUND('',#245,.T.);
#132=FACE_OUTER_BOUND('',#246,.T.);
#133=FACE_OUTER_BOUND('',#247,.T.);
#134=FACE_OUTER_BOUND('',#248,.T.);
#135=FACE_OUTER_BOUND('',#251,.T.);
#136=FACE_OUTER_BOUND('',#252,.T.);
#137=FACE_OUTER_BOUND('',#253,.T.);
#138=FACE_OUTER_BOUND('',#254,.T.);
#139=FACE_OUTER_BOUND('',#255,.T.);
#140=FACE_OUTER_BOUND('',#256,.T.);
#141=FACE_OUTER_BOUND('',#257,.T.);
#142=FACE_OUTER_BOUND('',#258,.T.);
#143=FACE_OUTER_BOUND('',#259,.T.);
#144=FACE_OUTER_BOUND('',#261,.T.);
#145=FACE_OUTER_BOUND('',#262,.T.);
#146=FACE_OUTER_BOUND('',#263,.T.);
#147=FACE_OUTER_BOUND('',#264,.T.);
#148=FACE_OUTER_BOUND('',#265,.T.);
#149=FACE_OUTER_BOUND('',#266,.T.);
#150=FACE_OUTER_BOUND('',#267,.T.);
#151=FACE_OUTER_BOUND('',#268,.T.);
#152=FACE_OUTER_BOUND('',#269,.T.);
#153=FACE_OUTER_BOUND('',#270,.T.);
#154=FACE_OUTER_BOUND('',#271,.T.);
#155=FACE_OUTER_BOUND('',#272,.T.);
#156=FACE_OUTER_BOUND('',#273,.T.);
#157=FACE_OUTER_BOUND('',#274,.T.);
#158=FACE_OUTER_BOUND('',#275,.T.);
#159=FACE_OUTER_BOUND('',#276,.T.);
#160=FACE_OUTER_BOUND('',#277,.T.);
#161=FACE_OUTER_BOUND('',#278,.T.);
#162=FACE_OUTER_BOUND('',#279,.T.);
#163=FACE_OUTER_BOUND('',#280,.T.);
#164=FACE_OUTER_BOUND('',#281,.T.);
#165=FACE_OUTER_BOUND('',#282,.T.);
#166=FACE_OUTER_BOUND('',#283,.T.);
#167=FACE_OUTER_BOUND('',#284,.T.);
#168=FACE_OUTER_BOUND('',#285,.T.);
#169=FACE_OUTER_BOUND('',#286,.T.);
#170=FACE_OUTER_BOUND('',#287,.T.);
#171=FACE_OUTER_BOUND('',#288,.T.);
#172=FACE_OUTER_BOUND('',#289,.T.);
#173=FACE_OUTER_BOUND('',#290,.T.);
#174=FACE_OUTER_BOUND('',#291,.T.);
#175=FACE_OUTER_BOUND('',#292,.T.);
#176=FACE_OUTER_BOUND('',#293,.T.);
#177=FACE_OUTER_BOUND('',#294,.T.);
#178=FACE_OUTER_BOUND('',#295,.T.);
#179=FACE_OUTER_BOUND('',#296,.T.);
#180=FACE_OUTER_BOUND('',#297,.T.);
#181=FACE_OUTER_BOUND('',#299,.T.);
#182=FACE_OUTER_BOUND('',#300,.T.);
#183=FACE_OUTER_BOUND('',#301,.T.);
#184=FACE_OUTER_BOUND('',#302,.T.);
#185=FACE_OUTER_BOUND('',#303,.T.);
#186=FACE_OUTER_BOUND('',#304,.T.);
#187=FACE_OUTER_BOUND('',#305,.T.);
#188=FACE_OUTER_BOUND('',#306,.T.);
#189=FACE_OUTER_BOUND('',#307,.T.);
#190=FACE_OUTER_BOUND('',#308,.T.);
#191=FACE_OUTER_BOUND('',#309,.T.);
#192=FACE_OUTER_BOUND('',#310,.T.);
#193=FACE_OUTER_BOUND('',#311,.T.);
#194=FACE_OUTER_BOUND('',#312,.T.);
#195=FACE_OUTER_BOUND('',#313,.T.);
#196=FACE_OUTER_BOUND('',#314,.T.);
#197=FACE_OUTER_BOUND('',#315,.T.);
#198=FACE_OUTER_BOUND('',#316,.T.);
#199=FACE_OUTER_BOUND('',#317,.T.);
#200=FACE_OUTER_BOUND('',#318,.T.);
#201=FACE_OUTER_BOUND('',#319,.T.);
#202=FACE_OUTER_BOUND('',#320,.T.);
#203=FACE_OUTER_BOUND('',#321,.T.);
#204=FACE_OUTER_BOUND('',#322,.T.);
#205=FACE_OUTER_BOUND('',#323,.T.);
#206=FACE_OUTER_BOUND('',#324,.T.);
#207=FACE_OUTER_BOUND('',#325,.T.);
#208=FACE_OUTER_BOUND('',#326,.T.);
#209=FACE_OUTER_BOUND('',#327,.T.);
#210=FACE_OUTER_BOUND('',#328,.T.);
#211=FACE_OUTER_BOUND('',#329,.T.);
#212=FACE_OUTER_BOUND('',#330,.T.);
#213=FACE_OUTER_BOUND('',#331,.T.);
#214=FACE_OUTER_BOUND('',#332,.T.);
#215=FACE_OUTER_BOUND('',#333,.T.);
#216=FACE_OUTER_BOUND('',#334,.T.);
#217=FACE_OUTER_BOUND('',#335,.T.);
#218=FACE_OUTER_BOUND('',#336,.T.);
#219=FACE_OUTER_BOUND('',#337,.T.);
#220=FACE_OUTER_BOUND('',#338,.T.);
#221=FACE_OUTER_BOUND('',#339,.T.);
#222=FACE_OUTER_BOUND('',#340,.T.);
#223=FACE_OUTER_BOUND('',#341,.T.);
#224=FACE_OUTER_BOUND('',#342,.T.);
#225=FACE_OUTER_BOUND('',#343,.T.);
#226=FACE_OUTER_BOUND('',#344,.T.);
#227=FACE_OUTER_BOUND('',#345,.T.);
#228=FACE_OUTER_BOUND('',#346,.T.);
#229=FACE_OUTER_BOUND('',#347,.T.);
#230=FACE_OUTER_BOUND('',#348,.T.);
#231=FACE_OUTER_BOUND('',#349,.T.);
#232=FACE_OUTER_BOUND('',#350,.T.);
#233=FACE_OUTER_BOUND('',#351,.T.);
#234=FACE_OUTER_BOUND('',#352,.T.);
#235=FACE_OUTER_BOUND('',#353,.T.);
#236=FACE_OUTER_BOUND('',#354,.T.);
#237=FACE_OUTER_BOUND('',#355,.T.);
#238=FACE_OUTER_BOUND('',#356,.T.);
#239=FACE_OUTER_BOUND('',#357,.T.);
#240=FACE_OUTER_BOUND('',#358,.T.);
#241=FACE_OUTER_BOUND('',#359,.T.);
#242=FACE_OUTER_BOUND('',#360,.T.);
#243=FACE_OUTER_BOUND('',#361,.T.);
#244=FACE_OUTER_BOUND('',#362,.T.);
#245=EDGE_LOOP('',(#1426,#1427,#1428,#1429));
#246=EDGE_LOOP('',(#1430,#1431,#1432,#1433,#1434));
#247=EDGE_LOOP('',(#1435,#1436,#1437,#1438,#1439,#1440,#1441,#1442));
#248=EDGE_LOOP('',(#1443,#1444,#1445,#1446,#1447,#1448,#1449,#1450,#1451,
#1452,#1453,#1454,#1455,#1456));
#249=EDGE_LOOP('',(#1457,#1458,#1459,#1460));
#250=EDGE_LOOP('',(#1461,#1462,#1463,#1464));
#251=EDGE_LOOP('',(#1465,#1466,#1467,#1468));
#252=EDGE_LOOP('',(#1469,#1470,#1471,#1472,#1473,#1474,#1475,#1476,#1477,
#1478,#1479,#1480));
#253=EDGE_LOOP('',(#1481,#1482,#1483,#1484));
#254=EDGE_LOOP('',(#1485,#1486,#1487,#1488));
#255=EDGE_LOOP('',(#1489,#1490,#1491,#1492));
#256=EDGE_LOOP('',(#1493,#1494,#1495,#1496));
#257=EDGE_LOOP('',(#1497,#1498,#1499,#1500));
#258=EDGE_LOOP('',(#1501,#1502,#1503,#1504));
#259=EDGE_LOOP('',(#1505,#1506,#1507,#1508));
#260=EDGE_LOOP('',(#1509,#1510,#1511,#1512));
#261=EDGE_LOOP('',(#1513,#1514,#1515,#1516,#1517,#1518,#1519));
#262=EDGE_LOOP('',(#1520,#1521,#1522,#1523));
#263=EDGE_LOOP('',(#1524,#1525,#1526,#1527,#1528,#1529,#1530,#1531));
#264=EDGE_LOOP('',(#1532,#1533,#1534,#1535,#1536,#1537,#1538,#1539,#1540,
#1541,#1542,#1543,#1544,#1545,#1546,#1547));
#265=EDGE_LOOP('',(#1548,#1549,#1550,#1551,#1552,#1553,#1554,#1555));
#266=EDGE_LOOP('',(#1556,#1557,#1558,#1559,#1560));
#267=EDGE_LOOP('',(#1561,#1562,#1563,#1564,#1565,#1566,#1567,#1568));
#268=EDGE_LOOP('',(#1569,#1570,#1571,#1572,#1573,#1574));
#269=EDGE_LOOP('',(#1575,#1576,#1577,#1578));
#270=EDGE_LOOP('',(#1579,#1580,#1581,#1582,#1583,#1584,#1585,#1586));
#271=EDGE_LOOP('',(#1587,#1588,#1589,#1590));
#272=EDGE_LOOP('',(#1591,#1592,#1593,#1594,#1595,#1596));
#273=EDGE_LOOP('',(#1597,#1598,#1599,#1600));
#274=EDGE_LOOP('',(#1601,#1602,#1603,#1604,#1605,#1606));
#275=EDGE_LOOP('',(#1607,#1608,#1609,#1610));
#276=EDGE_LOOP('',(#1611,#1612,#1613));
#277=EDGE_LOOP('',(#1614,#1615,#1616,#1617));
#278=EDGE_LOOP('',(#1618,#1619,#1620,#1621));
#279=EDGE_LOOP('',(#1622,#1623,#1624));
#280=EDGE_LOOP('',(#1625,#1626,#1627,#1628,#1629,#1630,#1631,#1632,#1633,
#1634));
#281=EDGE_LOOP('',(#1635,#1636,#1637,#1638,#1639,#1640));
#282=EDGE_LOOP('',(#1641,#1642,#1643,#1644));
#283=EDGE_LOOP('',(#1645,#1646,#1647,#1648,#1649,#1650));
#284=EDGE_LOOP('',(#1651,#1652,#1653,#1654));
#285=EDGE_LOOP('',(#1655,#1656,#1657,#1658));
#286=EDGE_LOOP('',(#1659,#1660,#1661,#1662));
#287=EDGE_LOOP('',(#1663,#1664,#1665,#1666,#1667,#1668,#1669,#1670,#1671,
#1672));
#288=EDGE_LOOP('',(#1673,#1674,#1675,#1676,#1677,#1678,#1679,#1680,#1681,
#1682));
#289=EDGE_LOOP('',(#1683,#1684,#1685,#1686,#1687));
#290=EDGE_LOOP('',(#1688,#1689,#1690,#1691,#1692,#1693,#1694,#1695));
#291=EDGE_LOOP('',(#1696,#1697,#1698,#1699));
#292=EDGE_LOOP('',(#1700,#1701,#1702,#1703));
#293=EDGE_LOOP('',(#1704,#1705,#1706,#1707));
#294=EDGE_LOOP('',(#1708,#1709,#1710,#1711));
#295=EDGE_LOOP('',(#1712,#1713,#1714,#1715,#1716,#1717,#1718,#1719));
#296=EDGE_LOOP('',(#1720,#1721,#1722,#1723,#1724,#1725,#1726));
#297=EDGE_LOOP('',(#1727,#1728,#1729,#1730));
#298=EDGE_LOOP('',(#1731,#1732,#1733,#1734));
#299=EDGE_LOOP('',(#1735,#1736,#1737,#1738));
#300=EDGE_LOOP('',(#1739,#1740,#1741,#1742));
#301=EDGE_LOOP('',(#1743,#1744,#1745,#1746,#1747,#1748,#1749,#1750,#1751,
#1752,#1753,#1754));
#302=EDGE_LOOP('',(#1755,#1756,#1757,#1758));
#303=EDGE_LOOP('',(#1759,#1760,#1761,#1762));
#304=EDGE_LOOP('',(#1763,#1764,#1765,#1766));
#305=EDGE_LOOP('',(#1767,#1768,#1769,#1770));
#306=EDGE_LOOP('',(#1771,#1772,#1773,#1774));
#307=EDGE_LOOP('',(#1775,#1776,#1777,#1778));
#308=EDGE_LOOP('',(#1779,#1780,#1781,#1782));
#309=EDGE_LOOP('',(#1783,#1784,#1785,#1786,#1787,#1788,#1789,#1790,#1791,
#1792,#1793,#1794));
#310=EDGE_LOOP('',(#1795,#1796,#1797,#1798));
#311=EDGE_LOOP('',(#1799,#1800,#1801,#1802));
#312=EDGE_LOOP('',(#1803,#1804,#1805,#1806));
#313=EDGE_LOOP('',(#1807,#1808,#1809,#1810));
#314=EDGE_LOOP('',(#1811,#1812,#1813,#1814));
#315=EDGE_LOOP('',(#1815,#1816,#1817,#1818));
#316=EDGE_LOOP('',(#1819,#1820,#1821,#1822));
#317=EDGE_LOOP('',(#1823,#1824,#1825,#1826));
#318=EDGE_LOOP('',(#1827,#1828,#1829,#1830));
#319=EDGE_LOOP('',(#1831,#1832,#1833,#1834));
#320=EDGE_LOOP('',(#1835,#1836,#1837,#1838));
#321=EDGE_LOOP('',(#1839,#1840,#1841,#1842));
#322=EDGE_LOOP('',(#1843,#1844,#1845,#1846));
#323=EDGE_LOOP('',(#1847,#1848,#1849,#1850));
#324=EDGE_LOOP('',(#1851,#1852,#1853,#1854));
#325=EDGE_LOOP('',(#1855,#1856,#1857,#1858));
#326=EDGE_LOOP('',(#1859,#1860,#1861,#1862));
#327=EDGE_LOOP('',(#1863,#1864,#1865,#1866));
#328=EDGE_LOOP('',(#1867,#1868,#1869,#1870,#1871,#1872,#1873,#1874,#1875,
#1876,#1877,#1878,#1879,#1880,#1881,#1882,#1883,#1884,#1885));
#329=EDGE_LOOP('',(#1886,#1887,#1888,#1889));
#330=EDGE_LOOP('',(#1890,#1891));
#331=EDGE_LOOP('',(#1892,#1893,#1894,#1895));
#332=EDGE_LOOP('',(#1896,#1897,#1898,#1899));
#333=EDGE_LOOP('',(#1900,#1901,#1902,#1903,#1904,#1905,#1906,#1907));
#334=EDGE_LOOP('',(#1908,#1909,#1910,#1911));
#335=EDGE_LOOP('',(#1912,#1913,#1914,#1915));
#336=EDGE_LOOP('',(#1916,#1917,#1918,#1919));
#337=EDGE_LOOP('',(#1920,#1921,#1922,#1923));
#338=EDGE_LOOP('',(#1924,#1925,#1926,#1927));
#339=EDGE_LOOP('',(#1928,#1929,#1930,#1931));
#340=EDGE_LOOP('',(#1932,#1933,#1934,#1935,#1936,#1937,#1938,#1939));
#341=EDGE_LOOP('',(#1940,#1941,#1942,#1943));
#342=EDGE_LOOP('',(#1944,#1945,#1946,#1947));
#343=EDGE_LOOP('',(#1948,#1949,#1950,#1951));
#344=EDGE_LOOP('',(#1952,#1953,#1954,#1955));
#345=EDGE_LOOP('',(#1956,#1957,#1958,#1959));
#346=EDGE_LOOP('',(#1960,#1961,#1962,#1963));
#347=EDGE_LOOP('',(#1964,#1965,#1966,#1967));
#348=EDGE_LOOP('',(#1968,#1969,#1970,#1971));
#349=EDGE_LOOP('',(#1972,#1973,#1974,#1975));
#350=EDGE_LOOP('',(#1976,#1977,#1978,#1979));
#351=EDGE_LOOP('',(#1980,#1981,#1982,#1983,#1984,#1985,#1986,#1987,#1988,
#1989,#1990,#1991));
#352=EDGE_LOOP('',(#1992,#1993,#1994,#1995));
#353=EDGE_LOOP('',(#1996,#1997,#1998,#1999));
#354=EDGE_LOOP('',(#2000,#2001,#2002,#2003));
#355=EDGE_LOOP('',(#2004,#2005,#2006,#2007));
#356=EDGE_LOOP('',(#2008,#2009,#2010,#2011));
#357=EDGE_LOOP('',(#2012,#2013,#2014,#2015));
#358=EDGE_LOOP('',(#2016,#2017,#2018,#2019));
#359=EDGE_LOOP('',(#2020,#2021,#2022,#2023));
#360=EDGE_LOOP('',(#2024,#2025,#2026,#2027));
#361=EDGE_LOOP('',(#2028,#2029,#2030,#2031));
#362=EDGE_LOOP('',(#2032,#2033,#2034,#2035));
#363=(
BOUNDED_CURVE()
B_SPLINE_CURVE(2,(#2911,#2912,#2913),.UNSPECIFIED.,.F.,.F.)
B_SPLINE_CURVE_WITH_KNOTS((3,3),(-1.75978170503554,-1.17840765160235),
 .UNSPECIFIED.)
CURVE()
GEOMETRIC_REPRESENTATION_ITEM()
RATIONAL_B_SPLINE_CURVE((4.4866673145476,5.60833514984907,5.60833518067056))
REPRESENTATION_ITEM('')
);
#364=(
BOUNDED_CURVE()
B_SPLINE_CURVE(2,(#3416,#3417,#3418),.UNSPECIFIED.,.F.,.F.)
B_SPLINE_CURVE_WITH_KNOTS((3,3),(1.17840747500625,1.75978148221212),
 .UNSPECIFIED.)
CURVE()
GEOMETRIC_REPRESENTATION_ITEM()
RATIONAL_B_SPLINE_CURVE((5.60833499053819,5.60833524837145,4.48666787501199))
REPRESENTATION_ITEM('')
);
#365=CIRCLE('',#2167,0.4000000064554);
#366=CIRCLE('',#2168,0.6);
#367=CIRCLE('',#2170,0.6);
#368=CIRCLE('',#2171,0.6);
#369=CIRCLE('',#2176,1.64);
#370=CIRCLE('',#2177,1.005);
#371=CIRCLE('',#2178,1.64);
#372=CIRCLE('',#2179,1.005);
#373=CIRCLE('',#2180,1.64);
#374=CIRCLE('',#2181,1.005);
#375=CIRCLE('',#2198,0.25);
#376=CIRCLE('',#2199,0.25);
#377=CIRCLE('',#2202,0.25);
#378=CIRCLE('',#2203,0.25);
#379=CIRCLE('',#2206,0.25);
#380=CIRCLE('',#2207,0.25);
#381=CIRCLE('',#2209,0.25);
#382=CIRCLE('',#2211,0.25);
#383=CIRCLE('',#2213,0.25);
#384=CIRCLE('',#2215,0.25);
#385=CIRCLE('',#2216,0.25);
#386=CIRCLE('',#2218,0.25);
#387=CIRCLE('',#2221,0.25);
#388=CIRCLE('',#2222,0.25);
#389=CIRCLE('',#2227,0.25);
#390=CIRCLE('',#2230,0.25);
#391=CIRCLE('',#2245,1.64);
#392=CIRCLE('',#2246,1.005);
#393=CIRCLE('',#2247,1.64);
#394=CIRCLE('',#2248,1.005);
#395=CIRCLE('',#2249,1.64);
#396=CIRCLE('',#2250,1.005);
#397=CIRCLE('',#2259,1.005);
#398=CIRCLE('',#2260,1.64);
#399=CIRCLE('',#2261,1.005);
#400=CIRCLE('',#2262,1.64);
#401=CIRCLE('',#2263,1.005);
#402=CIRCLE('',#2264,1.64);
#403=CIRCLE('',#2285,0.3999999275927);
#404=CIRCLE('',#2308,1.005);
#405=CIRCLE('',#2309,1.64);
#406=CIRCLE('',#2310,1.005);
#407=CIRCLE('',#2311,1.64);
#408=CIRCLE('',#2312,1.005);
#409=CIRCLE('',#2313,1.64);
#410=LINE('',#2907,#668);
#411=LINE('',#2920,#669);
#412=LINE('',#2922,#670);
#413=LINE('',#2926,#671);
#414=LINE('',#2928,#672);
#415=LINE('',#2930,#673);
#416=LINE('',#2932,#674);
#417=LINE('',#2934,#675);
#418=LINE('',#2936,#676);
#419=LINE('',#2938,#677);
#420=LINE('',#2939,#678);
#421=LINE('',#2942,#679);
#422=LINE('',#2944,#680);
#423=LINE('',#2946,#681);
#424=LINE('',#2948,#682);
#425=LINE('',#2950,#683);
#426=LINE('',#2951,#684);
#427=LINE('',#2953,#685);
#428=LINE('',#2955,#686);
#429=LINE('',#2957,#687);
#430=LINE('',#2959,#688);
#431=LINE('',#2961,#689);
#432=LINE('',#2962,#690);
#433=LINE('',#2965,#691);
#434=LINE('',#2967,#692);
#435=LINE('',#2969,#693);
#436=LINE('',#2970,#694);
#437=LINE('',#2973,#695);
#438=LINE('',#2975,#696);
#439=LINE('',#2977,#697);
#440=LINE('',#2978,#698);
#441=LINE('',#2982,#699);
#442=LINE('',#2984,#700);
#443=LINE('',#2986,#701);
#444=LINE('',#2987,#702);
#445=LINE('',#2990,#703);
#446=LINE('',#2998,#704);
#447=LINE('',#3000,#705);
#448=LINE('',#3002,#706);
#449=LINE('',#3009,#707);
#450=LINE('',#3012,#708);
#451=LINE('',#3014,#709);
#452=LINE('',#3015,#710);
#453=LINE('',#3018,#711);
#454=LINE('',#3020,#712);
#455=LINE('',#3021,#713);
#456=LINE('',#3024,#714);
#457=LINE('',#3025,#715);
#458=LINE('',#3028,#716);
#459=LINE('',#3029,#717);
#460=LINE('',#3032,#718);
#461=LINE('',#3033,#719);
#462=LINE('',#3036,#720);
#463=LINE('',#3038,#721);
#464=LINE('',#3039,#722);
#465=LINE('',#3043,#723);
#466=LINE('',#3045,#724);
#467=LINE('',#3047,#725);
#468=LINE('',#3048,#726);
#469=LINE('',#3050,#727);
#470=LINE('',#3051,#728);
#471=LINE('',#3054,#729);
#472=LINE('',#3056,#730);
#473=LINE('',#3058,#731);
#474=LINE('',#3060,#732);
#475=LINE('',#3062,#733);
#476=LINE('',#3063,#734);
#477=LINE('',#3066,#735);
#478=LINE('',#3068,#736);
#479=LINE('',#3069,#737);
#480=LINE('',#3072,#738);
#481=LINE('',#3074,#739);
#482=LINE('',#3076,#740);
#483=LINE('',#3078,#741);
#484=LINE('',#3079,#742);
#485=LINE('',#3083,#743);
#486=LINE('',#3085,#744);
#487=LINE('',#3087,#745);
#488=LINE('',#3088,#746);
#489=LINE('',#3090,#747);
#490=LINE('',#3092,#748);
#491=LINE('',#3094,#749);
#492=LINE('',#3096,#750);
#493=LINE('',#3098,#751);
#494=LINE('',#3100,#752);
#495=LINE('',#3101,#753);
#496=LINE('',#3103,#754);
#497=LINE('',#3105,#755);
#498=LINE('',#3106,#756);
#499=LINE('',#3110,#757);
#500=LINE('',#3112,#758);
#501=LINE('',#3113,#759);
#502=LINE('',#3115,#760);
#503=LINE('',#3117,#761);
#504=LINE('',#3119,#762);
#505=LINE('',#3120,#763);
#506=LINE('',#3123,#764);
#507=LINE('',#3125,#765);
#508=LINE('',#3127,#766);
#509=LINE('',#3128,#767);
#510=LINE('',#3131,#768);
#511=LINE('',#3132,#769);
#512=LINE('',#3134,#770);
#513=LINE('',#3136,#771);
#514=LINE('',#3137,#772);
#515=LINE('',#3140,#773);
#516=LINE('',#3142,#774);
#517=LINE('',#3144,#775);
#518=LINE('',#3145,#776);
#519=LINE('',#3151,#777);
#520=LINE('',#3154,#778);
#521=LINE('',#3156,#779);
#522=LINE('',#3158,#780);
#523=LINE('',#3160,#781);
#524=LINE('',#3162,#782);
#525=LINE('',#3164,#783);
#526=LINE('',#3165,#784);
#527=LINE('',#3171,#785);
#528=LINE('',#3174,#786);
#529=LINE('',#3175,#787);
#530=LINE('',#3176,#788);
#531=LINE('',#3181,#789);
#532=LINE('',#3185,#790);
#533=LINE('',#3189,#791);
#534=LINE('',#3196,#792);
#535=LINE('',#3200,#793);
#536=LINE('',#3205,#794);
#537=LINE('',#3209,#795);
#538=LINE('',#3212,#796);
#539=LINE('',#3215,#797);
#540=LINE('',#3217,#798);
#541=LINE('',#3218,#799);
#542=LINE('',#3221,#800);
#543=LINE('',#3222,#801);
#544=LINE('',#3225,#802);
#545=LINE('',#3226,#803);
#546=LINE('',#3230,#804);
#547=LINE('',#3233,#805);
#548=LINE('',#3234,#806);
#549=LINE('',#3239,#807);
#550=LINE('',#3240,#808);
#551=LINE('',#3241,#809);
#552=LINE('',#3244,#810);
#553=LINE('',#3246,#811);
#554=LINE('',#3248,#812);
#555=LINE('',#3250,#813);
#556=LINE('',#3252,#814);
#557=LINE('',#3253,#815);
#558=LINE('',#3255,#816);
#559=LINE('',#3257,#817);
#560=LINE('',#3258,#818);
#561=LINE('',#3261,#819);
#562=LINE('',#3263,#820);
#563=LINE('',#3265,#821);
#564=LINE('',#3268,#822);
#565=LINE('',#3270,#823);
#566=LINE('',#3271,#824);
#567=LINE('',#3274,#825);
#568=LINE('',#3275,#826);
#569=LINE('',#3276,#827);
#570=LINE('',#3278,#828);
#571=LINE('',#3281,#829);
#572=LINE('',#3283,#830);
#573=LINE('',#3285,#831);
#574=LINE('',#3286,#832);
#575=LINE('',#3290,#833);
#576=LINE('',#3292,#834);
#577=LINE('',#3293,#835);
#578=LINE('',#3302,#836);
#579=LINE('',#3304,#837);
#580=LINE('',#3312,#838);
#581=LINE('',#3314,#839);
#582=LINE('',#3315,#840);
#583=LINE('',#3318,#841);
#584=LINE('',#3320,#842);
#585=LINE('',#3321,#843);
#586=LINE('',#3324,#844);
#587=LINE('',#3326,#845);
#588=LINE('',#3327,#846);
#589=LINE('',#3330,#847);
#590=LINE('',#3331,#848);
#591=LINE('',#3333,#849);
#592=LINE('',#3336,#850);
#593=LINE('',#3337,#851);
#594=LINE('',#3340,#852);
#595=LINE('',#3342,#853);
#596=LINE('',#3343,#854);
#597=LINE('',#3346,#855);
#598=LINE('',#3347,#856);
#599=LINE('',#3355,#857);
#600=LINE('',#3363,#858);
#601=LINE('',#3364,#859);
#602=LINE('',#3366,#860);
#603=LINE('',#3368,#861);
#604=LINE('',#3371,#862);
#605=LINE('',#3372,#863);
#606=LINE('',#3374,#864);
#607=LINE('',#3377,#865);
#608=LINE('',#3379,#866);
#609=LINE('',#3380,#867);
#610=LINE('',#3383,#868);
#611=LINE('',#3384,#869);
#612=LINE('',#3387,#870);
#613=LINE('',#3388,#871);
#614=LINE('',#3390,#872);
#615=LINE('',#3393,#873);
#616=LINE('',#3395,#874);
#617=LINE('',#3398,#875);
#618=LINE('',#3400,#876);
#619=LINE('',#3403,#877);
#620=LINE('',#3407,#878);
#621=LINE('',#3409,#879);
#622=LINE('',#3410,#880);
#623=LINE('',#3412,#881);
#624=LINE('',#3414,#882);
#625=LINE('',#3415,#883);
#626=LINE('',#3424,#884);
#627=LINE('',#3425,#885);
#628=LINE('',#3428,#886);
#629=LINE('',#3429,#887);
#630=LINE('',#3431,#888);
#631=LINE('',#3433,#889);
#632=LINE('',#3434,#890);
#633=LINE('',#3437,#891);
#634=LINE('',#3438,#892);
#635=LINE('',#3440,#893);
#636=LINE('',#3445,#894);
#637=LINE('',#3447,#895);
#638=LINE('',#3448,#896);
#639=LINE('',#3452,#897);
#640=LINE('',#3453,#898);
#641=LINE('',#3454,#899);
#642=LINE('',#3456,#900);
#643=LINE('',#3457,#901);
#644=LINE('',#3459,#902);
#645=LINE('',#3462,#903);
#646=LINE('',#3466,#904);
#647=LINE('',#3467,#905);
#648=LINE('',#3470,#906);
#649=LINE('',#3471,#907);
#650=LINE('',#3474,#908);
#651=LINE('',#3476,#909);
#652=LINE('',#3477,#910);
#653=LINE('',#3479,#911);
#654=LINE('',#3481,#912);
#655=LINE('',#3489,#913);
#656=LINE('',#3496,#914);
#657=LINE('',#3498,#915);
#658=LINE('',#3502,#916);
#659=LINE('',#3504,#917);
#660=LINE('',#3505,#918);
#661=LINE('',#3508,#919);
#662=LINE('',#3510,#920);
#663=LINE('',#3511,#921);
#664=LINE('',#3513,#922);
#665=LINE('',#3515,#923);
#666=LINE('',#3518,#924);
#667=LINE('',#3520,#925);
#668=VECTOR('',#2329,0.6324555528891);
#669=VECTOR('',#2338,1.000000011949);
#670=VECTOR('',#2341,1.000000004516);
#671=VECTOR('',#2344,0.6);
#672=VECTOR('',#2345,0.8);
#673=VECTOR('',#2346,9.06);
#674=VECTOR('',#2347,5.94);
#675=VECTOR('',#2348,9.06);
#676=VECTOR('',#2349,0.8);
#677=VECTOR('',#2350,0.6);
#678=VECTOR('',#2351,4.34);
#679=VECTOR('',#2354,1.7227864045);
#680=VECTOR('',#2355,0.6);
#681=VECTOR('',#2356,0.8);
#682=VECTOR('',#2357,2.28);
#683=VECTOR('',#2358,0.8);
#684=VECTOR('',#2359,0.6);
#685=VECTOR('',#2360,0.6);
#686=VECTOR('',#2361,0.8);
#687=VECTOR('',#2362,2.28);
#688=VECTOR('',#2363,0.8);
#689=VECTOR('',#2364,0.6);
#690=VECTOR('',#2365,1.7227864045);
#691=VECTOR('',#2366,0.635);
#692=VECTOR('',#2367,0.635);
#693=VECTOR('',#2368,0.635);
#694=VECTOR('',#2369,0.635);
#695=VECTOR('',#2370,0.635);
#696=VECTOR('',#2371,0.635);
#697=VECTOR('',#2372,0.635);
#698=VECTOR('',#2373,0.635);
#699=VECTOR('',#2376,3.99);
#700=VECTOR('',#2377,0.635);
#701=VECTOR('',#2378,3.99);
#702=VECTOR('',#2379,0.635);
#703=VECTOR('',#2382,0.5564091640801);
#704=VECTOR('',#2389,0.4064091640801);
#705=VECTOR('',#2390,0.635);
#706=VECTOR('',#2391,0.4064091640801);
#707=VECTOR('',#2398,0.5564091640801);
#708=VECTOR('',#2401,0.5894913061276);
#709=VECTOR('',#2402,0.5894913061276);
#710=VECTOR('',#2403,0.335);
#711=VECTOR('',#2406,0.335);
#712=VECTOR('',#2407,0.335);
#713=VECTOR('',#2408,0.335);
#714=VECTOR('',#2411,0.5894913061276);
#715=VECTOR('',#2412,0.635);
#716=VECTOR('',#2415,3.99);
#717=VECTOR('',#2416,0.635);
#718=VECTOR('',#2419,0.5564091640801);
#719=VECTOR('',#2420,0.635);
#720=VECTOR('',#2423,0.635);
#721=VECTOR('',#2424,0.635);
#722=VECTOR('',#2425,0.4064091640801);
#723=VECTOR('',#2428,2.22);
#724=VECTOR('',#2429,2.19);
#725=VECTOR('',#2430,2.22);
#726=VECTOR('',#2431,2.19);
#727=VECTOR('',#2432,0.635);
#728=VECTOR('',#2433,0.635);
#729=VECTOR('',#2436,1.7);
#730=VECTOR('',#2437,6.);
#731=VECTOR('',#2438,0.88);
#732=VECTOR('',#2439,0.848528137423901);
#733=VECTOR('',#2440,3.7);
#734=VECTOR('',#2441,0.71);
#735=VECTOR('',#2444,0.28);
#736=VECTOR('',#2445,0.71);
#737=VECTOR('',#2446,0.28);
#738=VECTOR('',#2449,6.);
#739=VECTOR('',#2450,1.7);
#740=VECTOR('',#2451,2.22);
#741=VECTOR('',#2452,6.);
#742=VECTOR('',#2453,4.72);
#743=VECTOR('',#2456,0.4);
#744=VECTOR('',#2457,0.82);
#745=VECTOR('',#2458,0.37);
#746=VECTOR('',#2459,3.48);
#747=VECTOR('',#2460,3.48);
#748=VECTOR('',#2461,0.37);
#749=VECTOR('',#2462,0.82);
#750=VECTOR('',#2463,0.4);
#751=VECTOR('',#2464,1.465);
#752=VECTOR('',#2465,0.16);
#753=VECTOR('',#2466,2.19);
#754=VECTOR('',#2467,2.19);
#755=VECTOR('',#2468,0.16);
#756=VECTOR('',#2469,1.465);
#757=VECTOR('',#2472,1.19);
#758=VECTOR('',#2473,0.88);
#759=VECTOR('',#2474,0.28);
#760=VECTOR('',#2475,1.19);
#761=VECTOR('',#2476,0.275);
#762=VECTOR('',#2477,2.66);
#763=VECTOR('',#2478,0.275);
#764=VECTOR('',#2481,4.55);
#765=VECTOR('',#2482,2.655);
#766=VECTOR('',#2483,5.731849315068);
#767=VECTOR('',#2484,1.677160637365);
#768=VECTOR('',#2487,4.4);
#769=VECTOR('',#2488,1.677160637365);
#770=VECTOR('',#2489,2.057692882818);
#771=VECTOR('',#2490,5.2);
#772=VECTOR('',#2491,2.057692882818);
#773=VECTOR('',#2494,4.75);
#774=VECTOR('',#2495,0.33);
#775=VECTOR('',#2496,6.2);
#776=VECTOR('',#2497,2.61);
#777=VECTOR('',#2504,2.609999999813);
#778=VECTOR('',#2507,4.7);
#779=VECTOR('',#2508,1.2);
#780=VECTOR('',#2509,0.6);
#781=VECTOR('',#2510,2.3);
#782=VECTOR('',#2511,0.6);
#783=VECTOR('',#2512,1.2);
#784=VECTOR('',#2513,2.609999999626);
#785=VECTOR('',#2520,2.61);
#786=VECTOR('',#2523,0.33);
#787=VECTOR('',#2524,4.75);
#788=VECTOR('',#2525,6.2);
#789=VECTOR('',#2530,6.200000000023);
#790=VECTOR('',#2535,4.7);
#791=VECTOR('',#2540,6.200000000045);
#792=VECTOR('',#2551,1.2);
#793=VECTOR('',#2556,1.2);
#794=VECTOR('',#2563,4.62);
#795=VECTOR('',#2566,1.8);
#796=VECTOR('',#2569,4.62);
#797=VECTOR('',#2572,0.85);
#798=VECTOR('',#2573,4.42);
#799=VECTOR('',#2574,0.45);
#800=VECTOR('',#2577,2.3);
#801=VECTOR('',#2578,0.45);
#802=VECTOR('',#2581,4.42);
#803=VECTOR('',#2582,0.85);
#804=VECTOR('',#2587,0.85);
#805=VECTOR('',#2590,1.8);
#806=VECTOR('',#2591,0.85);
#807=VECTOR('',#2598,1.05);
#808=VECTOR('',#2599,5.731849315068);
#809=VECTOR('',#2600,1.05);
#810=VECTOR('',#2603,0.87);
#811=VECTOR('',#2604,0.275);
#812=VECTOR('',#2605,2.66);
#813=VECTOR('',#2606,0.275);
#814=VECTOR('',#2607,0.87);
#815=VECTOR('',#2608,2.655);
#816=VECTOR('',#2611,4.55);
#817=VECTOR('',#2614,4.55);
#818=VECTOR('',#2615,6.);
#819=VECTOR('',#2620,4.55);
#820=VECTOR('',#2623,4.55);
#821=VECTOR('',#2626,4.55);
#822=VECTOR('',#2629,6.);
#823=VECTOR('',#2630,2.22);
#824=VECTOR('',#2631,6.);
#825=VECTOR('',#2634,3.7);
#826=VECTOR('',#2635,0.848528137423901);
#827=VECTOR('',#2636,2.19);
#828=VECTOR('',#2639,2.19);
#829=VECTOR('',#2640,0.635);
#830=VECTOR('',#2641,0.635);
#831=VECTOR('',#2642,0.635);
#832=VECTOR('',#2643,0.635);
#833=VECTOR('',#2648,3.99);
#834=VECTOR('',#2649,3.99);
#835=VECTOR('',#2650,0.635);
#836=VECTOR('',#2659,0.5564091640801);
#837=VECTOR('',#2660,0.5564091640801);
#838=VECTOR('',#2667,0.4064091640801);
#839=VECTOR('',#2668,0.635);
#840=VECTOR('',#2669,0.4064091640801);
#841=VECTOR('',#2672,0.5894913061276);
#842=VECTOR('',#2673,0.5894913061276);
#843=VECTOR('',#2674,0.335);
#844=VECTOR('',#2677,0.335);
#845=VECTOR('',#2678,0.335);
#846=VECTOR('',#2679,0.335);
#847=VECTOR('',#2682,0.5894913061276);
#848=VECTOR('',#2683,0.635);
#849=VECTOR('',#2686,3.99);
#850=VECTOR('',#2689,0.635);
#851=VECTOR('',#2690,0.5564091640801);
#852=VECTOR('',#2693,0.635);
#853=VECTOR('',#2694,0.4064091640801);
#854=VECTOR('',#2695,0.635);
#855=VECTOR('',#2698,3.99);
#856=VECTOR('',#2699,0.635);
#857=VECTOR('',#2708,0.5564091640801);
#858=VECTOR('',#2715,0.4064091640801);
#859=VECTOR('',#2716,0.635);
#860=VECTOR('',#2719,0.5894913061276);
#861=VECTOR('',#2722,0.635);
#862=VECTOR('',#2727,0.635);
#863=VECTOR('',#2728,0.635);
#864=VECTOR('',#2731,0.635);
#865=VECTOR('',#2734,0.5894913061276);
#866=VECTOR('',#2735,0.335);
#867=VECTOR('',#2736,0.5894913061276);
#868=VECTOR('',#2739,0.5894913061276);
#869=VECTOR('',#2740,0.335);
#870=VECTOR('',#2743,0.335);
#871=VECTOR('',#2744,0.335);
#872=VECTOR('',#2747,0.5894913061276);
#873=VECTOR('',#2752,0.635);
#874=VECTOR('',#2755,0.635);
#875=VECTOR('',#2760,0.635);
#876=VECTOR('',#2763,0.635);
#877=VECTOR('',#2768,0.28);
#878=VECTOR('',#2773,0.6);
#879=VECTOR('',#2774,0.8);
#880=VECTOR('',#2775,9.06);
#881=VECTOR('',#2776,9.06);
#882=VECTOR('',#2777,0.8);
#883=VECTOR('',#2778,0.6);
#884=VECTOR('',#2787,0.6);
#885=VECTOR('',#2788,0.6);
#886=VECTOR('',#2791,0.8);
#887=VECTOR('',#2792,0.6);
#888=VECTOR('',#2795,0.6);
#889=VECTOR('',#2796,0.6);
#890=VECTOR('',#2797,0.6);
#891=VECTOR('',#2800,0.8);
#892=VECTOR('',#2801,0.6);
#893=VECTOR('',#2804,0.6);
#894=VECTOR('',#2811,0.6);
#895=VECTOR('',#2812,0.8);
#896=VECTOR('',#2813,0.6);
#897=VECTOR('',#2816,0.8);
#898=VECTOR('',#2817,0.6);
#899=VECTOR('',#2818,0.6);
#900=VECTOR('',#2821,0.6);
#901=VECTOR('',#2822,0.6);
#902=VECTOR('',#2825,0.6);
#903=VECTOR('',#2830,0.6);
#904=VECTOR('',#2835,3.99);
#905=VECTOR('',#2836,0.635);
#906=VECTOR('',#2839,0.635);
#907=VECTOR('',#2840,0.5564091640801);
#908=VECTOR('',#2843,0.635);
#909=VECTOR('',#2844,0.4064091640801);
#910=VECTOR('',#2845,0.635);
#911=VECTOR('',#2848,0.5894913061276);
#912=VECTOR('',#2851,0.635);
#913=VECTOR('',#2862,0.635);
#914=VECTOR('',#2871,0.635);
#915=VECTOR('',#2874,0.635);
#916=VECTOR('',#2879,0.5894913061276);
#917=VECTOR('',#2880,0.5894913061276);
#918=VECTOR('',#2881,0.335);
#919=VECTOR('',#2884,0.335);
#920=VECTOR('',#2885,0.335);
#921=VECTOR('',#2886,0.335);
#922=VECTOR('',#2889,0.5894913061276);
#923=VECTOR('',#2892,0.5894913061276);
#924=VECTOR('',#2897,0.635);
#925=VECTOR('',#2900,0.635);
#926=VERTEX_POINT('',#2905);
#927=VERTEX_POINT('',#2906);
#928=VERTEX_POINT('',#2908);
#929=VERTEX_POINT('',#2910);
#930=VERTEX_POINT('',#2916);
#931=VERTEX_POINT('',#2917);
#932=VERTEX_POINT('',#2919);
#933=VERTEX_POINT('',#2924);
#934=VERTEX_POINT('',#2925);
#935=VERTEX_POINT('',#2927);
#936=VERTEX_POINT('',#2929);
#937=VERTEX_POINT('',#2931);
#938=VERTEX_POINT('',#2933);
#939=VERTEX_POINT('',#2935);
#940=VERTEX_POINT('',#2937);
#941=VERTEX_POINT('',#2941);
#942=VERTEX_POINT('',#2943);
#943=VERTEX_POINT('',#2945);
#944=VERTEX_POINT('',#2947);
#945=VERTEX_POINT('',#2949);
#946=VERTEX_POINT('',#2952);
#947=VERTEX_POINT('',#2954);
#948=VERTEX_POINT('',#2956);
#949=VERTEX_POINT('',#2958);
#950=VERTEX_POINT('',#2960);
#951=VERTEX_POINT('',#2963);
#952=VERTEX_POINT('',#2964);
#953=VERTEX_POINT('',#2966);
#954=VERTEX_POINT('',#2968);
#955=VERTEX_POINT('',#2971);
#956=VERTEX_POINT('',#2972);
#957=VERTEX_POINT('',#2974);
#958=VERTEX_POINT('',#2976);
#959=VERTEX_POINT('',#2980);
#960=VERTEX_POINT('',#2981);
#961=VERTEX_POINT('',#2983);
#962=VERTEX_POINT('',#2985);
#963=VERTEX_POINT('',#2989);
#964=VERTEX_POINT('',#2991);
#965=VERTEX_POINT('',#2993);
#966=VERTEX_POINT('',#2995);
#967=VERTEX_POINT('',#2997);
#968=VERTEX_POINT('',#2999);
#969=VERTEX_POINT('',#3001);
#970=VERTEX_POINT('',#3003);
#971=VERTEX_POINT('',#3005);
#972=VERTEX_POINT('',#3007);
#973=VERTEX_POINT('',#3011);
#974=VERTEX_POINT('',#3013);
#975=VERTEX_POINT('',#3017);
#976=VERTEX_POINT('',#3019);
#977=VERTEX_POINT('',#3023);
#978=VERTEX_POINT('',#3027);
#979=VERTEX_POINT('',#3031);
#980=VERTEX_POINT('',#3035);
#981=VERTEX_POINT('',#3037);
#982=VERTEX_POINT('',#3041);
#983=VERTEX_POINT('',#3042);
#984=VERTEX_POINT('',#3044);
#985=VERTEX_POINT('',#3046);
#986=VERTEX_POINT('',#3049);
#987=VERTEX_POINT('',#3053);
#988=VERTEX_POINT('',#3055);
#989=VERTEX_POINT('',#3057);
#990=VERTEX_POINT('',#3059);
#991=VERTEX_POINT('',#3061);
#992=VERTEX_POINT('',#3065);
#993=VERTEX_POINT('',#3067);
#994=VERTEX_POINT('',#3071);
#995=VERTEX_POINT('',#3073);
#996=VERTEX_POINT('',#3075);
#997=VERTEX_POINT('',#3077);
#998=VERTEX_POINT('',#3081);
#999=VERTEX_POINT('',#3082);
#1000=VERTEX_POINT('',#3084);
#1001=VERTEX_POINT('',#3086);
#1002=VERTEX_POINT('',#3089);
#1003=VERTEX_POINT('',#3091);
#1004=VERTEX_POINT('',#3093);
#1005=VERTEX_POINT('',#3095);
#1006=VERTEX_POINT('',#3097);
#1007=VERTEX_POINT('',#3099);
#1008=VERTEX_POINT('',#3102);
#1009=VERTEX_POINT('',#3104);
#1010=VERTEX_POINT('',#3108);
#1011=VERTEX_POINT('',#3109);
#1012=VERTEX_POINT('',#3111);
#1013=VERTEX_POINT('',#3114);
#1014=VERTEX_POINT('',#3116);
#1015=VERTEX_POINT('',#3118);
#1016=VERTEX_POINT('',#3122);
#1017=VERTEX_POINT('',#3124);
#1018=VERTEX_POINT('',#3126);
#1019=VERTEX_POINT('',#3130);
#1020=VERTEX_POINT('',#3133);
#1021=VERTEX_POINT('',#3135);
#1022=VERTEX_POINT('',#3139);
#1023=VERTEX_POINT('',#3141);
#1024=VERTEX_POINT('',#3143);
#1025=VERTEX_POINT('',#3147);
#1026=VERTEX_POINT('',#3149);
#1027=VERTEX_POINT('',#3153);
#1028=VERTEX_POINT('',#3155);
#1029=VERTEX_POINT('',#3157);
#1030=VERTEX_POINT('',#3159);
#1031=VERTEX_POINT('',#3161);
#1032=VERTEX_POINT('',#3163);
#1033=VERTEX_POINT('',#3167);
#1034=VERTEX_POINT('',#3169);
#1035=VERTEX_POINT('',#3173);
#1036=VERTEX_POINT('',#3178);
#1037=VERTEX_POINT('',#3180);
#1038=VERTEX_POINT('',#3184);
#1039=VERTEX_POINT('',#3188);
#1040=VERTEX_POINT('',#3194);
#1041=VERTEX_POINT('',#3199);
#1042=VERTEX_POINT('',#3204);
#1043=VERTEX_POINT('',#3206);
#1044=VERTEX_POINT('',#3208);
#1045=VERTEX_POINT('',#3210);
#1046=VERTEX_POINT('',#3214);
#1047=VERTEX_POINT('',#3216);
#1048=VERTEX_POINT('',#3220);
#1049=VERTEX_POINT('',#3224);
#1050=VERTEX_POINT('',#3228);
#1051=VERTEX_POINT('',#3232);
#1052=VERTEX_POINT('',#3238);
#1053=VERTEX_POINT('',#3243);
#1054=VERTEX_POINT('',#3245);
#1055=VERTEX_POINT('',#3247);
#1056=VERTEX_POINT('',#3249);
#1057=VERTEX_POINT('',#3251);
#1058=VERTEX_POINT('',#3267);
#1059=VERTEX_POINT('',#3269);
#1060=VERTEX_POINT('',#3273);
#1061=VERTEX_POINT('',#3279);
#1062=VERTEX_POINT('',#3280);
#1063=VERTEX_POINT('',#3282);
#1064=VERTEX_POINT('',#3284);
#1065=VERTEX_POINT('',#3289);
#1066=VERTEX_POINT('',#3291);
#1067=VERTEX_POINT('',#3295);
#1068=VERTEX_POINT('',#3296);
#1069=VERTEX_POINT('',#3298);
#1070=VERTEX_POINT('',#3300);
#1071=VERTEX_POINT('',#3303);
#1072=VERTEX_POINT('',#3305);
#1073=VERTEX_POINT('',#3307);
#1074=VERTEX_POINT('',#3309);
#1075=VERTEX_POINT('',#3311);
#1076=VERTEX_POINT('',#3313);
#1077=VERTEX_POINT('',#3317);
#1078=VERTEX_POINT('',#3319);
#1079=VERTEX_POINT('',#3323);
#1080=VERTEX_POINT('',#3325);
#1081=VERTEX_POINT('',#3329);
#1082=VERTEX_POINT('',#3335);
#1083=VERTEX_POINT('',#3339);
#1084=VERTEX_POINT('',#3341);
#1085=VERTEX_POINT('',#3345);
#1086=VERTEX_POINT('',#3349);
#1087=VERTEX_POINT('',#3351);
#1088=VERTEX_POINT('',#3354);
#1089=VERTEX_POINT('',#3356);
#1090=VERTEX_POINT('',#3358);
#1091=VERTEX_POINT('',#3360);
#1092=VERTEX_POINT('',#3362);
#1093=VERTEX_POINT('',#3376);
#1094=VERTEX_POINT('',#3378);
#1095=VERTEX_POINT('',#3382);
#1096=VERTEX_POINT('',#3386);
#1097=VERTEX_POINT('',#3406);
#1098=VERTEX_POINT('',#3408);
#1099=VERTEX_POINT('',#3411);
#1100=VERTEX_POINT('',#3413);
#1101=VERTEX_POINT('',#3423);
#1102=VERTEX_POINT('',#3427);
#1103=VERTEX_POINT('',#3432);
#1104=VERTEX_POINT('',#3436);
#1105=VERTEX_POINT('',#3444);
#1106=VERTEX_POINT('',#3446);
#1107=VERTEX_POINT('',#3450);
#1108=VERTEX_POINT('',#3451);
#1109=VERTEX_POINT('',#3465);
#1110=VERTEX_POINT('',#3469);
#1111=VERTEX_POINT('',#3473);
#1112=VERTEX_POINT('',#3475);
#1113=VERTEX_POINT('',#3484);
#1114=VERTEX_POINT('',#3486);
#1115=VERTEX_POINT('',#3490);
#1116=VERTEX_POINT('',#3492);
#1117=VERTEX_POINT('',#3501);
#1118=VERTEX_POINT('',#3503);
#1119=VERTEX_POINT('',#3507);
#1120=VERTEX_POINT('',#3509);
#1121=EDGE_CURVE('',#926,#927,#410,.T.);
#1122=EDGE_CURVE('',#928,#926,#365,.T.);
#1123=EDGE_CURVE('',#929,#928,#363,.T.);
#1124=EDGE_CURVE('',#929,#927,#366,.T.);
#1125=EDGE_CURVE('',#930,#931,#367,.T.);
#1126=EDGE_CURVE('',#931,#932,#411,.T.);
#1127=EDGE_CURVE('',#927,#932,#368,.T.);
#1128=EDGE_CURVE('',#930,#929,#412,.T.);
#1129=EDGE_CURVE('',#933,#934,#413,.T.);
#1130=EDGE_CURVE('',#935,#934,#414,.T.);
#1131=EDGE_CURVE('',#936,#935,#415,.T.);
#1132=EDGE_CURVE('',#937,#936,#416,.T.);
#1133=EDGE_CURVE('',#937,#938,#417,.T.);
#1134=EDGE_CURVE('',#939,#938,#418,.T.);
#1135=EDGE_CURVE('',#940,#939,#419,.T.);
#1136=EDGE_CURVE('',#933,#940,#420,.T.);
#1137=EDGE_CURVE('',#941,#930,#421,.T.);
#1138=EDGE_CURVE('',#941,#942,#422,.T.);
#1139=EDGE_CURVE('',#943,#942,#423,.T.);
#1140=EDGE_CURVE('',#944,#943,#424,.T.);
#1141=EDGE_CURVE('',#944,#945,#425,.T.);
#1142=EDGE_CURVE('',#933,#945,#426,.T.);
#1143=EDGE_CURVE('',#940,#946,#427,.T.);
#1144=EDGE_CURVE('',#947,#946,#428,.T.);
#1145=EDGE_CURVE('',#947,#948,#429,.T.);
#1146=EDGE_CURVE('',#948,#949,#430,.T.);
#1147=EDGE_CURVE('',#950,#949,#431,.T.);
#1148=EDGE_CURVE('',#931,#950,#432,.T.);
#1149=EDGE_CURVE('',#951,#952,#433,.T.);
#1150=EDGE_CURVE('',#952,#953,#434,.T.);
#1151=EDGE_CURVE('',#954,#953,#435,.T.);
#1152=EDGE_CURVE('',#951,#954,#436,.T.);
#1153=EDGE_CURVE('',#955,#956,#437,.T.);
#1154=EDGE_CURVE('',#956,#957,#438,.T.);
#1155=EDGE_CURVE('',#958,#957,#439,.T.);
#1156=EDGE_CURVE('',#955,#958,#440,.T.);
#1157=EDGE_CURVE('',#959,#960,#441,.T.);
#1158=EDGE_CURVE('',#961,#959,#442,.T.);
#1159=EDGE_CURVE('',#962,#961,#443,.T.);
#1160=EDGE_CURVE('',#962,#960,#444,.T.);
#1161=EDGE_CURVE('',#958,#963,#445,.T.);
#1162=EDGE_CURVE('',#964,#963,#369,.T.);
#1163=EDGE_CURVE('',#965,#964,#370,.T.);
#1164=EDGE_CURVE('',#966,#965,#371,.T.);
#1165=EDGE_CURVE('',#966,#967,#446,.T.);
#1166=EDGE_CURVE('',#967,#968,#447,.T.);
#1167=EDGE_CURVE('',#968,#969,#448,.T.);
#1168=EDGE_CURVE('',#970,#969,#372,.T.);
#1169=EDGE_CURVE('',#971,#970,#373,.T.);
#1170=EDGE_CURVE('',#972,#971,#374,.T.);
#1171=EDGE_CURVE('',#972,#955,#449,.T.);
#1172=EDGE_CURVE('',#960,#973,#450,.T.);
#1173=EDGE_CURVE('',#974,#962,#451,.T.);
#1174=EDGE_CURVE('',#974,#973,#452,.T.);
#1175=EDGE_CURVE('',#975,#974,#453,.T.);
#1176=EDGE_CURVE('',#976,#975,#454,.T.);
#1177=EDGE_CURVE('',#976,#973,#455,.T.);
#1178=EDGE_CURVE('',#976,#977,#456,.T.);
#1179=EDGE_CURVE('',#977,#960,#457,.T.);
#1180=EDGE_CURVE('',#978,#977,#458,.T.);
#1181=EDGE_CURVE('',#959,#978,#459,.T.);
#1182=EDGE_CURVE('',#979,#957,#460,.T.);
#1183=EDGE_CURVE('',#963,#979,#461,.T.);
#1184=EDGE_CURVE('',#980,#967,#462,.T.);
#1185=EDGE_CURVE('',#966,#981,#463,.T.);
#1186=EDGE_CURVE('',#980,#981,#464,.T.);
#1187=EDGE_CURVE('',#982,#983,#465,.T.);
#1188=EDGE_CURVE('',#983,#984,#466,.T.);
#1189=EDGE_CURVE('',#984,#985,#467,.T.);
#1190=EDGE_CURVE('',#985,#982,#468,.T.);
#1191=EDGE_CURVE('',#986,#978,#469,.T.);
#1192=EDGE_CURVE('',#961,#986,#470,.T.);
#1193=EDGE_CURVE('',#987,#982,#471,.T.);
#1194=EDGE_CURVE('',#988,#985,#472,.T.);
#1195=EDGE_CURVE('',#988,#989,#473,.T.);
#1196=EDGE_CURVE('',#990,#989,#474,.T.);
#1197=EDGE_CURVE('',#991,#990,#475,.T.);
#1198=EDGE_CURVE('',#987,#991,#476,.T.);
#1199=EDGE_CURVE('',#991,#992,#477,.T.);
#1200=EDGE_CURVE('',#993,#992,#478,.T.);
#1201=EDGE_CURVE('',#987,#993,#479,.T.);
#1202=EDGE_CURVE('',#994,#983,#480,.T.);
#1203=EDGE_CURVE('',#993,#995,#481,.T.);
#1204=EDGE_CURVE('',#996,#995,#482,.T.);
#1205=EDGE_CURVE('',#997,#996,#483,.T.);
#1206=EDGE_CURVE('',#994,#997,#484,.T.);
#1207=EDGE_CURVE('',#998,#999,#485,.T.);
#1208=EDGE_CURVE('',#998,#1000,#486,.T.);
#1209=EDGE_CURVE('',#1001,#1000,#487,.T.);
#1210=EDGE_CURVE('',#937,#1001,#488,.T.);
#1211=EDGE_CURVE('',#936,#1002,#489,.T.);
#1212=EDGE_CURVE('',#1003,#1002,#490,.T.);
#1213=EDGE_CURVE('',#1004,#1003,#491,.T.);
#1214=EDGE_CURVE('',#1005,#1004,#492,.T.);
#1215=EDGE_CURVE('',#1005,#1006,#493,.T.);
#1216=EDGE_CURVE('',#1007,#1006,#494,.T.);
#1217=EDGE_CURVE('',#994,#1007,#495,.T.);
#1218=EDGE_CURVE('',#1008,#997,#496,.T.);
#1219=EDGE_CURVE('',#1009,#1008,#497,.T.);
#1220=EDGE_CURVE('',#999,#1009,#498,.T.);
#1221=EDGE_CURVE('',#1010,#1011,#499,.T.);
#1222=EDGE_CURVE('',#1012,#1010,#500,.T.);
#1223=EDGE_CURVE('',#1012,#989,#501,.T.);
#1224=EDGE_CURVE('',#1013,#988,#502,.T.);
#1225=EDGE_CURVE('',#1014,#1013,#503,.T.);
#1226=EDGE_CURVE('',#1015,#1014,#504,.T.);
#1227=EDGE_CURVE('',#1011,#1015,#505,.T.);
#1228=EDGE_CURVE('',#1009,#1016,#506,.T.);
#1229=EDGE_CURVE('',#1017,#1016,#507,.T.);
#1230=EDGE_CURVE('',#1018,#1017,#508,.T.);
#1231=EDGE_CURVE('',#999,#1018,#509,.T.);
#1232=EDGE_CURVE('',#1019,#1018,#510,.T.);
#1233=EDGE_CURVE('',#1005,#1019,#511,.T.);
#1234=EDGE_CURVE('',#1020,#1004,#512,.T.);
#1235=EDGE_CURVE('',#1021,#1020,#513,.T.);
#1236=EDGE_CURVE('',#1021,#998,#514,.T.);
#1237=EDGE_CURVE('',#1000,#1022,#515,.T.);
#1238=EDGE_CURVE('',#1023,#1021,#516,.T.);
#1239=EDGE_CURVE('',#1023,#1024,#517,.T.);
#1240=EDGE_CURVE('',#1024,#1022,#518,.T.);
#1241=EDGE_CURVE('',#1022,#1025,#375,.T.);
#1242=EDGE_CURVE('',#1024,#1026,#376,.T.);
#1243=EDGE_CURVE('',#1026,#1025,#519,.T.);
#1244=EDGE_CURVE('',#1025,#1027,#520,.T.);
#1245=EDGE_CURVE('',#1026,#1028,#521,.T.);
#1246=EDGE_CURVE('',#1028,#1029,#522,.T.);
#1247=EDGE_CURVE('',#1029,#1030,#523,.T.);
#1248=EDGE_CURVE('',#1031,#1030,#524,.T.);
#1249=EDGE_CURVE('',#1031,#1032,#525,.T.);
#1250=EDGE_CURVE('',#1027,#1032,#526,.T.);
#1251=EDGE_CURVE('',#1027,#1033,#377,.T.);
#1252=EDGE_CURVE('',#1034,#1032,#378,.T.);
#1253=EDGE_CURVE('',#1033,#1034,#527,.T.);
#1254=EDGE_CURVE('',#1035,#1020,#528,.T.);
#1255=EDGE_CURVE('',#1003,#1033,#529,.T.);
#1256=EDGE_CURVE('',#1034,#1035,#530,.T.);
#1257=EDGE_CURVE('',#1034,#1036,#379,.T.);
#1258=EDGE_CURVE('',#1036,#1037,#531,.T.);
#1259=EDGE_CURVE('',#1035,#1037,#380,.T.);
#1260=EDGE_CURVE('',#1038,#1037,#532,.T.);
#1261=EDGE_CURVE('',#1038,#1023,#381,.T.);
#1262=EDGE_CURVE('',#1038,#1039,#533,.T.);
#1263=EDGE_CURVE('',#1024,#1039,#382,.T.);
#1264=EDGE_CURVE('',#1039,#1026,#383,.T.);
#1265=EDGE_CURVE('',#1031,#1040,#384,.T.);
#1266=EDGE_CURVE('',#1040,#1036,#534,.T.);
#1267=EDGE_CURVE('',#1032,#1036,#385,.T.);
#1268=EDGE_CURVE('',#1039,#1041,#535,.T.);
#1269=EDGE_CURVE('',#1028,#1041,#386,.T.);
#1270=EDGE_CURVE('',#1040,#1042,#536,.T.);
#1271=EDGE_CURVE('',#1043,#1042,#387,.T.);
#1272=EDGE_CURVE('',#1044,#1043,#537,.T.);
#1273=EDGE_CURVE('',#1045,#1044,#388,.T.);
#1274=EDGE_CURVE('',#1041,#1045,#538,.T.);
#1275=EDGE_CURVE('',#1045,#1046,#539,.T.);
#1276=EDGE_CURVE('',#1047,#1046,#540,.T.);
#1277=EDGE_CURVE('',#1029,#1047,#541,.T.);
#1278=EDGE_CURVE('',#1047,#1048,#542,.T.);
#1279=EDGE_CURVE('',#1048,#1030,#543,.T.);
#1280=EDGE_CURVE('',#1048,#1049,#544,.T.);
#1281=EDGE_CURVE('',#1042,#1049,#545,.T.);
#1282=EDGE_CURVE('',#1050,#1049,#389,.T.);
#1283=EDGE_CURVE('',#1043,#1050,#546,.T.);
#1284=EDGE_CURVE('',#1051,#1050,#547,.T.);
#1285=EDGE_CURVE('',#1044,#1051,#548,.T.);
#1286=EDGE_CURVE('',#1046,#1051,#390,.T.);
#1287=EDGE_CURVE('',#1052,#1048,#549,.T.);
#1288=EDGE_CURVE('',#1019,#1052,#550,.T.);
#1289=EDGE_CURVE('',#1047,#1017,#551,.T.);
#1290=EDGE_CURVE('',#1053,#1016,#552,.T.);
#1291=EDGE_CURVE('',#1053,#1054,#553,.T.);
#1292=EDGE_CURVE('',#1054,#1055,#554,.T.);
#1293=EDGE_CURVE('',#1055,#1056,#555,.T.);
#1294=EDGE_CURVE('',#1056,#1057,#556,.T.);
#1295=EDGE_CURVE('',#1057,#1052,#557,.T.);
#1296=EDGE_CURVE('',#1006,#1057,#558,.T.);
#1297=EDGE_CURVE('',#1013,#1056,#559,.T.);
#1298=EDGE_CURVE('',#1007,#984,#560,.T.);
#1299=EDGE_CURVE('',#1014,#1055,#561,.T.);
#1300=EDGE_CURVE('',#1015,#1054,#562,.T.);
#1301=EDGE_CURVE('',#1011,#1053,#563,.T.);
#1302=EDGE_CURVE('',#1008,#1058,#564,.T.);
#1303=EDGE_CURVE('',#1059,#1058,#565,.T.);
#1304=EDGE_CURVE('',#1010,#1059,#566,.T.);
#1305=EDGE_CURVE('',#992,#1060,#567,.T.);
#1306=EDGE_CURVE('',#1060,#1012,#568,.T.);
#1307=EDGE_CURVE('',#995,#1059,#569,.T.);
#1308=EDGE_CURVE('',#1058,#996,#570,.T.);
#1309=EDGE_CURVE('',#1061,#1062,#571,.T.);
#1310=EDGE_CURVE('',#1063,#1062,#572,.T.);
#1311=EDGE_CURVE('',#1064,#1063,#573,.T.);
#1312=EDGE_CURVE('',#1064,#1061,#574,.T.);
#1313=EDGE_CURVE('',#1061,#1065,#575,.T.);
#1314=EDGE_CURVE('',#1066,#1064,#576,.T.);
#1315=EDGE_CURVE('',#1066,#1065,#577,.T.);
#1316=EDGE_CURVE('',#1067,#1068,#391,.T.);
#1317=EDGE_CURVE('',#1069,#1067,#392,.T.);
#1318=EDGE_CURVE('',#1070,#1069,#393,.T.);
#1319=EDGE_CURVE('',#1070,#951,#578,.T.);
#1320=EDGE_CURVE('',#954,#1071,#579,.T.);
#1321=EDGE_CURVE('',#1072,#1071,#394,.T.);
#1322=EDGE_CURVE('',#1073,#1072,#395,.T.);
#1323=EDGE_CURVE('',#1074,#1073,#396,.T.);
#1324=EDGE_CURVE('',#1074,#1075,#580,.T.);
#1325=EDGE_CURVE('',#1075,#1076,#581,.T.);
#1326=EDGE_CURVE('',#1076,#1068,#582,.T.);
#1327=EDGE_CURVE('',#1065,#1077,#583,.T.);
#1328=EDGE_CURVE('',#1078,#1066,#584,.T.);
#1329=EDGE_CURVE('',#1078,#1077,#585,.T.);
#1330=EDGE_CURVE('',#1079,#1078,#586,.T.);
#1331=EDGE_CURVE('',#1080,#1079,#587,.T.);
#1332=EDGE_CURVE('',#1080,#1077,#588,.T.);
#1333=EDGE_CURVE('',#1080,#1081,#589,.T.);
#1334=EDGE_CURVE('',#1081,#1065,#590,.T.);
#1335=EDGE_CURVE('',#1062,#1081,#591,.T.);
#1336=EDGE_CURVE('',#1071,#1082,#592,.T.);
#1337=EDGE_CURVE('',#1082,#953,#593,.T.);
#1338=EDGE_CURVE('',#1074,#1083,#594,.T.);
#1339=EDGE_CURVE('',#1084,#1083,#595,.T.);
#1340=EDGE_CURVE('',#1084,#1075,#596,.T.);
#1341=EDGE_CURVE('',#1085,#1063,#597,.T.);
#1342=EDGE_CURVE('',#1081,#1085,#598,.T.);
#1343=EDGE_CURVE('',#1083,#1086,#397,.T.);
#1344=EDGE_CURVE('',#1086,#1087,#398,.T.);
#1345=EDGE_CURVE('',#1087,#1082,#399,.T.);
#1346=EDGE_CURVE('',#952,#1088,#599,.T.);
#1347=EDGE_CURVE('',#1088,#1089,#400,.T.);
#1348=EDGE_CURVE('',#1089,#1090,#401,.T.);
#1349=EDGE_CURVE('',#1090,#1091,#402,.T.);
#1350=EDGE_CURVE('',#1091,#1092,#600,.T.);
#1351=EDGE_CURVE('',#1092,#1084,#601,.T.);
#1352=EDGE_CURVE('',#1085,#1079,#602,.T.);
#1353=EDGE_CURVE('',#1085,#1066,#603,.T.);
#1354=EDGE_CURVE('',#1068,#1091,#604,.T.);
#1355=EDGE_CURVE('',#1092,#1076,#605,.T.);
#1356=EDGE_CURVE('',#1070,#1088,#606,.T.);
#1357=EDGE_CURVE('',#1093,#1076,#607,.T.);
#1358=EDGE_CURVE('',#1094,#1093,#608,.T.);
#1359=EDGE_CURVE('',#1094,#1092,#609,.T.);
#1360=EDGE_CURVE('',#1084,#1095,#610,.T.);
#1361=EDGE_CURVE('',#1094,#1095,#611,.T.);
#1362=EDGE_CURVE('',#1096,#1093,#612,.T.);
#1363=EDGE_CURVE('',#1095,#1096,#613,.T.);
#1364=EDGE_CURVE('',#1096,#1075,#614,.T.);
#1365=EDGE_CURVE('',#1067,#1090,#615,.T.);
#1366=EDGE_CURVE('',#1069,#1089,#616,.T.);
#1367=EDGE_CURVE('',#1072,#1087,#617,.T.);
#1368=EDGE_CURVE('',#1073,#1086,#618,.T.);
#1369=EDGE_CURVE('',#990,#1060,#619,.T.);
#1370=EDGE_CURVE('',#950,#1097,#620,.T.);
#1371=EDGE_CURVE('',#1098,#1097,#621,.T.);
#1372=EDGE_CURVE('',#1098,#1001,#622,.T.);
#1373=EDGE_CURVE('',#1099,#1002,#623,.T.);
#1374=EDGE_CURVE('',#1100,#1099,#624,.T.);
#1375=EDGE_CURVE('',#941,#1100,#625,.T.);
#1376=EDGE_CURVE('',#928,#932,#364,.T.);
#1377=EDGE_CURVE('',#926,#928,#403,.T.);
#1378=EDGE_CURVE('',#1101,#1100,#626,.T.);
#1379=EDGE_CURVE('',#942,#1101,#627,.T.);
#1380=EDGE_CURVE('',#1102,#1101,#628,.T.);
#1381=EDGE_CURVE('',#943,#1102,#629,.T.);
#1382=EDGE_CURVE('',#1099,#1102,#630,.T.);
#1383=EDGE_CURVE('',#1103,#935,#631,.T.);
#1384=EDGE_CURVE('',#944,#1103,#632,.T.);
#1385=EDGE_CURVE('',#1104,#1103,#633,.T.);
#1386=EDGE_CURVE('',#945,#1104,#634,.T.);
#1387=EDGE_CURVE('',#934,#1104,#635,.T.);
#1388=EDGE_CURVE('',#1097,#1105,#636,.T.);
#1389=EDGE_CURVE('',#1105,#1106,#637,.T.);
#1390=EDGE_CURVE('',#1106,#1098,#638,.T.);
#1391=EDGE_CURVE('',#1107,#1108,#639,.T.);
#1392=EDGE_CURVE('',#1108,#939,#640,.T.);
#1393=EDGE_CURVE('',#938,#1107,#641,.T.);
#1394=EDGE_CURVE('',#948,#1106,#642,.T.);
#1395=EDGE_CURVE('',#947,#1107,#643,.T.);
#1396=EDGE_CURVE('',#946,#1108,#644,.T.);
#1397=EDGE_CURVE('',#949,#1105,#645,.T.);
#1398=EDGE_CURVE('',#1109,#986,#646,.T.);
#1399=EDGE_CURVE('',#1109,#962,#647,.T.);
#1400=EDGE_CURVE('',#972,#1110,#648,.T.);
#1401=EDGE_CURVE('',#956,#1110,#649,.T.);
#1402=EDGE_CURVE('',#1111,#968,#650,.T.);
#1403=EDGE_CURVE('',#1112,#1111,#651,.T.);
#1404=EDGE_CURVE('',#969,#1112,#652,.T.);
#1405=EDGE_CURVE('',#1109,#975,#653,.T.);
#1406=EDGE_CURVE('',#977,#1109,#654,.T.);
#1407=EDGE_CURVE('',#1110,#1113,#404,.T.);
#1408=EDGE_CURVE('',#1113,#1114,#405,.T.);
#1409=EDGE_CURVE('',#1114,#1112,#406,.T.);
#1410=EDGE_CURVE('',#1111,#980,#655,.T.);
#1411=EDGE_CURVE('',#981,#1115,#407,.T.);
#1412=EDGE_CURVE('',#1115,#1116,#408,.T.);
#1413=EDGE_CURVE('',#1116,#979,#409,.T.);
#1414=EDGE_CURVE('',#964,#1116,#656,.T.);
#1415=EDGE_CURVE('',#965,#1115,#657,.T.);
#1416=EDGE_CURVE('',#980,#1117,#658,.T.);
#1417=EDGE_CURVE('',#1118,#1111,#659,.T.);
#1418=EDGE_CURVE('',#1118,#1117,#660,.T.);
#1419=EDGE_CURVE('',#1118,#1119,#661,.T.);
#1420=EDGE_CURVE('',#1120,#1119,#662,.T.);
#1421=EDGE_CURVE('',#1117,#1120,#663,.T.);
#1422=EDGE_CURVE('',#1120,#967,#664,.T.);
#1423=EDGE_CURVE('',#1119,#968,#665,.T.);
#1424=EDGE_CURVE('',#970,#1114,#666,.T.);
#1425=EDGE_CURVE('',#971,#1113,#667,.T.);
#1426=ORIENTED_EDGE('',*,*,#1121,.F.);
#1427=ORIENTED_EDGE('',*,*,#1122,.F.);
#1428=ORIENTED_EDGE('',*,*,#1123,.F.);
#1429=ORIENTED_EDGE('',*,*,#1124,.T.);
#1430=ORIENTED_EDGE('',*,*,#1125,.T.);
#1431=ORIENTED_EDGE('',*,*,#1126,.T.);
#1432=ORIENTED_EDGE('',*,*,#1127,.F.);
#1433=ORIENTED_EDGE('',*,*,#1124,.F.);
#1434=ORIENTED_EDGE('',*,*,#1128,.F.);
#1435=ORIENTED_EDGE('',*,*,#1129,.T.);
#1436=ORIENTED_EDGE('',*,*,#1130,.F.);
#1437=ORIENTED_EDGE('',*,*,#1131,.F.);
#1438=ORIENTED_EDGE('',*,*,#1132,.F.);
#1439=ORIENTED_EDGE('',*,*,#1133,.T.);
#1440=ORIENTED_EDGE('',*,*,#1134,.F.);
#1441=ORIENTED_EDGE('',*,*,#1135,.F.);
#1442=ORIENTED_EDGE('',*,*,#1136,.F.);
#1443=ORIENTED_EDGE('',*,*,#1137,.F.);
#1444=ORIENTED_EDGE('',*,*,#1138,.T.);
#1445=ORIENTED_EDGE('',*,*,#1139,.F.);
#1446=ORIENTED_EDGE('',*,*,#1140,.F.);
#1447=ORIENTED_EDGE('',*,*,#1141,.T.);
#1448=ORIENTED_EDGE('',*,*,#1142,.F.);
#1449=ORIENTED_EDGE('',*,*,#1136,.T.);
#1450=ORIENTED_EDGE('',*,*,#1143,.T.);
#1451=ORIENTED_EDGE('',*,*,#1144,.F.);
#1452=ORIENTED_EDGE('',*,*,#1145,.T.);
#1453=ORIENTED_EDGE('',*,*,#1146,.T.);
#1454=ORIENTED_EDGE('',*,*,#1147,.F.);
#1455=ORIENTED_EDGE('',*,*,#1148,.F.);
#1456=ORIENTED_EDGE('',*,*,#1125,.F.);
#1457=ORIENTED_EDGE('',*,*,#1149,.T.);
#1458=ORIENTED_EDGE('',*,*,#1150,.T.);
#1459=ORIENTED_EDGE('',*,*,#1151,.F.);
#1460=ORIENTED_EDGE('',*,*,#1152,.F.);
#1461=ORIENTED_EDGE('',*,*,#1153,.T.);
#1462=ORIENTED_EDGE('',*,*,#1154,.T.);
#1463=ORIENTED_EDGE('',*,*,#1155,.F.);
#1464=ORIENTED_EDGE('',*,*,#1156,.F.);
#1465=ORIENTED_EDGE('',*,*,#1157,.F.);
#1466=ORIENTED_EDGE('',*,*,#1158,.F.);
#1467=ORIENTED_EDGE('',*,*,#1159,.F.);
#1468=ORIENTED_EDGE('',*,*,#1160,.T.);
#1469=ORIENTED_EDGE('',*,*,#1156,.T.);
#1470=ORIENTED_EDGE('',*,*,#1161,.T.);
#1471=ORIENTED_EDGE('',*,*,#1162,.F.);
#1472=ORIENTED_EDGE('',*,*,#1163,.F.);
#1473=ORIENTED_EDGE('',*,*,#1164,.F.);
#1474=ORIENTED_EDGE('',*,*,#1165,.T.);
#1475=ORIENTED_EDGE('',*,*,#1166,.T.);
#1476=ORIENTED_EDGE('',*,*,#1167,.T.);
#1477=ORIENTED_EDGE('',*,*,#1168,.F.);
#1478=ORIENTED_EDGE('',*,*,#1169,.F.);
#1479=ORIENTED_EDGE('',*,*,#1170,.F.);
#1480=ORIENTED_EDGE('',*,*,#1171,.T.);
#1481=ORIENTED_EDGE('',*,*,#1172,.F.);
#1482=ORIENTED_EDGE('',*,*,#1160,.F.);
#1483=ORIENTED_EDGE('',*,*,#1173,.F.);
#1484=ORIENTED_EDGE('',*,*,#1174,.T.);
#1485=ORIENTED_EDGE('',*,*,#1174,.F.);
#1486=ORIENTED_EDGE('',*,*,#1175,.F.);
#1487=ORIENTED_EDGE('',*,*,#1176,.F.);
#1488=ORIENTED_EDGE('',*,*,#1177,.T.);
#1489=ORIENTED_EDGE('',*,*,#1178,.T.);
#1490=ORIENTED_EDGE('',*,*,#1179,.T.);
#1491=ORIENTED_EDGE('',*,*,#1172,.T.);
#1492=ORIENTED_EDGE('',*,*,#1177,.F.);
#1493=ORIENTED_EDGE('',*,*,#1180,.F.);
#1494=ORIENTED_EDGE('',*,*,#1181,.F.);
#1495=ORIENTED_EDGE('',*,*,#1157,.T.);
#1496=ORIENTED_EDGE('',*,*,#1179,.F.);
#1497=ORIENTED_EDGE('',*,*,#1155,.T.);
#1498=ORIENTED_EDGE('',*,*,#1182,.F.);
#1499=ORIENTED_EDGE('',*,*,#1183,.F.);
#1500=ORIENTED_EDGE('',*,*,#1161,.F.);
#1501=ORIENTED_EDGE('',*,*,#1184,.T.);
#1502=ORIENTED_EDGE('',*,*,#1165,.F.);
#1503=ORIENTED_EDGE('',*,*,#1185,.T.);
#1504=ORIENTED_EDGE('',*,*,#1186,.F.);
#1505=ORIENTED_EDGE('',*,*,#1187,.T.);
#1506=ORIENTED_EDGE('',*,*,#1188,.T.);
#1507=ORIENTED_EDGE('',*,*,#1189,.T.);
#1508=ORIENTED_EDGE('',*,*,#1190,.T.);
#1509=ORIENTED_EDGE('',*,*,#1181,.T.);
#1510=ORIENTED_EDGE('',*,*,#1191,.F.);
#1511=ORIENTED_EDGE('',*,*,#1192,.F.);
#1512=ORIENTED_EDGE('',*,*,#1158,.T.);
#1513=ORIENTED_EDGE('',*,*,#1193,.T.);
#1514=ORIENTED_EDGE('',*,*,#1190,.F.);
#1515=ORIENTED_EDGE('',*,*,#1194,.F.);
#1516=ORIENTED_EDGE('',*,*,#1195,.T.);
#1517=ORIENTED_EDGE('',*,*,#1196,.F.);
#1518=ORIENTED_EDGE('',*,*,#1197,.F.);
#1519=ORIENTED_EDGE('',*,*,#1198,.F.);
#1520=ORIENTED_EDGE('',*,*,#1199,.T.);
#1521=ORIENTED_EDGE('',*,*,#1200,.F.);
#1522=ORIENTED_EDGE('',*,*,#1201,.F.);
#1523=ORIENTED_EDGE('',*,*,#1198,.T.);
#1524=ORIENTED_EDGE('',*,*,#1202,.T.);
#1525=ORIENTED_EDGE('',*,*,#1187,.F.);
#1526=ORIENTED_EDGE('',*,*,#1193,.F.);
#1527=ORIENTED_EDGE('',*,*,#1201,.T.);
#1528=ORIENTED_EDGE('',*,*,#1203,.T.);
#1529=ORIENTED_EDGE('',*,*,#1204,.F.);
#1530=ORIENTED_EDGE('',*,*,#1205,.F.);
#1531=ORIENTED_EDGE('',*,*,#1206,.F.);
#1532=ORIENTED_EDGE('',*,*,#1207,.F.);
#1533=ORIENTED_EDGE('',*,*,#1208,.T.);
#1534=ORIENTED_EDGE('',*,*,#1209,.F.);
#1535=ORIENTED_EDGE('',*,*,#1210,.F.);
#1536=ORIENTED_EDGE('',*,*,#1132,.T.);
#1537=ORIENTED_EDGE('',*,*,#1211,.T.);
#1538=ORIENTED_EDGE('',*,*,#1212,.F.);
#1539=ORIENTED_EDGE('',*,*,#1213,.F.);
#1540=ORIENTED_EDGE('',*,*,#1214,.F.);
#1541=ORIENTED_EDGE('',*,*,#1215,.T.);
#1542=ORIENTED_EDGE('',*,*,#1216,.F.);
#1543=ORIENTED_EDGE('',*,*,#1217,.F.);
#1544=ORIENTED_EDGE('',*,*,#1206,.T.);
#1545=ORIENTED_EDGE('',*,*,#1218,.F.);
#1546=ORIENTED_EDGE('',*,*,#1219,.F.);
#1547=ORIENTED_EDGE('',*,*,#1220,.F.);
#1548=ORIENTED_EDGE('',*,*,#1221,.F.);
#1549=ORIENTED_EDGE('',*,*,#1222,.F.);
#1550=ORIENTED_EDGE('',*,*,#1223,.T.);
#1551=ORIENTED_EDGE('',*,*,#1195,.F.);
#1552=ORIENTED_EDGE('',*,*,#1224,.F.);
#1553=ORIENTED_EDGE('',*,*,#1225,.F.);
#1554=ORIENTED_EDGE('',*,*,#1226,.F.);
#1555=ORIENTED_EDGE('',*,*,#1227,.F.);
#1556=ORIENTED_EDGE('',*,*,#1228,.T.);
#1557=ORIENTED_EDGE('',*,*,#1229,.F.);
#1558=ORIENTED_EDGE('',*,*,#1230,.F.);
#1559=ORIENTED_EDGE('',*,*,#1231,.F.);
#1560=ORIENTED_EDGE('',*,*,#1220,.T.);
#1561=ORIENTED_EDGE('',*,*,#1232,.F.);
#1562=ORIENTED_EDGE('',*,*,#1233,.F.);
#1563=ORIENTED_EDGE('',*,*,#1214,.T.);
#1564=ORIENTED_EDGE('',*,*,#1234,.F.);
#1565=ORIENTED_EDGE('',*,*,#1235,.F.);
#1566=ORIENTED_EDGE('',*,*,#1236,.T.);
#1567=ORIENTED_EDGE('',*,*,#1207,.T.);
#1568=ORIENTED_EDGE('',*,*,#1231,.T.);
#1569=ORIENTED_EDGE('',*,*,#1237,.F.);
#1570=ORIENTED_EDGE('',*,*,#1208,.F.);
#1571=ORIENTED_EDGE('',*,*,#1236,.F.);
#1572=ORIENTED_EDGE('',*,*,#1238,.F.);
#1573=ORIENTED_EDGE('',*,*,#1239,.T.);
#1574=ORIENTED_EDGE('',*,*,#1240,.T.);
#1575=ORIENTED_EDGE('',*,*,#1241,.F.);
#1576=ORIENTED_EDGE('',*,*,#1240,.F.);
#1577=ORIENTED_EDGE('',*,*,#1242,.T.);
#1578=ORIENTED_EDGE('',*,*,#1243,.T.);
#1579=ORIENTED_EDGE('',*,*,#1244,.F.);
#1580=ORIENTED_EDGE('',*,*,#1243,.F.);
#1581=ORIENTED_EDGE('',*,*,#1245,.T.);
#1582=ORIENTED_EDGE('',*,*,#1246,.T.);
#1583=ORIENTED_EDGE('',*,*,#1247,.T.);
#1584=ORIENTED_EDGE('',*,*,#1248,.F.);
#1585=ORIENTED_EDGE('',*,*,#1249,.T.);
#1586=ORIENTED_EDGE('',*,*,#1250,.F.);
#1587=ORIENTED_EDGE('',*,*,#1251,.F.);
#1588=ORIENTED_EDGE('',*,*,#1250,.T.);
#1589=ORIENTED_EDGE('',*,*,#1252,.F.);
#1590=ORIENTED_EDGE('',*,*,#1253,.F.);
#1591=ORIENTED_EDGE('',*,*,#1254,.T.);
#1592=ORIENTED_EDGE('',*,*,#1234,.T.);
#1593=ORIENTED_EDGE('',*,*,#1213,.T.);
#1594=ORIENTED_EDGE('',*,*,#1255,.T.);
#1595=ORIENTED_EDGE('',*,*,#1253,.T.);
#1596=ORIENTED_EDGE('',*,*,#1256,.T.);
#1597=ORIENTED_EDGE('',*,*,#1256,.F.);
#1598=ORIENTED_EDGE('',*,*,#1257,.T.);
#1599=ORIENTED_EDGE('',*,*,#1258,.T.);
#1600=ORIENTED_EDGE('',*,*,#1259,.F.);
#1601=ORIENTED_EDGE('',*,*,#1260,.F.);
#1602=ORIENTED_EDGE('',*,*,#1261,.T.);
#1603=ORIENTED_EDGE('',*,*,#1238,.T.);
#1604=ORIENTED_EDGE('',*,*,#1235,.T.);
#1605=ORIENTED_EDGE('',*,*,#1254,.F.);
#1606=ORIENTED_EDGE('',*,*,#1259,.T.);
#1607=ORIENTED_EDGE('',*,*,#1262,.T.);
#1608=ORIENTED_EDGE('',*,*,#1263,.F.);
#1609=ORIENTED_EDGE('',*,*,#1239,.F.);
#1610=ORIENTED_EDGE('',*,*,#1261,.F.);
#1611=ORIENTED_EDGE('',*,*,#1242,.F.);
#1612=ORIENTED_EDGE('',*,*,#1263,.T.);
#1613=ORIENTED_EDGE('',*,*,#1264,.T.);
#1614=ORIENTED_EDGE('',*,*,#1249,.F.);
#1615=ORIENTED_EDGE('',*,*,#1265,.T.);
#1616=ORIENTED_EDGE('',*,*,#1266,.T.);
#1617=ORIENTED_EDGE('',*,*,#1267,.F.);
#1618=ORIENTED_EDGE('',*,*,#1268,.T.);
#1619=ORIENTED_EDGE('',*,*,#1269,.F.);
#1620=ORIENTED_EDGE('',*,*,#1245,.F.);
#1621=ORIENTED_EDGE('',*,*,#1264,.F.);
#1622=ORIENTED_EDGE('',*,*,#1257,.F.);
#1623=ORIENTED_EDGE('',*,*,#1252,.T.);
#1624=ORIENTED_EDGE('',*,*,#1267,.T.);
#1625=ORIENTED_EDGE('',*,*,#1266,.F.);
#1626=ORIENTED_EDGE('',*,*,#1270,.T.);
#1627=ORIENTED_EDGE('',*,*,#1271,.F.);
#1628=ORIENTED_EDGE('',*,*,#1272,.F.);
#1629=ORIENTED_EDGE('',*,*,#1273,.F.);
#1630=ORIENTED_EDGE('',*,*,#1274,.F.);
#1631=ORIENTED_EDGE('',*,*,#1268,.F.);
#1632=ORIENTED_EDGE('',*,*,#1262,.F.);
#1633=ORIENTED_EDGE('',*,*,#1260,.T.);
#1634=ORIENTED_EDGE('',*,*,#1258,.F.);
#1635=ORIENTED_EDGE('',*,*,#1269,.T.);
#1636=ORIENTED_EDGE('',*,*,#1274,.T.);
#1637=ORIENTED_EDGE('',*,*,#1275,.T.);
#1638=ORIENTED_EDGE('',*,*,#1276,.F.);
#1639=ORIENTED_EDGE('',*,*,#1277,.F.);
#1640=ORIENTED_EDGE('',*,*,#1246,.F.);
#1641=ORIENTED_EDGE('',*,*,#1277,.T.);
#1642=ORIENTED_EDGE('',*,*,#1278,.T.);
#1643=ORIENTED_EDGE('',*,*,#1279,.T.);
#1644=ORIENTED_EDGE('',*,*,#1247,.F.);
#1645=ORIENTED_EDGE('',*,*,#1279,.F.);
#1646=ORIENTED_EDGE('',*,*,#1280,.T.);
#1647=ORIENTED_EDGE('',*,*,#1281,.F.);
#1648=ORIENTED_EDGE('',*,*,#1270,.F.);
#1649=ORIENTED_EDGE('',*,*,#1265,.F.);
#1650=ORIENTED_EDGE('',*,*,#1248,.T.);
#1651=ORIENTED_EDGE('',*,*,#1281,.T.);
#1652=ORIENTED_EDGE('',*,*,#1282,.F.);
#1653=ORIENTED_EDGE('',*,*,#1283,.F.);
#1654=ORIENTED_EDGE('',*,*,#1271,.T.);
#1655=ORIENTED_EDGE('',*,*,#1283,.T.);
#1656=ORIENTED_EDGE('',*,*,#1284,.F.);
#1657=ORIENTED_EDGE('',*,*,#1285,.F.);
#1658=ORIENTED_EDGE('',*,*,#1272,.T.);
#1659=ORIENTED_EDGE('',*,*,#1285,.T.);
#1660=ORIENTED_EDGE('',*,*,#1286,.F.);
#1661=ORIENTED_EDGE('',*,*,#1275,.F.);
#1662=ORIENTED_EDGE('',*,*,#1273,.T.);
#1663=ORIENTED_EDGE('',*,*,#1286,.T.);
#1664=ORIENTED_EDGE('',*,*,#1284,.T.);
#1665=ORIENTED_EDGE('',*,*,#1282,.T.);
#1666=ORIENTED_EDGE('',*,*,#1280,.F.);
#1667=ORIENTED_EDGE('',*,*,#1287,.F.);
#1668=ORIENTED_EDGE('',*,*,#1288,.F.);
#1669=ORIENTED_EDGE('',*,*,#1232,.T.);
#1670=ORIENTED_EDGE('',*,*,#1230,.T.);
#1671=ORIENTED_EDGE('',*,*,#1289,.F.);
#1672=ORIENTED_EDGE('',*,*,#1276,.T.);
#1673=ORIENTED_EDGE('',*,*,#1289,.T.);
#1674=ORIENTED_EDGE('',*,*,#1229,.T.);
#1675=ORIENTED_EDGE('',*,*,#1290,.F.);
#1676=ORIENTED_EDGE('',*,*,#1291,.T.);
#1677=ORIENTED_EDGE('',*,*,#1292,.T.);
#1678=ORIENTED_EDGE('',*,*,#1293,.T.);
#1679=ORIENTED_EDGE('',*,*,#1294,.T.);
#1680=ORIENTED_EDGE('',*,*,#1295,.T.);
#1681=ORIENTED_EDGE('',*,*,#1287,.T.);
#1682=ORIENTED_EDGE('',*,*,#1278,.F.);
#1683=ORIENTED_EDGE('',*,*,#1233,.T.);
#1684=ORIENTED_EDGE('',*,*,#1288,.T.);
#1685=ORIENTED_EDGE('',*,*,#1295,.F.);
#1686=ORIENTED_EDGE('',*,*,#1296,.F.);
#1687=ORIENTED_EDGE('',*,*,#1215,.F.);
#1688=ORIENTED_EDGE('',*,*,#1297,.F.);
#1689=ORIENTED_EDGE('',*,*,#1224,.T.);
#1690=ORIENTED_EDGE('',*,*,#1194,.T.);
#1691=ORIENTED_EDGE('',*,*,#1189,.F.);
#1692=ORIENTED_EDGE('',*,*,#1298,.F.);
#1693=ORIENTED_EDGE('',*,*,#1216,.T.);
#1694=ORIENTED_EDGE('',*,*,#1296,.T.);
#1695=ORIENTED_EDGE('',*,*,#1294,.F.);
#1696=ORIENTED_EDGE('',*,*,#1298,.T.);
#1697=ORIENTED_EDGE('',*,*,#1188,.F.);
#1698=ORIENTED_EDGE('',*,*,#1202,.F.);
#1699=ORIENTED_EDGE('',*,*,#1217,.T.);
#1700=ORIENTED_EDGE('',*,*,#1297,.T.);
#1701=ORIENTED_EDGE('',*,*,#1293,.F.);
#1702=ORIENTED_EDGE('',*,*,#1299,.F.);
#1703=ORIENTED_EDGE('',*,*,#1225,.T.);
#1704=ORIENTED_EDGE('',*,*,#1299,.T.);
#1705=ORIENTED_EDGE('',*,*,#1292,.F.);
#1706=ORIENTED_EDGE('',*,*,#1300,.F.);
#1707=ORIENTED_EDGE('',*,*,#1226,.T.);
#1708=ORIENTED_EDGE('',*,*,#1300,.T.);
#1709=ORIENTED_EDGE('',*,*,#1291,.F.);
#1710=ORIENTED_EDGE('',*,*,#1301,.F.);
#1711=ORIENTED_EDGE('',*,*,#1227,.T.);
#1712=ORIENTED_EDGE('',*,*,#1228,.F.);
#1713=ORIENTED_EDGE('',*,*,#1219,.T.);
#1714=ORIENTED_EDGE('',*,*,#1302,.T.);
#1715=ORIENTED_EDGE('',*,*,#1303,.F.);
#1716=ORIENTED_EDGE('',*,*,#1304,.F.);
#1717=ORIENTED_EDGE('',*,*,#1221,.T.);
#1718=ORIENTED_EDGE('',*,*,#1301,.T.);
#1719=ORIENTED_EDGE('',*,*,#1290,.T.);
#1720=ORIENTED_EDGE('',*,*,#1305,.T.);
#1721=ORIENTED_EDGE('',*,*,#1306,.T.);
#1722=ORIENTED_EDGE('',*,*,#1222,.T.);
#1723=ORIENTED_EDGE('',*,*,#1304,.T.);
#1724=ORIENTED_EDGE('',*,*,#1307,.F.);
#1725=ORIENTED_EDGE('',*,*,#1203,.F.);
#1726=ORIENTED_EDGE('',*,*,#1200,.T.);
#1727=ORIENTED_EDGE('',*,*,#1204,.T.);
#1728=ORIENTED_EDGE('',*,*,#1307,.T.);
#1729=ORIENTED_EDGE('',*,*,#1303,.T.);
#1730=ORIENTED_EDGE('',*,*,#1308,.T.);
#1731=ORIENTED_EDGE('',*,*,#1309,.T.);
#1732=ORIENTED_EDGE('',*,*,#1310,.F.);
#1733=ORIENTED_EDGE('',*,*,#1311,.F.);
#1734=ORIENTED_EDGE('',*,*,#1312,.T.);
#1735=ORIENTED_EDGE('',*,*,#1205,.T.);
#1736=ORIENTED_EDGE('',*,*,#1308,.F.);
#1737=ORIENTED_EDGE('',*,*,#1302,.F.);
#1738=ORIENTED_EDGE('',*,*,#1218,.T.);
#1739=ORIENTED_EDGE('',*,*,#1313,.F.);
#1740=ORIENTED_EDGE('',*,*,#1312,.F.);
#1741=ORIENTED_EDGE('',*,*,#1314,.F.);
#1742=ORIENTED_EDGE('',*,*,#1315,.T.);
#1743=ORIENTED_EDGE('',*,*,#1316,.F.);
#1744=ORIENTED_EDGE('',*,*,#1317,.F.);
#1745=ORIENTED_EDGE('',*,*,#1318,.F.);
#1746=ORIENTED_EDGE('',*,*,#1319,.T.);
#1747=ORIENTED_EDGE('',*,*,#1152,.T.);
#1748=ORIENTED_EDGE('',*,*,#1320,.T.);
#1749=ORIENTED_EDGE('',*,*,#1321,.F.);
#1750=ORIENTED_EDGE('',*,*,#1322,.F.);
#1751=ORIENTED_EDGE('',*,*,#1323,.F.);
#1752=ORIENTED_EDGE('',*,*,#1324,.T.);
#1753=ORIENTED_EDGE('',*,*,#1325,.T.);
#1754=ORIENTED_EDGE('',*,*,#1326,.T.);
#1755=ORIENTED_EDGE('',*,*,#1327,.F.);
#1756=ORIENTED_EDGE('',*,*,#1315,.F.);
#1757=ORIENTED_EDGE('',*,*,#1328,.F.);
#1758=ORIENTED_EDGE('',*,*,#1329,.T.);
#1759=ORIENTED_EDGE('',*,*,#1329,.F.);
#1760=ORIENTED_EDGE('',*,*,#1330,.F.);
#1761=ORIENTED_EDGE('',*,*,#1331,.F.);
#1762=ORIENTED_EDGE('',*,*,#1332,.T.);
#1763=ORIENTED_EDGE('',*,*,#1333,.T.);
#1764=ORIENTED_EDGE('',*,*,#1334,.T.);
#1765=ORIENTED_EDGE('',*,*,#1327,.T.);
#1766=ORIENTED_EDGE('',*,*,#1332,.F.);
#1767=ORIENTED_EDGE('',*,*,#1335,.F.);
#1768=ORIENTED_EDGE('',*,*,#1309,.F.);
#1769=ORIENTED_EDGE('',*,*,#1313,.T.);
#1770=ORIENTED_EDGE('',*,*,#1334,.F.);
#1771=ORIENTED_EDGE('',*,*,#1336,.F.);
#1772=ORIENTED_EDGE('',*,*,#1320,.F.);
#1773=ORIENTED_EDGE('',*,*,#1151,.T.);
#1774=ORIENTED_EDGE('',*,*,#1337,.F.);
#1775=ORIENTED_EDGE('',*,*,#1338,.T.);
#1776=ORIENTED_EDGE('',*,*,#1339,.F.);
#1777=ORIENTED_EDGE('',*,*,#1340,.T.);
#1778=ORIENTED_EDGE('',*,*,#1324,.F.);
#1779=ORIENTED_EDGE('',*,*,#1341,.T.);
#1780=ORIENTED_EDGE('',*,*,#1310,.T.);
#1781=ORIENTED_EDGE('',*,*,#1335,.T.);
#1782=ORIENTED_EDGE('',*,*,#1342,.T.);
#1783=ORIENTED_EDGE('',*,*,#1343,.T.);
#1784=ORIENTED_EDGE('',*,*,#1344,.T.);
#1785=ORIENTED_EDGE('',*,*,#1345,.T.);
#1786=ORIENTED_EDGE('',*,*,#1337,.T.);
#1787=ORIENTED_EDGE('',*,*,#1150,.F.);
#1788=ORIENTED_EDGE('',*,*,#1346,.T.);
#1789=ORIENTED_EDGE('',*,*,#1347,.T.);
#1790=ORIENTED_EDGE('',*,*,#1348,.T.);
#1791=ORIENTED_EDGE('',*,*,#1349,.T.);
#1792=ORIENTED_EDGE('',*,*,#1350,.T.);
#1793=ORIENTED_EDGE('',*,*,#1351,.T.);
#1794=ORIENTED_EDGE('',*,*,#1339,.T.);
#1795=ORIENTED_EDGE('',*,*,#1352,.F.);
#1796=ORIENTED_EDGE('',*,*,#1342,.F.);
#1797=ORIENTED_EDGE('',*,*,#1333,.F.);
#1798=ORIENTED_EDGE('',*,*,#1331,.T.);
#1799=ORIENTED_EDGE('',*,*,#1352,.T.);
#1800=ORIENTED_EDGE('',*,*,#1330,.T.);
#1801=ORIENTED_EDGE('',*,*,#1328,.T.);
#1802=ORIENTED_EDGE('',*,*,#1353,.F.);
#1803=ORIENTED_EDGE('',*,*,#1314,.T.);
#1804=ORIENTED_EDGE('',*,*,#1311,.T.);
#1805=ORIENTED_EDGE('',*,*,#1341,.F.);
#1806=ORIENTED_EDGE('',*,*,#1353,.T.);
#1807=ORIENTED_EDGE('',*,*,#1354,.F.);
#1808=ORIENTED_EDGE('',*,*,#1326,.F.);
#1809=ORIENTED_EDGE('',*,*,#1355,.F.);
#1810=ORIENTED_EDGE('',*,*,#1350,.F.);
#1811=ORIENTED_EDGE('',*,*,#1356,.T.);
#1812=ORIENTED_EDGE('',*,*,#1346,.F.);
#1813=ORIENTED_EDGE('',*,*,#1149,.F.);
#1814=ORIENTED_EDGE('',*,*,#1319,.F.);
#1815=ORIENTED_EDGE('',*,*,#1357,.F.);
#1816=ORIENTED_EDGE('',*,*,#1358,.F.);
#1817=ORIENTED_EDGE('',*,*,#1359,.T.);
#1818=ORIENTED_EDGE('',*,*,#1355,.T.);
#1819=ORIENTED_EDGE('',*,*,#1360,.F.);
#1820=ORIENTED_EDGE('',*,*,#1351,.F.);
#1821=ORIENTED_EDGE('',*,*,#1359,.F.);
#1822=ORIENTED_EDGE('',*,*,#1361,.T.);
#1823=ORIENTED_EDGE('',*,*,#1361,.F.);
#1824=ORIENTED_EDGE('',*,*,#1358,.T.);
#1825=ORIENTED_EDGE('',*,*,#1362,.F.);
#1826=ORIENTED_EDGE('',*,*,#1363,.F.);
#1827=ORIENTED_EDGE('',*,*,#1360,.T.);
#1828=ORIENTED_EDGE('',*,*,#1363,.T.);
#1829=ORIENTED_EDGE('',*,*,#1364,.T.);
#1830=ORIENTED_EDGE('',*,*,#1340,.F.);
#1831=ORIENTED_EDGE('',*,*,#1364,.F.);
#1832=ORIENTED_EDGE('',*,*,#1362,.T.);
#1833=ORIENTED_EDGE('',*,*,#1357,.T.);
#1834=ORIENTED_EDGE('',*,*,#1325,.F.);
#1835=ORIENTED_EDGE('',*,*,#1354,.T.);
#1836=ORIENTED_EDGE('',*,*,#1349,.F.);
#1837=ORIENTED_EDGE('',*,*,#1365,.F.);
#1838=ORIENTED_EDGE('',*,*,#1316,.T.);
#1839=ORIENTED_EDGE('',*,*,#1365,.T.);
#1840=ORIENTED_EDGE('',*,*,#1348,.F.);
#1841=ORIENTED_EDGE('',*,*,#1366,.F.);
#1842=ORIENTED_EDGE('',*,*,#1317,.T.);
#1843=ORIENTED_EDGE('',*,*,#1366,.T.);
#1844=ORIENTED_EDGE('',*,*,#1347,.F.);
#1845=ORIENTED_EDGE('',*,*,#1356,.F.);
#1846=ORIENTED_EDGE('',*,*,#1318,.T.);
#1847=ORIENTED_EDGE('',*,*,#1336,.T.);
#1848=ORIENTED_EDGE('',*,*,#1345,.F.);
#1849=ORIENTED_EDGE('',*,*,#1367,.F.);
#1850=ORIENTED_EDGE('',*,*,#1321,.T.);
#1851=ORIENTED_EDGE('',*,*,#1367,.T.);
#1852=ORIENTED_EDGE('',*,*,#1344,.F.);
#1853=ORIENTED_EDGE('',*,*,#1368,.F.);
#1854=ORIENTED_EDGE('',*,*,#1322,.T.);
#1855=ORIENTED_EDGE('',*,*,#1368,.T.);
#1856=ORIENTED_EDGE('',*,*,#1343,.F.);
#1857=ORIENTED_EDGE('',*,*,#1338,.F.);
#1858=ORIENTED_EDGE('',*,*,#1323,.T.);
#1859=ORIENTED_EDGE('',*,*,#1306,.F.);
#1860=ORIENTED_EDGE('',*,*,#1369,.F.);
#1861=ORIENTED_EDGE('',*,*,#1196,.T.);
#1862=ORIENTED_EDGE('',*,*,#1223,.F.);
#1863=ORIENTED_EDGE('',*,*,#1369,.T.);
#1864=ORIENTED_EDGE('',*,*,#1305,.F.);
#1865=ORIENTED_EDGE('',*,*,#1199,.F.);
#1866=ORIENTED_EDGE('',*,*,#1197,.T.);
#1867=ORIENTED_EDGE('',*,*,#1126,.F.);
#1868=ORIENTED_EDGE('',*,*,#1148,.T.);
#1869=ORIENTED_EDGE('',*,*,#1370,.T.);
#1870=ORIENTED_EDGE('',*,*,#1371,.F.);
#1871=ORIENTED_EDGE('',*,*,#1372,.T.);
#1872=ORIENTED_EDGE('',*,*,#1209,.T.);
#1873=ORIENTED_EDGE('',*,*,#1237,.T.);
#1874=ORIENTED_EDGE('',*,*,#1241,.T.);
#1875=ORIENTED_EDGE('',*,*,#1244,.T.);
#1876=ORIENTED_EDGE('',*,*,#1251,.T.);
#1877=ORIENTED_EDGE('',*,*,#1255,.F.);
#1878=ORIENTED_EDGE('',*,*,#1212,.T.);
#1879=ORIENTED_EDGE('',*,*,#1373,.F.);
#1880=ORIENTED_EDGE('',*,*,#1374,.F.);
#1881=ORIENTED_EDGE('',*,*,#1375,.F.);
#1882=ORIENTED_EDGE('',*,*,#1137,.T.);
#1883=ORIENTED_EDGE('',*,*,#1128,.T.);
#1884=ORIENTED_EDGE('',*,*,#1123,.T.);
#1885=ORIENTED_EDGE('',*,*,#1376,.T.);
#1886=ORIENTED_EDGE('',*,*,#1377,.F.);
#1887=ORIENTED_EDGE('',*,*,#1121,.T.);
#1888=ORIENTED_EDGE('',*,*,#1127,.T.);
#1889=ORIENTED_EDGE('',*,*,#1376,.F.);
#1890=ORIENTED_EDGE('',*,*,#1122,.T.);
#1891=ORIENTED_EDGE('',*,*,#1377,.T.);
#1892=ORIENTED_EDGE('',*,*,#1375,.T.);
#1893=ORIENTED_EDGE('',*,*,#1378,.F.);
#1894=ORIENTED_EDGE('',*,*,#1379,.F.);
#1895=ORIENTED_EDGE('',*,*,#1138,.F.);
#1896=ORIENTED_EDGE('',*,*,#1379,.T.);
#1897=ORIENTED_EDGE('',*,*,#1380,.F.);
#1898=ORIENTED_EDGE('',*,*,#1381,.F.);
#1899=ORIENTED_EDGE('',*,*,#1139,.T.);
#1900=ORIENTED_EDGE('',*,*,#1381,.T.);
#1901=ORIENTED_EDGE('',*,*,#1382,.F.);
#1902=ORIENTED_EDGE('',*,*,#1373,.T.);
#1903=ORIENTED_EDGE('',*,*,#1211,.F.);
#1904=ORIENTED_EDGE('',*,*,#1131,.T.);
#1905=ORIENTED_EDGE('',*,*,#1383,.F.);
#1906=ORIENTED_EDGE('',*,*,#1384,.F.);
#1907=ORIENTED_EDGE('',*,*,#1140,.T.);
#1908=ORIENTED_EDGE('',*,*,#1384,.T.);
#1909=ORIENTED_EDGE('',*,*,#1385,.F.);
#1910=ORIENTED_EDGE('',*,*,#1386,.F.);
#1911=ORIENTED_EDGE('',*,*,#1141,.F.);
#1912=ORIENTED_EDGE('',*,*,#1386,.T.);
#1913=ORIENTED_EDGE('',*,*,#1387,.F.);
#1914=ORIENTED_EDGE('',*,*,#1129,.F.);
#1915=ORIENTED_EDGE('',*,*,#1142,.T.);
#1916=ORIENTED_EDGE('',*,*,#1380,.T.);
#1917=ORIENTED_EDGE('',*,*,#1378,.T.);
#1918=ORIENTED_EDGE('',*,*,#1374,.T.);
#1919=ORIENTED_EDGE('',*,*,#1382,.T.);
#1920=ORIENTED_EDGE('',*,*,#1387,.T.);
#1921=ORIENTED_EDGE('',*,*,#1385,.T.);
#1922=ORIENTED_EDGE('',*,*,#1383,.T.);
#1923=ORIENTED_EDGE('',*,*,#1130,.T.);
#1924=ORIENTED_EDGE('',*,*,#1388,.T.);
#1925=ORIENTED_EDGE('',*,*,#1389,.T.);
#1926=ORIENTED_EDGE('',*,*,#1390,.T.);
#1927=ORIENTED_EDGE('',*,*,#1371,.T.);
#1928=ORIENTED_EDGE('',*,*,#1391,.T.);
#1929=ORIENTED_EDGE('',*,*,#1392,.T.);
#1930=ORIENTED_EDGE('',*,*,#1134,.T.);
#1931=ORIENTED_EDGE('',*,*,#1393,.T.);
#1932=ORIENTED_EDGE('',*,*,#1210,.T.);
#1933=ORIENTED_EDGE('',*,*,#1372,.F.);
#1934=ORIENTED_EDGE('',*,*,#1390,.F.);
#1935=ORIENTED_EDGE('',*,*,#1394,.F.);
#1936=ORIENTED_EDGE('',*,*,#1145,.F.);
#1937=ORIENTED_EDGE('',*,*,#1395,.T.);
#1938=ORIENTED_EDGE('',*,*,#1393,.F.);
#1939=ORIENTED_EDGE('',*,*,#1133,.F.);
#1940=ORIENTED_EDGE('',*,*,#1396,.T.);
#1941=ORIENTED_EDGE('',*,*,#1391,.F.);
#1942=ORIENTED_EDGE('',*,*,#1395,.F.);
#1943=ORIENTED_EDGE('',*,*,#1144,.T.);
#1944=ORIENTED_EDGE('',*,*,#1135,.T.);
#1945=ORIENTED_EDGE('',*,*,#1392,.F.);
#1946=ORIENTED_EDGE('',*,*,#1396,.F.);
#1947=ORIENTED_EDGE('',*,*,#1143,.F.);
#1948=ORIENTED_EDGE('',*,*,#1394,.T.);
#1949=ORIENTED_EDGE('',*,*,#1389,.F.);
#1950=ORIENTED_EDGE('',*,*,#1397,.F.);
#1951=ORIENTED_EDGE('',*,*,#1146,.F.);
#1952=ORIENTED_EDGE('',*,*,#1397,.T.);
#1953=ORIENTED_EDGE('',*,*,#1388,.F.);
#1954=ORIENTED_EDGE('',*,*,#1370,.F.);
#1955=ORIENTED_EDGE('',*,*,#1147,.T.);
#1956=ORIENTED_EDGE('',*,*,#1159,.T.);
#1957=ORIENTED_EDGE('',*,*,#1192,.T.);
#1958=ORIENTED_EDGE('',*,*,#1398,.F.);
#1959=ORIENTED_EDGE('',*,*,#1399,.T.);
#1960=ORIENTED_EDGE('',*,*,#1153,.F.);
#1961=ORIENTED_EDGE('',*,*,#1171,.F.);
#1962=ORIENTED_EDGE('',*,*,#1400,.T.);
#1963=ORIENTED_EDGE('',*,*,#1401,.F.);
#1964=ORIENTED_EDGE('',*,*,#1402,.F.);
#1965=ORIENTED_EDGE('',*,*,#1403,.F.);
#1966=ORIENTED_EDGE('',*,*,#1404,.F.);
#1967=ORIENTED_EDGE('',*,*,#1167,.F.);
#1968=ORIENTED_EDGE('',*,*,#1405,.T.);
#1969=ORIENTED_EDGE('',*,*,#1175,.T.);
#1970=ORIENTED_EDGE('',*,*,#1173,.T.);
#1971=ORIENTED_EDGE('',*,*,#1399,.F.);
#1972=ORIENTED_EDGE('',*,*,#1405,.F.);
#1973=ORIENTED_EDGE('',*,*,#1406,.F.);
#1974=ORIENTED_EDGE('',*,*,#1178,.F.);
#1975=ORIENTED_EDGE('',*,*,#1176,.T.);
#1976=ORIENTED_EDGE('',*,*,#1398,.T.);
#1977=ORIENTED_EDGE('',*,*,#1191,.T.);
#1978=ORIENTED_EDGE('',*,*,#1180,.T.);
#1979=ORIENTED_EDGE('',*,*,#1406,.T.);
#1980=ORIENTED_EDGE('',*,*,#1154,.F.);
#1981=ORIENTED_EDGE('',*,*,#1401,.T.);
#1982=ORIENTED_EDGE('',*,*,#1407,.T.);
#1983=ORIENTED_EDGE('',*,*,#1408,.T.);
#1984=ORIENTED_EDGE('',*,*,#1409,.T.);
#1985=ORIENTED_EDGE('',*,*,#1403,.T.);
#1986=ORIENTED_EDGE('',*,*,#1410,.T.);
#1987=ORIENTED_EDGE('',*,*,#1186,.T.);
#1988=ORIENTED_EDGE('',*,*,#1411,.T.);
#1989=ORIENTED_EDGE('',*,*,#1412,.T.);
#1990=ORIENTED_EDGE('',*,*,#1413,.T.);
#1991=ORIENTED_EDGE('',*,*,#1182,.T.);
#1992=ORIENTED_EDGE('',*,*,#1183,.T.);
#1993=ORIENTED_EDGE('',*,*,#1413,.F.);
#1994=ORIENTED_EDGE('',*,*,#1414,.F.);
#1995=ORIENTED_EDGE('',*,*,#1162,.T.);
#1996=ORIENTED_EDGE('',*,*,#1414,.T.);
#1997=ORIENTED_EDGE('',*,*,#1412,.F.);
#1998=ORIENTED_EDGE('',*,*,#1415,.F.);
#1999=ORIENTED_EDGE('',*,*,#1163,.T.);
#2000=ORIENTED_EDGE('',*,*,#1415,.T.);
#2001=ORIENTED_EDGE('',*,*,#1411,.F.);
#2002=ORIENTED_EDGE('',*,*,#1185,.F.);
#2003=ORIENTED_EDGE('',*,*,#1164,.T.);
#2004=ORIENTED_EDGE('',*,*,#1416,.F.);
#2005=ORIENTED_EDGE('',*,*,#1410,.F.);
#2006=ORIENTED_EDGE('',*,*,#1417,.F.);
#2007=ORIENTED_EDGE('',*,*,#1418,.T.);
#2008=ORIENTED_EDGE('',*,*,#1418,.F.);
#2009=ORIENTED_EDGE('',*,*,#1419,.T.);
#2010=ORIENTED_EDGE('',*,*,#1420,.F.);
#2011=ORIENTED_EDGE('',*,*,#1421,.F.);
#2012=ORIENTED_EDGE('',*,*,#1416,.T.);
#2013=ORIENTED_EDGE('',*,*,#1421,.T.);
#2014=ORIENTED_EDGE('',*,*,#1422,.T.);
#2015=ORIENTED_EDGE('',*,*,#1184,.F.);
#2016=ORIENTED_EDGE('',*,*,#1422,.F.);
#2017=ORIENTED_EDGE('',*,*,#1420,.T.);
#2018=ORIENTED_EDGE('',*,*,#1423,.T.);
#2019=ORIENTED_EDGE('',*,*,#1166,.F.);
#2020=ORIENTED_EDGE('',*,*,#1423,.F.);
#2021=ORIENTED_EDGE('',*,*,#1419,.F.);
#2022=ORIENTED_EDGE('',*,*,#1417,.T.);
#2023=ORIENTED_EDGE('',*,*,#1402,.T.);
#2024=ORIENTED_EDGE('',*,*,#1404,.T.);
#2025=ORIENTED_EDGE('',*,*,#1409,.F.);
#2026=ORIENTED_EDGE('',*,*,#1424,.F.);
#2027=ORIENTED_EDGE('',*,*,#1168,.T.);
#2028=ORIENTED_EDGE('',*,*,#1424,.T.);
#2029=ORIENTED_EDGE('',*,*,#1408,.F.);
#2030=ORIENTED_EDGE('',*,*,#1425,.F.);
#2031=ORIENTED_EDGE('',*,*,#1169,.T.);
#2032=ORIENTED_EDGE('',*,*,#1425,.T.);
#2033=ORIENTED_EDGE('',*,*,#1407,.F.);
#2034=ORIENTED_EDGE('',*,*,#1400,.F.);
#2035=ORIENTED_EDGE('',*,*,#1170,.T.);
#2036=CONICAL_SURFACE('',#2166,0.5000000549872,0.32175060386005);
#2037=CONICAL_SURFACE('',#2284,0.4999999873407,0.32175060386005);
#2038=ADVANCED_FACE('',(#131),#2036,.T.);
#2039=ADVANCED_FACE('',(#132),#110,.T.);
#2040=ADVANCED_FACE('',(#133),#21,.F.);
#2041=ADVANCED_FACE('',(#134,#17,#18),#22,.T.);
#2042=ADVANCED_FACE('',(#135),#23,.F.);
#2043=ADVANCED_FACE('',(#136),#24,.F.);
#2044=ADVANCED_FACE('',(#137),#25,.T.);
#2045=ADVANCED_FACE('',(#138),#26,.T.);
#2046=ADVANCED_FACE('',(#139),#27,.T.);
#2047=ADVANCED_FACE('',(#140),#28,.T.);
#2048=ADVANCED_FACE('',(#141),#29,.T.);
#2049=ADVANCED_FACE('',(#142),#30,.T.);
#2050=ADVANCED_FACE('',(#143,#19),#31,.T.);
#2051=ADVANCED_FACE('',(#144),#32,.F.);
#2052=ADVANCED_FACE('',(#145),#33,.F.);
#2053=ADVANCED_FACE('',(#146),#34,.F.);
#2054=ADVANCED_FACE('',(#147),#35,.T.);
#2055=ADVANCED_FACE('',(#148),#36,.T.);
#2056=ADVANCED_FACE('',(#149),#37,.F.);
#2057=ADVANCED_FACE('',(#150),#38,.T.);
#2058=ADVANCED_FACE('',(#151),#39,.F.);
#2059=ADVANCED_FACE('',(#152),#111,.T.);
#2060=ADVANCED_FACE('',(#153),#40,.T.);
#2061=ADVANCED_FACE('',(#154),#112,.T.);
#2062=ADVANCED_FACE('',(#155),#41,.T.);
#2063=ADVANCED_FACE('',(#156),#113,.T.);
#2064=ADVANCED_FACE('',(#157),#42,.T.);
#2065=ADVANCED_FACE('',(#158),#114,.T.);
#2066=ADVANCED_FACE('',(#159),#15,.T.);
#2067=ADVANCED_FACE('',(#160),#115,.T.);
#2068=ADVANCED_FACE('',(#161),#116,.T.);
#2069=ADVANCED_FACE('',(#162),#16,.T.);
#2070=ADVANCED_FACE('',(#163),#43,.T.);
#2071=ADVANCED_FACE('',(#164),#44,.F.);
#2072=ADVANCED_FACE('',(#165),#45,.T.);
#2073=ADVANCED_FACE('',(#166),#46,.F.);
#2074=ADVANCED_FACE('',(#167),#117,.F.);
#2075=ADVANCED_FACE('',(#168),#47,.F.);
#2076=ADVANCED_FACE('',(#169),#118,.F.);
#2077=ADVANCED_FACE('',(#170),#48,.F.);
#2078=ADVANCED_FACE('',(#171),#49,.T.);
#2079=ADVANCED_FACE('',(#172),#50,.F.);
#2080=ADVANCED_FACE('',(#173),#51,.F.);
#2081=ADVANCED_FACE('',(#174),#52,.F.);
#2082=ADVANCED_FACE('',(#175),#53,.F.);
#2083=ADVANCED_FACE('',(#176),#54,.F.);
#2084=ADVANCED_FACE('',(#177),#55,.F.);
#2085=ADVANCED_FACE('',(#178),#56,.F.);
#2086=ADVANCED_FACE('',(#179),#57,.F.);
#2087=ADVANCED_FACE('',(#180,#20),#58,.T.);
#2088=ADVANCED_FACE('',(#181),#59,.F.);
#2089=ADVANCED_FACE('',(#182),#60,.F.);
#2090=ADVANCED_FACE('',(#183),#61,.F.);
#2091=ADVANCED_FACE('',(#184),#62,.T.);
#2092=ADVANCED_FACE('',(#185),#63,.T.);
#2093=ADVANCED_FACE('',(#186),#64,.T.);
#2094=ADVANCED_FACE('',(#187),#65,.T.);
#2095=ADVANCED_FACE('',(#188),#66,.T.);
#2096=ADVANCED_FACE('',(#189),#67,.T.);
#2097=ADVANCED_FACE('',(#190),#68,.T.);
#2098=ADVANCED_FACE('',(#191),#69,.T.);
#2099=ADVANCED_FACE('',(#192),#70,.T.);
#2100=ADVANCED_FACE('',(#193),#71,.T.);
#2101=ADVANCED_FACE('',(#194),#72,.T.);
#2102=ADVANCED_FACE('',(#195),#73,.T.);
#2103=ADVANCED_FACE('',(#196),#74,.T.);
#2104=ADVANCED_FACE('',(#197),#75,.T.);
#2105=ADVANCED_FACE('',(#198),#76,.T.);
#2106=ADVANCED_FACE('',(#199),#77,.T.);
#2107=ADVANCED_FACE('',(#200),#78,.T.);
#2108=ADVANCED_FACE('',(#201),#79,.T.);
#2109=ADVANCED_FACE('',(#202),#119,.T.);
#2110=ADVANCED_FACE('',(#203),#120,.F.);
#2111=ADVANCED_FACE('',(#204),#121,.T.);
#2112=ADVANCED_FACE('',(#205),#122,.F.);
#2113=ADVANCED_FACE('',(#206),#123,.T.);
#2114=ADVANCED_FACE('',(#207),#124,.F.);
#2115=ADVANCED_FACE('',(#208),#80,.F.);
#2116=ADVANCED_FACE('',(#209),#81,.F.);
#2117=ADVANCED_FACE('',(#210),#82,.T.);
#2118=ADVANCED_FACE('',(#211),#2037,.T.);
#2119=ADVANCED_FACE('',(#212),#83,.T.);
#2120=ADVANCED_FACE('',(#213),#84,.T.);
#2121=ADVANCED_FACE('',(#214),#85,.T.);
#2122=ADVANCED_FACE('',(#215),#86,.T.);
#2123=ADVANCED_FACE('',(#216),#87,.T.);
#2124=ADVANCED_FACE('',(#217),#88,.T.);
#2125=ADVANCED_FACE('',(#218),#89,.T.);
#2126=ADVANCED_FACE('',(#219),#90,.T.);
#2127=ADVANCED_FACE('',(#220),#91,.T.);
#2128=ADVANCED_FACE('',(#221),#92,.T.);
#2129=ADVANCED_FACE('',(#222),#93,.T.);
#2130=ADVANCED_FACE('',(#223),#94,.T.);
#2131=ADVANCED_FACE('',(#224),#95,.T.);
#2132=ADVANCED_FACE('',(#225),#96,.T.);
#2133=ADVANCED_FACE('',(#226),#97,.T.);
#2134=ADVANCED_FACE('',(#227),#98,.T.);
#2135=ADVANCED_FACE('',(#228),#99,.T.);
#2136=ADVANCED_FACE('',(#229),#100,.T.);
#2137=ADVANCED_FACE('',(#230),#101,.T.);
#2138=ADVANCED_FACE('',(#231),#102,.T.);
#2139=ADVANCED_FACE('',(#232),#103,.T.);
#2140=ADVANCED_FACE('',(#233),#104,.T.);
#2141=ADVANCED_FACE('',(#234),#125,.T.);
#2142=ADVANCED_FACE('',(#235),#126,.F.);
#2143=ADVANCED_FACE('',(#236),#127,.T.);
#2144=ADVANCED_FACE('',(#237),#105,.T.);
#2145=ADVANCED_FACE('',(#238),#106,.T.);
#2146=ADVANCED_FACE('',(#239),#107,.T.);
#2147=ADVANCED_FACE('',(#240),#108,.T.);
#2148=ADVANCED_FACE('',(#241),#109,.T.);
#2149=ADVANCED_FACE('',(#242),#128,.F.);
#2150=ADVANCED_FACE('',(#243),#129,.T.);
#2151=ADVANCED_FACE('',(#244),#130,.F.);
#2152=CLOSED_SHELL('',(#2038,#2039,#2040,#2041,#2042,#2043,#2044,#2045,
#2046,#2047,#2048,#2049,#2050,#2051,#2052,#2053,#2054,#2055,#2056,#2057,
#2058,#2059,#2060,#2061,#2062,#2063,#2064,#2065,#2066,#2067,#2068,#2069,
#2070,#2071,#2072,#2073,#2074,#2075,#2076,#2077,#2078,#2079,#2080,#2081,
#2082,#2083,#2084,#2085,#2086,#2087,#2088,#2089,#2090,#2091,#2092,#2093,
#2094,#2095,#2096,#2097,#2098,#2099,#2100,#2101,#2102,#2103,#2104,#2105,
#2106,#2107,#2108,#2109,#2110,#2111,#2112,#2113,#2114,#2115,#2116,#2117,
#2118,#2119,#2120,#2121,#2122,#2123,#2124,#2125,#2126,#2127,#2128,#2129,
#2130,#2131,#2132,#2133,#2134,#2135,#2136,#2137,#2138,#2139,#2140,#2141,
#2142,#2143,#2144,#2145,#2146,#2147,#2148,#2149,#2150,#2151));
#2153=DERIVED_UNIT_ELEMENT(#2155,1.);
#2154=DERIVED_UNIT_ELEMENT(#3527,-3.);
#2155=(
MASS_UNIT()
NAMED_UNIT(*)
SI_UNIT(.KILO.,.GRAM.)
);
#2156=DERIVED_UNIT((#2153,#2154));
#2157=MEASURE_REPRESENTATION_ITEM('density measure',
POSITIVE_RATIO_MEASURE(7850.),#2156);
#2158=PROPERTY_DEFINITION_REPRESENTATION(#2163,#2160);
#2159=PROPERTY_DEFINITION_REPRESENTATION(#2164,#2161);
#2160=REPRESENTATION('material name',(#2162),#3524);
#2161=REPRESENTATION('density',(#2157),#3524);
#2162=DESCRIPTIVE_REPRESENTATION_ITEM('Steel','Steel');
#2163=PROPERTY_DEFINITION('material property','material name',#3534);
#2164=PROPERTY_DEFINITION('material property','density of part',#3534);
#2165=AXIS2_PLACEMENT_3D('',#2903,#2325,#2326);
#2166=AXIS2_PLACEMENT_3D('',#2904,#2327,#2328);
#2167=AXIS2_PLACEMENT_3D('',#2909,#2330,#2331);
#2168=AXIS2_PLACEMENT_3D('',#2914,#2332,#2333);
#2169=AXIS2_PLACEMENT_3D('',#2915,#2334,#2335);
#2170=AXIS2_PLACEMENT_3D('',#2918,#2336,#2337);
#2171=AXIS2_PLACEMENT_3D('',#2921,#2339,#2340);
#2172=AXIS2_PLACEMENT_3D('',#2923,#2342,#2343);
#2173=AXIS2_PLACEMENT_3D('',#2940,#2352,#2353);
#2174=AXIS2_PLACEMENT_3D('',#2979,#2374,#2375);
#2175=AXIS2_PLACEMENT_3D('',#2988,#2380,#2381);
#2176=AXIS2_PLACEMENT_3D('',#2992,#2383,#2384);
#2177=AXIS2_PLACEMENT_3D('',#2994,#2385,#2386);
#2178=AXIS2_PLACEMENT_3D('',#2996,#2387,#2388);
#2179=AXIS2_PLACEMENT_3D('',#3004,#2392,#2393);
#2180=AXIS2_PLACEMENT_3D('',#3006,#2394,#2395);
#2181=AXIS2_PLACEMENT_3D('',#3008,#2396,#2397);
#2182=AXIS2_PLACEMENT_3D('',#3010,#2399,#2400);
#2183=AXIS2_PLACEMENT_3D('',#3016,#2404,#2405);
#2184=AXIS2_PLACEMENT_3D('',#3022,#2409,#2410);
#2185=AXIS2_PLACEMENT_3D('',#3026,#2413,#2414);
#2186=AXIS2_PLACEMENT_3D('',#3030,#2417,#2418);
#2187=AXIS2_PLACEMENT_3D('',#3034,#2421,#2422);
#2188=AXIS2_PLACEMENT_3D('',#3040,#2426,#2427);
#2189=AXIS2_PLACEMENT_3D('',#3052,#2434,#2435);
#2190=AXIS2_PLACEMENT_3D('',#3064,#2442,#2443);
#2191=AXIS2_PLACEMENT_3D('',#3070,#2447,#2448);
#2192=AXIS2_PLACEMENT_3D('',#3080,#2454,#2455);
#2193=AXIS2_PLACEMENT_3D('',#3107,#2470,#2471);
#2194=AXIS2_PLACEMENT_3D('',#3121,#2479,#2480);
#2195=AXIS2_PLACEMENT_3D('',#3129,#2485,#2486);
#2196=AXIS2_PLACEMENT_3D('',#3138,#2492,#2493);
#2197=AXIS2_PLACEMENT_3D('',#3146,#2498,#2499);
#2198=AXIS2_PLACEMENT_3D('',#3148,#2500,#2501);
#2199=AXIS2_PLACEMENT_3D('',#3150,#2502,#2503);
#2200=AXIS2_PLACEMENT_3D('',#3152,#2505,#2506);
#2201=AXIS2_PLACEMENT_3D('',#3166,#2514,#2515);
#2202=AXIS2_PLACEMENT_3D('',#3168,#2516,#2517);
#2203=AXIS2_PLACEMENT_3D('',#3170,#2518,#2519);
#2204=AXIS2_PLACEMENT_3D('',#3172,#2521,#2522);
#2205=AXIS2_PLACEMENT_3D('',#3177,#2526,#2527);
#2206=AXIS2_PLACEMENT_3D('',#3179,#2528,#2529);
#2207=AXIS2_PLACEMENT_3D('',#3182,#2531,#2532);
#2208=AXIS2_PLACEMENT_3D('',#3183,#2533,#2534);
#2209=AXIS2_PLACEMENT_3D('',#3186,#2536,#2537);
#2210=AXIS2_PLACEMENT_3D('',#3187,#2538,#2539);
#2211=AXIS2_PLACEMENT_3D('',#3190,#2541,#2542);
#2212=AXIS2_PLACEMENT_3D('',#3191,#2543,#2544);
#2213=AXIS2_PLACEMENT_3D('',#3192,#2545,#2546);
#2214=AXIS2_PLACEMENT_3D('',#3193,#2547,#2548);
#2215=AXIS2_PLACEMENT_3D('',#3195,#2549,#2550);
#2216=AXIS2_PLACEMENT_3D('',#3197,#2552,#2553);
#2217=AXIS2_PLACEMENT_3D('',#3198,#2554,#2555);
#2218=AXIS2_PLACEMENT_3D('',#3201,#2557,#2558);
#2219=AXIS2_PLACEMENT_3D('',#3202,#2559,#2560);
#2220=AXIS2_PLACEMENT_3D('',#3203,#2561,#2562);
#2221=AXIS2_PLACEMENT_3D('',#3207,#2564,#2565);
#2222=AXIS2_PLACEMENT_3D('',#3211,#2567,#2568);
#2223=AXIS2_PLACEMENT_3D('',#3213,#2570,#2571);
#2224=AXIS2_PLACEMENT_3D('',#3219,#2575,#2576);
#2225=AXIS2_PLACEMENT_3D('',#3223,#2579,#2580);
#2226=AXIS2_PLACEMENT_3D('',#3227,#2583,#2584);
#2227=AXIS2_PLACEMENT_3D('',#3229,#2585,#2586);
#2228=AXIS2_PLACEMENT_3D('',#3231,#2588,#2589);
#2229=AXIS2_PLACEMENT_3D('',#3235,#2592,#2593);
#2230=AXIS2_PLACEMENT_3D('',#3236,#2594,#2595);
#2231=AXIS2_PLACEMENT_3D('',#3237,#2596,#2597);
#2232=AXIS2_PLACEMENT_3D('',#3242,#2601,#2602);
#2233=AXIS2_PLACEMENT_3D('',#3254,#2609,#2610);
#2234=AXIS2_PLACEMENT_3D('',#3256,#2612,#2613);
#2235=AXIS2_PLACEMENT_3D('',#3259,#2616,#2617);
#2236=AXIS2_PLACEMENT_3D('',#3260,#2618,#2619);
#2237=AXIS2_PLACEMENT_3D('',#3262,#2621,#2622);
#2238=AXIS2_PLACEMENT_3D('',#3264,#2624,#2625);
#2239=AXIS2_PLACEMENT_3D('',#3266,#2627,#2628);
#2240=AXIS2_PLACEMENT_3D('',#3272,#2632,#2633);
#2241=AXIS2_PLACEMENT_3D('',#3277,#2637,#2638);
#2242=AXIS2_PLACEMENT_3D('',#3287,#2644,#2645);
#2243=AXIS2_PLACEMENT_3D('',#3288,#2646,#2647);
#2244=AXIS2_PLACEMENT_3D('',#3294,#2651,#2652);
#2245=AXIS2_PLACEMENT_3D('',#3297,#2653,#2654);
#2246=AXIS2_PLACEMENT_3D('',#3299,#2655,#2656);
#2247=AXIS2_PLACEMENT_3D('',#3301,#2657,#2658);
#2248=AXIS2_PLACEMENT_3D('',#3306,#2661,#2662);
#2249=AXIS2_PLACEMENT_3D('',#3308,#2663,#2664);
#2250=AXIS2_PLACEMENT_3D('',#3310,#2665,#2666);
#2251=AXIS2_PLACEMENT_3D('',#3316,#2670,#2671);
#2252=AXIS2_PLACEMENT_3D('',#3322,#2675,#2676);
#2253=AXIS2_PLACEMENT_3D('',#3328,#2680,#2681);
#2254=AXIS2_PLACEMENT_3D('',#3332,#2684,#2685);
#2255=AXIS2_PLACEMENT_3D('',#3334,#2687,#2688);
#2256=AXIS2_PLACEMENT_3D('',#3338,#2691,#2692);
#2257=AXIS2_PLACEMENT_3D('',#3344,#2696,#2697);
#2258=AXIS2_PLACEMENT_3D('',#3348,#2700,#2701);
#2259=AXIS2_PLACEMENT_3D('',#3350,#2702,#2703);
#2260=AXIS2_PLACEMENT_3D('',#3352,#2704,#2705);
#2261=AXIS2_PLACEMENT_3D('',#3353,#2706,#2707);
#2262=AXIS2_PLACEMENT_3D('',#3357,#2709,#2710);
#2263=AXIS2_PLACEMENT_3D('',#3359,#2711,#2712);
#2264=AXIS2_PLACEMENT_3D('',#3361,#2713,#2714);
#2265=AXIS2_PLACEMENT_3D('',#3365,#2717,#2718);
#2266=AXIS2_PLACEMENT_3D('',#3367,#2720,#2721);
#2267=AXIS2_PLACEMENT_3D('',#3369,#2723,#2724);
#2268=AXIS2_PLACEMENT_3D('',#3370,#2725,#2726);
#2269=AXIS2_PLACEMENT_3D('',#3373,#2729,#2730);
#2270=AXIS2_PLACEMENT_3D('',#3375,#2732,#2733);
#2271=AXIS2_PLACEMENT_3D('',#3381,#2737,#2738);
#2272=AXIS2_PLACEMENT_3D('',#3385,#2741,#2742);
#2273=AXIS2_PLACEMENT_3D('',#3389,#2745,#2746);
#2274=AXIS2_PLACEMENT_3D('',#3391,#2748,#2749);
#2275=AXIS2_PLACEMENT_3D('',#3392,#2750,#2751);
#2276=AXIS2_PLACEMENT_3D('',#3394,#2753,#2754);
#2277=AXIS2_PLACEMENT_3D('',#3396,#2756,#2757);
#2278=AXIS2_PLACEMENT_3D('',#3397,#2758,#2759);
#2279=AXIS2_PLACEMENT_3D('',#3399,#2761,#2762);
#2280=AXIS2_PLACEMENT_3D('',#3401,#2764,#2765);
#2281=AXIS2_PLACEMENT_3D('',#3402,#2766,#2767);
#2282=AXIS2_PLACEMENT_3D('',#3404,#2769,#2770);
#2283=AXIS2_PLACEMENT_3D('',#3405,#2771,#2772);
#2284=AXIS2_PLACEMENT_3D('',#3419,#2779,#2780);
#2285=AXIS2_PLACEMENT_3D('',#3420,#2781,#2782);
#2286=AXIS2_PLACEMENT_3D('',#3421,#2783,#2784);
#2287=AXIS2_PLACEMENT_3D('',#3422,#2785,#2786);
#2288=AXIS2_PLACEMENT_3D('',#3426,#2789,#2790);
#2289=AXIS2_PLACEMENT_3D('',#3430,#2793,#2794);
#2290=AXIS2_PLACEMENT_3D('',#3435,#2798,#2799);
#2291=AXIS2_PLACEMENT_3D('',#3439,#2802,#2803);
#2292=AXIS2_PLACEMENT_3D('',#3441,#2805,#2806);
#2293=AXIS2_PLACEMENT_3D('',#3442,#2807,#2808);
#2294=AXIS2_PLACEMENT_3D('',#3443,#2809,#2810);
#2295=AXIS2_PLACEMENT_3D('',#3449,#2814,#2815);
#2296=AXIS2_PLACEMENT_3D('',#3455,#2819,#2820);
#2297=AXIS2_PLACEMENT_3D('',#3458,#2823,#2824);
#2298=AXIS2_PLACEMENT_3D('',#3460,#2826,#2827);
#2299=AXIS2_PLACEMENT_3D('',#3461,#2828,#2829);
#2300=AXIS2_PLACEMENT_3D('',#3463,#2831,#2832);
#2301=AXIS2_PLACEMENT_3D('',#3464,#2833,#2834);
#2302=AXIS2_PLACEMENT_3D('',#3468,#2837,#2838);
#2303=AXIS2_PLACEMENT_3D('',#3472,#2841,#2842);
#2304=AXIS2_PLACEMENT_3D('',#3478,#2846,#2847);
#2305=AXIS2_PLACEMENT_3D('',#3480,#2849,#2850);
#2306=AXIS2_PLACEMENT_3D('',#3482,#2852,#2853);
#2307=AXIS2_PLACEMENT_3D('',#3483,#2854,#2855);
#2308=AXIS2_PLACEMENT_3D('',#3485,#2856,#2857);
#2309=AXIS2_PLACEMENT_3D('',#3487,#2858,#2859);
#2310=AXIS2_PLACEMENT_3D('',#3488,#2860,#2861);
#2311=AXIS2_PLACEMENT_3D('',#3491,#2863,#2864);
#2312=AXIS2_PLACEMENT_3D('',#3493,#2865,#2866);
#2313=AXIS2_PLACEMENT_3D('',#3494,#2867,#2868);
#2314=AXIS2_PLACEMENT_3D('',#3495,#2869,#2870);
#2315=AXIS2_PLACEMENT_3D('',#3497,#2872,#2873);
#2316=AXIS2_PLACEMENT_3D('',#3499,#2875,#2876);
#2317=AXIS2_PLACEMENT_3D('',#3500,#2877,#2878);
#2318=AXIS2_PLACEMENT_3D('',#3506,#2882,#2883);
#2319=AXIS2_PLACEMENT_3D('',#3512,#2887,#2888);
#2320=AXIS2_PLACEMENT_3D('',#3514,#2890,#2891);
#2321=AXIS2_PLACEMENT_3D('',#3516,#2893,#2894);
#2322=AXIS2_PLACEMENT_3D('',#3517,#2895,#2896);
#2323=AXIS2_PLACEMENT_3D('',#3519,#2898,#2899);
#2324=AXIS2_PLACEMENT_3D('',#3521,#2901,#2902);
#2325=DIRECTION('axis',(0.,0.,1.));
#2326=DIRECTION('refdir',(1.,0.,0.));
#2327=DIRECTION('center_axis',(0.,0.,1.));
#2328=DIRECTION('ref_axis',(0.,-1.,0.));
#2329=DIRECTION('',(-1.70706618895098E-6,-0.316227828579096,0.94868327719489));
#2330=DIRECTION('center_axis',(0.,0.,-1.));
#2331=DIRECTION('ref_axis',(3.69291968851012E-7,0.999999999999932,0.));
#2332=DIRECTION('center_axis',(0.,0.,-1.));
#2333=DIRECTION('ref_axis',(0.7453559924999,0.6666666666667,0.));
#2334=DIRECTION('center_axis',(0.,0.,1.));
#2335=DIRECTION('ref_axis',(-7.14613425691776E-11,-1.,0.));
#2336=DIRECTION('center_axis',(0.,0.,-1.));
#2337=DIRECTION('ref_axis',(0.7453559924999,0.6666666666667,0.));
#2338=DIRECTION('',(-2.598852463263E-8,2.336269327835E-8,-0.999999999999999));
#2339=DIRECTION('center_axis',(0.,0.,-1.));
#2340=DIRECTION('ref_axis',(-5.692060624404E-6,-0.9999999999838,0.));
#2341=DIRECTION('',(1.008032341931E-8,9.018915351561E-9,-1.));
#2342=DIRECTION('center_axis',(0.,1.,0.));
#2343=DIRECTION('ref_axis',(1.,0.,0.));
#2344=DIRECTION('',(0.,0.,-1.));
#2345=DIRECTION('',(-1.,0.,0.));
#2346=DIRECTION('',(0.,0.,-1.));
#2347=DIRECTION('',(1.,0.,0.));
#2348=DIRECTION('',(0.,0.,-1.));
#2349=DIRECTION('',(-1.,0.,0.));
#2350=DIRECTION('',(0.,0.,-1.));
#2351=DIRECTION('',(-1.,0.,0.));
#2352=DIRECTION('center_axis',(0.,0.,-1.));
#2353=DIRECTION('ref_axis',(0.,-1.,0.));
#2354=DIRECTION('',(-1.,0.,0.));
#2355=DIRECTION('',(0.,-1.,0.));
#2356=DIRECTION('',(-1.,0.,0.));
#2357=DIRECTION('',(0.,1.,0.));
#2358=DIRECTION('',(-1.,0.,0.));
#2359=DIRECTION('',(0.,1.,0.));
#2360=DIRECTION('',(0.,1.,0.));
#2361=DIRECTION('',(1.,0.,0.));
#2362=DIRECTION('',(0.,1.,0.));
#2363=DIRECTION('',(1.,0.,0.));
#2364=DIRECTION('',(0.,-1.,0.));
#2365=DIRECTION('',(-1.,0.,0.));
#2366=DIRECTION('',(1.,0.,0.));
#2367=DIRECTION('',(0.,1.,0.));
#2368=DIRECTION('',(1.,0.,0.));
#2369=DIRECTION('',(0.,1.,0.));
#2370=DIRECTION('',(1.,0.,0.));
#2371=DIRECTION('',(0.,1.,0.));
#2372=DIRECTION('',(1.,0.,0.));
#2373=DIRECTION('',(0.,1.,0.));
#2374=DIRECTION('center_axis',(1.,0.,0.));
#2375=DIRECTION('ref_axis',(0.,1.,0.));
#2376=DIRECTION('',(0.,0.,1.));
#2377=DIRECTION('',(0.,1.,0.));
#2378=DIRECTION('',(0.,0.,-1.));
#2379=DIRECTION('',(0.,1.,0.));
#2380=DIRECTION('center_axis',(1.,0.,0.));
#2381=DIRECTION('ref_axis',(0.,1.,0.));
#2382=DIRECTION('',(0.,0.,-1.));
#2383=DIRECTION('center_axis',(1.,0.,0.));
#2384=DIRECTION('ref_axis',(0.,0.90170132325143,-0.432359484279714));
#2385=DIRECTION('center_axis',(-1.,0.,0.));
#2386=DIRECTION('ref_axis',(0.,-0.901701323251391,-0.432359484279796));
#2387=DIRECTION('center_axis',(1.,0.,0.));
#2388=DIRECTION('ref_axis',(0.,1.,0.));
#2389=DIRECTION('',(0.,0.,-1.));
#2390=DIRECTION('',(0.,-1.,0.));
#2391=DIRECTION('',(0.,0.,1.));
#2392=DIRECTION('center_axis',(-1.,0.,0.));
#2393=DIRECTION('ref_axis',(0.,0.90170132325143,0.432359484279714));
#2394=DIRECTION('center_axis',(1.,0.,0.));
#2395=DIRECTION('ref_axis',(0.,-0.90170132325143,0.432359484279714));
#2396=DIRECTION('center_axis',(-1.,0.,0.));
#2397=DIRECTION('ref_axis',(0.,1.,0.));
#2398=DIRECTION('',(0.,0.,1.));
#2399=DIRECTION('center_axis',(-0.964763821237732,0.,0.263117405792109));
#2400=DIRECTION('ref_axis',(0.,1.,0.));
#2401=DIRECTION('',(0.254456678903991,-0.254456678903991,0.933007822647968));
#2402=DIRECTION('',(-0.254456678903991,-0.254456678903991,-0.933007822647968));
#2403=DIRECTION('',(0.,1.,0.));
#2404=DIRECTION('center_axis',(0.,0.,1.));
#2405=DIRECTION('ref_axis',(1.,0.,0.));
#2406=DIRECTION('',(-1.,0.,0.));
#2407=DIRECTION('',(0.,-1.,0.));
#2408=DIRECTION('',(-1.,0.,0.));
#2409=DIRECTION('center_axis',(0.,0.964763821237732,0.263117405792109));
#2410=DIRECTION('ref_axis',(1.,0.,0.));
#2411=DIRECTION('',(0.254456678903991,0.254456678903991,-0.933007822647968));
#2412=DIRECTION('',(-1.,0.,0.));
#2413=DIRECTION('center_axis',(0.,1.,0.));
#2414=DIRECTION('ref_axis',(1.,0.,0.));
#2415=DIRECTION('',(0.,0.,1.));
#2416=DIRECTION('',(1.,0.,0.));
#2417=DIRECTION('center_axis',(0.,1.,0.));
#2418=DIRECTION('ref_axis',(1.,0.,0.));
#2419=DIRECTION('',(0.,0.,1.));
#2420=DIRECTION('',(1.,0.,0.));
#2421=DIRECTION('center_axis',(0.,1.,0.));
#2422=DIRECTION('ref_axis',(1.,0.,0.));
#2423=DIRECTION('',(-1.,0.,0.));
#2424=DIRECTION('',(1.,0.,0.));
#2425=DIRECTION('',(0.,0.,1.));
#2426=DIRECTION('center_axis',(0.,0.,1.));
#2427=DIRECTION('ref_axis',(1.,0.,0.));
#2428=DIRECTION('',(1.,0.,0.));
#2429=DIRECTION('',(0.,1.,0.));
#2430=DIRECTION('',(-1.,0.,0.));
#2431=DIRECTION('',(0.,-1.,0.));
#2432=DIRECTION('',(0.,1.,0.));
#2433=DIRECTION('',(1.,0.,0.));
#2434=DIRECTION('center_axis',(-1.,0.,0.));
#2435=DIRECTION('ref_axis',(0.,0.,1.));
#2436=DIRECTION('',(0.,0.,-1.));
#2437=DIRECTION('',(0.,0.,-1.));
#2438=DIRECTION('',(0.,-1.,0.));
#2439=DIRECTION('',(0.,0.707106781186548,0.707106781186548));
#2440=DIRECTION('',(0.,0.,1.));
#2441=DIRECTION('',(0.,1.,0.));
#2442=DIRECTION('center_axis',(0.,0.,-1.));
#2443=DIRECTION('ref_axis',(0.,-1.,0.));
#2444=DIRECTION('',(-1.,0.,0.));
#2445=DIRECTION('',(0.,1.,0.));
#2446=DIRECTION('',(-1.,0.,0.));
#2447=DIRECTION('center_axis',(0.,-1.,0.));
#2448=DIRECTION('ref_axis',(0.,0.,-1.));
#2449=DIRECTION('',(0.,0.,-1.));
#2450=DIRECTION('',(0.,0.,-1.));
#2451=DIRECTION('',(1.,0.,0.));
#2452=DIRECTION('',(0.,0.,-1.));
#2453=DIRECTION('',(-1.,0.,0.));
#2454=DIRECTION('center_axis',(0.,0.,1.));
#2455=DIRECTION('ref_axis',(1.,0.,0.));
#2456=DIRECTION('',(1.,0.,0.));
#2457=DIRECTION('',(0.,-1.,0.));
#2458=DIRECTION('',(1.,0.,0.));
#2459=DIRECTION('',(0.,1.,0.));
#2460=DIRECTION('',(0.,1.,0.));
#2461=DIRECTION('',(1.,0.,0.));
#2462=DIRECTION('',(0.,-1.,0.));
#2463=DIRECTION('',(1.,0.,0.));
#2464=DIRECTION('',(0.,-1.,0.));
#2465=DIRECTION('',(-1.,0.,0.));
#2466=DIRECTION('',(0.,1.,0.));
#2467=DIRECTION('',(0.,-1.,0.));
#2468=DIRECTION('',(-1.,0.,0.));
#2469=DIRECTION('',(0.,-1.,0.));
#2470=DIRECTION('center_axis',(0.,0.,1.));
#2471=DIRECTION('ref_axis',(1.,0.,0.));
#2472=DIRECTION('',(-1.,0.,0.));
#2473=DIRECTION('',(0.,1.,0.));
#2474=DIRECTION('',(1.,0.,0.));
#2475=DIRECTION('',(-1.,0.,0.));
#2476=DIRECTION('',(0.,-1.,0.));
#2477=DIRECTION('',(1.,0.,0.));
#2478=DIRECTION('',(0.,1.,0.));
#2479=DIRECTION('center_axis',(-1.,0.,0.));
#2480=DIRECTION('ref_axis',(0.,0.,1.));
#2481=DIRECTION('',(0.,0.,-1.));
#2482=DIRECTION('',(0.,-1.,0.));
#2483=DIRECTION('',(0.,0.,-1.));
#2484=DIRECTION('',(0.,0.709532511965789,0.704672700239989));
#2485=DIRECTION('center_axis',(0.,-0.704672700239989,0.709532511965789));
#2486=DIRECTION('ref_axis',(-1.,0.,0.));
#2487=DIRECTION('',(-1.,0.,0.));
#2488=DIRECTION('',(0.,0.709532511965789,0.704672700239989));
#2489=DIRECTION('',(0.,-0.709532511965789,-0.704672700239989));
#2490=DIRECTION('',(1.,0.,0.));
#2491=DIRECTION('',(0.,-0.709532511965789,-0.704672700239989));
#2492=DIRECTION('center_axis',(1.,0.,0.));
#2493=DIRECTION('ref_axis',(0.,1.,0.));
#2494=DIRECTION('',(0.,0.,-1.));
#2495=DIRECTION('',(0.,-1.,0.));
#2496=DIRECTION('',(0.,0.,-1.));
#2497=DIRECTION('',(0.,-1.,0.));
#2498=DIRECTION('center_axis',(0.,1.,0.));
#2499=DIRECTION('ref_axis',(-1.,0.,0.));
#2500=DIRECTION('center_axis',(0.,-1.,0.));
#2501=DIRECTION('ref_axis',(-1.,0.,0.));
#2502=DIRECTION('center_axis',(0.,-1.,0.));
#2503=DIRECTION('ref_axis',(-1.,0.,0.));
#2504=DIRECTION('',(0.,-1.,0.));
#2505=DIRECTION('center_axis',(0.,0.,-1.));
#2506=DIRECTION('ref_axis',(0.,-1.,0.));
#2507=DIRECTION('',(1.,0.,0.));
#2508=DIRECTION('',(1.,1.556658505801E-10,0.));
#2509=DIRECTION('',(0.,-1.,0.));
#2510=DIRECTION('',(1.,0.,0.));
#2511=DIRECTION('',(0.,-1.,0.));
#2512=DIRECTION('',(1.,-3.113309610114E-10,0.));
#2513=DIRECTION('',(0.,1.,0.));
#2514=DIRECTION('center_axis',(0.,-1.,0.));
#2515=DIRECTION('ref_axis',(1.,0.,0.));
#2516=DIRECTION('center_axis',(0.,-1.,0.));
#2517=DIRECTION('ref_axis',(0.,0.,-1.));
#2518=DIRECTION('center_axis',(0.,1.,0.));
#2519=DIRECTION('ref_axis',(1.,0.,0.));
#2520=DIRECTION('',(0.,1.,0.));
#2521=DIRECTION('center_axis',(1.,0.,0.));
#2522=DIRECTION('ref_axis',(0.,1.,0.));
#2523=DIRECTION('',(0.,-1.,0.));
#2524=DIRECTION('',(0.,0.,-1.));
#2525=DIRECTION('',(0.,0.,1.));
#2526=DIRECTION('center_axis',(0.,0.,-1.));
#2527=DIRECTION('ref_axis',(1.,0.,0.));
#2528=DIRECTION('center_axis',(0.,0.,1.));
#2529=DIRECTION('ref_axis',(1.,0.,0.));
#2530=DIRECTION('',(0.,0.,1.));
#2531=DIRECTION('center_axis',(0.,0.,1.));
#2532=DIRECTION('ref_axis',(1.,0.,0.));
#2533=DIRECTION('center_axis',(0.,0.,1.));
#2534=DIRECTION('ref_axis',(1.,0.,0.));
#2535=DIRECTION('',(1.,0.,0.));
#2536=DIRECTION('center_axis',(0.,0.,1.));
#2537=DIRECTION('ref_axis',(0.,1.,0.));
#2538=DIRECTION('center_axis',(0.,0.,1.));
#2539=DIRECTION('ref_axis',(-1.,0.,0.));
#2540=DIRECTION('',(0.,0.,-1.));
#2541=DIRECTION('center_axis',(0.,0.,-1.));
#2542=DIRECTION('ref_axis',(-1.,0.,0.));
#2543=DIRECTION('center_axis',(0.,0.707106782371697,0.707106780001398));
#2544=DIRECTION('ref_axis',(0.,0.707106780001397,-0.707106782371698));
#2545=DIRECTION('center_axis',(-1.,0.,0.));
#2546=DIRECTION('ref_axis',(0.,1.,0.));
#2547=DIRECTION('center_axis',(-1.,0.,0.));
#2548=DIRECTION('ref_axis',(0.,0.,-1.));
#2549=DIRECTION('center_axis',(1.,0.,0.));
#2550=DIRECTION('ref_axis',(0.,0.,-1.));
#2551=DIRECTION('',(1.,0.,-1.892153100869E-11));
#2552=DIRECTION('center_axis',(1.,0.,0.));
#2553=DIRECTION('ref_axis',(0.,0.,-1.));
#2554=DIRECTION('center_axis',(-1.,0.,0.));
#2555=DIRECTION('ref_axis',(0.,0.,-1.));
#2556=DIRECTION('',(1.,0.,3.784047149698E-11));
#2557=DIRECTION('center_axis',(1.,0.,0.));
#2558=DIRECTION('ref_axis',(0.,0.,-1.));
#2559=DIRECTION('center_axis',(0.,-0.707106782371697,-0.707106780001398));
#2560=DIRECTION('ref_axis',(0.,0.707106780001397,-0.707106782371698));
#2561=DIRECTION('center_axis',(0.,1.,0.));
#2562=DIRECTION('ref_axis',(1.,0.,0.));
#2563=DIRECTION('',(0.,0.,1.));
#2564=DIRECTION('center_axis',(0.,1.,0.));
#2565=DIRECTION('ref_axis',(0.,0.,1.));
#2566=DIRECTION('',(1.,0.,0.));
#2567=DIRECTION('center_axis',(0.,1.,0.));
#2568=DIRECTION('ref_axis',(-1.,0.,0.));
#2569=DIRECTION('',(0.,0.,1.));
#2570=DIRECTION('center_axis',(-1.,0.,0.));
#2571=DIRECTION('ref_axis',(0.,0.,1.));
#2572=DIRECTION('',(0.,-1.,0.));
#2573=DIRECTION('',(0.,0.,1.));
#2574=DIRECTION('',(0.,0.,1.));
#2575=DIRECTION('center_axis',(0.,1.,0.));
#2576=DIRECTION('ref_axis',(1.,0.,0.));
#2577=DIRECTION('',(1.,0.,0.));
#2578=DIRECTION('',(0.,0.,-1.));
#2579=DIRECTION('center_axis',(1.,0.,0.));
#2580=DIRECTION('ref_axis',(0.,1.,0.));
#2581=DIRECTION('',(0.,0.,1.));
#2582=DIRECTION('',(0.,-1.,0.));
#2583=DIRECTION('center_axis',(0.,-1.,0.));
#2584=DIRECTION('ref_axis',(1.,0.,0.));
#2585=DIRECTION('center_axis',(0.,1.,0.));
#2586=DIRECTION('ref_axis',(0.,0.,1.));
#2587=DIRECTION('',(0.,-1.,0.));
#2588=DIRECTION('center_axis',(0.,0.,1.));
#2589=DIRECTION('ref_axis',(1.,0.,0.));
#2590=DIRECTION('',(1.,0.,0.));
#2591=DIRECTION('',(0.,-1.,0.));
#2592=DIRECTION('center_axis',(0.,-1.,0.));
#2593=DIRECTION('ref_axis',(1.,0.,0.));
#2594=DIRECTION('center_axis',(0.,1.,0.));
#2595=DIRECTION('ref_axis',(-1.,0.,0.));
#2596=DIRECTION('center_axis',(0.,1.,0.));
#2597=DIRECTION('ref_axis',(1.,0.,0.));
#2598=DIRECTION('',(-1.,0.,0.));
#2599=DIRECTION('',(0.,0.,-1.));
#2600=DIRECTION('',(-1.,0.,0.));
#2601=DIRECTION('center_axis',(0.,0.,1.));
#2602=DIRECTION('ref_axis',(1.,0.,0.));
#2603=DIRECTION('',(-1.,0.,0.));
#2604=DIRECTION('',(0.,1.,0.));
#2605=DIRECTION('',(1.,0.,0.));
#2606=DIRECTION('',(0.,-1.,0.));
#2607=DIRECTION('',(1.,0.,0.));
#2608=DIRECTION('',(0.,1.,0.));
#2609=DIRECTION('center_axis',(1.,0.,0.));
#2610=DIRECTION('ref_axis',(0.,1.,0.));
#2611=DIRECTION('',(0.,0.,-1.));
#2612=DIRECTION('center_axis',(0.,1.,0.));
#2613=DIRECTION('ref_axis',(1.,0.,0.));
#2614=DIRECTION('',(0.,0.,-1.));
#2615=DIRECTION('',(0.,0.,-1.));
#2616=DIRECTION('center_axis',(1.,0.,0.));
#2617=DIRECTION('ref_axis',(0.,1.,0.));
#2618=DIRECTION('center_axis',(-1.,0.,0.));
#2619=DIRECTION('ref_axis',(0.,0.,1.));
#2620=DIRECTION('',(0.,0.,-1.));
#2621=DIRECTION('center_axis',(0.,-1.,0.));
#2622=DIRECTION('ref_axis',(0.,0.,-1.));
#2623=DIRECTION('',(0.,0.,-1.));
#2624=DIRECTION('center_axis',(1.,0.,0.));
#2625=DIRECTION('ref_axis',(0.,1.,0.));
#2626=DIRECTION('',(0.,0.,-1.));
#2627=DIRECTION('center_axis',(0.,1.,0.));
#2628=DIRECTION('ref_axis',(1.,0.,0.));
#2629=DIRECTION('',(0.,0.,-1.));
#2630=DIRECTION('',(-1.,0.,0.));
#2631=DIRECTION('',(0.,0.,-1.));
#2632=DIRECTION('center_axis',(1.,0.,0.));
#2633=DIRECTION('ref_axis',(0.,1.,0.));
#2634=DIRECTION('',(0.,0.,1.));
#2635=DIRECTION('',(0.,0.707106781186548,0.707106781186548));
#2636=DIRECTION('',(0.,1.,0.));
#2637=DIRECTION('center_axis',(0.,0.,1.));
#2638=DIRECTION('ref_axis',(1.,0.,0.));
#2639=DIRECTION('',(0.,-1.,0.));
#2640=DIRECTION('',(1.,0.,0.));
#2641=DIRECTION('',(0.,1.,0.));
#2642=DIRECTION('',(1.,0.,0.));
#2643=DIRECTION('',(0.,1.,0.));
#2644=DIRECTION('center_axis',(-1.,0.,0.));
#2645=DIRECTION('ref_axis',(0.,0.,1.));
#2646=DIRECTION('center_axis',(1.,0.,0.));
#2647=DIRECTION('ref_axis',(0.,1.,0.));
#2648=DIRECTION('',(0.,0.,1.));
#2649=DIRECTION('',(0.,0.,-1.));
#2650=DIRECTION('',(0.,1.,0.));
#2651=DIRECTION('center_axis',(1.,0.,0.));
#2652=DIRECTION('ref_axis',(0.,1.,0.));
#2653=DIRECTION('center_axis',(1.,0.,0.));
#2654=DIRECTION('ref_axis',(0.,-0.90170132325143,0.432359484279714));
#2655=DIRECTION('center_axis',(-1.,0.,0.));
#2656=DIRECTION('ref_axis',(0.,0.90170132325143,0.432359484279714));
#2657=DIRECTION('center_axis',(1.,0.,0.));
#2658=DIRECTION('ref_axis',(0.,-1.,0.));
#2659=DIRECTION('',(0.,0.,1.));
#2660=DIRECTION('',(0.,0.,-1.));
#2661=DIRECTION('center_axis',(-1.,0.,0.));
#2662=DIRECTION('ref_axis',(0.,-0.90170132325143,-0.432359484279714));
#2663=DIRECTION('center_axis',(1.,0.,0.));
#2664=DIRECTION('ref_axis',(0.,0.90170132325143,-0.432359484279714));
#2665=DIRECTION('center_axis',(-1.,0.,0.));
#2666=DIRECTION('ref_axis',(0.,-1.,0.));
#2667=DIRECTION('',(0.,0.,-1.));
#2668=DIRECTION('',(0.,-1.,0.));
#2669=DIRECTION('',(0.,0.,1.));
#2670=DIRECTION('center_axis',(-0.964763821237732,0.,0.263117405792109));
#2671=DIRECTION('ref_axis',(0.,1.,0.));
#2672=DIRECTION('',(0.254456678903991,-0.254456678903991,0.933007822647968));
#2673=DIRECTION('',(-0.254456678903991,-0.254456678903991,-0.933007822647968));
#2674=DIRECTION('',(0.,1.,0.));
#2675=DIRECTION('center_axis',(0.,0.,1.));
#2676=DIRECTION('ref_axis',(1.,0.,0.));
#2677=DIRECTION('',(-1.,0.,0.));
#2678=DIRECTION('',(0.,-1.,0.));
#2679=DIRECTION('',(-1.,0.,0.));
#2680=DIRECTION('center_axis',(0.,0.964763821237732,0.263117405792109));
#2681=DIRECTION('ref_axis',(1.,0.,0.));
#2682=DIRECTION('',(0.254456678903991,0.254456678903991,-0.933007822647968));
#2683=DIRECTION('',(-1.,0.,0.));
#2684=DIRECTION('center_axis',(0.,1.,0.));
#2685=DIRECTION('ref_axis',(1.,0.,0.));
#2686=DIRECTION('',(0.,0.,1.));
#2687=DIRECTION('center_axis',(0.,1.,0.));
#2688=DIRECTION('ref_axis',(1.,0.,0.));
#2689=DIRECTION('',(1.,0.,0.));
#2690=DIRECTION('',(0.,0.,1.));
#2691=DIRECTION('center_axis',(0.,1.,0.));
#2692=DIRECTION('ref_axis',(1.,0.,0.));
#2693=DIRECTION('',(1.,0.,0.));
#2694=DIRECTION('',(0.,0.,1.));
#2695=DIRECTION('',(-1.,0.,0.));
#2696=DIRECTION('center_axis',(1.,0.,0.));
#2697=DIRECTION('ref_axis',(0.,1.,0.));
#2698=DIRECTION('',(0.,0.,-1.));
#2699=DIRECTION('',(0.,-1.,0.));
#2700=DIRECTION('center_axis',(1.,0.,0.));
#2701=DIRECTION('ref_axis',(0.,1.,0.));
#2702=DIRECTION('center_axis',(-1.,0.,0.));
#2703=DIRECTION('ref_axis',(0.,-1.,0.));
#2704=DIRECTION('center_axis',(1.,0.,0.));
#2705=DIRECTION('ref_axis',(0.,0.90170132325143,-0.432359484279714));
#2706=DIRECTION('center_axis',(-1.,0.,0.));
#2707=DIRECTION('ref_axis',(0.,-0.90170132325143,-0.432359484279714));
#2708=DIRECTION('',(0.,0.,-1.));
#2709=DIRECTION('center_axis',(1.,0.,0.));
#2710=DIRECTION('ref_axis',(0.,-1.,0.));
#2711=DIRECTION('center_axis',(-1.,0.,0.));
#2712=DIRECTION('ref_axis',(0.,0.90170132325143,0.432359484279714));
#2713=DIRECTION('center_axis',(1.,0.,0.));
#2714=DIRECTION('ref_axis',(0.,-0.90170132325143,0.432359484279714));
#2715=DIRECTION('',(0.,0.,-1.));
#2716=DIRECTION('',(0.,1.,0.));
#2717=DIRECTION('center_axis',(0.964763821237732,0.,0.263117405792109));
#2718=DIRECTION('ref_axis',(0.,-1.,0.));
#2719=DIRECTION('',(-0.254456678903991,0.254456678903991,0.933007822647968));
#2720=DIRECTION('center_axis',(0.,-0.964763821237732,0.263117405792109));
#2721=DIRECTION('ref_axis',(-1.,0.,0.));
#2722=DIRECTION('',(-1.,0.,0.));
#2723=DIRECTION('center_axis',(0.,-1.,0.));
#2724=DIRECTION('ref_axis',(0.,0.,-1.));
#2725=DIRECTION('center_axis',(0.,-1.,0.));
#2726=DIRECTION('ref_axis',(0.,0.,-1.));
#2727=DIRECTION('',(1.,0.,0.));
#2728=DIRECTION('',(-1.,0.,0.));
#2729=DIRECTION('center_axis',(0.,-1.,0.));
#2730=DIRECTION('ref_axis',(0.,0.,-1.));
#2731=DIRECTION('',(1.,0.,0.));
#2732=DIRECTION('center_axis',(0.,-0.964763821237732,-0.263117405792109));
#2733=DIRECTION('ref_axis',(0.,0.263117405792109,-0.964763821237732));
#2734=DIRECTION('',(-0.254456678903991,-0.254456678903991,0.933007822647968));
#2735=DIRECTION('',(-1.,0.,0.));
#2736=DIRECTION('',(0.254456678903991,-0.254456678903991,0.933007822647968));
#2737=DIRECTION('center_axis',(0.964763821237732,0.,-0.263117405792109));
#2738=DIRECTION('ref_axis',(0.,-1.,0.));
#2739=DIRECTION('',(-0.254456678903991,-0.254456678903991,-0.933007822647968));
#2740=DIRECTION('',(0.,1.,0.));
#2741=DIRECTION('center_axis',(0.,0.,-1.));
#2742=DIRECTION('ref_axis',(0.,-1.,0.));
#2743=DIRECTION('',(0.,-1.,0.));
#2744=DIRECTION('',(-1.,0.,0.));
#2745=DIRECTION('center_axis',(0.,0.964763821237732,-0.263117405792109));
#2746=DIRECTION('ref_axis',(-1.,0.,0.));
#2747=DIRECTION('',(-0.254456678903991,0.254456678903991,0.933007822647968));
#2748=DIRECTION('center_axis',(-0.964763821237732,0.,-0.263117405792109));
#2749=DIRECTION('ref_axis',(-0.263117405792109,0.,0.964763821237732));
#2750=DIRECTION('center_axis',(-1.,0.,0.));
#2751=DIRECTION('ref_axis',(0.,0.,-1.));
#2752=DIRECTION('',(1.,0.,0.));
#2753=DIRECTION('center_axis',(-1.,0.,0.));
#2754=DIRECTION('ref_axis',(0.,0.,-1.));
#2755=DIRECTION('',(1.,0.,0.));
#2756=DIRECTION('center_axis',(-1.,0.,0.));
#2757=DIRECTION('ref_axis',(0.,0.,-1.));
#2758=DIRECTION('center_axis',(-1.,0.,0.));
#2759=DIRECTION('ref_axis',(0.,0.,-1.));
#2760=DIRECTION('',(1.,0.,0.));
#2761=DIRECTION('center_axis',(-1.,0.,0.));
#2762=DIRECTION('ref_axis',(0.,0.,-1.));
#2763=DIRECTION('',(1.,0.,0.));
#2764=DIRECTION('center_axis',(-1.,0.,0.));
#2765=DIRECTION('ref_axis',(0.,0.,-1.));
#2766=DIRECTION('center_axis',(0.,0.707106781186548,-0.707106781186548));
#2767=DIRECTION('ref_axis',(-1.,0.,0.));
#2768=DIRECTION('',(-1.,0.,0.));
#2769=DIRECTION('center_axis',(0.,1.,0.));
#2770=DIRECTION('ref_axis',(1.,0.,0.));
#2771=DIRECTION('center_axis',(0.,1.,0.));
#2772=DIRECTION('ref_axis',(1.,0.,0.));
#2773=DIRECTION('',(0.,0.,-1.));
#2774=DIRECTION('',(1.,0.,0.));
#2775=DIRECTION('',(0.,0.,1.));
#2776=DIRECTION('',(0.,0.,1.));
#2777=DIRECTION('',(1.,0.,0.));
#2778=DIRECTION('',(0.,0.,-1.));
#2779=DIRECTION('center_axis',(0.,0.,1.));
#2780=DIRECTION('ref_axis',(-0.999999999996143,2.77743272310254E-6,0.));
#2781=DIRECTION('center_axis',(0.,0.,-1.));
#2782=DIRECTION('ref_axis',(-5.48801210640023E-6,-0.999999999984941,0.));
#2783=DIRECTION('center_axis',(0.,0.,-1.));
#2784=DIRECTION('ref_axis',(0.,-1.,0.));
#2785=DIRECTION('center_axis',(-1.,0.,0.));
#2786=DIRECTION('ref_axis',(0.,0.,1.));
#2787=DIRECTION('',(0.,1.,0.));
#2788=DIRECTION('',(0.,0.,-1.));
#2789=DIRECTION('center_axis',(0.,-1.,0.));
#2790=DIRECTION('ref_axis',(0.,0.,-1.));
#2791=DIRECTION('',(-1.,0.,0.));
#2792=DIRECTION('',(0.,0.,-1.));
#2793=DIRECTION('center_axis',(1.,0.,0.));
#2794=DIRECTION('ref_axis',(0.,1.,0.));
#2795=DIRECTION('',(0.,-1.,0.));
#2796=DIRECTION('',(0.,-1.,0.));
#2797=DIRECTION('',(0.,0.,-1.));
#2798=DIRECTION('center_axis',(0.,1.,0.));
#2799=DIRECTION('ref_axis',(1.,0.,0.));
#2800=DIRECTION('',(1.,0.,0.));
#2801=DIRECTION('',(0.,0.,-1.));
#2802=DIRECTION('center_axis',(-1.,0.,0.));
#2803=DIRECTION('ref_axis',(0.,0.,1.));
#2804=DIRECTION('',(0.,1.,0.));
#2805=DIRECTION('center_axis',(0.,0.,-1.));
#2806=DIRECTION('ref_axis',(0.,-1.,0.));
#2807=DIRECTION('center_axis',(0.,0.,-1.));
#2808=DIRECTION('ref_axis',(0.,-1.,0.));
#2809=DIRECTION('center_axis',(0.,0.,-1.));
#2810=DIRECTION('ref_axis',(0.,-1.,0.));
#2811=DIRECTION('',(0.,-1.,0.));
#2812=DIRECTION('',(-1.,0.,0.));
#2813=DIRECTION('',(0.,1.,0.));
#2814=DIRECTION('center_axis',(0.,0.,-1.));
#2815=DIRECTION('ref_axis',(0.,-1.,0.));
#2816=DIRECTION('',(1.,0.,0.));
#2817=DIRECTION('',(0.,-1.,0.));
#2818=DIRECTION('',(0.,1.,0.));
#2819=DIRECTION('center_axis',(-1.,0.,0.));
#2820=DIRECTION('ref_axis',(0.,0.,1.));
#2821=DIRECTION('',(0.,0.,-1.));
#2822=DIRECTION('',(0.,0.,-1.));
#2823=DIRECTION('center_axis',(0.,1.,0.));
#2824=DIRECTION('ref_axis',(1.,0.,0.));
#2825=DIRECTION('',(0.,0.,-1.));
#2826=DIRECTION('center_axis',(1.,0.,0.));
#2827=DIRECTION('ref_axis',(0.,1.,0.));
#2828=DIRECTION('center_axis',(0.,-1.,0.));
#2829=DIRECTION('ref_axis',(0.,0.,-1.));
#2830=DIRECTION('',(0.,0.,-1.));
#2831=DIRECTION('center_axis',(1.,0.,0.));
#2832=DIRECTION('ref_axis',(0.,1.,0.));
#2833=DIRECTION('center_axis',(0.,-1.,0.));
#2834=DIRECTION('ref_axis',(0.,0.,-1.));
#2835=DIRECTION('',(0.,0.,-1.));
#2836=DIRECTION('',(-1.,0.,0.));
#2837=DIRECTION('center_axis',(0.,-1.,0.));
#2838=DIRECTION('ref_axis',(0.,0.,-1.));
#2839=DIRECTION('',(1.,0.,0.));
#2840=DIRECTION('',(0.,0.,-1.));
#2841=DIRECTION('center_axis',(0.,-1.,0.));
#2842=DIRECTION('ref_axis',(0.,0.,-1.));
#2843=DIRECTION('',(-1.,0.,0.));
#2844=DIRECTION('',(0.,0.,-1.));
#2845=DIRECTION('',(1.,0.,0.));
#2846=DIRECTION('center_axis',(0.,-0.964763821237732,0.263117405792109));
#2847=DIRECTION('ref_axis',(-1.,0.,0.));
#2848=DIRECTION('',(-0.254456678903991,0.254456678903991,0.933007822647968));
#2849=DIRECTION('center_axis',(0.964763821237732,0.,0.263117405792109));
#2850=DIRECTION('ref_axis',(0.,-1.,0.));
#2851=DIRECTION('',(0.,-1.,0.));
#2852=DIRECTION('center_axis',(1.,0.,0.));
#2853=DIRECTION('ref_axis',(0.,1.,0.));
#2854=DIRECTION('center_axis',(1.,0.,0.));
#2855=DIRECTION('ref_axis',(0.,1.,0.));
#2856=DIRECTION('center_axis',(-1.,0.,0.));
#2857=DIRECTION('ref_axis',(0.,1.,0.));
#2858=DIRECTION('center_axis',(1.,0.,0.));
#2859=DIRECTION('ref_axis',(0.,-0.90170132325143,0.432359484279714));
#2860=DIRECTION('center_axis',(-1.,0.,0.));
#2861=DIRECTION('ref_axis',(0.,0.90170132325143,0.432359484279714));
#2862=DIRECTION('',(0.,1.,0.));
#2863=DIRECTION('center_axis',(1.,0.,0.));
#2864=DIRECTION('ref_axis',(0.,1.,0.));
#2865=DIRECTION('center_axis',(-1.,0.,0.));
#2866=DIRECTION('ref_axis',(0.,-0.901701323251391,-0.432359484279796));
#2867=DIRECTION('center_axis',(1.,0.,0.));
#2868=DIRECTION('ref_axis',(0.,0.90170132325143,-0.432359484279714));
#2869=DIRECTION('center_axis',(-1.,0.,0.));
#2870=DIRECTION('ref_axis',(0.,0.,-1.));
#2871=DIRECTION('',(1.,0.,0.));
#2872=DIRECTION('center_axis',(-1.,0.,0.));
#2873=DIRECTION('ref_axis',(0.,0.,-1.));
#2874=DIRECTION('',(1.,0.,0.));
#2875=DIRECTION('center_axis',(-1.,0.,0.));
#2876=DIRECTION('ref_axis',(0.,0.,-1.));
#2877=DIRECTION('center_axis',(0.964763821237732,0.,-0.263117405792109));
#2878=DIRECTION('ref_axis',(0.,-1.,0.));
#2879=DIRECTION('',(-0.254456678903991,-0.254456678903991,-0.933007822647968));
#2880=DIRECTION('',(0.254456678903991,-0.254456678903991,0.933007822647968));
#2881=DIRECTION('',(0.,1.,0.));
#2882=DIRECTION('center_axis',(0.,0.,-1.));
#2883=DIRECTION('ref_axis',(0.,-1.,0.));
#2884=DIRECTION('',(-1.,0.,0.));
#2885=DIRECTION('',(0.,-1.,0.));
#2886=DIRECTION('',(-1.,0.,0.));
#2887=DIRECTION('center_axis',(0.,0.964763821237732,-0.263117405792109));
#2888=DIRECTION('ref_axis',(-1.,0.,0.));
#2889=DIRECTION('',(-0.254456678903991,0.254456678903991,0.933007822647968));
#2890=DIRECTION('center_axis',(-0.964763821237732,0.,-0.263117405792109));
#2891=DIRECTION('ref_axis',(-0.263117405792109,0.,0.964763821237732));
#2892=DIRECTION('',(-0.254456678903991,-0.254456678903991,0.933007822647968));
#2893=DIRECTION('center_axis',(0.,-0.964763821237732,-0.263117405792109));
#2894=DIRECTION('ref_axis',(0.,0.263117405792109,-0.964763821237732));
#2895=DIRECTION('center_axis',(-1.,0.,0.));
#2896=DIRECTION('ref_axis',(0.,0.,-1.));
#2897=DIRECTION('',(1.,0.,0.));
#2898=DIRECTION('center_axis',(-1.,0.,0.));
#2899=DIRECTION('ref_axis',(0.,0.,-1.));
#2900=DIRECTION('',(1.,0.,0.));
#2901=DIRECTION('center_axis',(-1.,0.,0.));
#2902=DIRECTION('ref_axis',(0.,0.,-1.));
#2903=CARTESIAN_POINT('',(0.,0.,0.));
#2904=CARTESIAN_POINT('Origin',(-6.800414540863E-8,1.340000084525,-5.529999903868));
#2905=CARTESIAN_POINT('',(-2.3159573532379E-6,0.940000109126194,-5.83000000159879));
#2906=CARTESIAN_POINT('',(-3.34996023469596E-6,0.740000016196893,-5.22999999460151));
#2907=CARTESIAN_POINT('',(-2.335619515245E-6,0.9400000947371,-5.829999990407));
#2908=CARTESIAN_POINT('',(-5.81667737653052E-8,1.74000002398227,-5.83000007194694));
#2909=CARTESIAN_POINT('Origin',(-6.800414540863E-8,1.340000084525,-5.83));
#2910=CARTESIAN_POINT('',(0.447213630966978,1.73999999736661,-5.22999992122767));
#2911=CARTESIAN_POINT('Ctrl Pts',(0.447213681184114,1.74,-5.22999994368545));
#2912=CARTESIAN_POINT('Ctrl Pts',(0.178885404477683,1.74,-5.83000025975156));
#2913=CARTESIAN_POINT('Ctrl Pts',(-5.81732177839837E-8,1.74,-5.83000027294113));
#2914=CARTESIAN_POINT('Origin',(0.,1.34,-5.22999987809));
#2915=CARTESIAN_POINT('Origin',(0.,1.34,-4.23));
#2916=CARTESIAN_POINT('',(0.4472135955,1.74,-4.23));
#2917=CARTESIAN_POINT('',(-0.4472135955,1.74,-4.23));
#2918=CARTESIAN_POINT('Origin',(0.,1.34,-4.23));
#2919=CARTESIAN_POINT('',(-0.447213641619599,1.73999999981406,-5.23000013210812));
#2920=CARTESIAN_POINT('',(-0.4472135955,1.74,-4.23));
#2921=CARTESIAN_POINT('Origin',(0.,1.34,-5.230000121908));
#2922=CARTESIAN_POINT('',(0.4472135955,1.74,-4.23));
#2923=CARTESIAN_POINT('Origin',(0.,-1.74,0.));
#2924=CARTESIAN_POINT('',(2.17,-1.74,-4.23));
#2925=CARTESIAN_POINT('',(2.17,-1.74,-4.83));
#2926=CARTESIAN_POINT('',(2.17,-1.74,-4.23));
#2927=CARTESIAN_POINT('',(2.97,-1.74,-4.83));
#2928=CARTESIAN_POINT('',(2.97,-1.74,-4.83));
#2929=CARTESIAN_POINT('',(2.97,-1.74,4.23));
#2930=CARTESIAN_POINT('',(2.97,-1.74,4.23));
#2931=CARTESIAN_POINT('',(-2.97,-1.74,4.23));
#2932=CARTESIAN_POINT('',(-2.97,-1.74,4.23));
#2933=CARTESIAN_POINT('',(-2.97,-1.74,-4.83));
#2934=CARTESIAN_POINT('',(-2.97,-1.74,4.23));
#2935=CARTESIAN_POINT('',(-2.17,-1.74,-4.83));
#2936=CARTESIAN_POINT('',(-2.17,-1.74,-4.83));
#2937=CARTESIAN_POINT('',(-2.17,-1.74,-4.23));
#2938=CARTESIAN_POINT('',(-2.17,-1.74,-4.23));
#2939=CARTESIAN_POINT('',(2.17,-1.74,-4.23));
#2940=CARTESIAN_POINT('Origin',(2.97,-1.74,-4.23));
#2941=CARTESIAN_POINT('',(2.17,1.74,-4.23));
#2942=CARTESIAN_POINT('',(2.17,1.74,-4.23));
#2943=CARTESIAN_POINT('',(2.17,1.14,-4.23));
#2944=CARTESIAN_POINT('',(2.17,1.74,-4.23));
#2945=CARTESIAN_POINT('',(2.97,1.14,-4.23));
#2946=CARTESIAN_POINT('',(2.97,1.14,-4.23));
#2947=CARTESIAN_POINT('',(2.97,-1.14,-4.23));
#2948=CARTESIAN_POINT('',(2.97,-1.14,-4.23));
#2949=CARTESIAN_POINT('',(2.17,-1.14,-4.23));
#2950=CARTESIAN_POINT('',(2.97,-1.14,-4.23));
#2951=CARTESIAN_POINT('',(2.17,-1.74,-4.23));
#2952=CARTESIAN_POINT('',(-2.17,-1.14,-4.23));
#2953=CARTESIAN_POINT('',(-2.17,-1.74,-4.23));
#2954=CARTESIAN_POINT('',(-2.97,-1.14,-4.23));
#2955=CARTESIAN_POINT('',(-2.97,-1.14,-4.23));
#2956=CARTESIAN_POINT('',(-2.97,1.14,-4.23));
#2957=CARTESIAN_POINT('',(-2.97,-1.14,-4.23));
#2958=CARTESIAN_POINT('',(-2.17,1.14,-4.23));
#2959=CARTESIAN_POINT('',(-2.97,1.14,-4.23));
#2960=CARTESIAN_POINT('',(-2.17,1.74,-4.23));
#2961=CARTESIAN_POINT('',(-2.17,1.74,-4.23));
#2962=CARTESIAN_POINT('',(-0.4472135955,1.74,-4.23));
#2963=CARTESIAN_POINT('',(-1.5675,-0.3175,-4.23));
#2964=CARTESIAN_POINT('',(-0.9325,-0.3175,-4.23));
#2965=CARTESIAN_POINT('',(-1.5675,-0.3175,-4.23));
#2966=CARTESIAN_POINT('',(-0.9325,0.3175,-4.23));
#2967=CARTESIAN_POINT('',(-0.9325,-0.3175,-4.23));
#2968=CARTESIAN_POINT('',(-1.5675,0.3175,-4.23));
#2969=CARTESIAN_POINT('',(-1.5675,0.3175,-4.23));
#2970=CARTESIAN_POINT('',(-1.5675,-0.3175,-4.23));
#2971=CARTESIAN_POINT('',(0.9325,-0.3175,-4.23));
#2972=CARTESIAN_POINT('',(1.5675,-0.3175,-4.23));
#2973=CARTESIAN_POINT('',(0.9325,-0.3175,-4.23));
#2974=CARTESIAN_POINT('',(1.5675,0.3175,-4.23));
#2975=CARTESIAN_POINT('',(1.5675,-0.3175,-4.23));
#2976=CARTESIAN_POINT('',(0.9325,0.3175,-4.23));
#2977=CARTESIAN_POINT('',(0.9325,0.3175,-4.23));
#2978=CARTESIAN_POINT('',(0.9325,-0.3175,-4.23));
#2979=CARTESIAN_POINT('Origin',(0.9325,-1.74,0.));
#2980=CARTESIAN_POINT('',(0.9325,0.3175,-1.77));
#2981=CARTESIAN_POINT('',(0.9325,0.3175,2.22));
#2982=CARTESIAN_POINT('',(0.9325,0.3175,-1.77));
#2983=CARTESIAN_POINT('',(0.9325,-0.3175,-1.77));
#2984=CARTESIAN_POINT('',(0.9325,-0.3175,-1.77));
#2985=CARTESIAN_POINT('',(0.9325,-0.3175,2.22));
#2986=CARTESIAN_POINT('',(0.9325,-0.3175,2.22));
#2987=CARTESIAN_POINT('',(0.9325,-0.3175,2.22));
#2988=CARTESIAN_POINT('Origin',(0.9325,-1.74,0.));
#2989=CARTESIAN_POINT('',(0.9325,0.3175,-4.78640916408));
#2990=CARTESIAN_POINT('',(0.9325,0.3175,-4.23));
#2991=CARTESIAN_POINT('',(0.9325,0.1562901701323,-5.495478718299));
#2992=CARTESIAN_POINT('Origin',(0.9325,-1.3225,-4.78640916408));
#2993=CARTESIAN_POINT('',(0.9325,0.1562901701323,-6.364521281701));
#2994=CARTESIAN_POINT('Origin',(0.9325,1.0625,-5.93));
#2995=CARTESIAN_POINT('',(0.9325,0.3175,-7.07359083592));
#2996=CARTESIAN_POINT('Origin',(0.9325,-1.3225,-7.07359083592));
#2997=CARTESIAN_POINT('',(0.9325,0.3175,-7.48));
#2998=CARTESIAN_POINT('',(0.9325,0.3175,-7.07359083592));
#2999=CARTESIAN_POINT('',(0.9325,-0.3175,-7.48));
#3000=CARTESIAN_POINT('',(0.9325,0.3175,-7.48));
#3001=CARTESIAN_POINT('',(0.9325,-0.3175,-7.07359083592));
#3002=CARTESIAN_POINT('',(0.9325,-0.3175,-7.48));
#3003=CARTESIAN_POINT('',(0.9325,-0.4162901701323,-6.639069554219));
#3004=CARTESIAN_POINT('Origin',(0.9325,-1.3225,-7.07359083592));
#3005=CARTESIAN_POINT('',(0.9325,-0.4162901701323,-5.220930445781));
#3006=CARTESIAN_POINT('Origin',(0.9325,1.0625,-5.93));
#3007=CARTESIAN_POINT('',(0.9325,-0.3175,-4.78640916408));
#3008=CARTESIAN_POINT('Origin',(0.9325,-1.3225,-4.78640916408));
#3009=CARTESIAN_POINT('',(0.9325,-0.3175,-4.78640916408));
#3010=CARTESIAN_POINT('Origin',(1.0075,0.,2.495));
#3011=CARTESIAN_POINT('',(1.0825,0.1675,2.77));
#3012=CARTESIAN_POINT('',(0.9325,0.3175,2.22));
#3013=CARTESIAN_POINT('',(1.0825,-0.1675,2.77));
#3014=CARTESIAN_POINT('',(1.0825,-0.1675,2.77));
#3015=CARTESIAN_POINT('',(1.0825,-0.1675,2.77));
#3016=CARTESIAN_POINT('Origin',(0.9325,0.3175,2.77));
#3017=CARTESIAN_POINT('',(1.4175,-0.1675,2.77));
#3018=CARTESIAN_POINT('',(1.4175,-0.1675,2.77));
#3019=CARTESIAN_POINT('',(1.4175,0.1675,2.77));
#3020=CARTESIAN_POINT('',(1.4175,0.1675,2.77));
#3021=CARTESIAN_POINT('',(1.4175,0.1675,2.77));
#3022=CARTESIAN_POINT('Origin',(1.25,0.2425,2.495));
#3023=CARTESIAN_POINT('',(1.5675,0.3175,2.22));
#3024=CARTESIAN_POINT('',(1.4175,0.1675,2.77));
#3025=CARTESIAN_POINT('',(1.5675,0.3175,2.22));
#3026=CARTESIAN_POINT('Origin',(0.9325,0.3175,-8.03));
#3027=CARTESIAN_POINT('',(1.5675,0.3175,-1.77));
#3028=CARTESIAN_POINT('',(1.5675,0.3175,-1.77));
#3029=CARTESIAN_POINT('',(0.9325,0.3175,-1.77));
#3030=CARTESIAN_POINT('Origin',(0.9325,0.3175,-8.03));
#3031=CARTESIAN_POINT('',(1.5675,0.3175,-4.78640916408));
#3032=CARTESIAN_POINT('',(1.5675,0.3175,-4.78640916408));
#3033=CARTESIAN_POINT('',(0.9325,0.3175,-4.78640916408));
#3034=CARTESIAN_POINT('Origin',(0.9325,0.3175,-8.03));
#3035=CARTESIAN_POINT('',(1.5675,0.3175,-7.48));
#3036=CARTESIAN_POINT('',(1.5675,0.3175,-7.48));
#3037=CARTESIAN_POINT('',(1.5675,0.3175,-7.07359083592));
#3038=CARTESIAN_POINT('',(0.9325,0.3175,-7.07359083592));
#3039=CARTESIAN_POINT('',(1.5675,0.3175,-7.48));
#3040=CARTESIAN_POINT('Origin',(0.,-1.74,-1.77));
#3041=CARTESIAN_POINT('',(0.14,-1.095,-1.77));
#3042=CARTESIAN_POINT('',(2.36,-1.095,-1.77));
#3043=CARTESIAN_POINT('',(0.14,-1.095,-1.77));
#3044=CARTESIAN_POINT('',(2.36,1.095,-1.77));
#3045=CARTESIAN_POINT('',(2.36,-1.095,-1.77));
#3046=CARTESIAN_POINT('',(0.14,1.095,-1.77));
#3047=CARTESIAN_POINT('',(2.36,1.095,-1.77));
#3048=CARTESIAN_POINT('',(0.14,1.095,-1.77));
#3049=CARTESIAN_POINT('',(1.5675,-0.3175,-1.77));
#3050=CARTESIAN_POINT('',(1.5675,-0.3175,-1.77));
#3051=CARTESIAN_POINT('',(0.9325,-0.3175,-1.77));
#3052=CARTESIAN_POINT('Origin',(0.14,1.095,4.23));
#3053=CARTESIAN_POINT('',(0.14,-1.095,-0.07));
#3054=CARTESIAN_POINT('',(0.14,-1.095,-0.07));
#3055=CARTESIAN_POINT('',(0.14,1.095,4.23));
#3056=CARTESIAN_POINT('',(0.14,1.095,4.23));
#3057=CARTESIAN_POINT('',(0.14,0.215,4.23));
#3058=CARTESIAN_POINT('',(0.14,1.095,4.23));
#3059=CARTESIAN_POINT('',(0.14,-0.385,3.63));
#3060=CARTESIAN_POINT('',(0.14,-0.385,3.63));
#3061=CARTESIAN_POINT('',(0.14,-0.385,-0.07));
#3062=CARTESIAN_POINT('',(0.14,-0.385,-0.07));
#3063=CARTESIAN_POINT('',(0.14,-1.095,-0.07));
#3064=CARTESIAN_POINT('Origin',(1.25,-1.095,-0.07));
#3065=CARTESIAN_POINT('',(-0.14,-0.385,-0.07));
#3066=CARTESIAN_POINT('',(0.14,-0.385,-0.07));
#3067=CARTESIAN_POINT('',(-0.14,-1.095,-0.07));
#3068=CARTESIAN_POINT('',(-0.14,-1.095,-0.07));
#3069=CARTESIAN_POINT('',(0.14,-1.095,-0.07));
#3070=CARTESIAN_POINT('Origin',(0.14,-1.095,4.23));
#3071=CARTESIAN_POINT('',(2.36,-1.095,4.23));
#3072=CARTESIAN_POINT('',(2.36,-1.095,4.23));
#3073=CARTESIAN_POINT('',(-0.14,-1.095,-1.77));
#3074=CARTESIAN_POINT('',(-0.14,-1.095,-0.07));
#3075=CARTESIAN_POINT('',(-2.36,-1.095,-1.77));
#3076=CARTESIAN_POINT('',(-2.36,-1.095,-1.77));
#3077=CARTESIAN_POINT('',(-2.36,-1.095,4.23));
#3078=CARTESIAN_POINT('',(-2.36,-1.095,4.23));
#3079=CARTESIAN_POINT('',(2.36,-1.095,4.23));
#3080=CARTESIAN_POINT('Origin',(-2.97,-1.74,4.23));
#3081=CARTESIAN_POINT('',(-2.6,2.56,4.23));
#3082=CARTESIAN_POINT('',(-2.2,2.56,4.23));
#3083=CARTESIAN_POINT('',(-2.6,2.56,4.23));
#3084=CARTESIAN_POINT('',(-2.6,1.74,4.23));
#3085=CARTESIAN_POINT('',(-2.6,2.56,4.23));
#3086=CARTESIAN_POINT('',(-2.97,1.74,4.23));
#3087=CARTESIAN_POINT('',(-2.97,1.74,4.23));
#3088=CARTESIAN_POINT('',(-2.97,-1.74,4.23));
#3089=CARTESIAN_POINT('',(2.97,1.74,4.23));
#3090=CARTESIAN_POINT('',(2.97,-1.74,4.23));
#3091=CARTESIAN_POINT('',(2.6,1.74,4.23));
#3092=CARTESIAN_POINT('',(2.6,1.74,4.23));
#3093=CARTESIAN_POINT('',(2.6,2.56,4.23));
#3094=CARTESIAN_POINT('',(2.6,2.56,4.23));
#3095=CARTESIAN_POINT('',(2.2,2.56,4.23));
#3096=CARTESIAN_POINT('',(2.2,2.56,4.23));
#3097=CARTESIAN_POINT('',(2.2,1.095,4.23));
#3098=CARTESIAN_POINT('',(2.2,2.56,4.23));
#3099=CARTESIAN_POINT('',(2.36,1.095,4.23));
#3100=CARTESIAN_POINT('',(2.36,1.095,4.23));
#3101=CARTESIAN_POINT('',(2.36,-1.095,4.23));
#3102=CARTESIAN_POINT('',(-2.36,1.095,4.23));
#3103=CARTESIAN_POINT('',(-2.36,1.095,4.23));
#3104=CARTESIAN_POINT('',(-2.2,1.095,4.23));
#3105=CARTESIAN_POINT('',(-2.2,1.095,4.23));
#3106=CARTESIAN_POINT('',(-2.2,2.56,4.23));
#3107=CARTESIAN_POINT('Origin',(-2.97,-1.74,4.23));
#3108=CARTESIAN_POINT('',(-0.14,1.095,4.23));
#3109=CARTESIAN_POINT('',(-1.33,1.095,4.23));
#3110=CARTESIAN_POINT('',(-0.14,1.095,4.23));
#3111=CARTESIAN_POINT('',(-0.14,0.215,4.23));
#3112=CARTESIAN_POINT('',(-0.14,0.215,4.23));
#3113=CARTESIAN_POINT('',(-0.14,0.215,4.23));
#3114=CARTESIAN_POINT('',(1.33,1.095,4.23));
#3115=CARTESIAN_POINT('',(1.33,1.095,4.23));
#3116=CARTESIAN_POINT('',(1.33,1.37,4.23));
#3117=CARTESIAN_POINT('',(1.33,1.37,4.23));
#3118=CARTESIAN_POINT('',(-1.33,1.37,4.23));
#3119=CARTESIAN_POINT('',(-1.33,1.37,4.23));
#3120=CARTESIAN_POINT('',(-1.33,1.095,4.23));
#3121=CARTESIAN_POINT('Origin',(-2.2,3.75,5.68));
#3122=CARTESIAN_POINT('',(-2.2,1.095,-0.32));
#3123=CARTESIAN_POINT('',(-2.2,1.095,4.23));
#3124=CARTESIAN_POINT('',(-2.2,3.75,-0.32));
#3125=CARTESIAN_POINT('',(-2.2,3.75,-0.32));
#3126=CARTESIAN_POINT('',(-2.2,3.75,5.411849315068));
#3127=CARTESIAN_POINT('',(-2.2,3.75,5.411849315068));
#3128=CARTESIAN_POINT('',(-2.2,2.56,4.23));
#3129=CARTESIAN_POINT('Origin',(-2.6,4.02,5.68));
#3130=CARTESIAN_POINT('',(2.2,3.75,5.411849315068));
#3131=CARTESIAN_POINT('',(2.2,3.75,5.411849315068));
#3132=CARTESIAN_POINT('',(2.2,2.56,4.23));
#3133=CARTESIAN_POINT('',(2.6,4.02,5.68));
#3134=CARTESIAN_POINT('',(2.6,4.02,5.68));
#3135=CARTESIAN_POINT('',(-2.6,4.02,5.68));
#3136=CARTESIAN_POINT('',(-2.6,4.02,5.68));
#3137=CARTESIAN_POINT('',(-2.6,4.02,5.68));
#3138=CARTESIAN_POINT('Origin',(-2.6,0.,0.));
#3139=CARTESIAN_POINT('',(-2.6,1.74,-0.52));
#3140=CARTESIAN_POINT('',(-2.6,1.74,4.23));
#3141=CARTESIAN_POINT('',(-2.6,4.35,5.68));
#3142=CARTESIAN_POINT('',(-2.6,4.35,5.68));
#3143=CARTESIAN_POINT('',(-2.6,4.35,-0.52));
#3144=CARTESIAN_POINT('',(-2.6,4.35,5.68));
#3145=CARTESIAN_POINT('',(-2.6,4.35,-0.52));
#3146=CARTESIAN_POINT('Origin',(-2.35,4.385452790307,-0.52));
#3147=CARTESIAN_POINT('',(-2.35,1.74,-0.77));
#3148=CARTESIAN_POINT('Origin',(-2.35,1.74,-0.52));
#3149=CARTESIAN_POINT('',(-2.35,4.349999999813,-0.77));
#3150=CARTESIAN_POINT('Origin',(-2.35,4.35,-0.52));
#3151=CARTESIAN_POINT('',(-2.35,4.349999999813,-0.77));
#3152=CARTESIAN_POINT('Origin',(-2.6,1.74,-0.77));
#3153=CARTESIAN_POINT('',(2.35,1.74,-0.77));
#3154=CARTESIAN_POINT('',(-2.35,1.74,-0.77));
#3155=CARTESIAN_POINT('',(-1.15,4.35,-0.77));
#3156=CARTESIAN_POINT('',(-2.35,4.349999999813,-0.77));
#3157=CARTESIAN_POINT('',(-1.15,3.75,-0.77));
#3158=CARTESIAN_POINT('',(-1.15,4.35,-0.77));
#3159=CARTESIAN_POINT('',(1.15,3.75,-0.77));
#3160=CARTESIAN_POINT('',(-1.15,3.75,-0.77));
#3161=CARTESIAN_POINT('',(1.15,4.35,-0.77));
#3162=CARTESIAN_POINT('',(1.15,4.35,-0.77));
#3163=CARTESIAN_POINT('',(2.35,4.35,-0.77));
#3164=CARTESIAN_POINT('',(1.15,4.35,-0.77));
#3165=CARTESIAN_POINT('',(2.35,1.74,-0.77));
#3166=CARTESIAN_POINT('Origin',(2.35,-10.004824,-0.52));
#3167=CARTESIAN_POINT('',(2.6,1.74,-0.52));
#3168=CARTESIAN_POINT('Origin',(2.35,1.74,-0.52));
#3169=CARTESIAN_POINT('',(2.6,4.35,-0.52));
#3170=CARTESIAN_POINT('Origin',(2.35,4.35,-0.52));
#3171=CARTESIAN_POINT('',(2.6,1.74,-0.52));
#3172=CARTESIAN_POINT('Origin',(2.6,0.,0.));
#3173=CARTESIAN_POINT('',(2.6,4.35,5.68));
#3174=CARTESIAN_POINT('',(2.6,4.35,5.68));
#3175=CARTESIAN_POINT('',(2.6,1.74,4.23));
#3176=CARTESIAN_POINT('',(2.6,4.35,-0.52));
#3177=CARTESIAN_POINT('Origin',(2.35,4.35,-0.5449569881336));
#3178=CARTESIAN_POINT('',(2.35,4.6,-0.5200000000227));
#3179=CARTESIAN_POINT('Origin',(2.35,4.35,-0.52));
#3180=CARTESIAN_POINT('',(2.35,4.6,5.68));
#3181=CARTESIAN_POINT('',(2.35,4.6,-0.5200000000227));
#3182=CARTESIAN_POINT('Origin',(2.35,4.35,5.68));
#3183=CARTESIAN_POINT('Origin',(-2.6,4.6,5.68));
#3184=CARTESIAN_POINT('',(-2.35,4.6,5.68));
#3185=CARTESIAN_POINT('',(-2.35,4.6,5.68));
#3186=CARTESIAN_POINT('Origin',(-2.35,4.35,5.68));
#3187=CARTESIAN_POINT('Origin',(-2.35,4.35,23.552356));
#3188=CARTESIAN_POINT('',(-2.35,4.6,-0.52));
#3189=CARTESIAN_POINT('',(-2.35,4.6,5.68));
#3190=CARTESIAN_POINT('Origin',(-2.35,4.35,-0.52));
#3191=CARTESIAN_POINT('Origin',(-2.35,4.35,-0.52));
#3192=CARTESIAN_POINT('Origin',(-2.35,4.35,-0.52));
#3193=CARTESIAN_POINT('Origin',(-2.6,4.35,-0.52));
#3194=CARTESIAN_POINT('',(1.15,4.6,-0.52));
#3195=CARTESIAN_POINT('Origin',(1.15,4.35,-0.52));
#3196=CARTESIAN_POINT('',(1.15,4.6,-0.52));
#3197=CARTESIAN_POINT('Origin',(2.35,4.35,-0.52));
#3198=CARTESIAN_POINT('Origin',(-2.6,4.35,-0.52));
#3199=CARTESIAN_POINT('',(-1.15,4.6,-0.52));
#3200=CARTESIAN_POINT('',(-2.35,4.6,-0.5200000000454));
#3201=CARTESIAN_POINT('Origin',(-1.15,4.35,-0.52));
#3202=CARTESIAN_POINT('Origin',(2.35,4.35,-0.52));
#3203=CARTESIAN_POINT('Origin',(-2.6,4.6,-0.52));
#3204=CARTESIAN_POINT('',(1.15,4.6,4.1));
#3205=CARTESIAN_POINT('',(1.15,4.6,-0.52));
#3206=CARTESIAN_POINT('',(0.9,4.6,4.35));
#3207=CARTESIAN_POINT('Origin',(0.9,4.6,4.1));
#3208=CARTESIAN_POINT('',(-0.9,4.6,4.35));
#3209=CARTESIAN_POINT('',(-0.9,4.6,4.35));
#3210=CARTESIAN_POINT('',(-1.15,4.6,4.1));
#3211=CARTESIAN_POINT('Origin',(-0.9,4.6,4.1));
#3212=CARTESIAN_POINT('',(-1.15,4.6,-0.52));
#3213=CARTESIAN_POINT('Origin',(-1.15,4.6,-0.77));
#3214=CARTESIAN_POINT('',(-1.15,3.75,4.1));
#3215=CARTESIAN_POINT('',(-1.15,4.6,4.1));
#3216=CARTESIAN_POINT('',(-1.15,3.75,-0.32));
#3217=CARTESIAN_POINT('',(-1.15,3.75,-0.32));
#3218=CARTESIAN_POINT('',(-1.15,3.75,-0.77));
#3219=CARTESIAN_POINT('Origin',(-2.6,3.75,0.));
#3220=CARTESIAN_POINT('',(1.15,3.75,-0.32));
#3221=CARTESIAN_POINT('',(-1.15,3.75,-0.32));
#3222=CARTESIAN_POINT('',(1.15,3.75,-0.32));
#3223=CARTESIAN_POINT('Origin',(1.15,4.6,4.1));
#3224=CARTESIAN_POINT('',(1.15,3.75,4.1));
#3225=CARTESIAN_POINT('',(1.15,3.75,-0.32));
#3226=CARTESIAN_POINT('',(1.15,4.6,4.1));
#3227=CARTESIAN_POINT('Origin',(0.9,4.6,4.1));
#3228=CARTESIAN_POINT('',(0.9,3.75,4.35));
#3229=CARTESIAN_POINT('Origin',(0.9,3.75,4.1));
#3230=CARTESIAN_POINT('',(0.9,4.6,4.35));
#3231=CARTESIAN_POINT('Origin',(-0.9,4.6,4.35));
#3232=CARTESIAN_POINT('',(-0.9,3.75,4.35));
#3233=CARTESIAN_POINT('',(-0.9,3.75,4.35));
#3234=CARTESIAN_POINT('',(-0.9,4.6,4.35));
#3235=CARTESIAN_POINT('Origin',(-0.9,4.6,4.1));
#3236=CARTESIAN_POINT('Origin',(-0.9,3.75,4.1));
#3237=CARTESIAN_POINT('Origin',(2.2,3.75,5.68));
#3238=CARTESIAN_POINT('',(2.2,3.75,-0.32));
#3239=CARTESIAN_POINT('',(2.2,3.75,-0.32));
#3240=CARTESIAN_POINT('',(2.2,3.75,5.411849315068));
#3241=CARTESIAN_POINT('',(-1.15,3.75,-0.32));
#3242=CARTESIAN_POINT('Origin',(-2.6,0.,-0.32));
#3243=CARTESIAN_POINT('',(-1.33,1.095,-0.32));
#3244=CARTESIAN_POINT('',(-1.33,1.095,-0.32));
#3245=CARTESIAN_POINT('',(-1.33,1.37,-0.32));
#3246=CARTESIAN_POINT('',(-1.33,1.095,-0.32));
#3247=CARTESIAN_POINT('',(1.33,1.37,-0.32));
#3248=CARTESIAN_POINT('',(-1.33,1.37,-0.32));
#3249=CARTESIAN_POINT('',(1.33,1.095,-0.32));
#3250=CARTESIAN_POINT('',(1.33,1.37,-0.32));
#3251=CARTESIAN_POINT('',(2.2,1.095,-0.32));
#3252=CARTESIAN_POINT('',(1.33,1.095,-0.32));
#3253=CARTESIAN_POINT('',(2.2,1.095,-0.32));
#3254=CARTESIAN_POINT('Origin',(2.2,1.095,5.68));
#3255=CARTESIAN_POINT('',(2.2,1.095,4.23));
#3256=CARTESIAN_POINT('Origin',(2.36,1.095,4.23));
#3257=CARTESIAN_POINT('',(1.33,1.095,4.23));
#3258=CARTESIAN_POINT('',(2.36,1.095,4.23));
#3259=CARTESIAN_POINT('Origin',(2.36,-1.095,4.23));
#3260=CARTESIAN_POINT('Origin',(1.33,1.37,5.68));
#3261=CARTESIAN_POINT('',(1.33,1.37,4.23));
#3262=CARTESIAN_POINT('Origin',(-1.33,1.37,5.68));
#3263=CARTESIAN_POINT('',(-1.33,1.37,4.23));
#3264=CARTESIAN_POINT('Origin',(-1.33,1.095,5.68));
#3265=CARTESIAN_POINT('',(-1.33,1.095,4.23));
#3266=CARTESIAN_POINT('Origin',(-0.14,1.095,4.23));
#3267=CARTESIAN_POINT('',(-2.36,1.095,-1.77));
#3268=CARTESIAN_POINT('',(-2.36,1.095,4.23));
#3269=CARTESIAN_POINT('',(-0.14,1.095,-1.77));
#3270=CARTESIAN_POINT('',(-0.14,1.095,-1.77));
#3271=CARTESIAN_POINT('',(-0.14,1.095,4.23));
#3272=CARTESIAN_POINT('Origin',(-0.14,-1.095,4.23));
#3273=CARTESIAN_POINT('',(-0.14,-0.385,3.63));
#3274=CARTESIAN_POINT('',(-0.14,-0.385,-0.07));
#3275=CARTESIAN_POINT('',(-0.14,-0.385,3.63));
#3276=CARTESIAN_POINT('',(-0.14,-1.095,-1.77));
#3277=CARTESIAN_POINT('Origin',(0.,-1.74,-1.77));
#3278=CARTESIAN_POINT('',(-2.36,1.095,-1.77));
#3279=CARTESIAN_POINT('',(-1.5675,0.3175,-1.77));
#3280=CARTESIAN_POINT('',(-0.9325,0.3175,-1.77));
#3281=CARTESIAN_POINT('',(-1.5675,0.3175,-1.77));
#3282=CARTESIAN_POINT('',(-0.9325,-0.3175,-1.77));
#3283=CARTESIAN_POINT('',(-0.9325,-0.3175,-1.77));
#3284=CARTESIAN_POINT('',(-1.5675,-0.3175,-1.77));
#3285=CARTESIAN_POINT('',(-1.5675,-0.3175,-1.77));
#3286=CARTESIAN_POINT('',(-1.5675,-0.3175,-1.77));
#3287=CARTESIAN_POINT('Origin',(-2.36,1.095,4.23));
#3288=CARTESIAN_POINT('Origin',(-1.5675,-1.74,0.));
#3289=CARTESIAN_POINT('',(-1.5675,0.3175,2.22));
#3290=CARTESIAN_POINT('',(-1.5675,0.3175,-1.77));
#3291=CARTESIAN_POINT('',(-1.5675,-0.3175,2.22));
#3292=CARTESIAN_POINT('',(-1.5675,-0.3175,2.22));
#3293=CARTESIAN_POINT('',(-1.5675,-0.3175,2.22));
#3294=CARTESIAN_POINT('Origin',(-1.5675,-1.74,0.));
#3295=CARTESIAN_POINT('',(-1.5675,-0.1562901701323,-6.364521281701));
#3296=CARTESIAN_POINT('',(-1.5675,-0.3175,-7.07359083592));
#3297=CARTESIAN_POINT('Origin',(-1.5675,1.3225,-7.07359083592));
#3298=CARTESIAN_POINT('',(-1.5675,-0.1562901701323,-5.495478718299));
#3299=CARTESIAN_POINT('Origin',(-1.5675,-1.0625,-5.93));
#3300=CARTESIAN_POINT('',(-1.5675,-0.3175,-4.78640916408));
#3301=CARTESIAN_POINT('Origin',(-1.5675,1.3225,-4.78640916408));
#3302=CARTESIAN_POINT('',(-1.5675,-0.3175,-4.78640916408));
#3303=CARTESIAN_POINT('',(-1.5675,0.3175,-4.78640916408));
#3304=CARTESIAN_POINT('',(-1.5675,0.3175,-4.23));
#3305=CARTESIAN_POINT('',(-1.5675,0.4162901701323,-5.220930445781));
#3306=CARTESIAN_POINT('Origin',(-1.5675,1.3225,-4.78640916408));
#3307=CARTESIAN_POINT('',(-1.5675,0.4162901701323,-6.639069554219));
#3308=CARTESIAN_POINT('Origin',(-1.5675,-1.0625,-5.93));
#3309=CARTESIAN_POINT('',(-1.5675,0.3175,-7.07359083592));
#3310=CARTESIAN_POINT('Origin',(-1.5675,1.3225,-7.07359083592));
#3311=CARTESIAN_POINT('',(-1.5675,0.3175,-7.48));
#3312=CARTESIAN_POINT('',(-1.5675,0.3175,-7.07359083592));
#3313=CARTESIAN_POINT('',(-1.5675,-0.3175,-7.48));
#3314=CARTESIAN_POINT('',(-1.5675,0.3175,-7.48));
#3315=CARTESIAN_POINT('',(-1.5675,-0.3175,-7.48));
#3316=CARTESIAN_POINT('Origin',(-1.4925,0.,2.495));
#3317=CARTESIAN_POINT('',(-1.4175,0.1675,2.77));
#3318=CARTESIAN_POINT('',(-1.5675,0.3175,2.22));
#3319=CARTESIAN_POINT('',(-1.4175,-0.1675,2.77));
#3320=CARTESIAN_POINT('',(-1.4175,-0.1675,2.77));
#3321=CARTESIAN_POINT('',(-1.4175,-0.1675,2.77));
#3322=CARTESIAN_POINT('Origin',(-1.5675,0.3175,2.77));
#3323=CARTESIAN_POINT('',(-1.0825,-0.1675,2.77));
#3324=CARTESIAN_POINT('',(-1.0825,-0.1675,2.77));
#3325=CARTESIAN_POINT('',(-1.0825,0.1675,2.77));
#3326=CARTESIAN_POINT('',(-1.0825,0.1675,2.77));
#3327=CARTESIAN_POINT('',(-1.0825,0.1675,2.77));
#3328=CARTESIAN_POINT('Origin',(-1.25,0.2425,2.495));
#3329=CARTESIAN_POINT('',(-0.9325,0.3175,2.22));
#3330=CARTESIAN_POINT('',(-1.0825,0.1675,2.77));
#3331=CARTESIAN_POINT('',(-0.9325,0.3175,2.22));
#3332=CARTESIAN_POINT('Origin',(-1.5675,0.3175,-7.43));
#3333=CARTESIAN_POINT('',(-0.9325,0.3175,-1.77));
#3334=CARTESIAN_POINT('Origin',(-1.5675,0.3175,-7.43));
#3335=CARTESIAN_POINT('',(-0.9325,0.3175,-4.78640916408));
#3336=CARTESIAN_POINT('',(-1.5675,0.3175,-4.78640916408));
#3337=CARTESIAN_POINT('',(-0.9325,0.3175,-4.78640916408));
#3338=CARTESIAN_POINT('Origin',(-1.5675,0.3175,-7.43));
#3339=CARTESIAN_POINT('',(-0.9325,0.3175,-7.07359083592));
#3340=CARTESIAN_POINT('',(-1.5675,0.3175,-7.07359083592));
#3341=CARTESIAN_POINT('',(-0.9325,0.3175,-7.48));
#3342=CARTESIAN_POINT('',(-0.9325,0.3175,-7.48));
#3343=CARTESIAN_POINT('',(-0.9325,0.3175,-7.48));
#3344=CARTESIAN_POINT('Origin',(-0.9325,-1.74,0.));
#3345=CARTESIAN_POINT('',(-0.9325,-0.3175,2.22));
#3346=CARTESIAN_POINT('',(-0.9325,-0.3175,2.22));
#3347=CARTESIAN_POINT('',(-0.9325,0.3175,2.22));
#3348=CARTESIAN_POINT('Origin',(-0.9325,-1.74,0.));
#3349=CARTESIAN_POINT('',(-0.9325,0.4162901701323,-6.639069554219));
#3350=CARTESIAN_POINT('Origin',(-0.9325,1.3225,-7.07359083592));
#3351=CARTESIAN_POINT('',(-0.9325,0.4162901701323,-5.220930445781));
#3352=CARTESIAN_POINT('Origin',(-0.9325,-1.0625,-5.93));
#3353=CARTESIAN_POINT('Origin',(-0.9325,1.3225,-4.78640916408));
#3354=CARTESIAN_POINT('',(-0.9325,-0.3175,-4.78640916408));
#3355=CARTESIAN_POINT('',(-0.9325,-0.3175,-4.23));
#3356=CARTESIAN_POINT('',(-0.9325,-0.1562901701323,-5.495478718299));
#3357=CARTESIAN_POINT('Origin',(-0.9325,1.3225,-4.78640916408));
#3358=CARTESIAN_POINT('',(-0.9325,-0.1562901701323,-6.364521281701));
#3359=CARTESIAN_POINT('Origin',(-0.9325,-1.0625,-5.93));
#3360=CARTESIAN_POINT('',(-0.9325,-0.3175,-7.07359083592));
#3361=CARTESIAN_POINT('Origin',(-0.9325,1.3225,-7.07359083592));
#3362=CARTESIAN_POINT('',(-0.9325,-0.3175,-7.48));
#3363=CARTESIAN_POINT('',(-0.9325,-0.3175,-7.07359083592));
#3364=CARTESIAN_POINT('',(-0.9325,-0.3175,-7.48));
#3365=CARTESIAN_POINT('Origin',(-1.0075,0.,2.495));
#3366=CARTESIAN_POINT('',(-0.9325,-0.3175,2.22));
#3367=CARTESIAN_POINT('Origin',(-1.25,-0.2425,2.495));
#3368=CARTESIAN_POINT('',(-0.9325,-0.3175,2.22));
#3369=CARTESIAN_POINT('Origin',(-1.5675,-0.3175,-4.23));
#3370=CARTESIAN_POINT('Origin',(-1.5675,-0.3175,-4.23));
#3371=CARTESIAN_POINT('',(-1.5675,-0.3175,-7.07359083592));
#3372=CARTESIAN_POINT('',(-0.9325,-0.3175,-7.48));
#3373=CARTESIAN_POINT('Origin',(-1.5675,-0.3175,-4.23));
#3374=CARTESIAN_POINT('',(-1.5675,-0.3175,-4.78640916408));
#3375=CARTESIAN_POINT('Origin',(-1.25,-0.2425,-7.755));
#3376=CARTESIAN_POINT('',(-1.4175,-0.1675,-8.03));
#3377=CARTESIAN_POINT('',(-1.4175,-0.1675,-8.03));
#3378=CARTESIAN_POINT('',(-1.0825,-0.1675,-8.03));
#3379=CARTESIAN_POINT('',(-1.0825,-0.1675,-8.03));
#3380=CARTESIAN_POINT('',(-1.0825,-0.1675,-8.03));
#3381=CARTESIAN_POINT('Origin',(-1.0075,0.,-7.755));
#3382=CARTESIAN_POINT('',(-1.0825,0.1675,-8.03));
#3383=CARTESIAN_POINT('',(-0.9325,0.3175,-7.48));
#3384=CARTESIAN_POINT('',(-1.0825,-0.1675,-8.03));
#3385=CARTESIAN_POINT('Origin',(-1.5675,-0.3175,-8.03));
#3386=CARTESIAN_POINT('',(-1.4175,0.1675,-8.03));
#3387=CARTESIAN_POINT('',(-1.4175,0.1675,-8.03));
#3388=CARTESIAN_POINT('',(-1.0825,0.1675,-8.03));
#3389=CARTESIAN_POINT('Origin',(-1.25,0.2425,-7.755));
#3390=CARTESIAN_POINT('',(-1.4175,0.1675,-8.03));
#3391=CARTESIAN_POINT('Origin',(-1.4925,0.,-7.755));
#3392=CARTESIAN_POINT('Origin',(-1.5675,1.3225,-7.07359083592));
#3393=CARTESIAN_POINT('',(-1.5675,-0.1562901701323,-6.364521281701));
#3394=CARTESIAN_POINT('Origin',(-1.5675,-1.0625,-5.93));
#3395=CARTESIAN_POINT('',(-1.5675,-0.1562901701323,-5.495478718299));
#3396=CARTESIAN_POINT('Origin',(-1.5675,1.3225,-4.78640916408));
#3397=CARTESIAN_POINT('Origin',(-1.5675,1.3225,-4.78640916408));
#3398=CARTESIAN_POINT('',(-1.5675,0.4162901701323,-5.220930445781));
#3399=CARTESIAN_POINT('Origin',(-1.5675,-1.0625,-5.93));
#3400=CARTESIAN_POINT('',(-1.5675,0.4162901701323,-6.639069554219));
#3401=CARTESIAN_POINT('Origin',(-1.5675,1.3225,-7.07359083592));
#3402=CARTESIAN_POINT('Origin',(1.25,-0.385,3.63));
#3403=CARTESIAN_POINT('',(0.14,-0.385,3.63));
#3404=CARTESIAN_POINT('Origin',(1.25,-0.385,-0.07));
#3405=CARTESIAN_POINT('Origin',(0.,1.74,0.));
#3406=CARTESIAN_POINT('',(-2.17,1.74,-4.83));
#3407=CARTESIAN_POINT('',(-2.17,1.74,-4.23));
#3408=CARTESIAN_POINT('',(-2.97,1.74,-4.83));
#3409=CARTESIAN_POINT('',(-2.97,1.74,-4.83));
#3410=CARTESIAN_POINT('',(-2.97,1.74,-4.83));
#3411=CARTESIAN_POINT('',(2.97,1.74,-4.83));
#3412=CARTESIAN_POINT('',(2.97,1.74,-4.83));
#3413=CARTESIAN_POINT('',(2.17,1.74,-4.83));
#3414=CARTESIAN_POINT('',(2.17,1.74,-4.83));
#3415=CARTESIAN_POINT('',(2.17,1.74,-4.23));
#3416=CARTESIAN_POINT('Ctrl Pts',(-5.81603519550699E-8,1.74,-5.83000001484664));
#3417=CARTESIAN_POINT('Ctrl Pts',(-0.178885504024492,1.74,-5.83000012518234));
#3418=CARTESIAN_POINT('Ctrl Pts',(-0.447213684524528,1.74,-5.23000015129579));
#3419=CARTESIAN_POINT('Origin',(-1.403997211869E-7,1.340000077356,-5.52999987022));
#3420=CARTESIAN_POINT('Origin',(-1.403997211869E-7,1.340000077356,-5.83));
#3421=CARTESIAN_POINT('Origin',(0.,-1.74,-5.83));
#3422=CARTESIAN_POINT('Origin',(2.17,1.14,-4.23));
#3423=CARTESIAN_POINT('',(2.17,1.14,-4.83));
#3424=CARTESIAN_POINT('',(2.17,1.14,-4.83));
#3425=CARTESIAN_POINT('',(2.17,1.14,-4.23));
#3426=CARTESIAN_POINT('Origin',(2.97,1.14,-4.23));
#3427=CARTESIAN_POINT('',(2.97,1.14,-4.83));
#3428=CARTESIAN_POINT('',(2.97,1.14,-4.83));
#3429=CARTESIAN_POINT('',(2.97,1.14,-4.23));
#3430=CARTESIAN_POINT('Origin',(2.97,-1.74,4.23));
#3431=CARTESIAN_POINT('',(2.97,1.74,-4.83));
#3432=CARTESIAN_POINT('',(2.97,-1.14,-4.83));
#3433=CARTESIAN_POINT('',(2.97,-1.14,-4.83));
#3434=CARTESIAN_POINT('',(2.97,-1.14,-4.23));
#3435=CARTESIAN_POINT('Origin',(2.17,-1.14,-4.23));
#3436=CARTESIAN_POINT('',(2.17,-1.14,-4.83));
#3437=CARTESIAN_POINT('',(2.17,-1.14,-4.83));
#3438=CARTESIAN_POINT('',(2.17,-1.14,-4.23));
#3439=CARTESIAN_POINT('Origin',(2.17,-1.74,-4.23));
#3440=CARTESIAN_POINT('',(2.17,-1.74,-4.83));
#3441=CARTESIAN_POINT('Origin',(0.,-1.74,-4.83));
#3442=CARTESIAN_POINT('Origin',(0.,-1.74,-4.83));
#3443=CARTESIAN_POINT('Origin',(0.,-1.74,-4.83));
#3444=CARTESIAN_POINT('',(-2.17,1.14,-4.83));
#3445=CARTESIAN_POINT('',(-2.17,1.74,-4.83));
#3446=CARTESIAN_POINT('',(-2.97,1.14,-4.83));
#3447=CARTESIAN_POINT('',(-2.17,1.14,-4.83));
#3448=CARTESIAN_POINT('',(-2.97,1.14,-4.83));
#3449=CARTESIAN_POINT('Origin',(0.,-1.74,-4.83));
#3450=CARTESIAN_POINT('',(-2.97,-1.14,-4.83));
#3451=CARTESIAN_POINT('',(-2.17,-1.14,-4.83));
#3452=CARTESIAN_POINT('',(-2.97,-1.14,-4.83));
#3453=CARTESIAN_POINT('',(-2.17,-1.14,-4.83));
#3454=CARTESIAN_POINT('',(-2.97,-1.74,-4.83));
#3455=CARTESIAN_POINT('Origin',(-2.97,-1.74,-4.23));
#3456=CARTESIAN_POINT('',(-2.97,1.14,-4.23));
#3457=CARTESIAN_POINT('',(-2.97,-1.14,-4.23));
#3458=CARTESIAN_POINT('Origin',(-2.97,-1.14,-4.23));
#3459=CARTESIAN_POINT('',(-2.17,-1.14,-4.23));
#3460=CARTESIAN_POINT('Origin',(-2.17,-1.14,-4.23));
#3461=CARTESIAN_POINT('Origin',(-2.17,1.14,-4.23));
#3462=CARTESIAN_POINT('',(-2.17,1.14,-4.23));
#3463=CARTESIAN_POINT('Origin',(-2.17,1.74,-4.23));
#3464=CARTESIAN_POINT('Origin',(0.9325,-0.3175,2.77));
#3465=CARTESIAN_POINT('',(1.5675,-0.3175,2.22));
#3466=CARTESIAN_POINT('',(1.5675,-0.3175,2.22));
#3467=CARTESIAN_POINT('',(1.5675,-0.3175,2.22));
#3468=CARTESIAN_POINT('Origin',(0.9325,-0.3175,2.77));
#3469=CARTESIAN_POINT('',(1.5675,-0.3175,-4.78640916408));
#3470=CARTESIAN_POINT('',(0.9325,-0.3175,-4.78640916408));
#3471=CARTESIAN_POINT('',(1.5675,-0.3175,-4.23));
#3472=CARTESIAN_POINT('Origin',(0.9325,-0.3175,2.77));
#3473=CARTESIAN_POINT('',(1.5675,-0.3175,-7.48));
#3474=CARTESIAN_POINT('',(1.5675,-0.3175,-7.48));
#3475=CARTESIAN_POINT('',(1.5675,-0.3175,-7.07359083592));
#3476=CARTESIAN_POINT('',(1.5675,-0.3175,-7.07359083592));
#3477=CARTESIAN_POINT('',(0.9325,-0.3175,-7.07359083592));
#3478=CARTESIAN_POINT('Origin',(1.25,-0.2425,2.495));
#3479=CARTESIAN_POINT('',(1.5675,-0.3175,2.22));
#3480=CARTESIAN_POINT('Origin',(1.4925,0.,2.495));
#3481=CARTESIAN_POINT('',(1.5675,0.3175,2.22));
#3482=CARTESIAN_POINT('Origin',(1.5675,-1.74,0.));
#3483=CARTESIAN_POINT('Origin',(1.5675,-1.74,0.));
#3484=CARTESIAN_POINT('',(1.5675,-0.4162901701323,-5.220930445781));
#3485=CARTESIAN_POINT('Origin',(1.5675,-1.3225,-4.78640916408));
#3486=CARTESIAN_POINT('',(1.5675,-0.4162901701323,-6.639069554219));
#3487=CARTESIAN_POINT('Origin',(1.5675,1.0625,-5.93));
#3488=CARTESIAN_POINT('Origin',(1.5675,-1.3225,-7.07359083592));
#3489=CARTESIAN_POINT('',(1.5675,-0.3175,-7.48));
#3490=CARTESIAN_POINT('',(1.5675,0.1562901701323,-6.364521281701));
#3491=CARTESIAN_POINT('Origin',(1.5675,-1.3225,-7.07359083592));
#3492=CARTESIAN_POINT('',(1.5675,0.1562901701323,-5.495478718299));
#3493=CARTESIAN_POINT('Origin',(1.5675,1.0625,-5.93));
#3494=CARTESIAN_POINT('Origin',(1.5675,-1.3225,-4.78640916408));
#3495=CARTESIAN_POINT('Origin',(0.9325,-1.3225,-4.78640916408));
#3496=CARTESIAN_POINT('',(0.9325,0.1562901701323,-5.495478718299));
#3497=CARTESIAN_POINT('Origin',(0.9325,1.0625,-5.93));
#3498=CARTESIAN_POINT('',(0.9325,0.1562901701323,-6.364521281701));
#3499=CARTESIAN_POINT('Origin',(0.9325,-1.3225,-7.07359083592));
#3500=CARTESIAN_POINT('Origin',(1.4925,0.,-7.755));
#3501=CARTESIAN_POINT('',(1.4175,0.1675,-8.03));
#3502=CARTESIAN_POINT('',(1.5675,0.3175,-7.48));
#3503=CARTESIAN_POINT('',(1.4175,-0.1675,-8.03));
#3504=CARTESIAN_POINT('',(1.4175,-0.1675,-8.03));
#3505=CARTESIAN_POINT('',(1.4175,-0.1675,-8.03));
#3506=CARTESIAN_POINT('Origin',(0.9325,-0.3175,-8.03));
#3507=CARTESIAN_POINT('',(1.0825,-0.1675,-8.03));
#3508=CARTESIAN_POINT('',(1.4175,-0.1675,-8.03));
#3509=CARTESIAN_POINT('',(1.0825,0.1675,-8.03));
#3510=CARTESIAN_POINT('',(1.0825,0.1675,-8.03));
#3511=CARTESIAN_POINT('',(1.4175,0.1675,-8.03));
#3512=CARTESIAN_POINT('Origin',(1.25,0.2425,-7.755));
#3513=CARTESIAN_POINT('',(1.0825,0.1675,-8.03));
#3514=CARTESIAN_POINT('Origin',(1.0075,0.,-7.755));
#3515=CARTESIAN_POINT('',(1.0825,-0.1675,-8.03));
#3516=CARTESIAN_POINT('Origin',(1.25,-0.2425,-7.755));
#3517=CARTESIAN_POINT('Origin',(0.9325,-1.3225,-7.07359083592));
#3518=CARTESIAN_POINT('',(0.9325,-0.4162901701323,-6.639069554219));
#3519=CARTESIAN_POINT('Origin',(0.9325,1.0625,-5.93));
#3520=CARTESIAN_POINT('',(0.9325,-0.4162901701323,-5.220930445781));
#3521=CARTESIAN_POINT('Origin',(0.9325,-1.3225,-4.78640916408));
#3522=UNCERTAINTY_MEASURE_WITH_UNIT(LENGTH_MEASURE(0.01),#3526,
'DISTANCE_ACCURACY_VALUE',
'Maximum model space distance between geometric entities at asserted c
onnectivities');
#3523=UNCERTAINTY_MEASURE_WITH_UNIT(LENGTH_MEASURE(0.01),#3526,
'DISTANCE_ACCURACY_VALUE',
'Maximum model space distance between geometric entities at asserted c
onnectivities');
#3524=(
GEOMETRIC_REPRESENTATION_CONTEXT(3)
GLOBAL_UNCERTAINTY_ASSIGNED_CONTEXT((#3522))
GLOBAL_UNIT_ASSIGNED_CONTEXT((#3526,#3528,#3529))
REPRESENTATION_CONTEXT('','3D')
);
#3525=(
GEOMETRIC_REPRESENTATION_CONTEXT(3)
GLOBAL_UNCERTAINTY_ASSIGNED_CONTEXT((#3523))
GLOBAL_UNIT_ASSIGNED_CONTEXT((#3526,#3528,#3529))
REPRESENTATION_CONTEXT('','3D')
);
#3526=(
LENGTH_UNIT()
NAMED_UNIT(*)
SI_UNIT(.MILLI.,.METRE.)
);
#3527=(
LENGTH_UNIT()
NAMED_UNIT(*)
SI_UNIT($,.METRE.)
);
#3528=(
NAMED_UNIT(*)
PLANE_ANGLE_UNIT()
SI_UNIT($,.RADIAN.)
);
#3529=(
NAMED_UNIT(*)
SI_UNIT($,.STERADIAN.)
SOLID_ANGLE_UNIT()
);
#3530=SHAPE_DEFINITION_REPRESENTATION(#3531,#3532);
#3531=PRODUCT_DEFINITION_SHAPE('',$,#3534);
#3532=SHAPE_REPRESENTATION('',(#2165),#3524);
#3533=PRODUCT_DEFINITION_CONTEXT('part definition',#3538,'design');
#3534=PRODUCT_DEFINITION('1053091202_1','(Unsaved)',#3535,#3533);
#3535=PRODUCT_DEFINITION_FORMATION('',$,#3540);
#3536=PRODUCT_RELATED_PRODUCT_CATEGORY('(Unsaved)','(Unsaved)',(#3540));
#3537=APPLICATION_PROTOCOL_DEFINITION('international standard',
'automotive_design',2009,#3538);
#3538=APPLICATION_CONTEXT(
'Core Data for Automotive Mechanical Design Process');
#3539=PRODUCT_CONTEXT('part definition',#3538,'mechanical');
#3540=PRODUCT('1053091202_1','(Unsaved)','STEP AP242',(#3539));
#3541=PRESENTATION_STYLE_ASSIGNMENT((#3542));
#3542=SURFACE_STYLE_USAGE(.BOTH.,#3543);
#3543=SURFACE_SIDE_STYLE('',(#3544));
#3544=SURFACE_STYLE_FILL_AREA(#3545);
#3545=FILL_AREA_STYLE('Steel - Satin',(#3546));
#3546=FILL_AREA_STYLE_COLOUR('Steel - Satin',#3547);
#3547=COLOUR_RGB('Steel - Satin',0.627450980392157,0.627450980392157,0.627450980392157);
ENDSEC;
END-ISO-10303-21;
