ISO-10303-21;
HEADER;
/* Generated by software containing ST-Developer
 * from STEP Tools, Inc. (www.steptools.com) 
 */

FILE_DESCRIPTION(
/* description */ (''),
/* implementation_level */ '2;1');

FILE_NAME(
/* name */ '52610-1572.step',
/* time_stamp */ '2026-05-22T12:36:16-07:00',
/* author */ (''),
/* organization */ (''),
/* preprocessor_version */ 'ST-DEVELOPER v20.1',
/* originating_system */ 'Autodesk Translation Framework v15.8.0.0',
/* authorisation */ '');

FILE_SCHEMA (('AUTOMOTIVE_DESIGN { 1 0 10303 214 3 1 1 }'));
ENDSEC;

DATA;
#10=MECHANICAL_DESIGN_GEOMETRIC_PRESENTATION_REPRESENTATION('',(#13),#18514);
#11=SHAPE_REPRESENTATION_RELATIONSHIP('SRR','None',#18521,#12);
#12=ADVANCED_BREP_SHAPE_REPRESENTATION('',(#14),#18513);
#13=STYLED_ITEM('',(#18530),#14);
#14=MANIFOLD_SOLID_BREP('Body1',#11680);
#15=FACE_BOUND('',#791,.T.);
#16=FACE_BOUND('',#792,.T.);
#17=FACE_BOUND('',#793,.T.);
#18=FACE_BOUND('',#794,.T.);
#19=FACE_BOUND('',#795,.T.);
#20=FACE_BOUND('',#796,.T.);
#21=FACE_BOUND('',#797,.T.);
#22=FACE_BOUND('',#798,.T.);
#23=FACE_BOUND('',#799,.T.);
#24=FACE_BOUND('',#800,.T.);
#25=FACE_BOUND('',#801,.T.);
#26=FACE_BOUND('',#802,.T.);
#27=FACE_BOUND('',#803,.T.);
#28=FACE_BOUND('',#804,.T.);
#29=FACE_BOUND('',#805,.T.);
#30=FACE_BOUND('',#830,.T.);
#31=FACE_BOUND('',#831,.T.);
#32=FACE_BOUND('',#832,.T.);
#33=FACE_BOUND('',#833,.T.);
#34=FACE_BOUND('',#834,.T.);
#35=FACE_BOUND('',#835,.T.);
#36=FACE_BOUND('',#836,.T.);
#37=FACE_BOUND('',#837,.T.);
#38=FACE_BOUND('',#838,.T.);
#39=FACE_BOUND('',#839,.T.);
#40=FACE_BOUND('',#840,.T.);
#41=FACE_BOUND('',#841,.T.);
#42=FACE_BOUND('',#842,.T.);
#43=FACE_BOUND('',#843,.T.);
#44=FACE_BOUND('',#844,.T.);
#45=ELLIPSE('',#11744,0.306514307020347,0.3);
#46=ELLIPSE('',#11747,0.306514307020347,0.3);
#47=CYLINDRICAL_SURFACE('',#11736,0.2);
#48=CYLINDRICAL_SURFACE('',#11739,0.2);
#49=CYLINDRICAL_SURFACE('',#11762,0.3);
#50=CYLINDRICAL_SURFACE('',#11847,0.1);
#51=CYLINDRICAL_SURFACE('',#11849,1.);
#52=CYLINDRICAL_SURFACE('',#11878,0.2);
#53=CYLINDRICAL_SURFACE('',#11879,0.2);
#54=CYLINDRICAL_SURFACE('',#11912,1.);
#55=CYLINDRICAL_SURFACE('',#11913,1.);
#56=CYLINDRICAL_SURFACE('',#11942,0.1);
#57=CYLINDRICAL_SURFACE('',#11977,0.1);
#58=CYLINDRICAL_SURFACE('',#11979,1.);
#59=CYLINDRICAL_SURFACE('',#12009,0.1);
#60=CYLINDRICAL_SURFACE('',#12011,1.);
#61=CYLINDRICAL_SURFACE('',#12041,0.1);
#62=CYLINDRICAL_SURFACE('',#12043,1.);
#63=CYLINDRICAL_SURFACE('',#12073,0.1);
#64=CYLINDRICAL_SURFACE('',#12075,1.);
#65=CYLINDRICAL_SURFACE('',#12105,0.1);
#66=CYLINDRICAL_SURFACE('',#12107,1.);
#67=CYLINDRICAL_SURFACE('',#12137,0.1);
#68=CYLINDRICAL_SURFACE('',#12139,1.);
#69=CYLINDRICAL_SURFACE('',#12169,0.1);
#70=CYLINDRICAL_SURFACE('',#12171,1.);
#71=CYLINDRICAL_SURFACE('',#12201,0.1);
#72=CYLINDRICAL_SURFACE('',#12203,1.);
#73=CYLINDRICAL_SURFACE('',#12233,0.1);
#74=CYLINDRICAL_SURFACE('',#12235,1.);
#75=CYLINDRICAL_SURFACE('',#12265,0.1);
#76=CYLINDRICAL_SURFACE('',#12267,1.);
#77=CYLINDRICAL_SURFACE('',#12297,0.1);
#78=CYLINDRICAL_SURFACE('',#12299,1.);
#79=CYLINDRICAL_SURFACE('',#12303,1.);
#80=CYLINDRICAL_SURFACE('',#12305,0.1);
#81=CYLINDRICAL_SURFACE('',#12308,0.1);
#82=CIRCLE('',#11710,0.2);
#83=CIRCLE('',#11711,0.2);
#84=CIRCLE('',#11737,0.2);
#85=CIRCLE('',#11738,0.2);
#86=CIRCLE('',#11740,0.2);
#87=CIRCLE('',#11742,0.2);
#88=CIRCLE('',#11752,0.2);
#89=CIRCLE('',#11757,0.2);
#90=CIRCLE('',#11776,0.1);
#91=CIRCLE('',#11778,1.);
#92=CIRCLE('',#11784,0.1);
#93=CIRCLE('',#11786,1.);
#94=CIRCLE('',#11792,0.1);
#95=CIRCLE('',#11794,1.);
#96=CIRCLE('',#11804,0.1);
#97=CIRCLE('',#11806,1.);
#98=CIRCLE('',#11823,0.1);
#99=CIRCLE('',#11825,1.);
#100=CIRCLE('',#11835,0.1);
#101=CIRCLE('',#11837,1.);
#102=CIRCLE('',#11918,0.1);
#103=CIRCLE('',#11920,1.);
#104=CIRCLE('',#11926,0.1);
#105=CIRCLE('',#11928,1.);
#106=CIRCLE('',#11953,0.1);
#107=CIRCLE('',#11955,1.);
#108=CIRCLE('',#11961,0.1);
#109=CIRCLE('',#11963,1.);
#110=CIRCLE('',#11985,0.1);
#111=CIRCLE('',#11987,1.);
#112=CIRCLE('',#11993,0.1);
#113=CIRCLE('',#11995,1.);
#114=CIRCLE('',#12017,0.1);
#115=CIRCLE('',#12019,1.);
#116=CIRCLE('',#12025,0.1);
#117=CIRCLE('',#12027,1.);
#118=CIRCLE('',#12049,0.1);
#119=CIRCLE('',#12051,1.);
#120=CIRCLE('',#12057,0.1);
#121=CIRCLE('',#12059,1.);
#122=CIRCLE('',#12081,0.1);
#123=CIRCLE('',#12083,1.);
#124=CIRCLE('',#12089,0.1);
#125=CIRCLE('',#12091,1.);
#126=CIRCLE('',#12113,0.1);
#127=CIRCLE('',#12115,1.);
#128=CIRCLE('',#12121,0.1);
#129=CIRCLE('',#12123,1.);
#130=CIRCLE('',#12145,0.1);
#131=CIRCLE('',#12147,1.);
#132=CIRCLE('',#12153,0.1);
#133=CIRCLE('',#12155,1.);
#134=CIRCLE('',#12177,0.1);
#135=CIRCLE('',#12179,1.);
#136=CIRCLE('',#12185,0.1);
#137=CIRCLE('',#12187,1.);
#138=CIRCLE('',#12209,0.1);
#139=CIRCLE('',#12211,1.);
#140=CIRCLE('',#12217,0.1);
#141=CIRCLE('',#12219,1.);
#142=CIRCLE('',#12241,0.1);
#143=CIRCLE('',#12243,1.);
#144=CIRCLE('',#12249,0.1);
#145=CIRCLE('',#12251,1.);
#146=CIRCLE('',#12273,0.1);
#147=CIRCLE('',#12275,1.);
#148=CIRCLE('',#12281,0.1);
#149=CIRCLE('',#12283,1.);
#150=FACE_OUTER_BOUND('',#711,.T.);
#151=FACE_OUTER_BOUND('',#712,.T.);
#152=FACE_OUTER_BOUND('',#713,.T.);
#153=FACE_OUTER_BOUND('',#714,.T.);
#154=FACE_OUTER_BOUND('',#715,.T.);
#155=FACE_OUTER_BOUND('',#716,.T.);
#156=FACE_OUTER_BOUND('',#717,.T.);
#157=FACE_OUTER_BOUND('',#718,.T.);
#158=FACE_OUTER_BOUND('',#719,.T.);
#159=FACE_OUTER_BOUND('',#720,.T.);
#160=FACE_OUTER_BOUND('',#721,.T.);
#161=FACE_OUTER_BOUND('',#722,.T.);
#162=FACE_OUTER_BOUND('',#723,.T.);
#163=FACE_OUTER_BOUND('',#724,.T.);
#164=FACE_OUTER_BOUND('',#725,.T.);
#165=FACE_OUTER_BOUND('',#726,.T.);
#166=FACE_OUTER_BOUND('',#727,.T.);
#167=FACE_OUTER_BOUND('',#728,.T.);
#168=FACE_OUTER_BOUND('',#729,.T.);
#169=FACE_OUTER_BOUND('',#730,.T.);
#170=FACE_OUTER_BOUND('',#731,.T.);
#171=FACE_OUTER_BOUND('',#732,.T.);
#172=FACE_OUTER_BOUND('',#733,.T.);
#173=FACE_OUTER_BOUND('',#734,.T.);
#174=FACE_OUTER_BOUND('',#735,.T.);
#175=FACE_OUTER_BOUND('',#736,.T.);
#176=FACE_OUTER_BOUND('',#737,.T.);
#177=FACE_OUTER_BOUND('',#738,.T.);
#178=FACE_OUTER_BOUND('',#739,.T.);
#179=FACE_OUTER_BOUND('',#740,.T.);
#180=FACE_OUTER_BOUND('',#741,.T.);
#181=FACE_OUTER_BOUND('',#742,.T.);
#182=FACE_OUTER_BOUND('',#743,.T.);
#183=FACE_OUTER_BOUND('',#744,.T.);
#184=FACE_OUTER_BOUND('',#745,.T.);
#185=FACE_OUTER_BOUND('',#746,.T.);
#186=FACE_OUTER_BOUND('',#747,.T.);
#187=FACE_OUTER_BOUND('',#748,.T.);
#188=FACE_OUTER_BOUND('',#749,.T.);
#189=FACE_OUTER_BOUND('',#750,.T.);
#190=FACE_OUTER_BOUND('',#751,.T.);
#191=FACE_OUTER_BOUND('',#752,.T.);
#192=FACE_OUTER_BOUND('',#753,.T.);
#193=FACE_OUTER_BOUND('',#754,.T.);
#194=FACE_OUTER_BOUND('',#755,.T.);
#195=FACE_OUTER_BOUND('',#756,.T.);
#196=FACE_OUTER_BOUND('',#757,.T.);
#197=FACE_OUTER_BOUND('',#758,.T.);
#198=FACE_OUTER_BOUND('',#759,.T.);
#199=FACE_OUTER_BOUND('',#760,.T.);
#200=FACE_OUTER_BOUND('',#761,.T.);
#201=FACE_OUTER_BOUND('',#762,.T.);
#202=FACE_OUTER_BOUND('',#763,.T.);
#203=FACE_OUTER_BOUND('',#764,.T.);
#204=FACE_OUTER_BOUND('',#765,.T.);
#205=FACE_OUTER_BOUND('',#766,.T.);
#206=FACE_OUTER_BOUND('',#767,.T.);
#207=FACE_OUTER_BOUND('',#768,.T.);
#208=FACE_OUTER_BOUND('',#769,.T.);
#209=FACE_OUTER_BOUND('',#770,.T.);
#210=FACE_OUTER_BOUND('',#771,.T.);
#211=FACE_OUTER_BOUND('',#772,.T.);
#212=FACE_OUTER_BOUND('',#773,.T.);
#213=FACE_OUTER_BOUND('',#774,.T.);
#214=FACE_OUTER_BOUND('',#775,.T.);
#215=FACE_OUTER_BOUND('',#776,.T.);
#216=FACE_OUTER_BOUND('',#777,.T.);
#217=FACE_OUTER_BOUND('',#778,.T.);
#218=FACE_OUTER_BOUND('',#779,.T.);
#219=FACE_OUTER_BOUND('',#780,.T.);
#220=FACE_OUTER_BOUND('',#781,.T.);
#221=FACE_OUTER_BOUND('',#782,.T.);
#222=FACE_OUTER_BOUND('',#783,.T.);
#223=FACE_OUTER_BOUND('',#784,.T.);
#224=FACE_OUTER_BOUND('',#785,.T.);
#225=FACE_OUTER_BOUND('',#786,.T.);
#226=FACE_OUTER_BOUND('',#787,.T.);
#227=FACE_OUTER_BOUND('',#788,.T.);
#228=FACE_OUTER_BOUND('',#789,.T.);
#229=FACE_OUTER_BOUND('',#790,.T.);
#230=FACE_OUTER_BOUND('',#806,.T.);
#231=FACE_OUTER_BOUND('',#807,.T.);
#232=FACE_OUTER_BOUND('',#808,.T.);
#233=FACE_OUTER_BOUND('',#809,.T.);
#234=FACE_OUTER_BOUND('',#810,.T.);
#235=FACE_OUTER_BOUND('',#811,.T.);
#236=FACE_OUTER_BOUND('',#812,.T.);
#237=FACE_OUTER_BOUND('',#813,.T.);
#238=FACE_OUTER_BOUND('',#814,.T.);
#239=FACE_OUTER_BOUND('',#815,.T.);
#240=FACE_OUTER_BOUND('',#816,.T.);
#241=FACE_OUTER_BOUND('',#817,.T.);
#242=FACE_OUTER_BOUND('',#818,.T.);
#243=FACE_OUTER_BOUND('',#819,.T.);
#244=FACE_OUTER_BOUND('',#820,.T.);
#245=FACE_OUTER_BOUND('',#821,.T.);
#246=FACE_OUTER_BOUND('',#822,.T.);
#247=FACE_OUTER_BOUND('',#823,.T.);
#248=FACE_OUTER_BOUND('',#824,.T.);
#249=FACE_OUTER_BOUND('',#825,.T.);
#250=FACE_OUTER_BOUND('',#826,.T.);
#251=FACE_OUTER_BOUND('',#827,.T.);
#252=FACE_OUTER_BOUND('',#828,.T.);
#253=FACE_OUTER_BOUND('',#829,.T.);
#254=FACE_OUTER_BOUND('',#845,.T.);
#255=FACE_OUTER_BOUND('',#846,.T.);
#256=FACE_OUTER_BOUND('',#847,.T.);
#257=FACE_OUTER_BOUND('',#848,.T.);
#258=FACE_OUTER_BOUND('',#849,.T.);
#259=FACE_OUTER_BOUND('',#850,.T.);
#260=FACE_OUTER_BOUND('',#851,.T.);
#261=FACE_OUTER_BOUND('',#852,.T.);
#262=FACE_OUTER_BOUND('',#853,.T.);
#263=FACE_OUTER_BOUND('',#854,.T.);
#264=FACE_OUTER_BOUND('',#855,.T.);
#265=FACE_OUTER_BOUND('',#856,.T.);
#266=FACE_OUTER_BOUND('',#857,.T.);
#267=FACE_OUTER_BOUND('',#858,.T.);
#268=FACE_OUTER_BOUND('',#859,.T.);
#269=FACE_OUTER_BOUND('',#860,.T.);
#270=FACE_OUTER_BOUND('',#861,.T.);
#271=FACE_OUTER_BOUND('',#862,.T.);
#272=FACE_OUTER_BOUND('',#863,.T.);
#273=FACE_OUTER_BOUND('',#864,.T.);
#274=FACE_OUTER_BOUND('',#865,.T.);
#275=FACE_OUTER_BOUND('',#866,.T.);
#276=FACE_OUTER_BOUND('',#867,.T.);
#277=FACE_OUTER_BOUND('',#868,.T.);
#278=FACE_OUTER_BOUND('',#869,.T.);
#279=FACE_OUTER_BOUND('',#870,.T.);
#280=FACE_OUTER_BOUND('',#871,.T.);
#281=FACE_OUTER_BOUND('',#872,.T.);
#282=FACE_OUTER_BOUND('',#873,.T.);
#283=FACE_OUTER_BOUND('',#874,.T.);
#284=FACE_OUTER_BOUND('',#875,.T.);
#285=FACE_OUTER_BOUND('',#876,.T.);
#286=FACE_OUTER_BOUND('',#877,.T.);
#287=FACE_OUTER_BOUND('',#878,.T.);
#288=FACE_OUTER_BOUND('',#879,.T.);
#289=FACE_OUTER_BOUND('',#880,.T.);
#290=FACE_OUTER_BOUND('',#881,.T.);
#291=FACE_OUTER_BOUND('',#882,.T.);
#292=FACE_OUTER_BOUND('',#883,.T.);
#293=FACE_OUTER_BOUND('',#884,.T.);
#294=FACE_OUTER_BOUND('',#885,.T.);
#295=FACE_OUTER_BOUND('',#886,.T.);
#296=FACE_OUTER_BOUND('',#887,.T.);
#297=FACE_OUTER_BOUND('',#888,.T.);
#298=FACE_OUTER_BOUND('',#889,.T.);
#299=FACE_OUTER_BOUND('',#890,.T.);
#300=FACE_OUTER_BOUND('',#891,.T.);
#301=FACE_OUTER_BOUND('',#892,.T.);
#302=FACE_OUTER_BOUND('',#893,.T.);
#303=FACE_OUTER_BOUND('',#894,.T.);
#304=FACE_OUTER_BOUND('',#895,.T.);
#305=FACE_OUTER_BOUND('',#896,.T.);
#306=FACE_OUTER_BOUND('',#897,.T.);
#307=FACE_OUTER_BOUND('',#898,.T.);
#308=FACE_OUTER_BOUND('',#899,.T.);
#309=FACE_OUTER_BOUND('',#900,.T.);
#310=FACE_OUTER_BOUND('',#901,.T.);
#311=FACE_OUTER_BOUND('',#902,.T.);
#312=FACE_OUTER_BOUND('',#903,.T.);
#313=FACE_OUTER_BOUND('',#904,.T.);
#314=FACE_OUTER_BOUND('',#905,.T.);
#315=FACE_OUTER_BOUND('',#906,.T.);
#316=FACE_OUTER_BOUND('',#907,.T.);
#317=FACE_OUTER_BOUND('',#908,.T.);
#318=FACE_OUTER_BOUND('',#909,.T.);
#319=FACE_OUTER_BOUND('',#910,.T.);
#320=FACE_OUTER_BOUND('',#911,.T.);
#321=FACE_OUTER_BOUND('',#912,.T.);
#322=FACE_OUTER_BOUND('',#913,.T.);
#323=FACE_OUTER_BOUND('',#914,.T.);
#324=FACE_OUTER_BOUND('',#915,.T.);
#325=FACE_OUTER_BOUND('',#916,.T.);
#326=FACE_OUTER_BOUND('',#917,.T.);
#327=FACE_OUTER_BOUND('',#918,.T.);
#328=FACE_OUTER_BOUND('',#919,.T.);
#329=FACE_OUTER_BOUND('',#920,.T.);
#330=FACE_OUTER_BOUND('',#921,.T.);
#331=FACE_OUTER_BOUND('',#922,.T.);
#332=FACE_OUTER_BOUND('',#923,.T.);
#333=FACE_OUTER_BOUND('',#924,.T.);
#334=FACE_OUTER_BOUND('',#925,.T.);
#335=FACE_OUTER_BOUND('',#926,.T.);
#336=FACE_OUTER_BOUND('',#927,.T.);
#337=FACE_OUTER_BOUND('',#928,.T.);
#338=FACE_OUTER_BOUND('',#929,.T.);
#339=FACE_OUTER_BOUND('',#930,.T.);
#340=FACE_OUTER_BOUND('',#931,.T.);
#341=FACE_OUTER_BOUND('',#932,.T.);
#342=FACE_OUTER_BOUND('',#933,.T.);
#343=FACE_OUTER_BOUND('',#934,.T.);
#344=FACE_OUTER_BOUND('',#935,.T.);
#345=FACE_OUTER_BOUND('',#936,.T.);
#346=FACE_OUTER_BOUND('',#937,.T.);
#347=FACE_OUTER_BOUND('',#938,.T.);
#348=FACE_OUTER_BOUND('',#939,.T.);
#349=FACE_OUTER_BOUND('',#940,.T.);
#350=FACE_OUTER_BOUND('',#941,.T.);
#351=FACE_OUTER_BOUND('',#942,.T.);
#352=FACE_OUTER_BOUND('',#943,.T.);
#353=FACE_OUTER_BOUND('',#944,.T.);
#354=FACE_OUTER_BOUND('',#945,.T.);
#355=FACE_OUTER_BOUND('',#946,.T.);
#356=FACE_OUTER_BOUND('',#947,.T.);
#357=FACE_OUTER_BOUND('',#948,.T.);
#358=FACE_OUTER_BOUND('',#949,.T.);
#359=FACE_OUTER_BOUND('',#950,.T.);
#360=FACE_OUTER_BOUND('',#951,.T.);
#361=FACE_OUTER_BOUND('',#952,.T.);
#362=FACE_OUTER_BOUND('',#953,.T.);
#363=FACE_OUTER_BOUND('',#954,.T.);
#364=FACE_OUTER_BOUND('',#955,.T.);
#365=FACE_OUTER_BOUND('',#956,.T.);
#366=FACE_OUTER_BOUND('',#957,.T.);
#367=FACE_OUTER_BOUND('',#958,.T.);
#368=FACE_OUTER_BOUND('',#959,.T.);
#369=FACE_OUTER_BOUND('',#960,.T.);
#370=FACE_OUTER_BOUND('',#961,.T.);
#371=FACE_OUTER_BOUND('',#962,.T.);
#372=FACE_OUTER_BOUND('',#963,.T.);
#373=FACE_OUTER_BOUND('',#964,.T.);
#374=FACE_OUTER_BOUND('',#965,.T.);
#375=FACE_OUTER_BOUND('',#966,.T.);
#376=FACE_OUTER_BOUND('',#967,.T.);
#377=FACE_OUTER_BOUND('',#968,.T.);
#378=FACE_OUTER_BOUND('',#969,.T.);
#379=FACE_OUTER_BOUND('',#970,.T.);
#380=FACE_OUTER_BOUND('',#971,.T.);
#381=FACE_OUTER_BOUND('',#972,.T.);
#382=FACE_OUTER_BOUND('',#973,.T.);
#383=FACE_OUTER_BOUND('',#974,.T.);
#384=FACE_OUTER_BOUND('',#975,.T.);
#385=FACE_OUTER_BOUND('',#976,.T.);
#386=FACE_OUTER_BOUND('',#977,.T.);
#387=FACE_OUTER_BOUND('',#978,.T.);
#388=FACE_OUTER_BOUND('',#979,.T.);
#389=FACE_OUTER_BOUND('',#980,.T.);
#390=FACE_OUTER_BOUND('',#981,.T.);
#391=FACE_OUTER_BOUND('',#982,.T.);
#392=FACE_OUTER_BOUND('',#983,.T.);
#393=FACE_OUTER_BOUND('',#984,.T.);
#394=FACE_OUTER_BOUND('',#985,.T.);
#395=FACE_OUTER_BOUND('',#986,.T.);
#396=FACE_OUTER_BOUND('',#987,.T.);
#397=FACE_OUTER_BOUND('',#988,.T.);
#398=FACE_OUTER_BOUND('',#989,.T.);
#399=FACE_OUTER_BOUND('',#990,.T.);
#400=FACE_OUTER_BOUND('',#991,.T.);
#401=FACE_OUTER_BOUND('',#992,.T.);
#402=FACE_OUTER_BOUND('',#993,.T.);
#403=FACE_OUTER_BOUND('',#994,.T.);
#404=FACE_OUTER_BOUND('',#995,.T.);
#405=FACE_OUTER_BOUND('',#996,.T.);
#406=FACE_OUTER_BOUND('',#997,.T.);
#407=FACE_OUTER_BOUND('',#998,.T.);
#408=FACE_OUTER_BOUND('',#999,.T.);
#409=FACE_OUTER_BOUND('',#1000,.T.);
#410=FACE_OUTER_BOUND('',#1001,.T.);
#411=FACE_OUTER_BOUND('',#1002,.T.);
#412=FACE_OUTER_BOUND('',#1003,.T.);
#413=FACE_OUTER_BOUND('',#1004,.T.);
#414=FACE_OUTER_BOUND('',#1005,.T.);
#415=FACE_OUTER_BOUND('',#1006,.T.);
#416=FACE_OUTER_BOUND('',#1007,.T.);
#417=FACE_OUTER_BOUND('',#1008,.T.);
#418=FACE_OUTER_BOUND('',#1009,.T.);
#419=FACE_OUTER_BOUND('',#1010,.T.);
#420=FACE_OUTER_BOUND('',#1011,.T.);
#421=FACE_OUTER_BOUND('',#1012,.T.);
#422=FACE_OUTER_BOUND('',#1013,.T.);
#423=FACE_OUTER_BOUND('',#1014,.T.);
#424=FACE_OUTER_BOUND('',#1015,.T.);
#425=FACE_OUTER_BOUND('',#1016,.T.);
#426=FACE_OUTER_BOUND('',#1017,.T.);
#427=FACE_OUTER_BOUND('',#1018,.T.);
#428=FACE_OUTER_BOUND('',#1019,.T.);
#429=FACE_OUTER_BOUND('',#1020,.T.);
#430=FACE_OUTER_BOUND('',#1021,.T.);
#431=FACE_OUTER_BOUND('',#1022,.T.);
#432=FACE_OUTER_BOUND('',#1023,.T.);
#433=FACE_OUTER_BOUND('',#1024,.T.);
#434=FACE_OUTER_BOUND('',#1025,.T.);
#435=FACE_OUTER_BOUND('',#1026,.T.);
#436=FACE_OUTER_BOUND('',#1027,.T.);
#437=FACE_OUTER_BOUND('',#1028,.T.);
#438=FACE_OUTER_BOUND('',#1029,.T.);
#439=FACE_OUTER_BOUND('',#1030,.T.);
#440=FACE_OUTER_BOUND('',#1031,.T.);
#441=FACE_OUTER_BOUND('',#1032,.T.);
#442=FACE_OUTER_BOUND('',#1033,.T.);
#443=FACE_OUTER_BOUND('',#1034,.T.);
#444=FACE_OUTER_BOUND('',#1035,.T.);
#445=FACE_OUTER_BOUND('',#1036,.T.);
#446=FACE_OUTER_BOUND('',#1037,.T.);
#447=FACE_OUTER_BOUND('',#1038,.T.);
#448=FACE_OUTER_BOUND('',#1039,.T.);
#449=FACE_OUTER_BOUND('',#1040,.T.);
#450=FACE_OUTER_BOUND('',#1041,.T.);
#451=FACE_OUTER_BOUND('',#1042,.T.);
#452=FACE_OUTER_BOUND('',#1043,.T.);
#453=FACE_OUTER_BOUND('',#1044,.T.);
#454=FACE_OUTER_BOUND('',#1045,.T.);
#455=FACE_OUTER_BOUND('',#1046,.T.);
#456=FACE_OUTER_BOUND('',#1047,.T.);
#457=FACE_OUTER_BOUND('',#1048,.T.);
#458=FACE_OUTER_BOUND('',#1049,.T.);
#459=FACE_OUTER_BOUND('',#1050,.T.);
#460=FACE_OUTER_BOUND('',#1051,.T.);
#461=FACE_OUTER_BOUND('',#1052,.T.);
#462=FACE_OUTER_BOUND('',#1053,.T.);
#463=FACE_OUTER_BOUND('',#1054,.T.);
#464=FACE_OUTER_BOUND('',#1055,.T.);
#465=FACE_OUTER_BOUND('',#1056,.T.);
#466=FACE_OUTER_BOUND('',#1057,.T.);
#467=FACE_OUTER_BOUND('',#1058,.T.);
#468=FACE_OUTER_BOUND('',#1059,.T.);
#469=FACE_OUTER_BOUND('',#1060,.T.);
#470=FACE_OUTER_BOUND('',#1061,.T.);
#471=FACE_OUTER_BOUND('',#1062,.T.);
#472=FACE_OUTER_BOUND('',#1063,.T.);
#473=FACE_OUTER_BOUND('',#1064,.T.);
#474=FACE_OUTER_BOUND('',#1065,.T.);
#475=FACE_OUTER_BOUND('',#1066,.T.);
#476=FACE_OUTER_BOUND('',#1067,.T.);
#477=FACE_OUTER_BOUND('',#1068,.T.);
#478=FACE_OUTER_BOUND('',#1069,.T.);
#479=FACE_OUTER_BOUND('',#1070,.T.);
#480=FACE_OUTER_BOUND('',#1071,.T.);
#481=FACE_OUTER_BOUND('',#1072,.T.);
#482=FACE_OUTER_BOUND('',#1073,.T.);
#483=FACE_OUTER_BOUND('',#1074,.T.);
#484=FACE_OUTER_BOUND('',#1075,.T.);
#485=FACE_OUTER_BOUND('',#1076,.T.);
#486=FACE_OUTER_BOUND('',#1077,.T.);
#487=FACE_OUTER_BOUND('',#1078,.T.);
#488=FACE_OUTER_BOUND('',#1079,.T.);
#489=FACE_OUTER_BOUND('',#1080,.T.);
#490=FACE_OUTER_BOUND('',#1081,.T.);
#491=FACE_OUTER_BOUND('',#1082,.T.);
#492=FACE_OUTER_BOUND('',#1083,.T.);
#493=FACE_OUTER_BOUND('',#1084,.T.);
#494=FACE_OUTER_BOUND('',#1085,.T.);
#495=FACE_OUTER_BOUND('',#1086,.T.);
#496=FACE_OUTER_BOUND('',#1087,.T.);
#497=FACE_OUTER_BOUND('',#1088,.T.);
#498=FACE_OUTER_BOUND('',#1089,.T.);
#499=FACE_OUTER_BOUND('',#1090,.T.);
#500=FACE_OUTER_BOUND('',#1091,.T.);
#501=FACE_OUTER_BOUND('',#1092,.T.);
#502=FACE_OUTER_BOUND('',#1093,.T.);
#503=FACE_OUTER_BOUND('',#1094,.T.);
#504=FACE_OUTER_BOUND('',#1095,.T.);
#505=FACE_OUTER_BOUND('',#1096,.T.);
#506=FACE_OUTER_BOUND('',#1097,.T.);
#507=FACE_OUTER_BOUND('',#1098,.T.);
#508=FACE_OUTER_BOUND('',#1099,.T.);
#509=FACE_OUTER_BOUND('',#1100,.T.);
#510=FACE_OUTER_BOUND('',#1101,.T.);
#511=FACE_OUTER_BOUND('',#1102,.T.);
#512=FACE_OUTER_BOUND('',#1103,.T.);
#513=FACE_OUTER_BOUND('',#1104,.T.);
#514=FACE_OUTER_BOUND('',#1105,.T.);
#515=FACE_OUTER_BOUND('',#1106,.T.);
#516=FACE_OUTER_BOUND('',#1107,.T.);
#517=FACE_OUTER_BOUND('',#1108,.T.);
#518=FACE_OUTER_BOUND('',#1109,.T.);
#519=FACE_OUTER_BOUND('',#1110,.T.);
#520=FACE_OUTER_BOUND('',#1111,.T.);
#521=FACE_OUTER_BOUND('',#1112,.T.);
#522=FACE_OUTER_BOUND('',#1113,.T.);
#523=FACE_OUTER_BOUND('',#1114,.T.);
#524=FACE_OUTER_BOUND('',#1115,.T.);
#525=FACE_OUTER_BOUND('',#1116,.T.);
#526=FACE_OUTER_BOUND('',#1117,.T.);
#527=FACE_OUTER_BOUND('',#1118,.T.);
#528=FACE_OUTER_BOUND('',#1119,.T.);
#529=FACE_OUTER_BOUND('',#1120,.T.);
#530=FACE_OUTER_BOUND('',#1121,.T.);
#531=FACE_OUTER_BOUND('',#1122,.T.);
#532=FACE_OUTER_BOUND('',#1123,.T.);
#533=FACE_OUTER_BOUND('',#1124,.T.);
#534=FACE_OUTER_BOUND('',#1125,.T.);
#535=FACE_OUTER_BOUND('',#1126,.T.);
#536=FACE_OUTER_BOUND('',#1127,.T.);
#537=FACE_OUTER_BOUND('',#1128,.T.);
#538=FACE_OUTER_BOUND('',#1129,.T.);
#539=FACE_OUTER_BOUND('',#1130,.T.);
#540=FACE_OUTER_BOUND('',#1131,.T.);
#541=FACE_OUTER_BOUND('',#1132,.T.);
#542=FACE_OUTER_BOUND('',#1133,.T.);
#543=FACE_OUTER_BOUND('',#1134,.T.);
#544=FACE_OUTER_BOUND('',#1135,.T.);
#545=FACE_OUTER_BOUND('',#1136,.T.);
#546=FACE_OUTER_BOUND('',#1137,.T.);
#547=FACE_OUTER_BOUND('',#1138,.T.);
#548=FACE_OUTER_BOUND('',#1139,.T.);
#549=FACE_OUTER_BOUND('',#1140,.T.);
#550=FACE_OUTER_BOUND('',#1141,.T.);
#551=FACE_OUTER_BOUND('',#1142,.T.);
#552=FACE_OUTER_BOUND('',#1143,.T.);
#553=FACE_OUTER_BOUND('',#1144,.T.);
#554=FACE_OUTER_BOUND('',#1145,.T.);
#555=FACE_OUTER_BOUND('',#1146,.T.);
#556=FACE_OUTER_BOUND('',#1147,.T.);
#557=FACE_OUTER_BOUND('',#1148,.T.);
#558=FACE_OUTER_BOUND('',#1149,.T.);
#559=FACE_OUTER_BOUND('',#1150,.T.);
#560=FACE_OUTER_BOUND('',#1151,.T.);
#561=FACE_OUTER_BOUND('',#1152,.T.);
#562=FACE_OUTER_BOUND('',#1153,.T.);
#563=FACE_OUTER_BOUND('',#1154,.T.);
#564=FACE_OUTER_BOUND('',#1155,.T.);
#565=FACE_OUTER_BOUND('',#1156,.T.);
#566=FACE_OUTER_BOUND('',#1157,.T.);
#567=FACE_OUTER_BOUND('',#1158,.T.);
#568=FACE_OUTER_BOUND('',#1159,.T.);
#569=FACE_OUTER_BOUND('',#1160,.T.);
#570=FACE_OUTER_BOUND('',#1161,.T.);
#571=FACE_OUTER_BOUND('',#1162,.T.);
#572=FACE_OUTER_BOUND('',#1163,.T.);
#573=FACE_OUTER_BOUND('',#1164,.T.);
#574=FACE_OUTER_BOUND('',#1165,.T.);
#575=FACE_OUTER_BOUND('',#1166,.T.);
#576=FACE_OUTER_BOUND('',#1167,.T.);
#577=FACE_OUTER_BOUND('',#1168,.T.);
#578=FACE_OUTER_BOUND('',#1169,.T.);
#579=FACE_OUTER_BOUND('',#1170,.T.);
#580=FACE_OUTER_BOUND('',#1171,.T.);
#581=FACE_OUTER_BOUND('',#1172,.T.);
#582=FACE_OUTER_BOUND('',#1173,.T.);
#583=FACE_OUTER_BOUND('',#1174,.T.);
#584=FACE_OUTER_BOUND('',#1175,.T.);
#585=FACE_OUTER_BOUND('',#1176,.T.);
#586=FACE_OUTER_BOUND('',#1177,.T.);
#587=FACE_OUTER_BOUND('',#1178,.T.);
#588=FACE_OUTER_BOUND('',#1179,.T.);
#589=FACE_OUTER_BOUND('',#1180,.T.);
#590=FACE_OUTER_BOUND('',#1181,.T.);
#591=FACE_OUTER_BOUND('',#1182,.T.);
#592=FACE_OUTER_BOUND('',#1183,.T.);
#593=FACE_OUTER_BOUND('',#1184,.T.);
#594=FACE_OUTER_BOUND('',#1185,.T.);
#595=FACE_OUTER_BOUND('',#1186,.T.);
#596=FACE_OUTER_BOUND('',#1187,.T.);
#597=FACE_OUTER_BOUND('',#1188,.T.);
#598=FACE_OUTER_BOUND('',#1189,.T.);
#599=FACE_OUTER_BOUND('',#1190,.T.);
#600=FACE_OUTER_BOUND('',#1191,.T.);
#601=FACE_OUTER_BOUND('',#1192,.T.);
#602=FACE_OUTER_BOUND('',#1193,.T.);
#603=FACE_OUTER_BOUND('',#1194,.T.);
#604=FACE_OUTER_BOUND('',#1195,.T.);
#605=FACE_OUTER_BOUND('',#1196,.T.);
#606=FACE_OUTER_BOUND('',#1197,.T.);
#607=FACE_OUTER_BOUND('',#1198,.T.);
#608=FACE_OUTER_BOUND('',#1199,.T.);
#609=FACE_OUTER_BOUND('',#1200,.T.);
#610=FACE_OUTER_BOUND('',#1201,.T.);
#611=FACE_OUTER_BOUND('',#1202,.T.);
#612=FACE_OUTER_BOUND('',#1203,.T.);
#613=FACE_OUTER_BOUND('',#1204,.T.);
#614=FACE_OUTER_BOUND('',#1205,.T.);
#615=FACE_OUTER_BOUND('',#1206,.T.);
#616=FACE_OUTER_BOUND('',#1207,.T.);
#617=FACE_OUTER_BOUND('',#1208,.T.);
#618=FACE_OUTER_BOUND('',#1209,.T.);
#619=FACE_OUTER_BOUND('',#1210,.T.);
#620=FACE_OUTER_BOUND('',#1211,.T.);
#621=FACE_OUTER_BOUND('',#1212,.T.);
#622=FACE_OUTER_BOUND('',#1213,.T.);
#623=FACE_OUTER_BOUND('',#1214,.T.);
#624=FACE_OUTER_BOUND('',#1215,.T.);
#625=FACE_OUTER_BOUND('',#1216,.T.);
#626=FACE_OUTER_BOUND('',#1217,.T.);
#627=FACE_OUTER_BOUND('',#1218,.T.);
#628=FACE_OUTER_BOUND('',#1219,.T.);
#629=FACE_OUTER_BOUND('',#1220,.T.);
#630=FACE_OUTER_BOUND('',#1221,.T.);
#631=FACE_OUTER_BOUND('',#1222,.T.);
#632=FACE_OUTER_BOUND('',#1223,.T.);
#633=FACE_OUTER_BOUND('',#1224,.T.);
#634=FACE_OUTER_BOUND('',#1225,.T.);
#635=FACE_OUTER_BOUND('',#1226,.T.);
#636=FACE_OUTER_BOUND('',#1227,.T.);
#637=FACE_OUTER_BOUND('',#1228,.T.);
#638=FACE_OUTER_BOUND('',#1229,.T.);
#639=FACE_OUTER_BOUND('',#1230,.T.);
#640=FACE_OUTER_BOUND('',#1231,.T.);
#641=FACE_OUTER_BOUND('',#1232,.T.);
#642=FACE_OUTER_BOUND('',#1233,.T.);
#643=FACE_OUTER_BOUND('',#1234,.T.);
#644=FACE_OUTER_BOUND('',#1235,.T.);
#645=FACE_OUTER_BOUND('',#1236,.T.);
#646=FACE_OUTER_BOUND('',#1237,.T.);
#647=FACE_OUTER_BOUND('',#1238,.T.);
#648=FACE_OUTER_BOUND('',#1239,.T.);
#649=FACE_OUTER_BOUND('',#1240,.T.);
#650=FACE_OUTER_BOUND('',#1241,.T.);
#651=FACE_OUTER_BOUND('',#1242,.T.);
#652=FACE_OUTER_BOUND('',#1243,.T.);
#653=FACE_OUTER_BOUND('',#1244,.T.);
#654=FACE_OUTER_BOUND('',#1245,.T.);
#655=FACE_OUTER_BOUND('',#1246,.T.);
#656=FACE_OUTER_BOUND('',#1247,.T.);
#657=FACE_OUTER_BOUND('',#1248,.T.);
#658=FACE_OUTER_BOUND('',#1249,.T.);
#659=FACE_OUTER_BOUND('',#1250,.T.);
#660=FACE_OUTER_BOUND('',#1251,.T.);
#661=FACE_OUTER_BOUND('',#1252,.T.);
#662=FACE_OUTER_BOUND('',#1253,.T.);
#663=FACE_OUTER_BOUND('',#1254,.T.);
#664=FACE_OUTER_BOUND('',#1255,.T.);
#665=FACE_OUTER_BOUND('',#1256,.T.);
#666=FACE_OUTER_BOUND('',#1257,.T.);
#667=FACE_OUTER_BOUND('',#1258,.T.);
#668=FACE_OUTER_BOUND('',#1259,.T.);
#669=FACE_OUTER_BOUND('',#1260,.T.);
#670=FACE_OUTER_BOUND('',#1261,.T.);
#671=FACE_OUTER_BOUND('',#1262,.T.);
#672=FACE_OUTER_BOUND('',#1263,.T.);
#673=FACE_OUTER_BOUND('',#1264,.T.);
#674=FACE_OUTER_BOUND('',#1265,.T.);
#675=FACE_OUTER_BOUND('',#1266,.T.);
#676=FACE_OUTER_BOUND('',#1267,.T.);
#677=FACE_OUTER_BOUND('',#1268,.T.);
#678=FACE_OUTER_BOUND('',#1269,.T.);
#679=FACE_OUTER_BOUND('',#1270,.T.);
#680=FACE_OUTER_BOUND('',#1271,.T.);
#681=FACE_OUTER_BOUND('',#1272,.T.);
#682=FACE_OUTER_BOUND('',#1273,.T.);
#683=FACE_OUTER_BOUND('',#1274,.T.);
#684=FACE_OUTER_BOUND('',#1275,.T.);
#685=FACE_OUTER_BOUND('',#1276,.T.);
#686=FACE_OUTER_BOUND('',#1277,.T.);
#687=FACE_OUTER_BOUND('',#1278,.T.);
#688=FACE_OUTER_BOUND('',#1279,.T.);
#689=FACE_OUTER_BOUND('',#1280,.T.);
#690=FACE_OUTER_BOUND('',#1281,.T.);
#691=FACE_OUTER_BOUND('',#1282,.T.);
#692=FACE_OUTER_BOUND('',#1283,.T.);
#693=FACE_OUTER_BOUND('',#1284,.T.);
#694=FACE_OUTER_BOUND('',#1285,.T.);
#695=FACE_OUTER_BOUND('',#1286,.T.);
#696=FACE_OUTER_BOUND('',#1287,.T.);
#697=FACE_OUTER_BOUND('',#1288,.T.);
#698=FACE_OUTER_BOUND('',#1289,.T.);
#699=FACE_OUTER_BOUND('',#1290,.T.);
#700=FACE_OUTER_BOUND('',#1291,.T.);
#701=FACE_OUTER_BOUND('',#1292,.T.);
#702=FACE_OUTER_BOUND('',#1293,.T.);
#703=FACE_OUTER_BOUND('',#1294,.T.);
#704=FACE_OUTER_BOUND('',#1295,.T.);
#705=FACE_OUTER_BOUND('',#1296,.T.);
#706=FACE_OUTER_BOUND('',#1297,.T.);
#707=FACE_OUTER_BOUND('',#1298,.T.);
#708=FACE_OUTER_BOUND('',#1299,.T.);
#709=FACE_OUTER_BOUND('',#1300,.T.);
#710=FACE_OUTER_BOUND('',#1301,.T.);
#711=EDGE_LOOP('',(#7259,#7260,#7261,#7262,#7263,#7264,#7265,#7266));
#712=EDGE_LOOP('',(#7267,#7268,#7269,#7270,#7271,#7272,#7273,#7274));
#713=EDGE_LOOP('',(#7275,#7276,#7277,#7278,#7279,#7280,#7281,#7282,#7283,
#7284,#7285,#7286,#7287,#7288,#7289,#7290));
#714=EDGE_LOOP('',(#7291,#7292,#7293,#7294,#7295,#7296,#7297,#7298,#7299,
#7300,#7301,#7302,#7303,#7304,#7305,#7306));
#715=EDGE_LOOP('',(#7307,#7308,#7309,#7310,#7311,#7312,#7313,#7314));
#716=EDGE_LOOP('',(#7315,#7316,#7317,#7318));
#717=EDGE_LOOP('',(#7319,#7320,#7321,#7322));
#718=EDGE_LOOP('',(#7323,#7324,#7325,#7326,#7327,#7328,#7329,#7330,#7331,
#7332));
#719=EDGE_LOOP('',(#7333,#7334,#7335,#7336,#7337,#7338));
#720=EDGE_LOOP('',(#7339,#7340,#7341,#7342,#7343,#7344,#7345,#7346,#7347,
#7348,#7349,#7350,#7351,#7352,#7353,#7354));
#721=EDGE_LOOP('',(#7355,#7356,#7357,#7358,#7359,#7360));
#722=EDGE_LOOP('',(#7361,#7362,#7363,#7364));
#723=EDGE_LOOP('',(#7365,#7366,#7367,#7368));
#724=EDGE_LOOP('',(#7369,#7370,#7371,#7372));
#725=EDGE_LOOP('',(#7373,#7374,#7375,#7376));
#726=EDGE_LOOP('',(#7377,#7378,#7379,#7380,#7381,#7382,#7383,#7384,#7385,
#7386,#7387,#7388,#7389,#7390,#7391,#7392,#7393,#7394,#7395,#7396,#7397,
#7398,#7399,#7400,#7401,#7402,#7403,#7404,#7405,#7406,#7407,#7408,#7409,
#7410,#7411,#7412,#7413,#7414,#7415,#7416,#7417,#7418,#7419,#7420,#7421,
#7422,#7423,#7424,#7425,#7426,#7427,#7428,#7429,#7430,#7431,#7432,#7433,
#7434,#7435,#7436,#7437,#7438,#7439,#7440,#7441,#7442,#7443,#7444,#7445,
#7446,#7447,#7448,#7449,#7450,#7451,#7452,#7453,#7454,#7455,#7456,#7457,
#7458,#7459,#7460,#7461,#7462,#7463,#7464));
#727=EDGE_LOOP('',(#7465,#7466,#7467,#7468));
#728=EDGE_LOOP('',(#7469,#7470,#7471,#7472,#7473,#7474,#7475,#7476,#7477,
#7478,#7479,#7480,#7481));
#729=EDGE_LOOP('',(#7482,#7483,#7484,#7485));
#730=EDGE_LOOP('',(#7486,#7487,#7488,#7489,#7490,#7491,#7492,#7493));
#731=EDGE_LOOP('',(#7494,#7495,#7496,#7497,#7498,#7499,#7500,#7501,#7502,
#7503,#7504,#7505));
#732=EDGE_LOOP('',(#7506,#7507,#7508,#7509));
#733=EDGE_LOOP('',(#7510,#7511,#7512,#7513));
#734=EDGE_LOOP('',(#7514,#7515,#7516,#7517,#7518,#7519,#7520,#7521,#7522,
#7523,#7524,#7525,#7526,#7527,#7528,#7529,#7530,#7531,#7532,#7533));
#735=EDGE_LOOP('',(#7534,#7535,#7536,#7537));
#736=EDGE_LOOP('',(#7538,#7539,#7540,#7541));
#737=EDGE_LOOP('',(#7542,#7543,#7544,#7545,#7546,#7547,#7548,#7549));
#738=EDGE_LOOP('',(#7550,#7551,#7552,#7553));
#739=EDGE_LOOP('',(#7554,#7555,#7556,#7557,#7558));
#740=EDGE_LOOP('',(#7559,#7560,#7561,#7562));
#741=EDGE_LOOP('',(#7563,#7564,#7565,#7566,#7567,#7568));
#742=EDGE_LOOP('',(#7569,#7570,#7571,#7572,#7573,#7574));
#743=EDGE_LOOP('',(#7575,#7576,#7577,#7578));
#744=EDGE_LOOP('',(#7579,#7580,#7581,#7582));
#745=EDGE_LOOP('',(#7583,#7584,#7585,#7586,#7587,#7588,#7589,#7590,#7591,
#7592));
#746=EDGE_LOOP('',(#7593,#7594,#7595,#7596,#7597,#7598,#7599));
#747=EDGE_LOOP('',(#7600,#7601,#7602,#7603));
#748=EDGE_LOOP('',(#7604,#7605,#7606,#7607,#7608,#7609,#7610,#7611));
#749=EDGE_LOOP('',(#7612,#7613,#7614,#7615,#7616,#7617));
#750=EDGE_LOOP('',(#7618,#7619,#7620,#7621,#7622,#7623));
#751=EDGE_LOOP('',(#7624,#7625,#7626,#7627));
#752=EDGE_LOOP('',(#7628,#7629,#7630,#7631));
#753=EDGE_LOOP('',(#7632,#7633,#7634,#7635,#7636,#7637,#7638,#7639,#7640,
#7641,#7642,#7643,#7644,#7645,#7646,#7647,#7648,#7649,#7650,#7651,#7652,
#7653,#7654,#7655,#7656,#7657,#7658,#7659,#7660,#7661,#7662,#7663,#7664,
#7665,#7666,#7667,#7668,#7669,#7670,#7671,#7672,#7673,#7674,#7675,#7676,
#7677,#7678,#7679,#7680,#7681,#7682,#7683,#7684,#7685,#7686,#7687,#7688,
#7689,#7690,#7691,#7692,#7693,#7694,#7695,#7696,#7697,#7698,#7699,#7700,
#7701,#7702,#7703,#7704,#7705,#7706,#7707,#7708,#7709,#7710,#7711,#7712,
#7713));
#754=EDGE_LOOP('',(#7714,#7715,#7716,#7717,#7718));
#755=EDGE_LOOP('',(#7719,#7720,#7721,#7722));
#756=EDGE_LOOP('',(#7723,#7724,#7725,#7726,#7727));
#757=EDGE_LOOP('',(#7728,#7729,#7730,#7731));
#758=EDGE_LOOP('',(#7732,#7733,#7734,#7735,#7736,#7737,#7738,#7739,#7740));
#759=EDGE_LOOP('',(#7741,#7742,#7743,#7744));
#760=EDGE_LOOP('',(#7745,#7746,#7747,#7748,#7749,#7750,#7751,#7752,#7753,
#7754,#7755));
#761=EDGE_LOOP('',(#7756,#7757,#7758,#7759,#7760,#7761,#7762,#7763,#7764,
#7765,#7766));
#762=EDGE_LOOP('',(#7767,#7768,#7769,#7770));
#763=EDGE_LOOP('',(#7771,#7772,#7773,#7774));
#764=EDGE_LOOP('',(#7775,#7776,#7777,#7778,#7779,#7780,#7781,#7782,#7783));
#765=EDGE_LOOP('',(#7784,#7785,#7786,#7787,#7788,#7789,#7790,#7791,#7792));
#766=EDGE_LOOP('',(#7793,#7794,#7795,#7796));
#767=EDGE_LOOP('',(#7797,#7798,#7799,#7800));
#768=EDGE_LOOP('',(#7801,#7802,#7803,#7804,#7805,#7806,#7807,#7808,#7809,
#7810));
#769=EDGE_LOOP('',(#7811,#7812,#7813,#7814));
#770=EDGE_LOOP('',(#7815,#7816,#7817,#7818));
#771=EDGE_LOOP('',(#7819,#7820,#7821,#7822));
#772=EDGE_LOOP('',(#7823,#7824,#7825,#7826,#7827,#7828,#7829,#7830,#7831,
#7832,#7833));
#773=EDGE_LOOP('',(#7834,#7835,#7836,#7837));
#774=EDGE_LOOP('',(#7838,#7839,#7840,#7841));
#775=EDGE_LOOP('',(#7842,#7843,#7844,#7845));
#776=EDGE_LOOP('',(#7846,#7847,#7848,#7849));
#777=EDGE_LOOP('',(#7850,#7851,#7852,#7853,#7854,#7855,#7856,#7857,#7858,
#7859,#7860,#7861,#7862,#7863,#7864));
#778=EDGE_LOOP('',(#7865,#7866,#7867,#7868,#7869,#7870,#7871,#7872,#7873,
#7874,#7875,#7876,#7877,#7878,#7879,#7880,#7881,#7882,#7883,#7884,#7885,
#7886,#7887,#7888,#7889,#7890,#7891,#7892,#7893,#7894,#7895,#7896,#7897,
#7898,#7899,#7900,#7901,#7902,#7903,#7904,#7905,#7906,#7907,#7908,#7909,
#7910,#7911,#7912,#7913,#7914,#7915,#7916,#7917,#7918,#7919,#7920,#7921,
#7922,#7923,#7924,#7925,#7926,#7927,#7928,#7929,#7930,#7931,#7932,#7933,
#7934,#7935,#7936,#7937,#7938,#7939,#7940));
#779=EDGE_LOOP('',(#7941,#7942,#7943,#7944,#7945,#7946,#7947));
#780=EDGE_LOOP('',(#7948,#7949,#7950,#7951,#7952,#7953,#7954));
#781=EDGE_LOOP('',(#7955,#7956,#7957,#7958));
#782=EDGE_LOOP('',(#7959,#7960,#7961,#7962));
#783=EDGE_LOOP('',(#7963,#7964,#7965,#7966,#7967));
#784=EDGE_LOOP('',(#7968,#7969,#7970,#7971));
#785=EDGE_LOOP('',(#7972,#7973,#7974,#7975,#7976,#7977,#7978));
#786=EDGE_LOOP('',(#7979,#7980,#7981,#7982,#7983,#7984,#7985));
#787=EDGE_LOOP('',(#7986,#7987,#7988,#7989));
#788=EDGE_LOOP('',(#7990,#7991,#7992,#7993));
#789=EDGE_LOOP('',(#7994,#7995,#7996,#7997,#7998));
#790=EDGE_LOOP('',(#7999,#8000,#8001,#8002,#8003,#8004,#8005,#8006,#8007,
#8008,#8009,#8010,#8011,#8012,#8013,#8014,#8015,#8016,#8017,#8018,#8019,
#8020,#8021,#8022,#8023,#8024,#8025,#8026,#8027,#8028,#8029,#8030,#8031,
#8032,#8033,#8034,#8035,#8036,#8037,#8038,#8039,#8040,#8041,#8042,#8043,
#8044,#8045,#8046,#8047,#8048,#8049,#8050,#8051,#8052,#8053,#8054,#8055,
#8056,#8057,#8058,#8059,#8060,#8061,#8062,#8063,#8064,#8065,#8066,#8067,
#8068,#8069,#8070,#8071,#8072,#8073,#8074,#8075,#8076,#8077,#8078,#8079,
#8080,#8081,#8082,#8083,#8084,#8085,#8086,#8087,#8088,#8089,#8090,#8091,
#8092,#8093,#8094,#8095,#8096,#8097,#8098,#8099,#8100,#8101,#8102,#8103,
#8104,#8105,#8106,#8107,#8108,#8109,#8110,#8111,#8112,#8113,#8114,#8115,
#8116,#8117,#8118,#8119,#8120,#8121,#8122,#8123,#8124,#8125,#8126,#8127,
#8128,#8129,#8130));
#791=EDGE_LOOP('',(#8131,#8132,#8133,#8134));
#792=EDGE_LOOP('',(#8135,#8136,#8137,#8138));
#793=EDGE_LOOP('',(#8139,#8140,#8141,#8142));
#794=EDGE_LOOP('',(#8143,#8144,#8145,#8146));
#795=EDGE_LOOP('',(#8147,#8148,#8149,#8150));
#796=EDGE_LOOP('',(#8151,#8152,#8153,#8154));
#797=EDGE_LOOP('',(#8155,#8156,#8157,#8158));
#798=EDGE_LOOP('',(#8159,#8160,#8161,#8162));
#799=EDGE_LOOP('',(#8163,#8164,#8165,#8166));
#800=EDGE_LOOP('',(#8167,#8168,#8169,#8170));
#801=EDGE_LOOP('',(#8171,#8172,#8173,#8174));
#802=EDGE_LOOP('',(#8175,#8176,#8177,#8178));
#803=EDGE_LOOP('',(#8179,#8180,#8181,#8182));
#804=EDGE_LOOP('',(#8183,#8184,#8185,#8186));
#805=EDGE_LOOP('',(#8187,#8188,#8189,#8190));
#806=EDGE_LOOP('',(#8191,#8192,#8193,#8194,#8195,#8196,#8197));
#807=EDGE_LOOP('',(#8198,#8199,#8200,#8201,#8202,#8203,#8204));
#808=EDGE_LOOP('',(#8205,#8206,#8207,#8208));
#809=EDGE_LOOP('',(#8209,#8210,#8211,#8212));
#810=EDGE_LOOP('',(#8213,#8214,#8215,#8216,#8217));
#811=EDGE_LOOP('',(#8218,#8219,#8220,#8221));
#812=EDGE_LOOP('',(#8222,#8223,#8224,#8225));
#813=EDGE_LOOP('',(#8226,#8227,#8228,#8229));
#814=EDGE_LOOP('',(#8230,#8231,#8232,#8233));
#815=EDGE_LOOP('',(#8234,#8235,#8236,#8237));
#816=EDGE_LOOP('',(#8238,#8239,#8240,#8241,#8242,#8243,#8244));
#817=EDGE_LOOP('',(#8245,#8246,#8247,#8248,#8249,#8250,#8251));
#818=EDGE_LOOP('',(#8252,#8253,#8254,#8255));
#819=EDGE_LOOP('',(#8256,#8257,#8258,#8259));
#820=EDGE_LOOP('',(#8260,#8261,#8262,#8263,#8264));
#821=EDGE_LOOP('',(#8265,#8266,#8267,#8268));
#822=EDGE_LOOP('',(#8269,#8270,#8271,#8272));
#823=EDGE_LOOP('',(#8273,#8274,#8275,#8276));
#824=EDGE_LOOP('',(#8277,#8278,#8279,#8280));
#825=EDGE_LOOP('',(#8281,#8282,#8283,#8284));
#826=EDGE_LOOP('',(#8285,#8286,#8287,#8288));
#827=EDGE_LOOP('',(#8289,#8290,#8291,#8292));
#828=EDGE_LOOP('',(#8293,#8294,#8295,#8296));
#829=EDGE_LOOP('',(#8297,#8298,#8299,#8300));
#830=EDGE_LOOP('',(#8301,#8302,#8303,#8304));
#831=EDGE_LOOP('',(#8305,#8306,#8307,#8308));
#832=EDGE_LOOP('',(#8309,#8310,#8311,#8312));
#833=EDGE_LOOP('',(#8313,#8314,#8315,#8316));
#834=EDGE_LOOP('',(#8317,#8318,#8319,#8320));
#835=EDGE_LOOP('',(#8321,#8322,#8323,#8324));
#836=EDGE_LOOP('',(#8325,#8326,#8327,#8328));
#837=EDGE_LOOP('',(#8329,#8330,#8331,#8332));
#838=EDGE_LOOP('',(#8333,#8334,#8335,#8336));
#839=EDGE_LOOP('',(#8337,#8338,#8339,#8340));
#840=EDGE_LOOP('',(#8341,#8342,#8343,#8344));
#841=EDGE_LOOP('',(#8345,#8346,#8347,#8348));
#842=EDGE_LOOP('',(#8349,#8350,#8351,#8352));
#843=EDGE_LOOP('',(#8353,#8354,#8355,#8356));
#844=EDGE_LOOP('',(#8357,#8358,#8359,#8360));
#845=EDGE_LOOP('',(#8361,#8362,#8363,#8364));
#846=EDGE_LOOP('',(#8365,#8366,#8367,#8368));
#847=EDGE_LOOP('',(#8369,#8370,#8371,#8372,#8373,#8374,#8375,#8376,#8377,
#8378,#8379,#8380,#8381,#8382,#8383,#8384,#8385,#8386,#8387,#8388,#8389,
#8390,#8391,#8392,#8393,#8394,#8395,#8396,#8397,#8398,#8399,#8400,#8401,
#8402,#8403,#8404,#8405,#8406,#8407,#8408,#8409,#8410,#8411,#8412,#8413,
#8414,#8415,#8416,#8417,#8418,#8419,#8420,#8421,#8422,#8423,#8424,#8425,
#8426,#8427,#8428,#8429,#8430,#8431,#8432));
#848=EDGE_LOOP('',(#8433,#8434,#8435,#8436,#8437,#8438,#8439));
#849=EDGE_LOOP('',(#8440,#8441,#8442,#8443,#8444,#8445,#8446));
#850=EDGE_LOOP('',(#8447,#8448,#8449,#8450));
#851=EDGE_LOOP('',(#8451,#8452,#8453,#8454));
#852=EDGE_LOOP('',(#8455,#8456,#8457,#8458,#8459));
#853=EDGE_LOOP('',(#8460,#8461,#8462,#8463));
#854=EDGE_LOOP('',(#8464,#8465,#8466,#8467));
#855=EDGE_LOOP('',(#8468,#8469,#8470,#8471));
#856=EDGE_LOOP('',(#8472,#8473,#8474,#8475));
#857=EDGE_LOOP('',(#8476,#8477,#8478,#8479));
#858=EDGE_LOOP('',(#8480,#8481,#8482,#8483,#8484,#8485,#8486));
#859=EDGE_LOOP('',(#8487,#8488,#8489,#8490,#8491,#8492,#8493));
#860=EDGE_LOOP('',(#8494,#8495,#8496,#8497));
#861=EDGE_LOOP('',(#8498,#8499,#8500,#8501));
#862=EDGE_LOOP('',(#8502,#8503,#8504,#8505,#8506));
#863=EDGE_LOOP('',(#8507,#8508,#8509,#8510));
#864=EDGE_LOOP('',(#8511,#8512,#8513,#8514));
#865=EDGE_LOOP('',(#8515,#8516,#8517,#8518));
#866=EDGE_LOOP('',(#8519,#8520,#8521,#8522));
#867=EDGE_LOOP('',(#8523,#8524,#8525,#8526));
#868=EDGE_LOOP('',(#8527,#8528,#8529,#8530));
#869=EDGE_LOOP('',(#8531,#8532,#8533,#8534));
#870=EDGE_LOOP('',(#8535,#8536,#8537,#8538));
#871=EDGE_LOOP('',(#8539,#8540,#8541,#8542));
#872=EDGE_LOOP('',(#8543,#8544,#8545,#8546));
#873=EDGE_LOOP('',(#8547,#8548,#8549,#8550));
#874=EDGE_LOOP('',(#8551,#8552,#8553,#8554));
#875=EDGE_LOOP('',(#8555,#8556,#8557,#8558,#8559,#8560,#8561,#8562,#8563,
#8564,#8565,#8566,#8567,#8568,#8569,#8570,#8571,#8572,#8573,#8574,#8575,
#8576,#8577,#8578,#8579,#8580,#8581,#8582,#8583,#8584,#8585,#8586,#8587,
#8588,#8589,#8590,#8591,#8592,#8593,#8594,#8595,#8596,#8597,#8598,#8599,
#8600,#8601,#8602,#8603,#8604,#8605,#8606,#8607,#8608,#8609,#8610,#8611,
#8612,#8613,#8614,#8615,#8616,#8617,#8618,#8619,#8620,#8621,#8622));
#876=EDGE_LOOP('',(#8623,#8624,#8625,#8626));
#877=EDGE_LOOP('',(#8627,#8628,#8629,#8630));
#878=EDGE_LOOP('',(#8631,#8632,#8633,#8634,#8635,#8636,#8637,#8638,#8639,
#8640,#8641,#8642,#8643,#8644,#8645));
#879=EDGE_LOOP('',(#8646,#8647,#8648,#8649,#8650,#8651));
#880=EDGE_LOOP('',(#8652,#8653,#8654,#8655,#8656,#8657));
#881=EDGE_LOOP('',(#8658,#8659,#8660,#8661));
#882=EDGE_LOOP('',(#8662,#8663,#8664,#8665));
#883=EDGE_LOOP('',(#8666,#8667,#8668,#8669));
#884=EDGE_LOOP('',(#8670,#8671,#8672,#8673,#8674,#8675,#8676,#8677));
#885=EDGE_LOOP('',(#8678,#8679,#8680,#8681,#8682,#8683,#8684,#8685));
#886=EDGE_LOOP('',(#8686,#8687,#8688,#8689));
#887=EDGE_LOOP('',(#8690,#8691,#8692,#8693,#8694,#8695,#8696,#8697,#8698));
#888=EDGE_LOOP('',(#8699,#8700,#8701,#8702,#8703,#8704));
#889=EDGE_LOOP('',(#8705,#8706,#8707,#8708,#8709,#8710));
#890=EDGE_LOOP('',(#8711,#8712,#8713,#8714));
#891=EDGE_LOOP('',(#8715,#8716,#8717,#8718));
#892=EDGE_LOOP('',(#8719,#8720,#8721,#8722));
#893=EDGE_LOOP('',(#8723,#8724,#8725,#8726));
#894=EDGE_LOOP('',(#8727,#8728,#8729,#8730));
#895=EDGE_LOOP('',(#8731,#8732,#8733,#8734));
#896=EDGE_LOOP('',(#8735,#8736,#8737,#8738));
#897=EDGE_LOOP('',(#8739,#8740,#8741,#8742));
#898=EDGE_LOOP('',(#8743,#8744,#8745,#8746));
#899=EDGE_LOOP('',(#8747,#8748,#8749,#8750));
#900=EDGE_LOOP('',(#8751,#8752,#8753,#8754,#8755,#8756,#8757,#8758));
#901=EDGE_LOOP('',(#8759,#8760,#8761,#8762,#8763,#8764));
#902=EDGE_LOOP('',(#8765,#8766,#8767,#8768,#8769,#8770));
#903=EDGE_LOOP('',(#8771,#8772,#8773,#8774));
#904=EDGE_LOOP('',(#8775,#8776,#8777,#8778));
#905=EDGE_LOOP('',(#8779,#8780,#8781,#8782,#8783,#8784,#8785,#8786,#8787,
#8788));
#906=EDGE_LOOP('',(#8789,#8790,#8791,#8792));
#907=EDGE_LOOP('',(#8793,#8794,#8795,#8796));
#908=EDGE_LOOP('',(#8797,#8798,#8799,#8800,#8801));
#909=EDGE_LOOP('',(#8802,#8803,#8804,#8805,#8806,#8807));
#910=EDGE_LOOP('',(#8808,#8809,#8810,#8811));
#911=EDGE_LOOP('',(#8812,#8813,#8814,#8815));
#912=EDGE_LOOP('',(#8816,#8817,#8818,#8819,#8820,#8821,#8822,#8823,#8824,
#8825));
#913=EDGE_LOOP('',(#8826,#8827,#8828,#8829,#8830,#8831,#8832));
#914=EDGE_LOOP('',(#8833,#8834,#8835,#8836));
#915=EDGE_LOOP('',(#8837,#8838,#8839,#8840));
#916=EDGE_LOOP('',(#8841,#8842,#8843,#8844));
#917=EDGE_LOOP('',(#8845,#8846,#8847,#8848));
#918=EDGE_LOOP('',(#8849,#8850,#8851,#8852));
#919=EDGE_LOOP('',(#8853,#8854,#8855,#8856));
#920=EDGE_LOOP('',(#8857,#8858,#8859,#8860));
#921=EDGE_LOOP('',(#8861,#8862,#8863,#8864));
#922=EDGE_LOOP('',(#8865,#8866,#8867,#8868));
#923=EDGE_LOOP('',(#8869,#8870,#8871,#8872));
#924=EDGE_LOOP('',(#8873,#8874,#8875,#8876));
#925=EDGE_LOOP('',(#8877,#8878,#8879,#8880));
#926=EDGE_LOOP('',(#8881,#8882,#8883,#8884));
#927=EDGE_LOOP('',(#8885,#8886,#8887,#8888));
#928=EDGE_LOOP('',(#8889,#8890,#8891,#8892));
#929=EDGE_LOOP('',(#8893,#8894,#8895,#8896));
#930=EDGE_LOOP('',(#8897,#8898,#8899,#8900,#8901,#8902));
#931=EDGE_LOOP('',(#8903,#8904,#8905,#8906));
#932=EDGE_LOOP('',(#8907,#8908,#8909,#8910,#8911));
#933=EDGE_LOOP('',(#8912,#8913,#8914,#8915,#8916));
#934=EDGE_LOOP('',(#8917,#8918,#8919,#8920));
#935=EDGE_LOOP('',(#8921,#8922,#8923,#8924,#8925,#8926,#8927,#8928,#8929,
#8930,#8931));
#936=EDGE_LOOP('',(#8932,#8933,#8934,#8935));
#937=EDGE_LOOP('',(#8936,#8937,#8938,#8939));
#938=EDGE_LOOP('',(#8940,#8941,#8942,#8943));
#939=EDGE_LOOP('',(#8944,#8945,#8946,#8947,#8948,#8949,#8950));
#940=EDGE_LOOP('',(#8951,#8952,#8953,#8954,#8955,#8956,#8957));
#941=EDGE_LOOP('',(#8958,#8959,#8960,#8961));
#942=EDGE_LOOP('',(#8962,#8963,#8964,#8965));
#943=EDGE_LOOP('',(#8966,#8967,#8968,#8969,#8970));
#944=EDGE_LOOP('',(#8971,#8972,#8973,#8974));
#945=EDGE_LOOP('',(#8975,#8976,#8977,#8978,#8979,#8980,#8981));
#946=EDGE_LOOP('',(#8982,#8983,#8984,#8985,#8986,#8987,#8988));
#947=EDGE_LOOP('',(#8989,#8990,#8991,#8992));
#948=EDGE_LOOP('',(#8993,#8994,#8995,#8996));
#949=EDGE_LOOP('',(#8997,#8998,#8999,#9000,#9001));
#950=EDGE_LOOP('',(#9002,#9003,#9004,#9005));
#951=EDGE_LOOP('',(#9006,#9007,#9008,#9009));
#952=EDGE_LOOP('',(#9010,#9011,#9012,#9013));
#953=EDGE_LOOP('',(#9014,#9015,#9016,#9017));
#954=EDGE_LOOP('',(#9018,#9019,#9020,#9021));
#955=EDGE_LOOP('',(#9022,#9023,#9024,#9025));
#956=EDGE_LOOP('',(#9026,#9027,#9028,#9029));
#957=EDGE_LOOP('',(#9030,#9031,#9032,#9033));
#958=EDGE_LOOP('',(#9034,#9035,#9036,#9037));
#959=EDGE_LOOP('',(#9038,#9039,#9040,#9041));
#960=EDGE_LOOP('',(#9042,#9043,#9044,#9045));
#961=EDGE_LOOP('',(#9046,#9047,#9048,#9049));
#962=EDGE_LOOP('',(#9050,#9051,#9052,#9053));
#963=EDGE_LOOP('',(#9054,#9055,#9056,#9057));
#964=EDGE_LOOP('',(#9058,#9059,#9060,#9061));
#965=EDGE_LOOP('',(#9062,#9063,#9064,#9065));
#966=EDGE_LOOP('',(#9066,#9067,#9068,#9069,#9070,#9071,#9072,#9073,#9074,
#9075,#9076,#9077,#9078,#9079,#9080,#9081,#9082,#9083,#9084,#9085,#9086,
#9087,#9088,#9089,#9090,#9091,#9092,#9093,#9094,#9095,#9096,#9097,#9098,
#9099));
#967=EDGE_LOOP('',(#9100,#9101,#9102,#9103));
#968=EDGE_LOOP('',(#9104,#9105,#9106,#9107));
#969=EDGE_LOOP('',(#9108,#9109,#9110,#9111));
#970=EDGE_LOOP('',(#9112,#9113,#9114,#9115,#9116,#9117,#9118));
#971=EDGE_LOOP('',(#9119,#9120,#9121,#9122,#9123,#9124,#9125));
#972=EDGE_LOOP('',(#9126,#9127,#9128,#9129));
#973=EDGE_LOOP('',(#9130,#9131,#9132,#9133));
#974=EDGE_LOOP('',(#9134,#9135,#9136,#9137,#9138));
#975=EDGE_LOOP('',(#9139,#9140,#9141,#9142));
#976=EDGE_LOOP('',(#9143,#9144,#9145,#9146,#9147,#9148,#9149));
#977=EDGE_LOOP('',(#9150,#9151,#9152,#9153,#9154,#9155,#9156));
#978=EDGE_LOOP('',(#9157,#9158,#9159,#9160));
#979=EDGE_LOOP('',(#9161,#9162,#9163,#9164));
#980=EDGE_LOOP('',(#9165,#9166,#9167,#9168,#9169));
#981=EDGE_LOOP('',(#9170,#9171,#9172,#9173));
#982=EDGE_LOOP('',(#9174,#9175,#9176,#9177));
#983=EDGE_LOOP('',(#9178,#9179,#9180,#9181));
#984=EDGE_LOOP('',(#9182,#9183,#9184,#9185));
#985=EDGE_LOOP('',(#9186,#9187,#9188,#9189));
#986=EDGE_LOOP('',(#9190,#9191,#9192,#9193));
#987=EDGE_LOOP('',(#9194,#9195,#9196,#9197));
#988=EDGE_LOOP('',(#9198,#9199,#9200,#9201));
#989=EDGE_LOOP('',(#9202,#9203,#9204,#9205));
#990=EDGE_LOOP('',(#9206,#9207,#9208,#9209));
#991=EDGE_LOOP('',(#9210,#9211,#9212,#9213));
#992=EDGE_LOOP('',(#9214,#9215,#9216,#9217));
#993=EDGE_LOOP('',(#9218,#9219,#9220,#9221));
#994=EDGE_LOOP('',(#9222,#9223,#9224,#9225));
#995=EDGE_LOOP('',(#9226,#9227,#9228,#9229));
#996=EDGE_LOOP('',(#9230,#9231,#9232,#9233));
#997=EDGE_LOOP('',(#9234,#9235,#9236,#9237));
#998=EDGE_LOOP('',(#9238,#9239,#9240,#9241,#9242,#9243,#9244));
#999=EDGE_LOOP('',(#9245,#9246,#9247,#9248,#9249,#9250,#9251));
#1000=EDGE_LOOP('',(#9252,#9253,#9254,#9255));
#1001=EDGE_LOOP('',(#9256,#9257,#9258,#9259));
#1002=EDGE_LOOP('',(#9260,#9261,#9262,#9263,#9264));
#1003=EDGE_LOOP('',(#9265,#9266,#9267,#9268));
#1004=EDGE_LOOP('',(#9269,#9270,#9271,#9272,#9273,#9274,#9275));
#1005=EDGE_LOOP('',(#9276,#9277,#9278,#9279,#9280,#9281,#9282));
#1006=EDGE_LOOP('',(#9283,#9284,#9285,#9286));
#1007=EDGE_LOOP('',(#9287,#9288,#9289,#9290));
#1008=EDGE_LOOP('',(#9291,#9292,#9293,#9294,#9295));
#1009=EDGE_LOOP('',(#9296,#9297,#9298,#9299));
#1010=EDGE_LOOP('',(#9300,#9301,#9302,#9303));
#1011=EDGE_LOOP('',(#9304,#9305,#9306,#9307));
#1012=EDGE_LOOP('',(#9308,#9309,#9310,#9311));
#1013=EDGE_LOOP('',(#9312,#9313,#9314,#9315));
#1014=EDGE_LOOP('',(#9316,#9317,#9318,#9319));
#1015=EDGE_LOOP('',(#9320,#9321,#9322,#9323));
#1016=EDGE_LOOP('',(#9324,#9325,#9326,#9327));
#1017=EDGE_LOOP('',(#9328,#9329,#9330,#9331));
#1018=EDGE_LOOP('',(#9332,#9333,#9334,#9335));
#1019=EDGE_LOOP('',(#9336,#9337,#9338,#9339));
#1020=EDGE_LOOP('',(#9340,#9341,#9342,#9343));
#1021=EDGE_LOOP('',(#9344,#9345,#9346,#9347));
#1022=EDGE_LOOP('',(#9348,#9349,#9350,#9351));
#1023=EDGE_LOOP('',(#9352,#9353,#9354,#9355));
#1024=EDGE_LOOP('',(#9356,#9357,#9358,#9359));
#1025=EDGE_LOOP('',(#9360,#9361,#9362,#9363));
#1026=EDGE_LOOP('',(#9364,#9365,#9366,#9367,#9368,#9369,#9370));
#1027=EDGE_LOOP('',(#9371,#9372,#9373,#9374,#9375,#9376,#9377));
#1028=EDGE_LOOP('',(#9378,#9379,#9380,#9381));
#1029=EDGE_LOOP('',(#9382,#9383,#9384,#9385));
#1030=EDGE_LOOP('',(#9386,#9387,#9388,#9389,#9390));
#1031=EDGE_LOOP('',(#9391,#9392,#9393,#9394));
#1032=EDGE_LOOP('',(#9395,#9396,#9397,#9398,#9399,#9400,#9401));
#1033=EDGE_LOOP('',(#9402,#9403,#9404,#9405,#9406,#9407,#9408));
#1034=EDGE_LOOP('',(#9409,#9410,#9411,#9412));
#1035=EDGE_LOOP('',(#9413,#9414,#9415,#9416));
#1036=EDGE_LOOP('',(#9417,#9418,#9419,#9420,#9421));
#1037=EDGE_LOOP('',(#9422,#9423,#9424,#9425));
#1038=EDGE_LOOP('',(#9426,#9427,#9428,#9429));
#1039=EDGE_LOOP('',(#9430,#9431,#9432,#9433));
#1040=EDGE_LOOP('',(#9434,#9435,#9436,#9437));
#1041=EDGE_LOOP('',(#9438,#9439,#9440,#9441));
#1042=EDGE_LOOP('',(#9442,#9443,#9444,#9445));
#1043=EDGE_LOOP('',(#9446,#9447,#9448,#9449));
#1044=EDGE_LOOP('',(#9450,#9451,#9452,#9453));
#1045=EDGE_LOOP('',(#9454,#9455,#9456,#9457));
#1046=EDGE_LOOP('',(#9458,#9459,#9460,#9461));
#1047=EDGE_LOOP('',(#9462,#9463,#9464,#9465));
#1048=EDGE_LOOP('',(#9466,#9467,#9468,#9469));
#1049=EDGE_LOOP('',(#9470,#9471,#9472,#9473));
#1050=EDGE_LOOP('',(#9474,#9475,#9476,#9477));
#1051=EDGE_LOOP('',(#9478,#9479,#9480,#9481));
#1052=EDGE_LOOP('',(#9482,#9483,#9484,#9485));
#1053=EDGE_LOOP('',(#9486,#9487,#9488,#9489));
#1054=EDGE_LOOP('',(#9490,#9491,#9492,#9493,#9494,#9495,#9496));
#1055=EDGE_LOOP('',(#9497,#9498,#9499,#9500,#9501,#9502,#9503));
#1056=EDGE_LOOP('',(#9504,#9505,#9506,#9507));
#1057=EDGE_LOOP('',(#9508,#9509,#9510,#9511));
#1058=EDGE_LOOP('',(#9512,#9513,#9514,#9515,#9516));
#1059=EDGE_LOOP('',(#9517,#9518,#9519,#9520));
#1060=EDGE_LOOP('',(#9521,#9522,#9523,#9524,#9525,#9526,#9527));
#1061=EDGE_LOOP('',(#9528,#9529,#9530,#9531,#9532,#9533,#9534));
#1062=EDGE_LOOP('',(#9535,#9536,#9537,#9538));
#1063=EDGE_LOOP('',(#9539,#9540,#9541,#9542));
#1064=EDGE_LOOP('',(#9543,#9544,#9545,#9546,#9547));
#1065=EDGE_LOOP('',(#9548,#9549,#9550,#9551));
#1066=EDGE_LOOP('',(#9552,#9553,#9554,#9555));
#1067=EDGE_LOOP('',(#9556,#9557,#9558,#9559));
#1068=EDGE_LOOP('',(#9560,#9561,#9562,#9563));
#1069=EDGE_LOOP('',(#9564,#9565,#9566,#9567));
#1070=EDGE_LOOP('',(#9568,#9569,#9570,#9571));
#1071=EDGE_LOOP('',(#9572,#9573,#9574,#9575));
#1072=EDGE_LOOP('',(#9576,#9577,#9578,#9579));
#1073=EDGE_LOOP('',(#9580,#9581,#9582,#9583));
#1074=EDGE_LOOP('',(#9584,#9585,#9586,#9587));
#1075=EDGE_LOOP('',(#9588,#9589,#9590,#9591));
#1076=EDGE_LOOP('',(#9592,#9593,#9594,#9595));
#1077=EDGE_LOOP('',(#9596,#9597,#9598,#9599));
#1078=EDGE_LOOP('',(#9600,#9601,#9602,#9603));
#1079=EDGE_LOOP('',(#9604,#9605,#9606,#9607));
#1080=EDGE_LOOP('',(#9608,#9609,#9610,#9611));
#1081=EDGE_LOOP('',(#9612,#9613,#9614,#9615));
#1082=EDGE_LOOP('',(#9616,#9617,#9618,#9619,#9620,#9621,#9622));
#1083=EDGE_LOOP('',(#9623,#9624,#9625,#9626,#9627,#9628,#9629));
#1084=EDGE_LOOP('',(#9630,#9631,#9632,#9633));
#1085=EDGE_LOOP('',(#9634,#9635,#9636,#9637));
#1086=EDGE_LOOP('',(#9638,#9639,#9640,#9641,#9642));
#1087=EDGE_LOOP('',(#9643,#9644,#9645,#9646));
#1088=EDGE_LOOP('',(#9647,#9648,#9649,#9650,#9651,#9652,#9653));
#1089=EDGE_LOOP('',(#9654,#9655,#9656,#9657,#9658,#9659,#9660));
#1090=EDGE_LOOP('',(#9661,#9662,#9663,#9664));
#1091=EDGE_LOOP('',(#9665,#9666,#9667,#9668));
#1092=EDGE_LOOP('',(#9669,#9670,#9671,#9672,#9673));
#1093=EDGE_LOOP('',(#9674,#9675,#9676,#9677));
#1094=EDGE_LOOP('',(#9678,#9679,#9680,#9681));
#1095=EDGE_LOOP('',(#9682,#9683,#9684,#9685));
#1096=EDGE_LOOP('',(#9686,#9687,#9688,#9689));
#1097=EDGE_LOOP('',(#9690,#9691,#9692,#9693));
#1098=EDGE_LOOP('',(#9694,#9695,#9696,#9697));
#1099=EDGE_LOOP('',(#9698,#9699,#9700,#9701));
#1100=EDGE_LOOP('',(#9702,#9703,#9704,#9705));
#1101=EDGE_LOOP('',(#9706,#9707,#9708,#9709));
#1102=EDGE_LOOP('',(#9710,#9711,#9712,#9713));
#1103=EDGE_LOOP('',(#9714,#9715,#9716,#9717));
#1104=EDGE_LOOP('',(#9718,#9719,#9720,#9721));
#1105=EDGE_LOOP('',(#9722,#9723,#9724,#9725));
#1106=EDGE_LOOP('',(#9726,#9727,#9728,#9729));
#1107=EDGE_LOOP('',(#9730,#9731,#9732,#9733));
#1108=EDGE_LOOP('',(#9734,#9735,#9736,#9737));
#1109=EDGE_LOOP('',(#9738,#9739,#9740,#9741));
#1110=EDGE_LOOP('',(#9742,#9743,#9744,#9745,#9746,#9747,#9748));
#1111=EDGE_LOOP('',(#9749,#9750,#9751,#9752,#9753,#9754,#9755));
#1112=EDGE_LOOP('',(#9756,#9757,#9758,#9759));
#1113=EDGE_LOOP('',(#9760,#9761,#9762,#9763));
#1114=EDGE_LOOP('',(#9764,#9765,#9766,#9767,#9768));
#1115=EDGE_LOOP('',(#9769,#9770,#9771,#9772));
#1116=EDGE_LOOP('',(#9773,#9774,#9775,#9776,#9777,#9778,#9779));
#1117=EDGE_LOOP('',(#9780,#9781,#9782,#9783,#9784,#9785,#9786));
#1118=EDGE_LOOP('',(#9787,#9788,#9789,#9790));
#1119=EDGE_LOOP('',(#9791,#9792,#9793,#9794));
#1120=EDGE_LOOP('',(#9795,#9796,#9797,#9798,#9799));
#1121=EDGE_LOOP('',(#9800,#9801,#9802,#9803));
#1122=EDGE_LOOP('',(#9804,#9805,#9806,#9807));
#1123=EDGE_LOOP('',(#9808,#9809,#9810,#9811));
#1124=EDGE_LOOP('',(#9812,#9813,#9814,#9815));
#1125=EDGE_LOOP('',(#9816,#9817,#9818,#9819));
#1126=EDGE_LOOP('',(#9820,#9821,#9822,#9823));
#1127=EDGE_LOOP('',(#9824,#9825,#9826,#9827));
#1128=EDGE_LOOP('',(#9828,#9829,#9830,#9831));
#1129=EDGE_LOOP('',(#9832,#9833,#9834,#9835));
#1130=EDGE_LOOP('',(#9836,#9837,#9838,#9839));
#1131=EDGE_LOOP('',(#9840,#9841,#9842,#9843));
#1132=EDGE_LOOP('',(#9844,#9845,#9846,#9847));
#1133=EDGE_LOOP('',(#9848,#9849,#9850,#9851));
#1134=EDGE_LOOP('',(#9852,#9853,#9854,#9855));
#1135=EDGE_LOOP('',(#9856,#9857,#9858,#9859));
#1136=EDGE_LOOP('',(#9860,#9861,#9862,#9863));
#1137=EDGE_LOOP('',(#9864,#9865,#9866,#9867));
#1138=EDGE_LOOP('',(#9868,#9869,#9870,#9871,#9872,#9873,#9874));
#1139=EDGE_LOOP('',(#9875,#9876,#9877,#9878,#9879,#9880,#9881));
#1140=EDGE_LOOP('',(#9882,#9883,#9884,#9885));
#1141=EDGE_LOOP('',(#9886,#9887,#9888,#9889));
#1142=EDGE_LOOP('',(#9890,#9891,#9892,#9893,#9894));
#1143=EDGE_LOOP('',(#9895,#9896,#9897,#9898));
#1144=EDGE_LOOP('',(#9899,#9900,#9901,#9902,#9903,#9904,#9905));
#1145=EDGE_LOOP('',(#9906,#9907,#9908,#9909,#9910,#9911,#9912));
#1146=EDGE_LOOP('',(#9913,#9914,#9915,#9916));
#1147=EDGE_LOOP('',(#9917,#9918,#9919,#9920));
#1148=EDGE_LOOP('',(#9921,#9922,#9923,#9924,#9925));
#1149=EDGE_LOOP('',(#9926,#9927,#9928,#9929));
#1150=EDGE_LOOP('',(#9930,#9931,#9932,#9933));
#1151=EDGE_LOOP('',(#9934,#9935,#9936,#9937));
#1152=EDGE_LOOP('',(#9938,#9939,#9940,#9941));
#1153=EDGE_LOOP('',(#9942,#9943,#9944,#9945));
#1154=EDGE_LOOP('',(#9946,#9947,#9948,#9949));
#1155=EDGE_LOOP('',(#9950,#9951,#9952,#9953));
#1156=EDGE_LOOP('',(#9954,#9955,#9956,#9957));
#1157=EDGE_LOOP('',(#9958,#9959,#9960,#9961));
#1158=EDGE_LOOP('',(#9962,#9963,#9964,#9965));
#1159=EDGE_LOOP('',(#9966,#9967,#9968,#9969));
#1160=EDGE_LOOP('',(#9970,#9971,#9972,#9973));
#1161=EDGE_LOOP('',(#9974,#9975,#9976,#9977));
#1162=EDGE_LOOP('',(#9978,#9979,#9980,#9981));
#1163=EDGE_LOOP('',(#9982,#9983,#9984,#9985));
#1164=EDGE_LOOP('',(#9986,#9987,#9988,#9989));
#1165=EDGE_LOOP('',(#9990,#9991,#9992,#9993));
#1166=EDGE_LOOP('',(#9994,#9995,#9996,#9997,#9998,#9999,#10000));
#1167=EDGE_LOOP('',(#10001,#10002,#10003,#10004,#10005,#10006,#10007));
#1168=EDGE_LOOP('',(#10008,#10009,#10010,#10011));
#1169=EDGE_LOOP('',(#10012,#10013,#10014,#10015));
#1170=EDGE_LOOP('',(#10016,#10017,#10018,#10019,#10020));
#1171=EDGE_LOOP('',(#10021,#10022,#10023,#10024));
#1172=EDGE_LOOP('',(#10025,#10026,#10027,#10028,#10029,#10030,#10031));
#1173=EDGE_LOOP('',(#10032,#10033,#10034,#10035,#10036,#10037,#10038));
#1174=EDGE_LOOP('',(#10039,#10040,#10041,#10042));
#1175=EDGE_LOOP('',(#10043,#10044,#10045,#10046));
#1176=EDGE_LOOP('',(#10047,#10048,#10049,#10050,#10051));
#1177=EDGE_LOOP('',(#10052,#10053,#10054,#10055));
#1178=EDGE_LOOP('',(#10056,#10057,#10058,#10059));
#1179=EDGE_LOOP('',(#10060,#10061,#10062,#10063));
#1180=EDGE_LOOP('',(#10064,#10065,#10066,#10067));
#1181=EDGE_LOOP('',(#10068,#10069,#10070,#10071));
#1182=EDGE_LOOP('',(#10072,#10073,#10074,#10075));
#1183=EDGE_LOOP('',(#10076,#10077,#10078,#10079));
#1184=EDGE_LOOP('',(#10080,#10081,#10082,#10083));
#1185=EDGE_LOOP('',(#10084,#10085,#10086,#10087));
#1186=EDGE_LOOP('',(#10088,#10089,#10090,#10091));
#1187=EDGE_LOOP('',(#10092,#10093,#10094,#10095));
#1188=EDGE_LOOP('',(#10096,#10097,#10098,#10099));
#1189=EDGE_LOOP('',(#10100,#10101,#10102,#10103));
#1190=EDGE_LOOP('',(#10104,#10105,#10106,#10107));
#1191=EDGE_LOOP('',(#10108,#10109,#10110,#10111));
#1192=EDGE_LOOP('',(#10112,#10113,#10114,#10115));
#1193=EDGE_LOOP('',(#10116,#10117,#10118,#10119));
#1194=EDGE_LOOP('',(#10120,#10121,#10122,#10123,#10124,#10125,#10126));
#1195=EDGE_LOOP('',(#10127,#10128,#10129,#10130,#10131,#10132,#10133));
#1196=EDGE_LOOP('',(#10134,#10135,#10136,#10137));
#1197=EDGE_LOOP('',(#10138,#10139,#10140,#10141));
#1198=EDGE_LOOP('',(#10142,#10143,#10144,#10145,#10146));
#1199=EDGE_LOOP('',(#10147,#10148,#10149,#10150));
#1200=EDGE_LOOP('',(#10151,#10152,#10153,#10154,#10155,#10156,#10157));
#1201=EDGE_LOOP('',(#10158,#10159,#10160,#10161,#10162,#10163,#10164));
#1202=EDGE_LOOP('',(#10165,#10166,#10167,#10168));
#1203=EDGE_LOOP('',(#10169,#10170,#10171,#10172));
#1204=EDGE_LOOP('',(#10173,#10174,#10175,#10176,#10177));
#1205=EDGE_LOOP('',(#10178,#10179,#10180,#10181));
#1206=EDGE_LOOP('',(#10182,#10183,#10184,#10185));
#1207=EDGE_LOOP('',(#10186,#10187,#10188,#10189));
#1208=EDGE_LOOP('',(#10190,#10191,#10192,#10193));
#1209=EDGE_LOOP('',(#10194,#10195,#10196,#10197));
#1210=EDGE_LOOP('',(#10198,#10199,#10200,#10201));
#1211=EDGE_LOOP('',(#10202,#10203,#10204,#10205));
#1212=EDGE_LOOP('',(#10206,#10207,#10208,#10209));
#1213=EDGE_LOOP('',(#10210,#10211,#10212,#10213));
#1214=EDGE_LOOP('',(#10214,#10215,#10216,#10217));
#1215=EDGE_LOOP('',(#10218,#10219,#10220,#10221));
#1216=EDGE_LOOP('',(#10222,#10223,#10224,#10225));
#1217=EDGE_LOOP('',(#10226,#10227,#10228,#10229));
#1218=EDGE_LOOP('',(#10230,#10231,#10232,#10233));
#1219=EDGE_LOOP('',(#10234,#10235,#10236,#10237));
#1220=EDGE_LOOP('',(#10238,#10239,#10240,#10241));
#1221=EDGE_LOOP('',(#10242,#10243,#10244,#10245));
#1222=EDGE_LOOP('',(#10246,#10247,#10248,#10249,#10250,#10251,#10252));
#1223=EDGE_LOOP('',(#10253,#10254,#10255,#10256,#10257,#10258,#10259));
#1224=EDGE_LOOP('',(#10260,#10261,#10262,#10263));
#1225=EDGE_LOOP('',(#10264,#10265,#10266,#10267));
#1226=EDGE_LOOP('',(#10268,#10269,#10270,#10271,#10272));
#1227=EDGE_LOOP('',(#10273,#10274,#10275,#10276));
#1228=EDGE_LOOP('',(#10277,#10278,#10279,#10280,#10281,#10282,#10283));
#1229=EDGE_LOOP('',(#10284,#10285,#10286,#10287,#10288,#10289,#10290));
#1230=EDGE_LOOP('',(#10291,#10292,#10293,#10294));
#1231=EDGE_LOOP('',(#10295,#10296,#10297,#10298));
#1232=EDGE_LOOP('',(#10299,#10300,#10301,#10302,#10303));
#1233=EDGE_LOOP('',(#10304,#10305,#10306,#10307));
#1234=EDGE_LOOP('',(#10308,#10309,#10310,#10311));
#1235=EDGE_LOOP('',(#10312,#10313,#10314,#10315));
#1236=EDGE_LOOP('',(#10316,#10317,#10318,#10319));
#1237=EDGE_LOOP('',(#10320,#10321,#10322,#10323));
#1238=EDGE_LOOP('',(#10324,#10325,#10326,#10327));
#1239=EDGE_LOOP('',(#10328,#10329,#10330,#10331));
#1240=EDGE_LOOP('',(#10332,#10333,#10334,#10335));
#1241=EDGE_LOOP('',(#10336,#10337,#10338,#10339));
#1242=EDGE_LOOP('',(#10340,#10341,#10342,#10343));
#1243=EDGE_LOOP('',(#10344,#10345,#10346,#10347));
#1244=EDGE_LOOP('',(#10348,#10349,#10350,#10351));
#1245=EDGE_LOOP('',(#10352,#10353,#10354,#10355));
#1246=EDGE_LOOP('',(#10356,#10357,#10358,#10359));
#1247=EDGE_LOOP('',(#10360,#10361,#10362,#10363));
#1248=EDGE_LOOP('',(#10364,#10365,#10366,#10367));
#1249=EDGE_LOOP('',(#10368,#10369,#10370,#10371));
#1250=EDGE_LOOP('',(#10372,#10373,#10374,#10375,#10376,#10377,#10378));
#1251=EDGE_LOOP('',(#10379,#10380,#10381,#10382,#10383,#10384,#10385));
#1252=EDGE_LOOP('',(#10386,#10387,#10388,#10389));
#1253=EDGE_LOOP('',(#10390,#10391,#10392,#10393));
#1254=EDGE_LOOP('',(#10394,#10395,#10396,#10397,#10398));
#1255=EDGE_LOOP('',(#10399,#10400,#10401,#10402));
#1256=EDGE_LOOP('',(#10403,#10404,#10405,#10406,#10407,#10408,#10409));
#1257=EDGE_LOOP('',(#10410,#10411,#10412,#10413,#10414,#10415,#10416));
#1258=EDGE_LOOP('',(#10417,#10418,#10419,#10420));
#1259=EDGE_LOOP('',(#10421,#10422,#10423,#10424));
#1260=EDGE_LOOP('',(#10425,#10426,#10427,#10428,#10429));
#1261=EDGE_LOOP('',(#10430,#10431,#10432,#10433));
#1262=EDGE_LOOP('',(#10434,#10435,#10436,#10437));
#1263=EDGE_LOOP('',(#10438,#10439,#10440,#10441));
#1264=EDGE_LOOP('',(#10442,#10443,#10444,#10445));
#1265=EDGE_LOOP('',(#10446,#10447,#10448,#10449));
#1266=EDGE_LOOP('',(#10450,#10451,#10452,#10453));
#1267=EDGE_LOOP('',(#10454,#10455,#10456,#10457));
#1268=EDGE_LOOP('',(#10458,#10459,#10460,#10461));
#1269=EDGE_LOOP('',(#10462,#10463,#10464,#10465));
#1270=EDGE_LOOP('',(#10466,#10467,#10468,#10469));
#1271=EDGE_LOOP('',(#10470,#10471,#10472,#10473));
#1272=EDGE_LOOP('',(#10474,#10475,#10476,#10477));
#1273=EDGE_LOOP('',(#10478,#10479,#10480,#10481));
#1274=EDGE_LOOP('',(#10482,#10483,#10484,#10485));
#1275=EDGE_LOOP('',(#10486,#10487,#10488,#10489));
#1276=EDGE_LOOP('',(#10490,#10491,#10492,#10493));
#1277=EDGE_LOOP('',(#10494,#10495,#10496,#10497));
#1278=EDGE_LOOP('',(#10498,#10499,#10500,#10501));
#1279=EDGE_LOOP('',(#10502,#10503,#10504,#10505));
#1280=EDGE_LOOP('',(#10506,#10507,#10508,#10509));
#1281=EDGE_LOOP('',(#10510,#10511,#10512,#10513));
#1282=EDGE_LOOP('',(#10514,#10515,#10516,#10517));
#1283=EDGE_LOOP('',(#10518,#10519,#10520,#10521));
#1284=EDGE_LOOP('',(#10522,#10523,#10524,#10525));
#1285=EDGE_LOOP('',(#10526,#10527,#10528,#10529));
#1286=EDGE_LOOP('',(#10530,#10531,#10532,#10533));
#1287=EDGE_LOOP('',(#10534,#10535,#10536,#10537));
#1288=EDGE_LOOP('',(#10538,#10539,#10540,#10541));
#1289=EDGE_LOOP('',(#10542,#10543,#10544,#10545));
#1290=EDGE_LOOP('',(#10546,#10547,#10548,#10549));
#1291=EDGE_LOOP('',(#10550,#10551,#10552,#10553));
#1292=EDGE_LOOP('',(#10554,#10555,#10556,#10557));
#1293=EDGE_LOOP('',(#10558,#10559,#10560,#10561));
#1294=EDGE_LOOP('',(#10562,#10563,#10564,#10565));
#1295=EDGE_LOOP('',(#10566,#10567,#10568,#10569));
#1296=EDGE_LOOP('',(#10570,#10571,#10572,#10573));
#1297=EDGE_LOOP('',(#10574,#10575,#10576,#10577));
#1298=EDGE_LOOP('',(#10578,#10579,#10580,#10581));
#1299=EDGE_LOOP('',(#10582,#10583,#10584,#10585));
#1300=EDGE_LOOP('',(#10586,#10587,#10588,#10589));
#1301=EDGE_LOOP('',(#10590,#10591,#10592));
#1302=LINE('',#15190,#2899);
#1303=LINE('',#15192,#2900);
#1304=LINE('',#15194,#2901);
#1305=LINE('',#15196,#2902);
#1306=LINE('',#15198,#2903);
#1307=LINE('',#15200,#2904);
#1308=LINE('',#15202,#2905);
#1309=LINE('',#15203,#2906);
#1310=LINE('',#15207,#2907);
#1311=LINE('',#15209,#2908);
#1312=LINE('',#15210,#2909);
#1313=LINE('',#15212,#2910);
#1314=LINE('',#15214,#2911);
#1315=LINE('',#15216,#2912);
#1316=LINE('',#15217,#2913);
#1317=LINE('',#15221,#2914);
#1318=LINE('',#15223,#2915);
#1319=LINE('',#15225,#2916);
#1320=LINE('',#15227,#2917);
#1321=LINE('',#15229,#2918);
#1322=LINE('',#15231,#2919);
#1323=LINE('',#15233,#2920);
#1324=LINE('',#15235,#2921);
#1325=LINE('',#15237,#2922);
#1326=LINE('',#15239,#2923);
#1327=LINE('',#15241,#2924);
#1328=LINE('',#15243,#2925);
#1329=LINE('',#15245,#2926);
#1330=LINE('',#15247,#2927);
#1331=LINE('',#15249,#2928);
#1332=LINE('',#15250,#2929);
#1333=LINE('',#15254,#2930);
#1334=LINE('',#15256,#2931);
#1335=LINE('',#15258,#2932);
#1336=LINE('',#15260,#2933);
#1337=LINE('',#15262,#2934);
#1338=LINE('',#15264,#2935);
#1339=LINE('',#15266,#2936);
#1340=LINE('',#15268,#2937);
#1341=LINE('',#15270,#2938);
#1342=LINE('',#15272,#2939);
#1343=LINE('',#15273,#2940);
#1344=LINE('',#15275,#2941);
#1345=LINE('',#15277,#2942);
#1346=LINE('',#15279,#2943);
#1347=LINE('',#15280,#2944);
#1348=LINE('',#15283,#2945);
#1349=LINE('',#15285,#2946);
#1350=LINE('',#15287,#2947);
#1351=LINE('',#15289,#2948);
#1352=LINE('',#15291,#2949);
#1353=LINE('',#15293,#2950);
#1354=LINE('',#15294,#2951);
#1355=LINE('',#15297,#2952);
#1356=LINE('',#15299,#2953);
#1357=LINE('',#15300,#2954);
#1358=LINE('',#15303,#2955);
#1359=LINE('',#15305,#2956);
#1360=LINE('',#15306,#2957);
#1361=LINE('',#15309,#2958);
#1362=LINE('',#15311,#2959);
#1363=LINE('',#15313,#2960);
#1364=LINE('',#15315,#2961);
#1365=LINE('',#15317,#2962);
#1366=LINE('',#15319,#2963);
#1367=LINE('',#15321,#2964);
#1368=LINE('',#15322,#2965);
#1369=LINE('',#15325,#2966);
#1370=LINE('',#15327,#2967);
#1371=LINE('',#15329,#2968);
#1372=LINE('',#15330,#2969);
#1373=LINE('',#15333,#2970);
#1374=LINE('',#15335,#2971);
#1375=LINE('',#15337,#2972);
#1376=LINE('',#15339,#2973);
#1377=LINE('',#15341,#2974);
#1378=LINE('',#15343,#2975);
#1379=LINE('',#15345,#2976);
#1380=LINE('',#15347,#2977);
#1381=LINE('',#15349,#2978);
#1382=LINE('',#15351,#2979);
#1383=LINE('',#15353,#2980);
#1384=LINE('',#15355,#2981);
#1385=LINE('',#15357,#2982);
#1386=LINE('',#15358,#2983);
#1387=LINE('',#15361,#2984);
#1388=LINE('',#15363,#2985);
#1389=LINE('',#15365,#2986);
#1390=LINE('',#15367,#2987);
#1391=LINE('',#15368,#2988);
#1392=LINE('',#15371,#2989);
#1393=LINE('',#15372,#2990);
#1394=LINE('',#15375,#2991);
#1395=LINE('',#15376,#2992);
#1396=LINE('',#15379,#2993);
#1397=LINE('',#15380,#2994);
#1398=LINE('',#15383,#2995);
#1399=LINE('',#15384,#2996);
#1400=LINE('',#15388,#2997);
#1401=LINE('',#15390,#2998);
#1402=LINE('',#15392,#2999);
#1403=LINE('',#15394,#3000);
#1404=LINE('',#15396,#3001);
#1405=LINE('',#15397,#3002);
#1406=LINE('',#15399,#3003);
#1407=LINE('',#15402,#3004);
#1408=LINE('',#15404,#3005);
#1409=LINE('',#15406,#3006);
#1410=LINE('',#15408,#3007);
#1411=LINE('',#15410,#3008);
#1412=LINE('',#15412,#3009);
#1413=LINE('',#15414,#3010);
#1414=LINE('',#15416,#3011);
#1415=LINE('',#15418,#3012);
#1416=LINE('',#15420,#3013);
#1417=LINE('',#15422,#3014);
#1418=LINE('',#15424,#3015);
#1419=LINE('',#15426,#3016);
#1420=LINE('',#15428,#3017);
#1421=LINE('',#15430,#3018);
#1422=LINE('',#15432,#3019);
#1423=LINE('',#15434,#3020);
#1424=LINE('',#15436,#3021);
#1425=LINE('',#15438,#3022);
#1426=LINE('',#15440,#3023);
#1427=LINE('',#15442,#3024);
#1428=LINE('',#15444,#3025);
#1429=LINE('',#15446,#3026);
#1430=LINE('',#15448,#3027);
#1431=LINE('',#15450,#3028);
#1432=LINE('',#15452,#3029);
#1433=LINE('',#15454,#3030);
#1434=LINE('',#15456,#3031);
#1435=LINE('',#15458,#3032);
#1436=LINE('',#15460,#3033);
#1437=LINE('',#15462,#3034);
#1438=LINE('',#15464,#3035);
#1439=LINE('',#15466,#3036);
#1440=LINE('',#15468,#3037);
#1441=LINE('',#15470,#3038);
#1442=LINE('',#15472,#3039);
#1443=LINE('',#15474,#3040);
#1444=LINE('',#15476,#3041);
#1445=LINE('',#15478,#3042);
#1446=LINE('',#15480,#3043);
#1447=LINE('',#15482,#3044);
#1448=LINE('',#15484,#3045);
#1449=LINE('',#15486,#3046);
#1450=LINE('',#15488,#3047);
#1451=LINE('',#15490,#3048);
#1452=LINE('',#15492,#3049);
#1453=LINE('',#15494,#3050);
#1454=LINE('',#15496,#3051);
#1455=LINE('',#15498,#3052);
#1456=LINE('',#15500,#3053);
#1457=LINE('',#15502,#3054);
#1458=LINE('',#15504,#3055);
#1459=LINE('',#15506,#3056);
#1460=LINE('',#15508,#3057);
#1461=LINE('',#15510,#3058);
#1462=LINE('',#15512,#3059);
#1463=LINE('',#15514,#3060);
#1464=LINE('',#15516,#3061);
#1465=LINE('',#15518,#3062);
#1466=LINE('',#15520,#3063);
#1467=LINE('',#15522,#3064);
#1468=LINE('',#15524,#3065);
#1469=LINE('',#15526,#3066);
#1470=LINE('',#15528,#3067);
#1471=LINE('',#15530,#3068);
#1472=LINE('',#15532,#3069);
#1473=LINE('',#15534,#3070);
#1474=LINE('',#15536,#3071);
#1475=LINE('',#15538,#3072);
#1476=LINE('',#15540,#3073);
#1477=LINE('',#15542,#3074);
#1478=LINE('',#15545,#3075);
#1479=LINE('',#15546,#3076);
#1480=LINE('',#15549,#3077);
#1481=LINE('',#15551,#3078);
#1482=LINE('',#15552,#3079);
#1483=LINE('',#15556,#3080);
#1484=LINE('',#15558,#3081);
#1485=LINE('',#15560,#3082);
#1486=LINE('',#15561,#3083);
#1487=LINE('',#15563,#3084);
#1488=LINE('',#15565,#3085);
#1489=LINE('',#15567,#3086);
#1490=LINE('',#15569,#3087);
#1491=LINE('',#15571,#3088);
#1492=LINE('',#15573,#3089);
#1493=LINE('',#15574,#3090);
#1494=LINE('',#15577,#3091);
#1495=LINE('',#15579,#3092);
#1496=LINE('',#15580,#3093);
#1497=LINE('',#15583,#3094);
#1498=LINE('',#15585,#3095);
#1499=LINE('',#15586,#3096);
#1500=LINE('',#15587,#3097);
#1501=LINE('',#15590,#3098);
#1502=LINE('',#15591,#3099);
#1503=LINE('',#15593,#3100);
#1504=LINE('',#15594,#3101);
#1505=LINE('',#15596,#3102);
#1506=LINE('',#15598,#3103);
#1507=LINE('',#15600,#3104);
#1508=LINE('',#15601,#3105);
#1509=LINE('',#15604,#3106);
#1510=LINE('',#15605,#3107);
#1511=LINE('',#15608,#3108);
#1512=LINE('',#15609,#3109);
#1513=LINE('',#15611,#3110);
#1514=LINE('',#15613,#3111);
#1515=LINE('',#15615,#3112);
#1516=LINE('',#15617,#3113);
#1517=LINE('',#15619,#3114);
#1518=LINE('',#15621,#3115);
#1519=LINE('',#15623,#3116);
#1520=LINE('',#15625,#3117);
#1521=LINE('',#15627,#3118);
#1522=LINE('',#15629,#3119);
#1523=LINE('',#15631,#3120);
#1524=LINE('',#15633,#3121);
#1525=LINE('',#15635,#3122);
#1526=LINE('',#15637,#3123);
#1527=LINE('',#15638,#3124);
#1528=LINE('',#15639,#3125);
#1529=LINE('',#15641,#3126);
#1530=LINE('',#15645,#3127);
#1531=LINE('',#15647,#3128);
#1532=LINE('',#15648,#3129);
#1533=LINE('',#15649,#3130);
#1534=LINE('',#15652,#3131);
#1535=LINE('',#15654,#3132);
#1536=LINE('',#15655,#3133);
#1537=LINE('',#15659,#3134);
#1538=LINE('',#15660,#3135);
#1539=LINE('',#15661,#3136);
#1540=LINE('',#15664,#3137);
#1541=LINE('',#15666,#3138);
#1542=LINE('',#15667,#3139);
#1543=LINE('',#15670,#3140);
#1544=LINE('',#15672,#3141);
#1545=LINE('',#15674,#3142);
#1546=LINE('',#15675,#3143);
#1547=LINE('',#15678,#3144);
#1548=LINE('',#15680,#3145);
#1549=LINE('',#15681,#3146);
#1550=LINE('',#15684,#3147);
#1551=LINE('',#15685,#3148);
#1552=LINE('',#15687,#3149);
#1553=LINE('',#15688,#3150);
#1554=LINE('',#15691,#3151);
#1555=LINE('',#15692,#3152);
#1556=LINE('',#15694,#3153);
#1557=LINE('',#15696,#3154);
#1558=LINE('',#15697,#3155);
#1559=LINE('',#15698,#3156);
#1560=LINE('',#15700,#3157);
#1561=LINE('',#15703,#3158);
#1562=LINE('',#15705,#3159);
#1563=LINE('',#15707,#3160);
#1564=LINE('',#15708,#3161);
#1565=LINE('',#15711,#3162);
#1566=LINE('',#15713,#3163);
#1567=LINE('',#15714,#3164);
#1568=LINE('',#15717,#3165);
#1569=LINE('',#15719,#3166);
#1570=LINE('',#15721,#3167);
#1571=LINE('',#15722,#3168);
#1572=LINE('',#15727,#3169);
#1573=LINE('',#15732,#3170);
#1574=LINE('',#15736,#3171);
#1575=LINE('',#15738,#3172);
#1576=LINE('',#15740,#3173);
#1577=LINE('',#15742,#3174);
#1578=LINE('',#15743,#3175);
#1579=LINE('',#15745,#3176);
#1580=LINE('',#15747,#3177);
#1581=LINE('',#15749,#3178);
#1582=LINE('',#15751,#3179);
#1583=LINE('',#15753,#3180);
#1584=LINE('',#15755,#3181);
#1585=LINE('',#15757,#3182);
#1586=LINE('',#15759,#3183);
#1587=LINE('',#15761,#3184);
#1588=LINE('',#15763,#3185);
#1589=LINE('',#15765,#3186);
#1590=LINE('',#15767,#3187);
#1591=LINE('',#15769,#3188);
#1592=LINE('',#15771,#3189);
#1593=LINE('',#15773,#3190);
#1594=LINE('',#15775,#3191);
#1595=LINE('',#15777,#3192);
#1596=LINE('',#15779,#3193);
#1597=LINE('',#15781,#3194);
#1598=LINE('',#15783,#3195);
#1599=LINE('',#15785,#3196);
#1600=LINE('',#15787,#3197);
#1601=LINE('',#15789,#3198);
#1602=LINE('',#15791,#3199);
#1603=LINE('',#15793,#3200);
#1604=LINE('',#15795,#3201);
#1605=LINE('',#15797,#3202);
#1606=LINE('',#15799,#3203);
#1607=LINE('',#15801,#3204);
#1608=LINE('',#15803,#3205);
#1609=LINE('',#15805,#3206);
#1610=LINE('',#15807,#3207);
#1611=LINE('',#15809,#3208);
#1612=LINE('',#15811,#3209);
#1613=LINE('',#15813,#3210);
#1614=LINE('',#15815,#3211);
#1615=LINE('',#15817,#3212);
#1616=LINE('',#15819,#3213);
#1617=LINE('',#15821,#3214);
#1618=LINE('',#15823,#3215);
#1619=LINE('',#15825,#3216);
#1620=LINE('',#15827,#3217);
#1621=LINE('',#15829,#3218);
#1622=LINE('',#15831,#3219);
#1623=LINE('',#15833,#3220);
#1624=LINE('',#15835,#3221);
#1625=LINE('',#15837,#3222);
#1626=LINE('',#15839,#3223);
#1627=LINE('',#15841,#3224);
#1628=LINE('',#15843,#3225);
#1629=LINE('',#15845,#3226);
#1630=LINE('',#15847,#3227);
#1631=LINE('',#15849,#3228);
#1632=LINE('',#15851,#3229);
#1633=LINE('',#15853,#3230);
#1634=LINE('',#15855,#3231);
#1635=LINE('',#15857,#3232);
#1636=LINE('',#15859,#3233);
#1637=LINE('',#15861,#3234);
#1638=LINE('',#15863,#3235);
#1639=LINE('',#15865,#3236);
#1640=LINE('',#15867,#3237);
#1641=LINE('',#15869,#3238);
#1642=LINE('',#15871,#3239);
#1643=LINE('',#15873,#3240);
#1644=LINE('',#15875,#3241);
#1645=LINE('',#15877,#3242);
#1646=LINE('',#15878,#3243);
#1647=LINE('',#15880,#3244);
#1648=LINE('',#15884,#3245);
#1649=LINE('',#15885,#3246);
#1650=LINE('',#15888,#3247);
#1651=LINE('',#15890,#3248);
#1652=LINE('',#15893,#3249);
#1653=LINE('',#15896,#3250);
#1654=LINE('',#15897,#3251);
#1655=LINE('',#15902,#3252);
#1656=LINE('',#15903,#3253);
#1657=LINE('',#15906,#3254);
#1658=LINE('',#15907,#3255);
#1659=LINE('',#15910,#3256);
#1660=LINE('',#15912,#3257);
#1661=LINE('',#15914,#3258);
#1662=LINE('',#15916,#3259);
#1663=LINE('',#15918,#3260);
#1664=LINE('',#15919,#3261);
#1665=LINE('',#15921,#3262);
#1666=LINE('',#15924,#3263);
#1667=LINE('',#15926,#3264);
#1668=LINE('',#15928,#3265);
#1669=LINE('',#15930,#3266);
#1670=LINE('',#15932,#3267);
#1671=LINE('',#15934,#3268);
#1672=LINE('',#15936,#3269);
#1673=LINE('',#15940,#3270);
#1674=LINE('',#15941,#3271);
#1675=LINE('',#15945,#3272);
#1676=LINE('',#15947,#3273);
#1677=LINE('',#15948,#3274);
#1678=LINE('',#15950,#3275);
#1679=LINE('',#15952,#3276);
#1680=LINE('',#15954,#3277);
#1681=LINE('',#15956,#3278);
#1682=LINE('',#15957,#3279);
#1683=LINE('',#15960,#3280);
#1684=LINE('',#15961,#3281);
#1685=LINE('',#15963,#3282);
#1686=LINE('',#15966,#3283);
#1687=LINE('',#15967,#3284);
#1688=LINE('',#15969,#3285);
#1689=LINE('',#15971,#3286);
#1690=LINE('',#15974,#3287);
#1691=LINE('',#15977,#3288);
#1692=LINE('',#15978,#3289);
#1693=LINE('',#15980,#3290);
#1694=LINE('',#15982,#3291);
#1695=LINE('',#15984,#3292);
#1696=LINE('',#15986,#3293);
#1697=LINE('',#15987,#3294);
#1698=LINE('',#15989,#3295);
#1699=LINE('',#15991,#3296);
#1700=LINE('',#15994,#3297);
#1701=LINE('',#15996,#3298);
#1702=LINE('',#15997,#3299);
#1703=LINE('',#15998,#3300);
#1704=LINE('',#16002,#3301);
#1705=LINE('',#16003,#3302);
#1706=LINE('',#16006,#3303);
#1707=LINE('',#16007,#3304);
#1708=LINE('',#16010,#3305);
#1709=LINE('',#16011,#3306);
#1710=LINE('',#16013,#3307);
#1711=LINE('',#16015,#3308);
#1712=LINE('',#16017,#3309);
#1713=LINE('',#16019,#3310);
#1714=LINE('',#16021,#3311);
#1715=LINE('',#16023,#3312);
#1716=LINE('',#16024,#3313);
#1717=LINE('',#16027,#3314);
#1718=LINE('',#16028,#3315);
#1719=LINE('',#16031,#3316);
#1720=LINE('',#16032,#3317);
#1721=LINE('',#16035,#3318);
#1722=LINE('',#16036,#3319);
#1723=LINE('',#16039,#3320);
#1724=LINE('',#16041,#3321);
#1725=LINE('',#16042,#3322);
#1726=LINE('',#16045,#3323);
#1727=LINE('',#16047,#3324);
#1728=LINE('',#16048,#3325);
#1729=LINE('',#16050,#3326);
#1730=LINE('',#16052,#3327);
#1731=LINE('',#16053,#3328);
#1732=LINE('',#16055,#3329);
#1733=LINE('',#16057,#3330);
#1734=LINE('',#16059,#3331);
#1735=LINE('',#16060,#3332);
#1736=LINE('',#16064,#3333);
#1737=LINE('',#16066,#3334);
#1738=LINE('',#16068,#3335);
#1739=LINE('',#16070,#3336);
#1740=LINE('',#16072,#3337);
#1741=LINE('',#16074,#3338);
#1742=LINE('',#16076,#3339);
#1743=LINE('',#16078,#3340);
#1744=LINE('',#16080,#3341);
#1745=LINE('',#16082,#3342);
#1746=LINE('',#16084,#3343);
#1747=LINE('',#16086,#3344);
#1748=LINE('',#16088,#3345);
#1749=LINE('',#16090,#3346);
#1750=LINE('',#16092,#3347);
#1751=LINE('',#16094,#3348);
#1752=LINE('',#16096,#3349);
#1753=LINE('',#16098,#3350);
#1754=LINE('',#16100,#3351);
#1755=LINE('',#16102,#3352);
#1756=LINE('',#16104,#3353);
#1757=LINE('',#16106,#3354);
#1758=LINE('',#16108,#3355);
#1759=LINE('',#16110,#3356);
#1760=LINE('',#16112,#3357);
#1761=LINE('',#16114,#3358);
#1762=LINE('',#16116,#3359);
#1763=LINE('',#16118,#3360);
#1764=LINE('',#16120,#3361);
#1765=LINE('',#16122,#3362);
#1766=LINE('',#16124,#3363);
#1767=LINE('',#16126,#3364);
#1768=LINE('',#16128,#3365);
#1769=LINE('',#16130,#3366);
#1770=LINE('',#16132,#3367);
#1771=LINE('',#16134,#3368);
#1772=LINE('',#16136,#3369);
#1773=LINE('',#16138,#3370);
#1774=LINE('',#16140,#3371);
#1775=LINE('',#16142,#3372);
#1776=LINE('',#16144,#3373);
#1777=LINE('',#16146,#3374);
#1778=LINE('',#16148,#3375);
#1779=LINE('',#16150,#3376);
#1780=LINE('',#16152,#3377);
#1781=LINE('',#16154,#3378);
#1782=LINE('',#16156,#3379);
#1783=LINE('',#16158,#3380);
#1784=LINE('',#16160,#3381);
#1785=LINE('',#16162,#3382);
#1786=LINE('',#16164,#3383);
#1787=LINE('',#16166,#3384);
#1788=LINE('',#16168,#3385);
#1789=LINE('',#16170,#3386);
#1790=LINE('',#16172,#3387);
#1791=LINE('',#16174,#3388);
#1792=LINE('',#16175,#3389);
#1793=LINE('',#16177,#3390);
#1794=LINE('',#16178,#3391);
#1795=LINE('',#16180,#3392);
#1796=LINE('',#16181,#3393);
#1797=LINE('',#16183,#3394);
#1798=LINE('',#16185,#3395);
#1799=LINE('',#16187,#3396);
#1800=LINE('',#16189,#3397);
#1801=LINE('',#16191,#3398);
#1802=LINE('',#16192,#3399);
#1803=LINE('',#16195,#3400);
#1804=LINE('',#16197,#3401);
#1805=LINE('',#16199,#3402);
#1806=LINE('',#16201,#3403);
#1807=LINE('',#16203,#3404);
#1808=LINE('',#16204,#3405);
#1809=LINE('',#16207,#3406);
#1810=LINE('',#16209,#3407);
#1811=LINE('',#16211,#3408);
#1812=LINE('',#16213,#3409);
#1813=LINE('',#16215,#3410);
#1814=LINE('',#16216,#3411);
#1815=LINE('',#16220,#3412);
#1816=LINE('',#16222,#3413);
#1817=LINE('',#16224,#3414);
#1818=LINE('',#16225,#3415);
#1819=LINE('',#16229,#3416);
#1820=LINE('',#16231,#3417);
#1821=LINE('',#16233,#3418);
#1822=LINE('',#16237,#3419);
#1823=LINE('',#16239,#3420);
#1824=LINE('',#16241,#3421);
#1825=LINE('',#16245,#3422);
#1826=LINE('',#16246,#3423);
#1827=LINE('',#16249,#3424);
#1828=LINE('',#16251,#3425);
#1829=LINE('',#16253,#3426);
#1830=LINE('',#16255,#3427);
#1831=LINE('',#16256,#3428);
#1832=LINE('',#16259,#3429);
#1833=LINE('',#16261,#3430);
#1834=LINE('',#16263,#3431);
#1835=LINE('',#16265,#3432);
#1836=LINE('',#16267,#3433);
#1837=LINE('',#16268,#3434);
#1838=LINE('',#16272,#3435);
#1839=LINE('',#16274,#3436);
#1840=LINE('',#16276,#3437);
#1841=LINE('',#16277,#3438);
#1842=LINE('',#16281,#3439);
#1843=LINE('',#16285,#3440);
#1844=LINE('',#16286,#3441);
#1845=LINE('',#16289,#3442);
#1846=LINE('',#16293,#3443);
#1847=LINE('',#16294,#3444);
#1848=LINE('',#16297,#3445);
#1849=LINE('',#16299,#3446);
#1850=LINE('',#16300,#3447);
#1851=LINE('',#16302,#3448);
#1852=LINE('',#16304,#3449);
#1853=LINE('',#16305,#3450);
#1854=LINE('',#16307,#3451);
#1855=LINE('',#16309,#3452);
#1856=LINE('',#16310,#3453);
#1857=LINE('',#16312,#3454);
#1858=LINE('',#16314,#3455);
#1859=LINE('',#16315,#3456);
#1860=LINE('',#16317,#3457);
#1861=LINE('',#16319,#3458);
#1862=LINE('',#16320,#3459);
#1863=LINE('',#16322,#3460);
#1864=LINE('',#16324,#3461);
#1865=LINE('',#16325,#3462);
#1866=LINE('',#16327,#3463);
#1867=LINE('',#16329,#3464);
#1868=LINE('',#16330,#3465);
#1869=LINE('',#16332,#3466);
#1870=LINE('',#16334,#3467);
#1871=LINE('',#16335,#3468);
#1872=LINE('',#16337,#3469);
#1873=LINE('',#16339,#3470);
#1874=LINE('',#16340,#3471);
#1875=LINE('',#16342,#3472);
#1876=LINE('',#16344,#3473);
#1877=LINE('',#16345,#3474);
#1878=LINE('',#16347,#3475);
#1879=LINE('',#16349,#3476);
#1880=LINE('',#16350,#3477);
#1881=LINE('',#16352,#3478);
#1882=LINE('',#16354,#3479);
#1883=LINE('',#16355,#3480);
#1884=LINE('',#16357,#3481);
#1885=LINE('',#16359,#3482);
#1886=LINE('',#16360,#3483);
#1887=LINE('',#16361,#3484);
#1888=LINE('',#16363,#3485);
#1889=LINE('',#16365,#3486);
#1890=LINE('',#16366,#3487);
#1891=LINE('',#16368,#3488);
#1892=LINE('',#16369,#3489);
#1893=LINE('',#16370,#3490);
#1894=LINE('',#16372,#3491);
#1895=LINE('',#16374,#3492);
#1896=LINE('',#16375,#3493);
#1897=LINE('',#16376,#3494);
#1898=LINE('',#16378,#3495);
#1899=LINE('',#16380,#3496);
#1900=LINE('',#16381,#3497);
#1901=LINE('',#16383,#3498);
#1902=LINE('',#16385,#3499);
#1903=LINE('',#16386,#3500);
#1904=LINE('',#16388,#3501);
#1905=LINE('',#16390,#3502);
#1906=LINE('',#16391,#3503);
#1907=LINE('',#16393,#3504);
#1908=LINE('',#16395,#3505);
#1909=LINE('',#16396,#3506);
#1910=LINE('',#16398,#3507);
#1911=LINE('',#16400,#3508);
#1912=LINE('',#16401,#3509);
#1913=LINE('',#16403,#3510);
#1914=LINE('',#16405,#3511);
#1915=LINE('',#16406,#3512);
#1916=LINE('',#16408,#3513);
#1917=LINE('',#16410,#3514);
#1918=LINE('',#16411,#3515);
#1919=LINE('',#16413,#3516);
#1920=LINE('',#16415,#3517);
#1921=LINE('',#16416,#3518);
#1922=LINE('',#16418,#3519);
#1923=LINE('',#16420,#3520);
#1924=LINE('',#16421,#3521);
#1925=LINE('',#16423,#3522);
#1926=LINE('',#16425,#3523);
#1927=LINE('',#16426,#3524);
#1928=LINE('',#16428,#3525);
#1929=LINE('',#16430,#3526);
#1930=LINE('',#16431,#3527);
#1931=LINE('',#16433,#3528);
#1932=LINE('',#16435,#3529);
#1933=LINE('',#16436,#3530);
#1934=LINE('',#16438,#3531);
#1935=LINE('',#16440,#3532);
#1936=LINE('',#16441,#3533);
#1937=LINE('',#16442,#3534);
#1938=LINE('',#16444,#3535);
#1939=LINE('',#16446,#3536);
#1940=LINE('',#16447,#3537);
#1941=LINE('',#16448,#3538);
#1942=LINE('',#16449,#3539);
#1943=LINE('',#16452,#3540);
#1944=LINE('',#16454,#3541);
#1945=LINE('',#16456,#3542);
#1946=LINE('',#16457,#3543);
#1947=LINE('',#16460,#3544);
#1948=LINE('',#16462,#3545);
#1949=LINE('',#16464,#3546);
#1950=LINE('',#16465,#3547);
#1951=LINE('',#16468,#3548);
#1952=LINE('',#16470,#3549);
#1953=LINE('',#16472,#3550);
#1954=LINE('',#16473,#3551);
#1955=LINE('',#16476,#3552);
#1956=LINE('',#16478,#3553);
#1957=LINE('',#16480,#3554);
#1958=LINE('',#16481,#3555);
#1959=LINE('',#16484,#3556);
#1960=LINE('',#16486,#3557);
#1961=LINE('',#16488,#3558);
#1962=LINE('',#16489,#3559);
#1963=LINE('',#16492,#3560);
#1964=LINE('',#16494,#3561);
#1965=LINE('',#16496,#3562);
#1966=LINE('',#16497,#3563);
#1967=LINE('',#16500,#3564);
#1968=LINE('',#16502,#3565);
#1969=LINE('',#16504,#3566);
#1970=LINE('',#16505,#3567);
#1971=LINE('',#16508,#3568);
#1972=LINE('',#16510,#3569);
#1973=LINE('',#16512,#3570);
#1974=LINE('',#16513,#3571);
#1975=LINE('',#16516,#3572);
#1976=LINE('',#16518,#3573);
#1977=LINE('',#16520,#3574);
#1978=LINE('',#16521,#3575);
#1979=LINE('',#16524,#3576);
#1980=LINE('',#16526,#3577);
#1981=LINE('',#16528,#3578);
#1982=LINE('',#16529,#3579);
#1983=LINE('',#16532,#3580);
#1984=LINE('',#16534,#3581);
#1985=LINE('',#16536,#3582);
#1986=LINE('',#16537,#3583);
#1987=LINE('',#16540,#3584);
#1988=LINE('',#16542,#3585);
#1989=LINE('',#16544,#3586);
#1990=LINE('',#16545,#3587);
#1991=LINE('',#16548,#3588);
#1992=LINE('',#16550,#3589);
#1993=LINE('',#16552,#3590);
#1994=LINE('',#16553,#3591);
#1995=LINE('',#16556,#3592);
#1996=LINE('',#16558,#3593);
#1997=LINE('',#16560,#3594);
#1998=LINE('',#16561,#3595);
#1999=LINE('',#16564,#3596);
#2000=LINE('',#16566,#3597);
#2001=LINE('',#16568,#3598);
#2002=LINE('',#16570,#3599);
#2003=LINE('',#16571,#3600);
#2004=LINE('',#16574,#3601);
#2005=LINE('',#16576,#3602);
#2006=LINE('',#16578,#3603);
#2007=LINE('',#16580,#3604);
#2008=LINE('',#16581,#3605);
#2009=LINE('',#16584,#3606);
#2010=LINE('',#16586,#3607);
#2011=LINE('',#16587,#3608);
#2012=LINE('',#16591,#3609);
#2013=LINE('',#16593,#3610);
#2014=LINE('',#16596,#3611);
#2015=LINE('',#16599,#3612);
#2016=LINE('',#16603,#3613);
#2017=LINE('',#16604,#3614);
#2018=LINE('',#16607,#3615);
#2019=LINE('',#16608,#3616);
#2020=LINE('',#16611,#3617);
#2021=LINE('',#16612,#3618);
#2022=LINE('',#16615,#3619);
#2023=LINE('',#16616,#3620);
#2024=LINE('',#16619,#3621);
#2025=LINE('',#16620,#3622);
#2026=LINE('',#16622,#3623);
#2027=LINE('',#16626,#3624);
#2028=LINE('',#16628,#3625);
#2029=LINE('',#16630,#3626);
#2030=LINE('',#16632,#3627);
#2031=LINE('',#16633,#3628);
#2032=LINE('',#16636,#3629);
#2033=LINE('',#16638,#3630);
#2034=LINE('',#16639,#3631);
#2035=LINE('',#16643,#3632);
#2036=LINE('',#16645,#3633);
#2037=LINE('',#16648,#3634);
#2038=LINE('',#16651,#3635);
#2039=LINE('',#16653,#3636);
#2040=LINE('',#16655,#3637);
#2041=LINE('',#16658,#3638);
#2042=LINE('',#16660,#3639);
#2043=LINE('',#16662,#3640);
#2044=LINE('',#16664,#3641);
#2045=LINE('',#16667,#3642);
#2046=LINE('',#16669,#3643);
#2047=LINE('',#16673,#3644);
#2048=LINE('',#16674,#3645);
#2049=LINE('',#16675,#3646);
#2050=LINE('',#16676,#3647);
#2051=LINE('',#16677,#3648);
#2052=LINE('',#16678,#3649);
#2053=LINE('',#16681,#3650);
#2054=LINE('',#16683,#3651);
#2055=LINE('',#16685,#3652);
#2056=LINE('',#16686,#3653);
#2057=LINE('',#16689,#3654);
#2058=LINE('',#16691,#3655);
#2059=LINE('',#16693,#3656);
#2060=LINE('',#16694,#3657);
#2061=LINE('',#16697,#3658);
#2062=LINE('',#16699,#3659);
#2063=LINE('',#16701,#3660);
#2064=LINE('',#16702,#3661);
#2065=LINE('',#16705,#3662);
#2066=LINE('',#16707,#3663);
#2067=LINE('',#16709,#3664);
#2068=LINE('',#16710,#3665);
#2069=LINE('',#16713,#3666);
#2070=LINE('',#16715,#3667);
#2071=LINE('',#16717,#3668);
#2072=LINE('',#16718,#3669);
#2073=LINE('',#16721,#3670);
#2074=LINE('',#16723,#3671);
#2075=LINE('',#16725,#3672);
#2076=LINE('',#16726,#3673);
#2077=LINE('',#16729,#3674);
#2078=LINE('',#16731,#3675);
#2079=LINE('',#16733,#3676);
#2080=LINE('',#16734,#3677);
#2081=LINE('',#16737,#3678);
#2082=LINE('',#16739,#3679);
#2083=LINE('',#16741,#3680);
#2084=LINE('',#16742,#3681);
#2085=LINE('',#16745,#3682);
#2086=LINE('',#16747,#3683);
#2087=LINE('',#16749,#3684);
#2088=LINE('',#16750,#3685);
#2089=LINE('',#16753,#3686);
#2090=LINE('',#16755,#3687);
#2091=LINE('',#16757,#3688);
#2092=LINE('',#16758,#3689);
#2093=LINE('',#16761,#3690);
#2094=LINE('',#16763,#3691);
#2095=LINE('',#16765,#3692);
#2096=LINE('',#16766,#3693);
#2097=LINE('',#16769,#3694);
#2098=LINE('',#16771,#3695);
#2099=LINE('',#16773,#3696);
#2100=LINE('',#16774,#3697);
#2101=LINE('',#16777,#3698);
#2102=LINE('',#16779,#3699);
#2103=LINE('',#16781,#3700);
#2104=LINE('',#16782,#3701);
#2105=LINE('',#16785,#3702);
#2106=LINE('',#16786,#3703);
#2107=LINE('',#16789,#3704);
#2108=LINE('',#16790,#3705);
#2109=LINE('',#16794,#3706);
#2110=LINE('',#16795,#3707);
#2111=LINE('',#16797,#3708);
#2112=LINE('',#16798,#3709);
#2113=LINE('',#16799,#3710);
#2114=LINE('',#16800,#3711);
#2115=LINE('',#16801,#3712);
#2116=LINE('',#16803,#3713);
#2117=LINE('',#16805,#3714);
#2118=LINE('',#16807,#3715);
#2119=LINE('',#16809,#3716);
#2120=LINE('',#16811,#3717);
#2121=LINE('',#16813,#3718);
#2122=LINE('',#16815,#3719);
#2123=LINE('',#16817,#3720);
#2124=LINE('',#16819,#3721);
#2125=LINE('',#16821,#3722);
#2126=LINE('',#16823,#3723);
#2127=LINE('',#16825,#3724);
#2128=LINE('',#16827,#3725);
#2129=LINE('',#16829,#3726);
#2130=LINE('',#16831,#3727);
#2131=LINE('',#16833,#3728);
#2132=LINE('',#16835,#3729);
#2133=LINE('',#16837,#3730);
#2134=LINE('',#16839,#3731);
#2135=LINE('',#16841,#3732);
#2136=LINE('',#16843,#3733);
#2137=LINE('',#16845,#3734);
#2138=LINE('',#16847,#3735);
#2139=LINE('',#16849,#3736);
#2140=LINE('',#16851,#3737);
#2141=LINE('',#16853,#3738);
#2142=LINE('',#16855,#3739);
#2143=LINE('',#16857,#3740);
#2144=LINE('',#16859,#3741);
#2145=LINE('',#16861,#3742);
#2146=LINE('',#16863,#3743);
#2147=LINE('',#16865,#3744);
#2148=LINE('',#16867,#3745);
#2149=LINE('',#16869,#3746);
#2150=LINE('',#16871,#3747);
#2151=LINE('',#16873,#3748);
#2152=LINE('',#16875,#3749);
#2153=LINE('',#16877,#3750);
#2154=LINE('',#16879,#3751);
#2155=LINE('',#16881,#3752);
#2156=LINE('',#16883,#3753);
#2157=LINE('',#16885,#3754);
#2158=LINE('',#16887,#3755);
#2159=LINE('',#16889,#3756);
#2160=LINE('',#16891,#3757);
#2161=LINE('',#16893,#3758);
#2162=LINE('',#16895,#3759);
#2163=LINE('',#16897,#3760);
#2164=LINE('',#16899,#3761);
#2165=LINE('',#16901,#3762);
#2166=LINE('',#16902,#3763);
#2167=LINE('',#16905,#3764);
#2168=LINE('',#16907,#3765);
#2169=LINE('',#16909,#3766);
#2170=LINE('',#16911,#3767);
#2171=LINE('',#16912,#3768);
#2172=LINE('',#16915,#3769);
#2173=LINE('',#16917,#3770);
#2174=LINE('',#16919,#3771);
#2175=LINE('',#16921,#3772);
#2176=LINE('',#16922,#3773);
#2177=LINE('',#16925,#3774);
#2178=LINE('',#16927,#3775);
#2179=LINE('',#16928,#3776);
#2180=LINE('',#16931,#3777);
#2181=LINE('',#16934,#3778);
#2182=LINE('',#16936,#3779);
#2183=LINE('',#16939,#3780);
#2184=LINE('',#16942,#3781);
#2185=LINE('',#16943,#3782);
#2186=LINE('',#16946,#3783);
#2187=LINE('',#16947,#3784);
#2188=LINE('',#16950,#3785);
#2189=LINE('',#16951,#3786);
#2190=LINE('',#16954,#3787);
#2191=LINE('',#16955,#3788);
#2192=LINE('',#16957,#3789);
#2193=LINE('',#16961,#3790);
#2194=LINE('',#16963,#3791);
#2195=LINE('',#16965,#3792);
#2196=LINE('',#16967,#3793);
#2197=LINE('',#16968,#3794);
#2198=LINE('',#16971,#3795);
#2199=LINE('',#16973,#3796);
#2200=LINE('',#16974,#3797);
#2201=LINE('',#16977,#3798);
#2202=LINE('',#16979,#3799);
#2203=LINE('',#16982,#3800);
#2204=LINE('',#16984,#3801);
#2205=LINE('',#16987,#3802);
#2206=LINE('',#16989,#3803);
#2207=LINE('',#16991,#3804);
#2208=LINE('',#16993,#3805);
#2209=LINE('',#16996,#3806);
#2210=LINE('',#16998,#3807);
#2211=LINE('',#17001,#3808);
#2212=LINE('',#17003,#3809);
#2213=LINE('',#17006,#3810);
#2214=LINE('',#17009,#3811);
#2215=LINE('',#17011,#3812);
#2216=LINE('',#17012,#3813);
#2217=LINE('',#17014,#3814);
#2218=LINE('',#17016,#3815);
#2219=LINE('',#17017,#3816);
#2220=LINE('',#17019,#3817);
#2221=LINE('',#17021,#3818);
#2222=LINE('',#17022,#3819);
#2223=LINE('',#17024,#3820);
#2224=LINE('',#17026,#3821);
#2225=LINE('',#17027,#3822);
#2226=LINE('',#17029,#3823);
#2227=LINE('',#17031,#3824);
#2228=LINE('',#17032,#3825);
#2229=LINE('',#17034,#3826);
#2230=LINE('',#17036,#3827);
#2231=LINE('',#17037,#3828);
#2232=LINE('',#17039,#3829);
#2233=LINE('',#17041,#3830);
#2234=LINE('',#17042,#3831);
#2235=LINE('',#17044,#3832);
#2236=LINE('',#17046,#3833);
#2237=LINE('',#17047,#3834);
#2238=LINE('',#17049,#3835);
#2239=LINE('',#17051,#3836);
#2240=LINE('',#17052,#3837);
#2241=LINE('',#17054,#3838);
#2242=LINE('',#17056,#3839);
#2243=LINE('',#17057,#3840);
#2244=LINE('',#17059,#3841);
#2245=LINE('',#17061,#3842);
#2246=LINE('',#17062,#3843);
#2247=LINE('',#17064,#3844);
#2248=LINE('',#17066,#3845);
#2249=LINE('',#17067,#3846);
#2250=LINE('',#17068,#3847);
#2251=LINE('',#17069,#3848);
#2252=LINE('',#17071,#3849);
#2253=LINE('',#17072,#3850);
#2254=LINE('',#17074,#3851);
#2255=LINE('',#17076,#3852);
#2256=LINE('',#17077,#3853);
#2257=LINE('',#17079,#3854);
#2258=LINE('',#17081,#3855);
#2259=LINE('',#17083,#3856);
#2260=LINE('',#17085,#3857);
#2261=LINE('',#17087,#3858);
#2262=LINE('',#17088,#3859);
#2263=LINE('',#17090,#3860);
#2264=LINE('',#17092,#3861);
#2265=LINE('',#17093,#3862);
#2266=LINE('',#17095,#3863);
#2267=LINE('',#17096,#3864);
#2268=LINE('',#17098,#3865);
#2269=LINE('',#17100,#3866);
#2270=LINE('',#17102,#3867);
#2271=LINE('',#17106,#3868);
#2272=LINE('',#17107,#3869);
#2273=LINE('',#17110,#3870);
#2274=LINE('',#17112,#3871);
#2275=LINE('',#17113,#3872);
#2276=LINE('',#17114,#3873);
#2277=LINE('',#17118,#3874);
#2278=LINE('',#17120,#3875);
#2279=LINE('',#17121,#3876);
#2280=LINE('',#17124,#3877);
#2281=LINE('',#17125,#3878);
#2282=LINE('',#17127,#3879);
#2283=LINE('',#17129,#3880);
#2284=LINE('',#17130,#3881);
#2285=LINE('',#17132,#3882);
#2286=LINE('',#17134,#3883);
#2287=LINE('',#17137,#3884);
#2288=LINE('',#17140,#3885);
#2289=LINE('',#17143,#3886);
#2290=LINE('',#17145,#3887);
#2291=LINE('',#17147,#3888);
#2292=LINE('',#17150,#3889);
#2293=LINE('',#17152,#3890);
#2294=LINE('',#17153,#3891);
#2295=LINE('',#17158,#3892);
#2296=LINE('',#17160,#3893);
#2297=LINE('',#17162,#3894);
#2298=LINE('',#17163,#3895);
#2299=LINE('',#17164,#3896);
#2300=LINE('',#17166,#3897);
#2301=LINE('',#17169,#3898);
#2302=LINE('',#17170,#3899);
#2303=LINE('',#17173,#3900);
#2304=LINE('',#17174,#3901);
#2305=LINE('',#17177,#3902);
#2306=LINE('',#17178,#3903);
#2307=LINE('',#17181,#3904);
#2308=LINE('',#17182,#3905);
#2309=LINE('',#17184,#3906);
#2310=LINE('',#17187,#3907);
#2311=LINE('',#17189,#3908);
#2312=LINE('',#17190,#3909);
#2313=LINE('',#17191,#3910);
#2314=LINE('',#17194,#3911);
#2315=LINE('',#17195,#3912);
#2316=LINE('',#17196,#3913);
#2317=LINE('',#17197,#3914);
#2318=LINE('',#17199,#3915);
#2319=LINE('',#17202,#3916);
#2320=LINE('',#17204,#3917);
#2321=LINE('',#17209,#3918);
#2322=LINE('',#17211,#3919);
#2323=LINE('',#17212,#3920);
#2324=LINE('',#17215,#3921);
#2325=LINE('',#17217,#3922);
#2326=LINE('',#17218,#3923);
#2327=LINE('',#17222,#3924);
#2328=LINE('',#17223,#3925);
#2329=LINE('',#17224,#3926);
#2330=LINE('',#17227,#3927);
#2331=LINE('',#17229,#3928);
#2332=LINE('',#17232,#3929);
#2333=LINE('',#17234,#3930);
#2334=LINE('',#17239,#3931);
#2335=LINE('',#17240,#3932);
#2336=LINE('',#17241,#3933);
#2337=LINE('',#17242,#3934);
#2338=LINE('',#17244,#3935);
#2339=LINE('',#17245,#3936);
#2340=LINE('',#17255,#3937);
#2341=LINE('',#17257,#3938);
#2342=LINE('',#17259,#3939);
#2343=LINE('',#17261,#3940);
#2344=LINE('',#17262,#3941);
#2345=LINE('',#17265,#3942);
#2346=LINE('',#17267,#3943);
#2347=LINE('',#17269,#3944);
#2348=LINE('',#17271,#3945);
#2349=LINE('',#17272,#3946);
#2350=LINE('',#17275,#3947);
#2351=LINE('',#17277,#3948);
#2352=LINE('',#17278,#3949);
#2353=LINE('',#17281,#3950);
#2354=LINE('',#17283,#3951);
#2355=LINE('',#17286,#3952);
#2356=LINE('',#17290,#3953);
#2357=LINE('',#17291,#3954);
#2358=LINE('',#17294,#3955);
#2359=LINE('',#17296,#3956);
#2360=LINE('',#17298,#3957);
#2361=LINE('',#17299,#3958);
#2362=LINE('',#17302,#3959);
#2363=LINE('',#17304,#3960);
#2364=LINE('',#17306,#3961);
#2365=LINE('',#17308,#3962);
#2366=LINE('',#17309,#3963);
#2367=LINE('',#17312,#3964);
#2368=LINE('',#17314,#3965);
#2369=LINE('',#17315,#3966);
#2370=LINE('',#17318,#3967);
#2371=LINE('',#17321,#3968);
#2372=LINE('',#17323,#3969);
#2373=LINE('',#17326,#3970);
#2374=LINE('',#17328,#3971);
#2375=LINE('',#17330,#3972);
#2376=LINE('',#17333,#3973);
#2377=LINE('',#17335,#3974);
#2378=LINE('',#17337,#3975);
#2379=LINE('',#17339,#3976);
#2380=LINE('',#17342,#3977);
#2381=LINE('',#17344,#3978);
#2382=LINE('',#17347,#3979);
#2383=LINE('',#17349,#3980);
#2384=LINE('',#17352,#3981);
#2385=LINE('',#17354,#3982);
#2386=LINE('',#17355,#3983);
#2387=LINE('',#17356,#3984);
#2388=LINE('',#17357,#3985);
#2389=LINE('',#17358,#3986);
#2390=LINE('',#17359,#3987);
#2391=LINE('',#17360,#3988);
#2392=LINE('',#17361,#3989);
#2393=LINE('',#17362,#3990);
#2394=LINE('',#17363,#3991);
#2395=LINE('',#17364,#3992);
#2396=LINE('',#17365,#3993);
#2397=LINE('',#17366,#3994);
#2398=LINE('',#17367,#3995);
#2399=LINE('',#17368,#3996);
#2400=LINE('',#17369,#3997);
#2401=LINE('',#17373,#3998);
#2402=LINE('',#17374,#3999);
#2403=LINE('',#17377,#4000);
#2404=LINE('',#17379,#4001);
#2405=LINE('',#17381,#4002);
#2406=LINE('',#17383,#4003);
#2407=LINE('',#17384,#4004);
#2408=LINE('',#17387,#4005);
#2409=LINE('',#17389,#4006);
#2410=LINE('',#17391,#4007);
#2411=LINE('',#17393,#4008);
#2412=LINE('',#17394,#4009);
#2413=LINE('',#17397,#4010);
#2414=LINE('',#17399,#4011);
#2415=LINE('',#17400,#4012);
#2416=LINE('',#17403,#4013);
#2417=LINE('',#17405,#4014);
#2418=LINE('',#17411,#4015);
#2419=LINE('',#17412,#4016);
#2420=LINE('',#17415,#4017);
#2421=LINE('',#17417,#4018);
#2422=LINE('',#17419,#4019);
#2423=LINE('',#17420,#4020);
#2424=LINE('',#17423,#4021);
#2425=LINE('',#17425,#4022);
#2426=LINE('',#17427,#4023);
#2427=LINE('',#17429,#4024);
#2428=LINE('',#17430,#4025);
#2429=LINE('',#17433,#4026);
#2430=LINE('',#17435,#4027);
#2431=LINE('',#17436,#4028);
#2432=LINE('',#17439,#4029);
#2433=LINE('',#17442,#4030);
#2434=LINE('',#17446,#4031);
#2435=LINE('',#17448,#4032);
#2436=LINE('',#17450,#4033);
#2437=LINE('',#17453,#4034);
#2438=LINE('',#17455,#4035);
#2439=LINE('',#17457,#4036);
#2440=LINE('',#17459,#4037);
#2441=LINE('',#17462,#4038);
#2442=LINE('',#17464,#4039);
#2443=LINE('',#17467,#4040);
#2444=LINE('',#17469,#4041);
#2445=LINE('',#17473,#4042);
#2446=LINE('',#17474,#4043);
#2447=LINE('',#17477,#4044);
#2448=LINE('',#17479,#4045);
#2449=LINE('',#17481,#4046);
#2450=LINE('',#17483,#4047);
#2451=LINE('',#17484,#4048);
#2452=LINE('',#17487,#4049);
#2453=LINE('',#17489,#4050);
#2454=LINE('',#17491,#4051);
#2455=LINE('',#17493,#4052);
#2456=LINE('',#17494,#4053);
#2457=LINE('',#17497,#4054);
#2458=LINE('',#17499,#4055);
#2459=LINE('',#17500,#4056);
#2460=LINE('',#17503,#4057);
#2461=LINE('',#17505,#4058);
#2462=LINE('',#17511,#4059);
#2463=LINE('',#17512,#4060);
#2464=LINE('',#17515,#4061);
#2465=LINE('',#17517,#4062);
#2466=LINE('',#17519,#4063);
#2467=LINE('',#17520,#4064);
#2468=LINE('',#17523,#4065);
#2469=LINE('',#17525,#4066);
#2470=LINE('',#17527,#4067);
#2471=LINE('',#17529,#4068);
#2472=LINE('',#17530,#4069);
#2473=LINE('',#17533,#4070);
#2474=LINE('',#17535,#4071);
#2475=LINE('',#17536,#4072);
#2476=LINE('',#17539,#4073);
#2477=LINE('',#17542,#4074);
#2478=LINE('',#17546,#4075);
#2479=LINE('',#17548,#4076);
#2480=LINE('',#17550,#4077);
#2481=LINE('',#17553,#4078);
#2482=LINE('',#17555,#4079);
#2483=LINE('',#17557,#4080);
#2484=LINE('',#17559,#4081);
#2485=LINE('',#17562,#4082);
#2486=LINE('',#17564,#4083);
#2487=LINE('',#17567,#4084);
#2488=LINE('',#17569,#4085);
#2489=LINE('',#17573,#4086);
#2490=LINE('',#17574,#4087);
#2491=LINE('',#17577,#4088);
#2492=LINE('',#17579,#4089);
#2493=LINE('',#17581,#4090);
#2494=LINE('',#17583,#4091);
#2495=LINE('',#17584,#4092);
#2496=LINE('',#17587,#4093);
#2497=LINE('',#17589,#4094);
#2498=LINE('',#17591,#4095);
#2499=LINE('',#17593,#4096);
#2500=LINE('',#17594,#4097);
#2501=LINE('',#17597,#4098);
#2502=LINE('',#17599,#4099);
#2503=LINE('',#17600,#4100);
#2504=LINE('',#17603,#4101);
#2505=LINE('',#17605,#4102);
#2506=LINE('',#17611,#4103);
#2507=LINE('',#17612,#4104);
#2508=LINE('',#17615,#4105);
#2509=LINE('',#17617,#4106);
#2510=LINE('',#17619,#4107);
#2511=LINE('',#17620,#4108);
#2512=LINE('',#17623,#4109);
#2513=LINE('',#17625,#4110);
#2514=LINE('',#17627,#4111);
#2515=LINE('',#17629,#4112);
#2516=LINE('',#17630,#4113);
#2517=LINE('',#17633,#4114);
#2518=LINE('',#17635,#4115);
#2519=LINE('',#17636,#4116);
#2520=LINE('',#17639,#4117);
#2521=LINE('',#17642,#4118);
#2522=LINE('',#17646,#4119);
#2523=LINE('',#17648,#4120);
#2524=LINE('',#17650,#4121);
#2525=LINE('',#17653,#4122);
#2526=LINE('',#17655,#4123);
#2527=LINE('',#17657,#4124);
#2528=LINE('',#17659,#4125);
#2529=LINE('',#17662,#4126);
#2530=LINE('',#17664,#4127);
#2531=LINE('',#17667,#4128);
#2532=LINE('',#17669,#4129);
#2533=LINE('',#17673,#4130);
#2534=LINE('',#17674,#4131);
#2535=LINE('',#17677,#4132);
#2536=LINE('',#17679,#4133);
#2537=LINE('',#17681,#4134);
#2538=LINE('',#17683,#4135);
#2539=LINE('',#17684,#4136);
#2540=LINE('',#17687,#4137);
#2541=LINE('',#17689,#4138);
#2542=LINE('',#17691,#4139);
#2543=LINE('',#17693,#4140);
#2544=LINE('',#17694,#4141);
#2545=LINE('',#17697,#4142);
#2546=LINE('',#17699,#4143);
#2547=LINE('',#17700,#4144);
#2548=LINE('',#17703,#4145);
#2549=LINE('',#17705,#4146);
#2550=LINE('',#17711,#4147);
#2551=LINE('',#17712,#4148);
#2552=LINE('',#17715,#4149);
#2553=LINE('',#17717,#4150);
#2554=LINE('',#17719,#4151);
#2555=LINE('',#17720,#4152);
#2556=LINE('',#17723,#4153);
#2557=LINE('',#17725,#4154);
#2558=LINE('',#17727,#4155);
#2559=LINE('',#17729,#4156);
#2560=LINE('',#17730,#4157);
#2561=LINE('',#17733,#4158);
#2562=LINE('',#17735,#4159);
#2563=LINE('',#17736,#4160);
#2564=LINE('',#17739,#4161);
#2565=LINE('',#17742,#4162);
#2566=LINE('',#17746,#4163);
#2567=LINE('',#17748,#4164);
#2568=LINE('',#17750,#4165);
#2569=LINE('',#17753,#4166);
#2570=LINE('',#17755,#4167);
#2571=LINE('',#17757,#4168);
#2572=LINE('',#17759,#4169);
#2573=LINE('',#17762,#4170);
#2574=LINE('',#17764,#4171);
#2575=LINE('',#17767,#4172);
#2576=LINE('',#17769,#4173);
#2577=LINE('',#17773,#4174);
#2578=LINE('',#17774,#4175);
#2579=LINE('',#17777,#4176);
#2580=LINE('',#17779,#4177);
#2581=LINE('',#17781,#4178);
#2582=LINE('',#17783,#4179);
#2583=LINE('',#17784,#4180);
#2584=LINE('',#17787,#4181);
#2585=LINE('',#17789,#4182);
#2586=LINE('',#17791,#4183);
#2587=LINE('',#17793,#4184);
#2588=LINE('',#17794,#4185);
#2589=LINE('',#17797,#4186);
#2590=LINE('',#17799,#4187);
#2591=LINE('',#17800,#4188);
#2592=LINE('',#17803,#4189);
#2593=LINE('',#17805,#4190);
#2594=LINE('',#17811,#4191);
#2595=LINE('',#17812,#4192);
#2596=LINE('',#17815,#4193);
#2597=LINE('',#17817,#4194);
#2598=LINE('',#17819,#4195);
#2599=LINE('',#17820,#4196);
#2600=LINE('',#17823,#4197);
#2601=LINE('',#17825,#4198);
#2602=LINE('',#17827,#4199);
#2603=LINE('',#17829,#4200);
#2604=LINE('',#17830,#4201);
#2605=LINE('',#17833,#4202);
#2606=LINE('',#17835,#4203);
#2607=LINE('',#17836,#4204);
#2608=LINE('',#17839,#4205);
#2609=LINE('',#17842,#4206);
#2610=LINE('',#17846,#4207);
#2611=LINE('',#17848,#4208);
#2612=LINE('',#17850,#4209);
#2613=LINE('',#17853,#4210);
#2614=LINE('',#17855,#4211);
#2615=LINE('',#17857,#4212);
#2616=LINE('',#17859,#4213);
#2617=LINE('',#17862,#4214);
#2618=LINE('',#17864,#4215);
#2619=LINE('',#17867,#4216);
#2620=LINE('',#17869,#4217);
#2621=LINE('',#17873,#4218);
#2622=LINE('',#17874,#4219);
#2623=LINE('',#17877,#4220);
#2624=LINE('',#17879,#4221);
#2625=LINE('',#17881,#4222);
#2626=LINE('',#17883,#4223);
#2627=LINE('',#17884,#4224);
#2628=LINE('',#17887,#4225);
#2629=LINE('',#17889,#4226);
#2630=LINE('',#17891,#4227);
#2631=LINE('',#17893,#4228);
#2632=LINE('',#17894,#4229);
#2633=LINE('',#17897,#4230);
#2634=LINE('',#17899,#4231);
#2635=LINE('',#17900,#4232);
#2636=LINE('',#17903,#4233);
#2637=LINE('',#17905,#4234);
#2638=LINE('',#17911,#4235);
#2639=LINE('',#17912,#4236);
#2640=LINE('',#17915,#4237);
#2641=LINE('',#17917,#4238);
#2642=LINE('',#17919,#4239);
#2643=LINE('',#17920,#4240);
#2644=LINE('',#17923,#4241);
#2645=LINE('',#17925,#4242);
#2646=LINE('',#17927,#4243);
#2647=LINE('',#17929,#4244);
#2648=LINE('',#17930,#4245);
#2649=LINE('',#17933,#4246);
#2650=LINE('',#17935,#4247);
#2651=LINE('',#17936,#4248);
#2652=LINE('',#17939,#4249);
#2653=LINE('',#17942,#4250);
#2654=LINE('',#17946,#4251);
#2655=LINE('',#17948,#4252);
#2656=LINE('',#17950,#4253);
#2657=LINE('',#17953,#4254);
#2658=LINE('',#17955,#4255);
#2659=LINE('',#17957,#4256);
#2660=LINE('',#17959,#4257);
#2661=LINE('',#17962,#4258);
#2662=LINE('',#17964,#4259);
#2663=LINE('',#17967,#4260);
#2664=LINE('',#17969,#4261);
#2665=LINE('',#17973,#4262);
#2666=LINE('',#17974,#4263);
#2667=LINE('',#17977,#4264);
#2668=LINE('',#17979,#4265);
#2669=LINE('',#17981,#4266);
#2670=LINE('',#17983,#4267);
#2671=LINE('',#17984,#4268);
#2672=LINE('',#17987,#4269);
#2673=LINE('',#17989,#4270);
#2674=LINE('',#17991,#4271);
#2675=LINE('',#17993,#4272);
#2676=LINE('',#17994,#4273);
#2677=LINE('',#17997,#4274);
#2678=LINE('',#17999,#4275);
#2679=LINE('',#18000,#4276);
#2680=LINE('',#18003,#4277);
#2681=LINE('',#18005,#4278);
#2682=LINE('',#18011,#4279);
#2683=LINE('',#18012,#4280);
#2684=LINE('',#18015,#4281);
#2685=LINE('',#18017,#4282);
#2686=LINE('',#18019,#4283);
#2687=LINE('',#18020,#4284);
#2688=LINE('',#18023,#4285);
#2689=LINE('',#18025,#4286);
#2690=LINE('',#18027,#4287);
#2691=LINE('',#18029,#4288);
#2692=LINE('',#18030,#4289);
#2693=LINE('',#18033,#4290);
#2694=LINE('',#18035,#4291);
#2695=LINE('',#18036,#4292);
#2696=LINE('',#18039,#4293);
#2697=LINE('',#18042,#4294);
#2698=LINE('',#18046,#4295);
#2699=LINE('',#18048,#4296);
#2700=LINE('',#18050,#4297);
#2701=LINE('',#18053,#4298);
#2702=LINE('',#18055,#4299);
#2703=LINE('',#18057,#4300);
#2704=LINE('',#18059,#4301);
#2705=LINE('',#18062,#4302);
#2706=LINE('',#18064,#4303);
#2707=LINE('',#18067,#4304);
#2708=LINE('',#18069,#4305);
#2709=LINE('',#18073,#4306);
#2710=LINE('',#18074,#4307);
#2711=LINE('',#18077,#4308);
#2712=LINE('',#18079,#4309);
#2713=LINE('',#18081,#4310);
#2714=LINE('',#18083,#4311);
#2715=LINE('',#18084,#4312);
#2716=LINE('',#18087,#4313);
#2717=LINE('',#18089,#4314);
#2718=LINE('',#18091,#4315);
#2719=LINE('',#18093,#4316);
#2720=LINE('',#18094,#4317);
#2721=LINE('',#18097,#4318);
#2722=LINE('',#18099,#4319);
#2723=LINE('',#18100,#4320);
#2724=LINE('',#18103,#4321);
#2725=LINE('',#18105,#4322);
#2726=LINE('',#18111,#4323);
#2727=LINE('',#18112,#4324);
#2728=LINE('',#18115,#4325);
#2729=LINE('',#18117,#4326);
#2730=LINE('',#18119,#4327);
#2731=LINE('',#18120,#4328);
#2732=LINE('',#18123,#4329);
#2733=LINE('',#18125,#4330);
#2734=LINE('',#18127,#4331);
#2735=LINE('',#18129,#4332);
#2736=LINE('',#18130,#4333);
#2737=LINE('',#18133,#4334);
#2738=LINE('',#18135,#4335);
#2739=LINE('',#18136,#4336);
#2740=LINE('',#18139,#4337);
#2741=LINE('',#18142,#4338);
#2742=LINE('',#18146,#4339);
#2743=LINE('',#18148,#4340);
#2744=LINE('',#18150,#4341);
#2745=LINE('',#18153,#4342);
#2746=LINE('',#18155,#4343);
#2747=LINE('',#18157,#4344);
#2748=LINE('',#18159,#4345);
#2749=LINE('',#18162,#4346);
#2750=LINE('',#18164,#4347);
#2751=LINE('',#18167,#4348);
#2752=LINE('',#18169,#4349);
#2753=LINE('',#18173,#4350);
#2754=LINE('',#18174,#4351);
#2755=LINE('',#18177,#4352);
#2756=LINE('',#18179,#4353);
#2757=LINE('',#18181,#4354);
#2758=LINE('',#18183,#4355);
#2759=LINE('',#18184,#4356);
#2760=LINE('',#18187,#4357);
#2761=LINE('',#18189,#4358);
#2762=LINE('',#18191,#4359);
#2763=LINE('',#18193,#4360);
#2764=LINE('',#18194,#4361);
#2765=LINE('',#18197,#4362);
#2766=LINE('',#18199,#4363);
#2767=LINE('',#18200,#4364);
#2768=LINE('',#18203,#4365);
#2769=LINE('',#18205,#4366);
#2770=LINE('',#18211,#4367);
#2771=LINE('',#18212,#4368);
#2772=LINE('',#18215,#4369);
#2773=LINE('',#18217,#4370);
#2774=LINE('',#18219,#4371);
#2775=LINE('',#18220,#4372);
#2776=LINE('',#18223,#4373);
#2777=LINE('',#18225,#4374);
#2778=LINE('',#18227,#4375);
#2779=LINE('',#18229,#4376);
#2780=LINE('',#18230,#4377);
#2781=LINE('',#18233,#4378);
#2782=LINE('',#18235,#4379);
#2783=LINE('',#18236,#4380);
#2784=LINE('',#18239,#4381);
#2785=LINE('',#18242,#4382);
#2786=LINE('',#18246,#4383);
#2787=LINE('',#18248,#4384);
#2788=LINE('',#18250,#4385);
#2789=LINE('',#18253,#4386);
#2790=LINE('',#18255,#4387);
#2791=LINE('',#18257,#4388);
#2792=LINE('',#18259,#4389);
#2793=LINE('',#18262,#4390);
#2794=LINE('',#18264,#4391);
#2795=LINE('',#18267,#4392);
#2796=LINE('',#18269,#4393);
#2797=LINE('',#18273,#4394);
#2798=LINE('',#18274,#4395);
#2799=LINE('',#18277,#4396);
#2800=LINE('',#18279,#4397);
#2801=LINE('',#18281,#4398);
#2802=LINE('',#18283,#4399);
#2803=LINE('',#18284,#4400);
#2804=LINE('',#18287,#4401);
#2805=LINE('',#18289,#4402);
#2806=LINE('',#18291,#4403);
#2807=LINE('',#18293,#4404);
#2808=LINE('',#18294,#4405);
#2809=LINE('',#18297,#4406);
#2810=LINE('',#18299,#4407);
#2811=LINE('',#18300,#4408);
#2812=LINE('',#18303,#4409);
#2813=LINE('',#18305,#4410);
#2814=LINE('',#18311,#4411);
#2815=LINE('',#18312,#4412);
#2816=LINE('',#18315,#4413);
#2817=LINE('',#18317,#4414);
#2818=LINE('',#18319,#4415);
#2819=LINE('',#18320,#4416);
#2820=LINE('',#18323,#4417);
#2821=LINE('',#18325,#4418);
#2822=LINE('',#18327,#4419);
#2823=LINE('',#18329,#4420);
#2824=LINE('',#18330,#4421);
#2825=LINE('',#18333,#4422);
#2826=LINE('',#18335,#4423);
#2827=LINE('',#18336,#4424);
#2828=LINE('',#18339,#4425);
#2829=LINE('',#18342,#4426);
#2830=LINE('',#18346,#4427);
#2831=LINE('',#18348,#4428);
#2832=LINE('',#18350,#4429);
#2833=LINE('',#18353,#4430);
#2834=LINE('',#18355,#4431);
#2835=LINE('',#18357,#4432);
#2836=LINE('',#18359,#4433);
#2837=LINE('',#18362,#4434);
#2838=LINE('',#18364,#4435);
#2839=LINE('',#18367,#4436);
#2840=LINE('',#18369,#4437);
#2841=LINE('',#18373,#4438);
#2842=LINE('',#18374,#4439);
#2843=LINE('',#18377,#4440);
#2844=LINE('',#18379,#4441);
#2845=LINE('',#18381,#4442);
#2846=LINE('',#18383,#4443);
#2847=LINE('',#18384,#4444);
#2848=LINE('',#18387,#4445);
#2849=LINE('',#18389,#4446);
#2850=LINE('',#18391,#4447);
#2851=LINE('',#18393,#4448);
#2852=LINE('',#18394,#4449);
#2853=LINE('',#18397,#4450);
#2854=LINE('',#18399,#4451);
#2855=LINE('',#18400,#4452);
#2856=LINE('',#18403,#4453);
#2857=LINE('',#18405,#4454);
#2858=LINE('',#18411,#4455);
#2859=LINE('',#18412,#4456);
#2860=LINE('',#18415,#4457);
#2861=LINE('',#18417,#4458);
#2862=LINE('',#18419,#4459);
#2863=LINE('',#18420,#4460);
#2864=LINE('',#18423,#4461);
#2865=LINE('',#18425,#4462);
#2866=LINE('',#18427,#4463);
#2867=LINE('',#18429,#4464);
#2868=LINE('',#18430,#4465);
#2869=LINE('',#18433,#4466);
#2870=LINE('',#18435,#4467);
#2871=LINE('',#18436,#4468);
#2872=LINE('',#18439,#4469);
#2873=LINE('',#18442,#4470);
#2874=LINE('',#18446,#4471);
#2875=LINE('',#18448,#4472);
#2876=LINE('',#18450,#4473);
#2877=LINE('',#18453,#4474);
#2878=LINE('',#18455,#4475);
#2879=LINE('',#18457,#4476);
#2880=LINE('',#18459,#4477);
#2881=LINE('',#18462,#4478);
#2882=LINE('',#18464,#4479);
#2883=LINE('',#18467,#4480);
#2884=LINE('',#18469,#4481);
#2885=LINE('',#18477,#4482);
#2886=LINE('',#18479,#4483);
#2887=LINE('',#18482,#4484);
#2888=LINE('',#18484,#4485);
#2889=LINE('',#18487,#4486);
#2890=LINE('',#18489,#4487);
#2891=LINE('',#18492,#4488);
#2892=LINE('',#18494,#4489);
#2893=LINE('',#18496,#4490);
#2894=LINE('',#18498,#4491);
#2895=LINE('',#18501,#4492);
#2896=LINE('',#18503,#4493);
#2897=LINE('',#18505,#4494);
#2898=LINE('',#18509,#4495);
#2899=VECTOR('',#12329,3.6);
#2900=VECTOR('',#12330,4.15);
#2901=VECTOR('',#12331,1.);
#2902=VECTOR('',#12332,3.2);
#2903=VECTOR('',#12333,1.9);
#2904=VECTOR('',#12334,3.2);
#2905=VECTOR('',#12335,0.7);
#2906=VECTOR('',#12336,4.15);
#2907=VECTOR('',#12339,0.025);
#2908=VECTOR('',#12340,1.46);
#2909=VECTOR('',#12341,0.55);
#2910=VECTOR('',#12342,0.55);
#2911=VECTOR('',#12343,0.74);
#2912=VECTOR('',#12344,0.025);
#2913=VECTOR('',#12345,1.4);
#2914=VECTOR('',#12348,3.85);
#2915=VECTOR('',#12349,0.525);
#2916=VECTOR('',#12350,0.282842712474601);
#2917=VECTOR('',#12351,0.2);
#2918=VECTOR('',#12352,0.1);
#2919=VECTOR('',#12353,0.025);
#2920=VECTOR('',#12354,0.95);
#2921=VECTOR('',#12355,0.025);
#2922=VECTOR('',#12356,0.015);
#2923=VECTOR('',#12357,0.29999999999999);
#2924=VECTOR('',#12358,0.2551923788647);
#2925=VECTOR('',#12359,0.212132034356001);
#2926=VECTOR('',#12360,0.82);
#2927=VECTOR('',#12361,0.4);
#2928=VECTOR('',#12362,0.907003996683628);
#2929=VECTOR('',#12363,1.0125);
#2930=VECTOR('',#12366,3.85);
#2931=VECTOR('',#12367,1.0125);
#2932=VECTOR('',#12368,0.907003996683628);
#2933=VECTOR('',#12369,0.4);
#2934=VECTOR('',#12370,0.82);
#2935=VECTOR('',#12371,0.212132034355986);
#2936=VECTOR('',#12372,0.2551923788647);
#2937=VECTOR('',#12373,0.29999999999999);
#2938=VECTOR('',#12374,0.015);
#2939=VECTOR('',#12375,0.025);
#2940=VECTOR('',#12376,0.95);
#2941=VECTOR('',#12377,0.1);
#2942=VECTOR('',#12378,0.2);
#2943=VECTOR('',#12379,0.282842712474581);
#2944=VECTOR('',#12380,0.525);
#2945=VECTOR('',#12383,1.4);
#2946=VECTOR('',#12384,3.85);
#2947=VECTOR('',#12385,0.42);
#2948=VECTOR('',#12386,1.4);
#2949=VECTOR('',#12387,0.89);
#2950=VECTOR('',#12388,1.4);
#2951=VECTOR('',#12389,0.09);
#2952=VECTOR('',#12392,0.412310562561814);
#2953=VECTOR('',#12393,1.);
#2954=VECTOR('',#12394,0.412310562561814);
#2955=VECTOR('',#12397,0.725);
#2956=VECTOR('',#12398,0.325);
#2957=VECTOR('',#12399,0.412310562561814);
#2958=VECTOR('',#12402,2.4);
#2959=VECTOR('',#12403,0.025);
#2960=VECTOR('',#12404,0.95);
#2961=VECTOR('',#12405,0.025);
#2962=VECTOR('',#12406,0.1);
#2963=VECTOR('',#12407,0.2);
#2964=VECTOR('',#12408,0.282842712474601);
#2965=VECTOR('',#12409,0.525);
#2966=VECTOR('',#12412,1.46);
#2967=VECTOR('',#12413,0.575);
#2968=VECTOR('',#12414,1.55);
#2969=VECTOR('',#12415,1.1);
#2970=VECTOR('',#12418,0.74);
#2971=VECTOR('',#12419,0.225);
#2972=VECTOR('',#12420,0.7);
#2973=VECTOR('',#12421,0.4);
#2974=VECTOR('',#12422,0.17);
#2975=VECTOR('',#12423,17.15);
#2976=VECTOR('',#12424,0.17);
#2977=VECTOR('',#12425,0.4);
#2978=VECTOR('',#12426,0.7);
#2979=VECTOR('',#12427,0.225);
#2980=VECTOR('',#12428,0.74);
#2981=VECTOR('',#12429,0.525);
#2982=VECTOR('',#12430,0.42);
#2983=VECTOR('',#12431,17.35);
#2984=VECTOR('',#12434,1.46);
#2985=VECTOR('',#12435,1.1);
#2986=VECTOR('',#12436,1.55);
#2987=VECTOR('',#12437,0.575);
#2988=VECTOR('',#12438,0.09);
#2989=VECTOR('',#12441,0.282842712474601);
#2990=VECTOR('',#12442,1.46);
#2991=VECTOR('',#12445,0.74);
#2992=VECTOR('',#12446,0.282842712474601);
#2993=VECTOR('',#12449,0.74);
#2994=VECTOR('',#12450,0.2);
#2995=VECTOR('',#12453,0.2);
#2996=VECTOR('',#12454,1.46);
#2997=VECTOR('',#12457,1.3);
#2998=VECTOR('',#12458,21.);
#2999=VECTOR('',#12459,1.3);
#3000=VECTOR('',#12460,1.1);
#3001=VECTOR('',#12461,0.2);
#3002=VECTOR('',#12462,0.282842712474581);
#3003=VECTOR('',#12463,3.8);
#3004=VECTOR('',#12466,3.3);
#3005=VECTOR('',#12467,0.764852927038887);
#3006=VECTOR('',#12468,1.175);
#3007=VECTOR('',#12469,0.25);
#3008=VECTOR('',#12470,0.84);
#3009=VECTOR('',#12471,0.4);
#3010=VECTOR('',#12472,0.32);
#3011=VECTOR('',#12473,0.4);
#3012=VECTOR('',#12474,0.68);
#3013=VECTOR('',#12475,0.4);
#3014=VECTOR('',#12476,0.32);
#3015=VECTOR('',#12477,0.4);
#3016=VECTOR('',#12478,0.68);
#3017=VECTOR('',#12479,0.4);
#3018=VECTOR('',#12480,0.32);
#3019=VECTOR('',#12481,0.4);
#3020=VECTOR('',#12482,0.68);
#3021=VECTOR('',#12483,0.4);
#3022=VECTOR('',#12484,0.32);
#3023=VECTOR('',#12485,0.4);
#3024=VECTOR('',#12486,0.68);
#3025=VECTOR('',#12487,0.4);
#3026=VECTOR('',#12488,0.32);
#3027=VECTOR('',#12489,0.4);
#3028=VECTOR('',#12490,0.68);
#3029=VECTOR('',#12491,0.4);
#3030=VECTOR('',#12492,0.32);
#3031=VECTOR('',#12493,0.4);
#3032=VECTOR('',#12494,0.68);
#3033=VECTOR('',#12495,0.4);
#3034=VECTOR('',#12496,0.32);
#3035=VECTOR('',#12497,0.4);
#3036=VECTOR('',#12498,0.68);
#3037=VECTOR('',#12499,0.4);
#3038=VECTOR('',#12500,0.32);
#3039=VECTOR('',#12501,0.4);
#3040=VECTOR('',#12502,0.68);
#3041=VECTOR('',#12503,0.4);
#3042=VECTOR('',#12504,0.32);
#3043=VECTOR('',#12505,0.4);
#3044=VECTOR('',#12506,0.68);
#3045=VECTOR('',#12507,0.4);
#3046=VECTOR('',#12508,0.32);
#3047=VECTOR('',#12509,0.4);
#3048=VECTOR('',#12510,0.68);
#3049=VECTOR('',#12511,0.4);
#3050=VECTOR('',#12512,0.32);
#3051=VECTOR('',#12513,0.4);
#3052=VECTOR('',#12514,0.68);
#3053=VECTOR('',#12515,0.4);
#3054=VECTOR('',#12516,0.32);
#3055=VECTOR('',#12517,0.4);
#3056=VECTOR('',#12518,0.68);
#3057=VECTOR('',#12519,0.4);
#3058=VECTOR('',#12520,0.32);
#3059=VECTOR('',#12521,0.4);
#3060=VECTOR('',#12522,0.68);
#3061=VECTOR('',#12523,0.4);
#3062=VECTOR('',#12524,0.32);
#3063=VECTOR('',#12525,0.4);
#3064=VECTOR('',#12526,0.68);
#3065=VECTOR('',#12527,0.4);
#3066=VECTOR('',#12528,0.32);
#3067=VECTOR('',#12529,0.4);
#3068=VECTOR('',#12530,0.84);
#3069=VECTOR('',#12531,0.25);
#3070=VECTOR('',#12532,1.175);
#3071=VECTOR('',#12533,0.764852927038887);
#3072=VECTOR('',#12534,4.15);
#3073=VECTOR('',#12535,0.55);
#3074=VECTOR('',#12536,3.3);
#3075=VECTOR('',#12539,3.8);
#3076=VECTOR('',#12540,1.1);
#3077=VECTOR('',#12543,0.424264068711872);
#3078=VECTOR('',#12544,0.424264068711872);
#3079=VECTOR('',#12545,1.3);
#3080=VECTOR('',#12548,0.577350269189581);
#3081=VECTOR('',#12549,1.211324865405);
#3082=VECTOR('',#12550,3.3);
#3083=VECTOR('',#12551,0.424264068711872);
#3084=VECTOR('',#12552,3.3);
#3085=VECTOR('',#12553,2.4);
#3086=VECTOR('',#12554,1.85);
#3087=VECTOR('',#12555,16.8);
#3088=VECTOR('',#12556,1.85);
#3089=VECTOR('',#12557,0.6113248654052);
#3090=VECTOR('',#12558,0.577350269189581);
#3091=VECTOR('',#12561,0.05);
#3092=VECTOR('',#12562,0.577350269189581);
#3093=VECTOR('',#12563,0.05);
#3094=VECTOR('',#12566,0.424264068711872);
#3095=VECTOR('',#12567,1.3);
#3096=VECTOR('',#12568,1.4);
#3097=VECTOR('',#12569,0.6);
#3098=VECTOR('',#12572,0.5773502691896);
#3099=VECTOR('',#12573,0.05);
#3100=VECTOR('',#12574,0.424264068711872);
#3101=VECTOR('',#12575,0.6);
#3102=VECTOR('',#12576,0.282842712474581);
#3103=VECTOR('',#12577,0.2);
#3104=VECTOR('',#12578,1.4);
#3105=VECTOR('',#12579,1.3);
#3106=VECTOR('',#12582,1.55);
#3107=VECTOR('',#12583,0.519615242270677);
#3108=VECTOR('',#12586,16.2);
#3109=VECTOR('',#12587,0.519615242270677);
#3110=VECTOR('',#12590,0.6);
#3111=VECTOR('',#12591,0.1);
#3112=VECTOR('',#12592,1.016071428571);
#3113=VECTOR('',#12593,0.55);
#3114=VECTOR('',#12594,1.016071428571);
#3115=VECTOR('',#12595,0.1);
#3116=VECTOR('',#12596,1.35);
#3117=VECTOR('',#12597,15.85);
#3118=VECTOR('',#12598,1.35);
#3119=VECTOR('',#12599,0.1);
#3120=VECTOR('',#12600,1.016071428571);
#3121=VECTOR('',#12601,0.55);
#3122=VECTOR('',#12602,1.016071428571);
#3123=VECTOR('',#12603,0.1);
#3124=VECTOR('',#12604,1.4);
#3125=VECTOR('',#12605,0.6);
#3126=VECTOR('',#12608,1.55);
#3127=VECTOR('',#12613,1.4);
#3128=VECTOR('',#12614,0.89);
#3129=VECTOR('',#12615,1.4);
#3130=VECTOR('',#12616,3.85);
#3131=VECTOR('',#12619,0.412310562561814);
#3132=VECTOR('',#12620,1.);
#3133=VECTOR('',#12621,0.412310562561814);
#3134=VECTOR('',#12624,0.385712522843209);
#3135=VECTOR('',#12625,0.0299750608590582);
#3136=VECTOR('',#12626,0.6109435562925);
#3137=VECTOR('',#12629,0.64);
#3138=VECTOR('',#12630,0.385712522843209);
#3139=VECTOR('',#12631,1.006924070776);
#3140=VECTOR('',#12634,0.6109435562925);
#3141=VECTOR('',#12635,0.64);
#3142=VECTOR('',#12636,0.2859435562925);
#3143=VECTOR('',#12637,0.36);
#3144=VECTOR('',#12640,0.325);
#3145=VECTOR('',#12641,0.36);
#3146=VECTOR('',#12642,0.2859435562925);
#3147=VECTOR('',#12645,0.36);
#3148=VECTOR('',#12646,0.412310562561814);
#3149=VECTOR('',#12649,1.4);
#3150=VECTOR('',#12650,1.4);
#3151=VECTOR('',#12653,0.9);
#3152=VECTOR('',#12654,1.04);
#3153=VECTOR('',#12655,1.04);
#3154=VECTOR('',#12656,0.665);
#3155=VECTOR('',#12657,1.04);
#3156=VECTOR('',#12658,1.4);
#3157=VECTOR('',#12661,3.3);
#3158=VECTOR('',#12666,0.74);
#3159=VECTOR('',#12667,3.6);
#3160=VECTOR('',#12668,0.55);
#3161=VECTOR('',#12669,1.46);
#3162=VECTOR('',#12672,0.04);
#3163=VECTOR('',#12673,2.35);
#3164=VECTOR('',#12674,0.7);
#3165=VECTOR('',#12677,3.3);
#3166=VECTOR('',#12678,1.);
#3167=VECTOR('',#12679,2.35);
#3168=VECTOR('',#12680,0.46);
#3169=VECTOR('',#12685,1.);
#3170=VECTOR('',#12692,0.7);
#3171=VECTOR('',#12695,1.072800074571);
#3172=VECTOR('',#12696,15.36);
#3173=VECTOR('',#12697,1.072800074571);
#3174=VECTOR('',#12698,1.075);
#3175=VECTOR('',#12699,3.6);
#3176=VECTOR('',#12700,4.15);
#3177=VECTOR('',#12701,0.764852927038887);
#3178=VECTOR('',#12702,1.175);
#3179=VECTOR('',#12703,0.25);
#3180=VECTOR('',#12704,0.84);
#3181=VECTOR('',#12705,0.4);
#3182=VECTOR('',#12706,0.32);
#3183=VECTOR('',#12707,0.4);
#3184=VECTOR('',#12708,0.68);
#3185=VECTOR('',#12709,0.4);
#3186=VECTOR('',#12710,0.32);
#3187=VECTOR('',#12711,0.4);
#3188=VECTOR('',#12712,0.68);
#3189=VECTOR('',#12713,0.4);
#3190=VECTOR('',#12714,0.32);
#3191=VECTOR('',#12715,0.4);
#3192=VECTOR('',#12716,0.68);
#3193=VECTOR('',#12717,0.4);
#3194=VECTOR('',#12718,0.32);
#3195=VECTOR('',#12719,0.4);
#3196=VECTOR('',#12720,0.68);
#3197=VECTOR('',#12721,0.4);
#3198=VECTOR('',#12722,0.32);
#3199=VECTOR('',#12723,0.4);
#3200=VECTOR('',#12724,0.68);
#3201=VECTOR('',#12725,0.4);
#3202=VECTOR('',#12726,0.32);
#3203=VECTOR('',#12727,0.4);
#3204=VECTOR('',#12728,0.68);
#3205=VECTOR('',#12729,0.4);
#3206=VECTOR('',#12730,0.32);
#3207=VECTOR('',#12731,0.4);
#3208=VECTOR('',#12732,0.68);
#3209=VECTOR('',#12733,0.4);
#3210=VECTOR('',#12734,0.32);
#3211=VECTOR('',#12735,0.4);
#3212=VECTOR('',#12736,0.68);
#3213=VECTOR('',#12737,0.4);
#3214=VECTOR('',#12738,0.32);
#3215=VECTOR('',#12739,0.4);
#3216=VECTOR('',#12740,0.68);
#3217=VECTOR('',#12741,0.4);
#3218=VECTOR('',#12742,0.32);
#3219=VECTOR('',#12743,0.4);
#3220=VECTOR('',#12744,0.68);
#3221=VECTOR('',#12745,0.4);
#3222=VECTOR('',#12746,0.32);
#3223=VECTOR('',#12747,0.4);
#3224=VECTOR('',#12748,0.68);
#3225=VECTOR('',#12749,0.4);
#3226=VECTOR('',#12750,0.32);
#3227=VECTOR('',#12751,0.4);
#3228=VECTOR('',#12752,0.68);
#3229=VECTOR('',#12753,0.4);
#3230=VECTOR('',#12754,0.32);
#3231=VECTOR('',#12755,0.4);
#3232=VECTOR('',#12756,0.68);
#3233=VECTOR('',#12757,0.4);
#3234=VECTOR('',#12758,0.32);
#3235=VECTOR('',#12759,0.4);
#3236=VECTOR('',#12760,0.68);
#3237=VECTOR('',#12761,0.4);
#3238=VECTOR('',#12762,0.32);
#3239=VECTOR('',#12763,0.4);
#3240=VECTOR('',#12764,0.84);
#3241=VECTOR('',#12765,0.25);
#3242=VECTOR('',#12766,1.175);
#3243=VECTOR('',#12767,0.764852927038887);
#3244=VECTOR('',#12768,3.3);
#3245=VECTOR('',#12771,3.6);
#3246=VECTOR('',#12772,1.075);
#3247=VECTOR('',#12775,1.188636363636);
#3248=VECTOR('',#12776,0.854605411303491);
#3249=VECTOR('',#12779,0.7105314316542);
#3250=VECTOR('',#12782,15.36);
#3251=VECTOR('',#12783,0.7105314316542);
#3252=VECTOR('',#12788,0.854605411303491);
#3253=VECTOR('',#12789,1.188636363636);
#3254=VECTOR('',#12792,1.075);
#3255=VECTOR('',#12793,1.188636363636);
#3256=VECTOR('',#12796,0.0512750644212724);
#3257=VECTOR('',#12797,0.1);
#3258=VECTOR('',#12798,0.0567227863366704);
#3259=VECTOR('',#12799,1.173214285714);
#3260=VECTOR('',#12800,0.35);
#3261=VECTOR('',#12801,2.35);
#3262=VECTOR('',#12804,3.8);
#3263=VECTOR('',#12807,0.764852927038887);
#3264=VECTOR('',#12808,1.175);
#3265=VECTOR('',#12809,0.25);
#3266=VECTOR('',#12810,0.575);
#3267=VECTOR('',#12811,3.1);
#3268=VECTOR('',#12812,0.4);
#3269=VECTOR('',#12813,2.35);
#3270=VECTOR('',#12816,2.35);
#3271=VECTOR('',#12817,0.55);
#3272=VECTOR('',#12820,0.764852927038887);
#3273=VECTOR('',#12821,3.2);
#3274=VECTOR('',#12822,0.55);
#3275=VECTOR('',#12823,0.4);
#3276=VECTOR('',#12824,3.1);
#3277=VECTOR('',#12825,0.575);
#3278=VECTOR('',#12826,0.25);
#3279=VECTOR('',#12827,1.175);
#3280=VECTOR('',#12830,0.764852927038887);
#3281=VECTOR('',#12831,0.7);
#3282=VECTOR('',#12834,1.);
#3283=VECTOR('',#12837,4.8);
#3284=VECTOR('',#12838,0.6);
#3285=VECTOR('',#12839,0.55);
#3286=VECTOR('',#12840,2.35);
#3287=VECTOR('',#12843,3.8);
#3288=VECTOR('',#12846,1.188636363636);
#3289=VECTOR('',#12847,1.);
#3290=VECTOR('',#12848,0.35);
#3291=VECTOR('',#12849,1.173214285714);
#3292=VECTOR('',#12850,0.0567227863366704);
#3293=VECTOR('',#12851,0.1);
#3294=VECTOR('',#12852,0.0512750644212724);
#3295=VECTOR('',#12855,0.7);
#3296=VECTOR('',#12858,1.075);
#3297=VECTOR('',#12861,0.95);
#3298=VECTOR('',#12862,16.05);
#3299=VECTOR('',#12863,0.95);
#3300=VECTOR('',#12864,15.45785334698);
#3301=VECTOR('',#12869,0.1);
#3302=VECTOR('',#12870,0.95);
#3303=VECTOR('',#12873,0.1);
#3304=VECTOR('',#12874,0.95);
#3305=VECTOR('',#12877,0.89);
#3306=VECTOR('',#12878,0.283613931683402);
#3307=VECTOR('',#12879,3.00166620396114);
#3308=VECTOR('',#12880,0.5);
#3309=VECTOR('',#12881,0.396988664825584);
#3310=VECTOR('',#12882,0.47);
#3311=VECTOR('',#12883,2.55);
#3312=VECTOR('',#12884,0.09);
#3313=VECTOR('',#12885,1.);
#3314=VECTOR('',#12888,0.89);
#3315=VECTOR('',#12889,0.1);
#3316=VECTOR('',#12892,0.89);
#3317=VECTOR('',#12893,0.1);
#3318=VECTOR('',#12896,0.89);
#3319=VECTOR('',#12897,0.1);
#3320=VECTOR('',#12900,0.89);
#3321=VECTOR('',#12901,0.1);
#3322=VECTOR('',#12902,0.89);
#3323=VECTOR('',#12905,0.226891145346702);
#3324=VECTOR('',#12906,1.173214285714);
#3325=VECTOR('',#12907,0.35);
#3326=VECTOR('',#12908,1.6);
#3327=VECTOR('',#12909,0.25);
#3328=VECTOR('',#12910,0.3);
#3329=VECTOR('',#12911,0.282842712474581);
#3330=VECTOR('',#12912,0.2);
#3331=VECTOR('',#12913,0.09);
#3332=VECTOR('',#12914,1.);
#3333=VECTOR('',#12917,1.888117658369);
#3334=VECTOR('',#12918,0.32);
#3335=VECTOR('',#12919,1.888117658369);
#3336=VECTOR('',#12920,0.68);
#3337=VECTOR('',#12921,1.888117658369);
#3338=VECTOR('',#12922,0.32);
#3339=VECTOR('',#12923,1.888117658369);
#3340=VECTOR('',#12924,0.68);
#3341=VECTOR('',#12925,1.888117658369);
#3342=VECTOR('',#12926,0.32);
#3343=VECTOR('',#12927,1.888117658369);
#3344=VECTOR('',#12928,0.68);
#3345=VECTOR('',#12929,1.888117658369);
#3346=VECTOR('',#12930,0.32);
#3347=VECTOR('',#12931,1.888117658369);
#3348=VECTOR('',#12932,0.68);
#3349=VECTOR('',#12933,1.888117658369);
#3350=VECTOR('',#12934,0.32);
#3351=VECTOR('',#12935,1.888117658369);
#3352=VECTOR('',#12936,0.68);
#3353=VECTOR('',#12937,1.888117658369);
#3354=VECTOR('',#12938,0.32);
#3355=VECTOR('',#12939,1.888117658369);
#3356=VECTOR('',#12940,0.68);
#3357=VECTOR('',#12941,1.888117658369);
#3358=VECTOR('',#12942,0.32);
#3359=VECTOR('',#12943,1.888117658369);
#3360=VECTOR('',#12944,0.68);
#3361=VECTOR('',#12945,1.888117658369);
#3362=VECTOR('',#12946,0.32);
#3363=VECTOR('',#12947,1.888117658369);
#3364=VECTOR('',#12948,0.68);
#3365=VECTOR('',#12949,1.888117658369);
#3366=VECTOR('',#12950,0.32);
#3367=VECTOR('',#12951,1.888117658369);
#3368=VECTOR('',#12952,0.68);
#3369=VECTOR('',#12953,1.888117658369);
#3370=VECTOR('',#12954,0.32);
#3371=VECTOR('',#12955,1.888117658369);
#3372=VECTOR('',#12956,0.68);
#3373=VECTOR('',#12957,1.888117658369);
#3374=VECTOR('',#12958,0.32);
#3375=VECTOR('',#12959,1.888117658369);
#3376=VECTOR('',#12960,0.68);
#3377=VECTOR('',#12961,1.888117658369);
#3378=VECTOR('',#12962,0.32);
#3379=VECTOR('',#12963,1.888117658369);
#3380=VECTOR('',#12964,0.68);
#3381=VECTOR('',#12965,1.888117658369);
#3382=VECTOR('',#12966,0.32);
#3383=VECTOR('',#12967,1.888117658369);
#3384=VECTOR('',#12968,0.68);
#3385=VECTOR('',#12969,1.888117658369);
#3386=VECTOR('',#12970,0.32);
#3387=VECTOR('',#12971,1.888117658369);
#3388=VECTOR('',#12972,0.765);
#3389=VECTOR('',#12973,1.35);
#3390=VECTOR('',#12974,0.55);
#3391=VECTOR('',#12975,1.);
#3392=VECTOR('',#12976,0.55);
#3393=VECTOR('',#12977,1.);
#3394=VECTOR('',#12978,1.35);
#3395=VECTOR('',#12979,0.765);
#3396=VECTOR('',#12980,1.888117658369);
#3397=VECTOR('',#12981,0.32);
#3398=VECTOR('',#12982,1.888117658369);
#3399=VECTOR('',#12983,0.68);
#3400=VECTOR('',#12986,0.45);
#3401=VECTOR('',#12987,1.15);
#3402=VECTOR('',#12988,0.3);
#3403=VECTOR('',#12989,1.45);
#3404=VECTOR('',#12990,0.212132034355986);
#3405=VECTOR('',#12991,0.55);
#3406=VECTOR('',#12994,0.45);
#3407=VECTOR('',#12995,0.55);
#3408=VECTOR('',#12996,0.212132034356001);
#3409=VECTOR('',#12997,0.9);
#3410=VECTOR('',#12998,0.424264068711872);
#3411=VECTOR('',#12999,0.9);
#3412=VECTOR('',#13002,0.1);
#3413=VECTOR('',#13003,0.4);
#3414=VECTOR('',#13004,0.1);
#3415=VECTOR('',#13005,0.4);
#3416=VECTOR('',#13008,0.3883720930233);
#3417=VECTOR('',#13009,0.505899299534923);
#3418=VECTOR('',#13010,0.163541136658794);
#3419=VECTOR('',#13015,0.2);
#3420=VECTOR('',#13016,0.09);
#3421=VECTOR('',#13017,2.502725907201);
#3422=VECTOR('',#13022,0.45);
#3423=VECTOR('',#13023,0.32);
#3424=VECTOR('',#13026,0.55);
#3425=VECTOR('',#13027,0.212132034355986);
#3426=VECTOR('',#13028,1.45);
#3427=VECTOR('',#13029,0.3);
#3428=VECTOR('',#13030,1.15);
#3429=VECTOR('',#13033,0.45);
#3430=VECTOR('',#13034,0.9);
#3431=VECTOR('',#13035,0.424264068711872);
#3432=VECTOR('',#13036,0.9);
#3433=VECTOR('',#13037,0.212132034356001);
#3434=VECTOR('',#13038,0.55);
#3435=VECTOR('',#13041,0.1);
#3436=VECTOR('',#13042,0.4);
#3437=VECTOR('',#13043,0.1);
#3438=VECTOR('',#13044,0.4);
#3439=VECTOR('',#13047,0.3883720930233);
#3440=VECTOR('',#13050,0.163541136658794);
#3441=VECTOR('',#13051,0.505899299534923);
#3442=VECTOR('',#13054,0.2);
#3443=VECTOR('',#13057,2.502725907201);
#3444=VECTOR('',#13058,0.09);
#3445=VECTOR('',#13061,1.15);
#3446=VECTOR('',#13062,0.32);
#3447=VECTOR('',#13063,1.15);
#3448=VECTOR('',#13064,1.15);
#3449=VECTOR('',#13065,0.32);
#3450=VECTOR('',#13066,1.15);
#3451=VECTOR('',#13067,1.15);
#3452=VECTOR('',#13068,0.32);
#3453=VECTOR('',#13069,1.15);
#3454=VECTOR('',#13070,1.15);
#3455=VECTOR('',#13071,0.32);
#3456=VECTOR('',#13072,1.15);
#3457=VECTOR('',#13073,1.15);
#3458=VECTOR('',#13074,0.32);
#3459=VECTOR('',#13075,1.15);
#3460=VECTOR('',#13076,1.15);
#3461=VECTOR('',#13077,0.32);
#3462=VECTOR('',#13078,1.15);
#3463=VECTOR('',#13079,1.15);
#3464=VECTOR('',#13080,0.32);
#3465=VECTOR('',#13081,1.15);
#3466=VECTOR('',#13082,1.15);
#3467=VECTOR('',#13083,0.32);
#3468=VECTOR('',#13084,1.15);
#3469=VECTOR('',#13085,1.15);
#3470=VECTOR('',#13086,0.32);
#3471=VECTOR('',#13087,1.15);
#3472=VECTOR('',#13088,1.15);
#3473=VECTOR('',#13089,0.32);
#3474=VECTOR('',#13090,1.15);
#3475=VECTOR('',#13091,1.15);
#3476=VECTOR('',#13092,0.32);
#3477=VECTOR('',#13093,1.15);
#3478=VECTOR('',#13094,1.15);
#3479=VECTOR('',#13095,0.32);
#3480=VECTOR('',#13096,1.15);
#3481=VECTOR('',#13097,1.15);
#3482=VECTOR('',#13098,0.32);
#3483=VECTOR('',#13099,1.15);
#3484=VECTOR('',#13100,0.32);
#3485=VECTOR('',#13101,1.15);
#3486=VECTOR('',#13102,0.32);
#3487=VECTOR('',#13103,1.15);
#3488=VECTOR('',#13104,1.);
#3489=VECTOR('',#13105,0.575);
#3490=VECTOR('',#13106,1.);
#3491=VECTOR('',#13107,0.9);
#3492=VECTOR('',#13108,0.32);
#3493=VECTOR('',#13109,0.9);
#3494=VECTOR('',#13110,0.32);
#3495=VECTOR('',#13111,0.9);
#3496=VECTOR('',#13112,0.32);
#3497=VECTOR('',#13113,0.9);
#3498=VECTOR('',#13114,0.9);
#3499=VECTOR('',#13115,0.32);
#3500=VECTOR('',#13116,0.9);
#3501=VECTOR('',#13117,0.9);
#3502=VECTOR('',#13118,0.32);
#3503=VECTOR('',#13119,0.9);
#3504=VECTOR('',#13120,0.9);
#3505=VECTOR('',#13121,0.32);
#3506=VECTOR('',#13122,0.9);
#3507=VECTOR('',#13123,0.9);
#3508=VECTOR('',#13124,0.32);
#3509=VECTOR('',#13125,0.9);
#3510=VECTOR('',#13126,0.9);
#3511=VECTOR('',#13127,0.32);
#3512=VECTOR('',#13128,0.9);
#3513=VECTOR('',#13129,0.9);
#3514=VECTOR('',#13130,0.32);
#3515=VECTOR('',#13131,0.9);
#3516=VECTOR('',#13132,0.9);
#3517=VECTOR('',#13133,0.32);
#3518=VECTOR('',#13134,0.9);
#3519=VECTOR('',#13135,0.9);
#3520=VECTOR('',#13136,0.32);
#3521=VECTOR('',#13137,0.9);
#3522=VECTOR('',#13138,0.9);
#3523=VECTOR('',#13139,0.32);
#3524=VECTOR('',#13140,0.9);
#3525=VECTOR('',#13141,0.9);
#3526=VECTOR('',#13142,0.32);
#3527=VECTOR('',#13143,0.9);
#3528=VECTOR('',#13144,0.9);
#3529=VECTOR('',#13145,0.32);
#3530=VECTOR('',#13146,0.9);
#3531=VECTOR('',#13147,0.9);
#3532=VECTOR('',#13148,0.32);
#3533=VECTOR('',#13149,0.9);
#3534=VECTOR('',#13150,1.);
#3535=VECTOR('',#13151,1.6);
#3536=VECTOR('',#13152,0.575);
#3537=VECTOR('',#13153,1.);
#3538=VECTOR('',#13154,0.32);
#3539=VECTOR('',#13155,0.32);
#3540=VECTOR('',#13156,0.4);
#3541=VECTOR('',#13157,0.32);
#3542=VECTOR('',#13158,0.4);
#3543=VECTOR('',#13159,0.32);
#3544=VECTOR('',#13160,0.4);
#3545=VECTOR('',#13161,0.32);
#3546=VECTOR('',#13162,0.4);
#3547=VECTOR('',#13163,0.32);
#3548=VECTOR('',#13164,0.4);
#3549=VECTOR('',#13165,0.32);
#3550=VECTOR('',#13166,0.4);
#3551=VECTOR('',#13167,0.32);
#3552=VECTOR('',#13168,0.4);
#3553=VECTOR('',#13169,0.32);
#3554=VECTOR('',#13170,0.4);
#3555=VECTOR('',#13171,0.32);
#3556=VECTOR('',#13172,0.4);
#3557=VECTOR('',#13173,0.32);
#3558=VECTOR('',#13174,0.4);
#3559=VECTOR('',#13175,0.32);
#3560=VECTOR('',#13176,0.4);
#3561=VECTOR('',#13177,0.32);
#3562=VECTOR('',#13178,0.4);
#3563=VECTOR('',#13179,0.32);
#3564=VECTOR('',#13180,0.4);
#3565=VECTOR('',#13181,0.32);
#3566=VECTOR('',#13182,0.4);
#3567=VECTOR('',#13183,0.32);
#3568=VECTOR('',#13184,0.4);
#3569=VECTOR('',#13185,0.32);
#3570=VECTOR('',#13186,0.4);
#3571=VECTOR('',#13187,0.32);
#3572=VECTOR('',#13188,0.4);
#3573=VECTOR('',#13189,0.32);
#3574=VECTOR('',#13190,0.4);
#3575=VECTOR('',#13191,0.32);
#3576=VECTOR('',#13192,0.4);
#3577=VECTOR('',#13193,0.32);
#3578=VECTOR('',#13194,0.4);
#3579=VECTOR('',#13195,0.32);
#3580=VECTOR('',#13196,0.4);
#3581=VECTOR('',#13197,0.32);
#3582=VECTOR('',#13198,0.4);
#3583=VECTOR('',#13199,0.32);
#3584=VECTOR('',#13200,0.4);
#3585=VECTOR('',#13201,0.32);
#3586=VECTOR('',#13202,0.4);
#3587=VECTOR('',#13203,0.32);
#3588=VECTOR('',#13204,0.4);
#3589=VECTOR('',#13205,0.32);
#3590=VECTOR('',#13206,0.4);
#3591=VECTOR('',#13207,0.32);
#3592=VECTOR('',#13208,0.4);
#3593=VECTOR('',#13209,0.32);
#3594=VECTOR('',#13210,0.4);
#3595=VECTOR('',#13211,0.32);
#3596=VECTOR('',#13214,0.45);
#3597=VECTOR('',#13215,0.55);
#3598=VECTOR('',#13216,0.212132034355986);
#3599=VECTOR('',#13217,1.45);
#3600=VECTOR('',#13218,0.3);
#3601=VECTOR('',#13221,0.45);
#3602=VECTOR('',#13222,0.424264068711872);
#3603=VECTOR('',#13223,0.9);
#3604=VECTOR('',#13224,0.212132034356001);
#3605=VECTOR('',#13225,0.55);
#3606=VECTOR('',#13228,0.1);
#3607=VECTOR('',#13229,0.4);
#3608=VECTOR('',#13230,0.1);
#3609=VECTOR('',#13233,0.505899299534923);
#3610=VECTOR('',#13234,0.3883720930233);
#3611=VECTOR('',#13237,0.163541136658794);
#3612=VECTOR('',#13240,0.2);
#3613=VECTOR('',#13243,2.502725907201);
#3614=VECTOR('',#13244,0.09);
#3615=VECTOR('',#13247,0.45);
#3616=VECTOR('',#13248,0.32);
#3617=VECTOR('',#13251,0.55);
#3618=VECTOR('',#13252,0.32);
#3619=VECTOR('',#13255,0.212132034355986);
#3620=VECTOR('',#13256,0.32);
#3621=VECTOR('',#13259,1.45);
#3622=VECTOR('',#13260,0.32);
#3623=VECTOR('',#13263,0.3);
#3624=VECTOR('',#13268,0.45);
#3625=VECTOR('',#13269,0.55);
#3626=VECTOR('',#13270,0.212132034356001);
#3627=VECTOR('',#13271,0.9);
#3628=VECTOR('',#13272,0.424264068711872);
#3629=VECTOR('',#13275,0.1);
#3630=VECTOR('',#13276,0.4);
#3631=VECTOR('',#13277,0.1);
#3632=VECTOR('',#13280,0.505899299534923);
#3633=VECTOR('',#13281,0.163541136658794);
#3634=VECTOR('',#13284,0.3883720930233);
#3635=VECTOR('',#13287,0.2);
#3636=VECTOR('',#13288,0.09);
#3637=VECTOR('',#13289,2.502725907201);
#3638=VECTOR('',#13294,0.32);
#3639=VECTOR('',#13297,0.32);
#3640=VECTOR('',#13300,0.32);
#3641=VECTOR('',#13303,0.32);
#3642=VECTOR('',#13308,0.32);
#3643=VECTOR('',#13311,0.32);
#3644=VECTOR('',#13316,3.00166620396114);
#3645=VECTOR('',#13317,16.05);
#3646=VECTOR('',#13318,0.32);
#3647=VECTOR('',#13319,0.32);
#3648=VECTOR('',#13320,0.32);
#3649=VECTOR('',#13321,0.32);
#3650=VECTOR('',#13322,0.505899299534923);
#3651=VECTOR('',#13323,0.32);
#3652=VECTOR('',#13324,0.505899299534923);
#3653=VECTOR('',#13325,0.32);
#3654=VECTOR('',#13326,0.505899299534923);
#3655=VECTOR('',#13327,0.32);
#3656=VECTOR('',#13328,0.505899299534923);
#3657=VECTOR('',#13329,0.32);
#3658=VECTOR('',#13330,0.505899299534923);
#3659=VECTOR('',#13331,0.32);
#3660=VECTOR('',#13332,0.505899299534923);
#3661=VECTOR('',#13333,0.32);
#3662=VECTOR('',#13334,0.505899299534923);
#3663=VECTOR('',#13335,0.32);
#3664=VECTOR('',#13336,0.505899299534923);
#3665=VECTOR('',#13337,0.32);
#3666=VECTOR('',#13338,0.505899299534923);
#3667=VECTOR('',#13339,0.32);
#3668=VECTOR('',#13340,0.505899299534923);
#3669=VECTOR('',#13341,0.32);
#3670=VECTOR('',#13342,0.505899299534923);
#3671=VECTOR('',#13343,0.32);
#3672=VECTOR('',#13344,0.505899299534923);
#3673=VECTOR('',#13345,0.32);
#3674=VECTOR('',#13346,0.505899299534923);
#3675=VECTOR('',#13347,0.32);
#3676=VECTOR('',#13348,0.505899299534923);
#3677=VECTOR('',#13349,0.32);
#3678=VECTOR('',#13350,0.505899299534923);
#3679=VECTOR('',#13351,0.32);
#3680=VECTOR('',#13352,0.505899299534923);
#3681=VECTOR('',#13353,0.32);
#3682=VECTOR('',#13354,0.505899299534923);
#3683=VECTOR('',#13355,0.32);
#3684=VECTOR('',#13356,0.505899299534923);
#3685=VECTOR('',#13357,0.32);
#3686=VECTOR('',#13358,0.505899299534923);
#3687=VECTOR('',#13359,0.32);
#3688=VECTOR('',#13360,0.505899299534923);
#3689=VECTOR('',#13361,0.32);
#3690=VECTOR('',#13362,0.505899299534923);
#3691=VECTOR('',#13363,0.32);
#3692=VECTOR('',#13364,0.505899299534923);
#3693=VECTOR('',#13365,0.32);
#3694=VECTOR('',#13366,0.505899299534923);
#3695=VECTOR('',#13367,0.32);
#3696=VECTOR('',#13368,0.505899299534923);
#3697=VECTOR('',#13369,0.32);
#3698=VECTOR('',#13370,0.505899299534923);
#3699=VECTOR('',#13371,0.32);
#3700=VECTOR('',#13372,0.505899299534923);
#3701=VECTOR('',#13373,0.32);
#3702=VECTOR('',#13376,0.5);
#3703=VECTOR('',#13377,16.05);
#3704=VECTOR('',#13380,0.396988664825584);
#3705=VECTOR('',#13381,16.05);
#3706=VECTOR('',#13384,0.09);
#3707=VECTOR('',#13385,0.865);
#3708=VECTOR('',#13386,0.47);
#3709=VECTOR('',#13387,0.865);
#3710=VECTOR('',#13388,0.32);
#3711=VECTOR('',#13389,0.68);
#3712=VECTOR('',#13390,0.32);
#3713=VECTOR('',#13391,0.68);
#3714=VECTOR('',#13392,0.09);
#3715=VECTOR('',#13393,0.32);
#3716=VECTOR('',#13394,0.09);
#3717=VECTOR('',#13395,0.68);
#3718=VECTOR('',#13396,0.09);
#3719=VECTOR('',#13397,0.32);
#3720=VECTOR('',#13398,0.09);
#3721=VECTOR('',#13399,0.68);
#3722=VECTOR('',#13400,0.09);
#3723=VECTOR('',#13401,0.32);
#3724=VECTOR('',#13402,0.09);
#3725=VECTOR('',#13403,0.68);
#3726=VECTOR('',#13404,0.09);
#3727=VECTOR('',#13405,0.32);
#3728=VECTOR('',#13406,0.09);
#3729=VECTOR('',#13407,0.68);
#3730=VECTOR('',#13408,0.09);
#3731=VECTOR('',#13409,0.32);
#3732=VECTOR('',#13410,0.09);
#3733=VECTOR('',#13411,0.68);
#3734=VECTOR('',#13412,0.09);
#3735=VECTOR('',#13413,0.32);
#3736=VECTOR('',#13414,0.09);
#3737=VECTOR('',#13415,0.68);
#3738=VECTOR('',#13416,0.09);
#3739=VECTOR('',#13417,0.32);
#3740=VECTOR('',#13418,0.09);
#3741=VECTOR('',#13419,0.68);
#3742=VECTOR('',#13420,0.09);
#3743=VECTOR('',#13421,0.32);
#3744=VECTOR('',#13422,0.09);
#3745=VECTOR('',#13423,0.68);
#3746=VECTOR('',#13424,0.09);
#3747=VECTOR('',#13425,0.32);
#3748=VECTOR('',#13426,0.09);
#3749=VECTOR('',#13427,0.68);
#3750=VECTOR('',#13428,0.09);
#3751=VECTOR('',#13429,0.32);
#3752=VECTOR('',#13430,0.09);
#3753=VECTOR('',#13431,0.68);
#3754=VECTOR('',#13432,0.09);
#3755=VECTOR('',#13433,0.32);
#3756=VECTOR('',#13434,0.09);
#3757=VECTOR('',#13435,0.68);
#3758=VECTOR('',#13436,0.09);
#3759=VECTOR('',#13437,0.32);
#3760=VECTOR('',#13438,0.09);
#3761=VECTOR('',#13439,0.68);
#3762=VECTOR('',#13440,0.09);
#3763=VECTOR('',#13441,0.32);
#3764=VECTOR('',#13444,0.45);
#3765=VECTOR('',#13445,0.55);
#3766=VECTOR('',#13446,0.212132034355986);
#3767=VECTOR('',#13447,1.45);
#3768=VECTOR('',#13448,0.3);
#3769=VECTOR('',#13451,0.45);
#3770=VECTOR('',#13452,0.424264068711872);
#3771=VECTOR('',#13453,0.9);
#3772=VECTOR('',#13454,0.212132034356001);
#3773=VECTOR('',#13455,0.55);
#3774=VECTOR('',#13458,0.1);
#3775=VECTOR('',#13459,0.4);
#3776=VECTOR('',#13460,0.1);
#3777=VECTOR('',#13463,0.3883720930233);
#3778=VECTOR('',#13466,0.163541136658794);
#3779=VECTOR('',#13469,0.2);
#3780=VECTOR('',#13472,2.502725907201);
#3781=VECTOR('',#13475,0.45);
#3782=VECTOR('',#13476,0.32);
#3783=VECTOR('',#13479,0.55);
#3784=VECTOR('',#13480,0.32);
#3785=VECTOR('',#13483,0.212132034355986);
#3786=VECTOR('',#13484,0.32);
#3787=VECTOR('',#13487,1.45);
#3788=VECTOR('',#13488,0.32);
#3789=VECTOR('',#13491,0.3);
#3790=VECTOR('',#13496,0.45);
#3791=VECTOR('',#13497,0.55);
#3792=VECTOR('',#13498,0.212132034356001);
#3793=VECTOR('',#13499,0.9);
#3794=VECTOR('',#13500,0.424264068711872);
#3795=VECTOR('',#13503,0.1);
#3796=VECTOR('',#13504,0.1);
#3797=VECTOR('',#13505,0.4);
#3798=VECTOR('',#13508,0.3883720930233);
#3799=VECTOR('',#13509,0.163541136658794);
#3800=VECTOR('',#13514,0.2);
#3801=VECTOR('',#13515,2.502725907201);
#3802=VECTOR('',#13520,0.32);
#3803=VECTOR('',#13523,0.32);
#3804=VECTOR('',#13526,0.32);
#3805=VECTOR('',#13529,0.32);
#3806=VECTOR('',#13534,0.32);
#3807=VECTOR('',#13537,0.32);
#3808=VECTOR('',#13542,0.32);
#3809=VECTOR('',#13545,0.32);
#3810=VECTOR('',#13550,0.32);
#3811=VECTOR('',#13553,2.502725907201);
#3812=VECTOR('',#13554,0.32);
#3813=VECTOR('',#13555,2.502725907201);
#3814=VECTOR('',#13556,2.502725907201);
#3815=VECTOR('',#13557,0.32);
#3816=VECTOR('',#13558,2.502725907201);
#3817=VECTOR('',#13559,2.502725907201);
#3818=VECTOR('',#13560,0.32);
#3819=VECTOR('',#13561,2.502725907201);
#3820=VECTOR('',#13562,2.502725907201);
#3821=VECTOR('',#13563,0.32);
#3822=VECTOR('',#13564,2.502725907201);
#3823=VECTOR('',#13565,2.502725907201);
#3824=VECTOR('',#13566,0.32);
#3825=VECTOR('',#13567,2.502725907201);
#3826=VECTOR('',#13568,2.502725907201);
#3827=VECTOR('',#13569,0.32);
#3828=VECTOR('',#13570,2.502725907201);
#3829=VECTOR('',#13571,2.502725907201);
#3830=VECTOR('',#13572,0.32);
#3831=VECTOR('',#13573,2.502725907201);
#3832=VECTOR('',#13574,2.502725907201);
#3833=VECTOR('',#13575,0.32);
#3834=VECTOR('',#13576,2.502725907201);
#3835=VECTOR('',#13577,2.502725907201);
#3836=VECTOR('',#13578,0.32);
#3837=VECTOR('',#13579,2.502725907201);
#3838=VECTOR('',#13580,2.502725907201);
#3839=VECTOR('',#13581,0.32);
#3840=VECTOR('',#13582,2.502725907201);
#3841=VECTOR('',#13583,2.502725907201);
#3842=VECTOR('',#13584,0.32);
#3843=VECTOR('',#13585,2.502725907201);
#3844=VECTOR('',#13586,2.502725907201);
#3845=VECTOR('',#13587,0.32);
#3846=VECTOR('',#13588,2.502725907201);
#3847=VECTOR('',#13589,0.32);
#3848=VECTOR('',#13590,0.32);
#3849=VECTOR('',#13591,2.55);
#3850=VECTOR('',#13592,0.55);
#3851=VECTOR('',#13593,17.15);
#3852=VECTOR('',#13594,0.2);
#3853=VECTOR('',#13595,0.55);
#3854=VECTOR('',#13598,0.09);
#3855=VECTOR('',#13601,0.09);
#3856=VECTOR('',#13604,0.282842712474581);
#3857=VECTOR('',#13605,4.8);
#3858=VECTOR('',#13606,0.3);
#3859=VECTOR('',#13607,0.25);
#3860=VECTOR('',#13608,0.35);
#3861=VECTOR('',#13609,1.173214285714);
#3862=VECTOR('',#13610,0.226891145346702);
#3863=VECTOR('',#13613,0.283613931683402);
#3864=VECTOR('',#13614,0.4);
#3865=VECTOR('',#13617,0.4);
#3866=VECTOR('',#13620,0.4);
#3867=VECTOR('',#13623,0.4);
#3868=VECTOR('',#13628,1.9);
#3869=VECTOR('',#13629,0.55);
#3870=VECTOR('',#13632,1.4);
#3871=VECTOR('',#13633,0.025);
#3872=VECTOR('',#13634,0.04);
#3873=VECTOR('',#13635,0.46);
#3874=VECTOR('',#13640,3.2);
#3875=VECTOR('',#13641,0.764852927038887);
#3876=VECTOR('',#13642,0.6);
#3877=VECTOR('',#13645,0.575);
#3878=VECTOR('',#13646,1.);
#3879=VECTOR('',#13649,0.7);
#3880=VECTOR('',#13650,1.);
#3881=VECTOR('',#13651,0.575);
#3882=VECTOR('',#13654,0.25);
#3883=VECTOR('',#13657,1.);
#3884=VECTOR('',#13662,0.25);
#3885=VECTOR('',#13667,1.);
#3886=VECTOR('',#13672,1.);
#3887=VECTOR('',#13675,0.7);
#3888=VECTOR('',#13678,1.);
#3889=VECTOR('',#13683,1.);
#3890=VECTOR('',#13686,0.95);
#3891=VECTOR('',#13687,0.7);
#3892=VECTOR('',#13694,0.725);
#3893=VECTOR('',#13695,0.282842712474581);
#3894=VECTOR('',#13696,0.2);
#3895=VECTOR('',#13697,0.1);
#3896=VECTOR('',#13698,2.4);
#3897=VECTOR('',#13701,0.412310562561814);
#3898=VECTOR('',#13704,0.36);
#3899=VECTOR('',#13705,0.412310562561814);
#3900=VECTOR('',#13708,0.2875);
#3901=VECTOR('',#13709,0.0299750608590604);
#3902=VECTOR('',#13712,0.907003996683628);
#3903=VECTOR('',#13713,1.04);
#3904=VECTOR('',#13716,1.04);
#3905=VECTOR('',#13717,0.4);
#3906=VECTOR('',#13720,1.4);
#3907=VECTOR('',#13723,1.04);
#3908=VECTOR('',#13724,0.665);
#3909=VECTOR('',#13725,1.04);
#3910=VECTOR('',#13726,0.9);
#3911=VECTOR('',#13729,0.424264068711872);
#3912=VECTOR('',#13730,3.3);
#3913=VECTOR('',#13731,1.46);
#3914=VECTOR('',#13732,0.74);
#3915=VECTOR('',#13735,1.3);
#3916=VECTOR('',#13740,1.46);
#3917=VECTOR('',#13743,0.74);
#3918=VECTOR('',#13750,0.212132034356001);
#3919=VECTOR('',#13751,0.2551923788647);
#3920=VECTOR('',#13752,0.29999999999999);
#3921=VECTOR('',#13755,0.29999999999999);
#3922=VECTOR('',#13756,0.2551923788647);
#3923=VECTOR('',#13757,0.212132034356001);
#3924=VECTOR('',#13760,0.907003996683628);
#3925=VECTOR('',#13761,0.4);
#3926=VECTOR('',#13762,0.2875);
#3927=VECTOR('',#13767,1.04);
#3928=VECTOR('',#13770,1.04);
#3929=VECTOR('',#13775,1.04);
#3930=VECTOR('',#13778,1.04);
#3931=VECTOR('',#13783,1.006924070776);
#3932=VECTOR('',#13784,0.0299750608590607);
#3933=VECTOR('',#13785,1.04);
#3934=VECTOR('',#13786,0.0299750608590607);
#3935=VECTOR('',#13789,0.385712522843209);
#3936=VECTOR('',#13790,0.385712522843209);
#3937=VECTOR('',#13807,0.45);
#3938=VECTOR('',#13808,0.3);
#3939=VECTOR('',#13809,1.45);
#3940=VECTOR('',#13810,0.212132034355986);
#3941=VECTOR('',#13811,0.55);
#3942=VECTOR('',#13814,0.45);
#3943=VECTOR('',#13815,0.55);
#3944=VECTOR('',#13816,0.212132034356001);
#3945=VECTOR('',#13817,0.9);
#3946=VECTOR('',#13818,0.424264068711872);
#3947=VECTOR('',#13821,0.1);
#3948=VECTOR('',#13822,0.1);
#3949=VECTOR('',#13823,0.4);
#3950=VECTOR('',#13826,0.3883720930233);
#3951=VECTOR('',#13827,0.163541136658794);
#3952=VECTOR('',#13832,0.2);
#3953=VECTOR('',#13837,0.45);
#3954=VECTOR('',#13838,0.32);
#3955=VECTOR('',#13841,0.55);
#3956=VECTOR('',#13842,0.212132034355986);
#3957=VECTOR('',#13843,1.45);
#3958=VECTOR('',#13844,0.3);
#3959=VECTOR('',#13847,0.45);
#3960=VECTOR('',#13848,0.424264068711872);
#3961=VECTOR('',#13849,0.9);
#3962=VECTOR('',#13850,0.212132034356001);
#3963=VECTOR('',#13851,0.55);
#3964=VECTOR('',#13854,0.1);
#3965=VECTOR('',#13855,0.4);
#3966=VECTOR('',#13856,0.1);
#3967=VECTOR('',#13859,0.3883720930233);
#3968=VECTOR('',#13862,0.163541136658794);
#3969=VECTOR('',#13865,0.2);
#3970=VECTOR('',#13870,0.32);
#3971=VECTOR('',#13873,0.32);
#3972=VECTOR('',#13876,0.32);
#3973=VECTOR('',#13881,0.32);
#3974=VECTOR('',#13884,0.32);
#3975=VECTOR('',#13887,0.32);
#3976=VECTOR('',#13890,0.32);
#3977=VECTOR('',#13895,0.32);
#3978=VECTOR('',#13898,0.32);
#3979=VECTOR('',#13903,0.32);
#3980=VECTOR('',#13906,0.32);
#3981=VECTOR('',#13911,0.32);
#3982=VECTOR('',#13914,0.32);
#3983=VECTOR('',#13915,0.89);
#3984=VECTOR('',#13916,0.89);
#3985=VECTOR('',#13917,0.32);
#3986=VECTOR('',#13918,0.32);
#3987=VECTOR('',#13919,0.32);
#3988=VECTOR('',#13920,0.32);
#3989=VECTOR('',#13921,0.32);
#3990=VECTOR('',#13922,0.32);
#3991=VECTOR('',#13923,0.32);
#3992=VECTOR('',#13924,0.32);
#3993=VECTOR('',#13925,0.32);
#3994=VECTOR('',#13926,0.32);
#3995=VECTOR('',#13927,0.32);
#3996=VECTOR('',#13928,0.32);
#3997=VECTOR('',#13929,0.32);
#3998=VECTOR('',#13936,0.2);
#3999=VECTOR('',#13937,0.2);
#4000=VECTOR('',#13940,0.45);
#4001=VECTOR('',#13941,0.3);
#4002=VECTOR('',#13942,1.45);
#4003=VECTOR('',#13943,0.212132034355986);
#4004=VECTOR('',#13944,0.55);
#4005=VECTOR('',#13947,0.45);
#4006=VECTOR('',#13948,0.55);
#4007=VECTOR('',#13949,0.212132034356001);
#4008=VECTOR('',#13950,0.9);
#4009=VECTOR('',#13951,0.424264068711872);
#4010=VECTOR('',#13954,0.1);
#4011=VECTOR('',#13955,0.1);
#4012=VECTOR('',#13956,0.4);
#4013=VECTOR('',#13959,0.3883720930233);
#4014=VECTOR('',#13960,0.163541136658794);
#4015=VECTOR('',#13969,0.45);
#4016=VECTOR('',#13970,0.32);
#4017=VECTOR('',#13973,0.55);
#4018=VECTOR('',#13974,0.212132034355986);
#4019=VECTOR('',#13975,1.45);
#4020=VECTOR('',#13976,0.3);
#4021=VECTOR('',#13979,0.45);
#4022=VECTOR('',#13980,0.424264068711872);
#4023=VECTOR('',#13981,0.9);
#4024=VECTOR('',#13982,0.212132034356001);
#4025=VECTOR('',#13983,0.55);
#4026=VECTOR('',#13986,0.1);
#4027=VECTOR('',#13987,0.4);
#4028=VECTOR('',#13988,0.1);
#4029=VECTOR('',#13991,0.3883720930233);
#4030=VECTOR('',#13994,0.163541136658794);
#4031=VECTOR('',#14001,0.32);
#4032=VECTOR('',#14004,0.32);
#4033=VECTOR('',#14007,0.32);
#4034=VECTOR('',#14012,0.32);
#4035=VECTOR('',#14015,0.32);
#4036=VECTOR('',#14018,0.32);
#4037=VECTOR('',#14021,0.32);
#4038=VECTOR('',#14026,0.32);
#4039=VECTOR('',#14029,0.32);
#4040=VECTOR('',#14034,0.32);
#4041=VECTOR('',#14037,0.32);
#4042=VECTOR('',#14044,0.2);
#4043=VECTOR('',#14045,0.2);
#4044=VECTOR('',#14048,0.45);
#4045=VECTOR('',#14049,0.3);
#4046=VECTOR('',#14050,1.45);
#4047=VECTOR('',#14051,0.212132034355986);
#4048=VECTOR('',#14052,0.55);
#4049=VECTOR('',#14055,0.45);
#4050=VECTOR('',#14056,0.55);
#4051=VECTOR('',#14057,0.212132034356001);
#4052=VECTOR('',#14058,0.9);
#4053=VECTOR('',#14059,0.424264068711872);
#4054=VECTOR('',#14062,0.1);
#4055=VECTOR('',#14063,0.1);
#4056=VECTOR('',#14064,0.4);
#4057=VECTOR('',#14067,0.3883720930233);
#4058=VECTOR('',#14068,0.163541136658794);
#4059=VECTOR('',#14077,0.45);
#4060=VECTOR('',#14078,0.32);
#4061=VECTOR('',#14081,0.55);
#4062=VECTOR('',#14082,0.212132034355986);
#4063=VECTOR('',#14083,1.45);
#4064=VECTOR('',#14084,0.3);
#4065=VECTOR('',#14087,0.45);
#4066=VECTOR('',#14088,0.424264068711872);
#4067=VECTOR('',#14089,0.9);
#4068=VECTOR('',#14090,0.212132034356001);
#4069=VECTOR('',#14091,0.55);
#4070=VECTOR('',#14094,0.1);
#4071=VECTOR('',#14095,0.4);
#4072=VECTOR('',#14096,0.1);
#4073=VECTOR('',#14099,0.3883720930233);
#4074=VECTOR('',#14102,0.163541136658794);
#4075=VECTOR('',#14109,0.32);
#4076=VECTOR('',#14112,0.32);
#4077=VECTOR('',#14115,0.32);
#4078=VECTOR('',#14120,0.32);
#4079=VECTOR('',#14123,0.32);
#4080=VECTOR('',#14126,0.32);
#4081=VECTOR('',#14129,0.32);
#4082=VECTOR('',#14134,0.32);
#4083=VECTOR('',#14137,0.32);
#4084=VECTOR('',#14142,0.32);
#4085=VECTOR('',#14145,0.32);
#4086=VECTOR('',#14152,0.2);
#4087=VECTOR('',#14153,0.2);
#4088=VECTOR('',#14156,0.45);
#4089=VECTOR('',#14157,0.3);
#4090=VECTOR('',#14158,1.45);
#4091=VECTOR('',#14159,0.212132034355986);
#4092=VECTOR('',#14160,0.55);
#4093=VECTOR('',#14163,0.45);
#4094=VECTOR('',#14164,0.55);
#4095=VECTOR('',#14165,0.212132034356001);
#4096=VECTOR('',#14166,0.9);
#4097=VECTOR('',#14167,0.424264068711872);
#4098=VECTOR('',#14170,0.1);
#4099=VECTOR('',#14171,0.1);
#4100=VECTOR('',#14172,0.4);
#4101=VECTOR('',#14175,0.3883720930233);
#4102=VECTOR('',#14176,0.163541136658794);
#4103=VECTOR('',#14185,0.45);
#4104=VECTOR('',#14186,0.32);
#4105=VECTOR('',#14189,0.55);
#4106=VECTOR('',#14190,0.212132034355986);
#4107=VECTOR('',#14191,1.45);
#4108=VECTOR('',#14192,0.3);
#4109=VECTOR('',#14195,0.45);
#4110=VECTOR('',#14196,0.424264068711872);
#4111=VECTOR('',#14197,0.9);
#4112=VECTOR('',#14198,0.212132034356001);
#4113=VECTOR('',#14199,0.55);
#4114=VECTOR('',#14202,0.1);
#4115=VECTOR('',#14203,0.4);
#4116=VECTOR('',#14204,0.1);
#4117=VECTOR('',#14207,0.3883720930233);
#4118=VECTOR('',#14210,0.163541136658794);
#4119=VECTOR('',#14217,0.32);
#4120=VECTOR('',#14220,0.32);
#4121=VECTOR('',#14223,0.32);
#4122=VECTOR('',#14228,0.32);
#4123=VECTOR('',#14231,0.32);
#4124=VECTOR('',#14234,0.32);
#4125=VECTOR('',#14237,0.32);
#4126=VECTOR('',#14242,0.32);
#4127=VECTOR('',#14245,0.32);
#4128=VECTOR('',#14250,0.32);
#4129=VECTOR('',#14253,0.32);
#4130=VECTOR('',#14260,0.2);
#4131=VECTOR('',#14261,0.2);
#4132=VECTOR('',#14264,0.45);
#4133=VECTOR('',#14265,0.3);
#4134=VECTOR('',#14266,1.45);
#4135=VECTOR('',#14267,0.212132034355986);
#4136=VECTOR('',#14268,0.55);
#4137=VECTOR('',#14271,0.45);
#4138=VECTOR('',#14272,0.55);
#4139=VECTOR('',#14273,0.212132034356001);
#4140=VECTOR('',#14274,0.9);
#4141=VECTOR('',#14275,0.424264068711872);
#4142=VECTOR('',#14278,0.1);
#4143=VECTOR('',#14279,0.1);
#4144=VECTOR('',#14280,0.4);
#4145=VECTOR('',#14283,0.3883720930233);
#4146=VECTOR('',#14284,0.163541136658794);
#4147=VECTOR('',#14293,0.45);
#4148=VECTOR('',#14294,0.32);
#4149=VECTOR('',#14297,0.55);
#4150=VECTOR('',#14298,0.212132034355986);
#4151=VECTOR('',#14299,1.45);
#4152=VECTOR('',#14300,0.3);
#4153=VECTOR('',#14303,0.45);
#4154=VECTOR('',#14304,0.424264068711872);
#4155=VECTOR('',#14305,0.9);
#4156=VECTOR('',#14306,0.212132034356001);
#4157=VECTOR('',#14307,0.55);
#4158=VECTOR('',#14310,0.1);
#4159=VECTOR('',#14311,0.4);
#4160=VECTOR('',#14312,0.1);
#4161=VECTOR('',#14315,0.3883720930233);
#4162=VECTOR('',#14318,0.163541136658794);
#4163=VECTOR('',#14325,0.32);
#4164=VECTOR('',#14328,0.32);
#4165=VECTOR('',#14331,0.32);
#4166=VECTOR('',#14336,0.32);
#4167=VECTOR('',#14339,0.32);
#4168=VECTOR('',#14342,0.32);
#4169=VECTOR('',#14345,0.32);
#4170=VECTOR('',#14350,0.32);
#4171=VECTOR('',#14353,0.32);
#4172=VECTOR('',#14358,0.32);
#4173=VECTOR('',#14361,0.32);
#4174=VECTOR('',#14368,0.2);
#4175=VECTOR('',#14369,0.2);
#4176=VECTOR('',#14372,0.45);
#4177=VECTOR('',#14373,0.3);
#4178=VECTOR('',#14374,1.45);
#4179=VECTOR('',#14375,0.212132034355986);
#4180=VECTOR('',#14376,0.55);
#4181=VECTOR('',#14379,0.45);
#4182=VECTOR('',#14380,0.55);
#4183=VECTOR('',#14381,0.212132034356001);
#4184=VECTOR('',#14382,0.9);
#4185=VECTOR('',#14383,0.424264068711872);
#4186=VECTOR('',#14386,0.1);
#4187=VECTOR('',#14387,0.1);
#4188=VECTOR('',#14388,0.4);
#4189=VECTOR('',#14391,0.3883720930233);
#4190=VECTOR('',#14392,0.163541136658794);
#4191=VECTOR('',#14401,0.45);
#4192=VECTOR('',#14402,0.32);
#4193=VECTOR('',#14405,0.55);
#4194=VECTOR('',#14406,0.212132034355986);
#4195=VECTOR('',#14407,1.45);
#4196=VECTOR('',#14408,0.3);
#4197=VECTOR('',#14411,0.45);
#4198=VECTOR('',#14412,0.424264068711872);
#4199=VECTOR('',#14413,0.9);
#4200=VECTOR('',#14414,0.212132034356001);
#4201=VECTOR('',#14415,0.55);
#4202=VECTOR('',#14418,0.1);
#4203=VECTOR('',#14419,0.4);
#4204=VECTOR('',#14420,0.1);
#4205=VECTOR('',#14423,0.3883720930233);
#4206=VECTOR('',#14426,0.163541136658794);
#4207=VECTOR('',#14433,0.32);
#4208=VECTOR('',#14436,0.32);
#4209=VECTOR('',#14439,0.32);
#4210=VECTOR('',#14444,0.32);
#4211=VECTOR('',#14447,0.32);
#4212=VECTOR('',#14450,0.32);
#4213=VECTOR('',#14453,0.32);
#4214=VECTOR('',#14458,0.32);
#4215=VECTOR('',#14461,0.32);
#4216=VECTOR('',#14466,0.32);
#4217=VECTOR('',#14469,0.32);
#4218=VECTOR('',#14476,0.2);
#4219=VECTOR('',#14477,0.2);
#4220=VECTOR('',#14480,0.45);
#4221=VECTOR('',#14481,0.3);
#4222=VECTOR('',#14482,1.45);
#4223=VECTOR('',#14483,0.212132034355986);
#4224=VECTOR('',#14484,0.55);
#4225=VECTOR('',#14487,0.45);
#4226=VECTOR('',#14488,0.55);
#4227=VECTOR('',#14489,0.212132034356001);
#4228=VECTOR('',#14490,0.9);
#4229=VECTOR('',#14491,0.424264068711872);
#4230=VECTOR('',#14494,0.1);
#4231=VECTOR('',#14495,0.1);
#4232=VECTOR('',#14496,0.4);
#4233=VECTOR('',#14499,0.3883720930233);
#4234=VECTOR('',#14500,0.163541136658794);
#4235=VECTOR('',#14509,0.45);
#4236=VECTOR('',#14510,0.32);
#4237=VECTOR('',#14513,0.55);
#4238=VECTOR('',#14514,0.212132034355986);
#4239=VECTOR('',#14515,1.45);
#4240=VECTOR('',#14516,0.3);
#4241=VECTOR('',#14519,0.45);
#4242=VECTOR('',#14520,0.424264068711872);
#4243=VECTOR('',#14521,0.9);
#4244=VECTOR('',#14522,0.212132034356001);
#4245=VECTOR('',#14523,0.55);
#4246=VECTOR('',#14526,0.1);
#4247=VECTOR('',#14527,0.4);
#4248=VECTOR('',#14528,0.1);
#4249=VECTOR('',#14531,0.3883720930233);
#4250=VECTOR('',#14534,0.163541136658794);
#4251=VECTOR('',#14541,0.32);
#4252=VECTOR('',#14544,0.32);
#4253=VECTOR('',#14547,0.32);
#4254=VECTOR('',#14552,0.32);
#4255=VECTOR('',#14555,0.32);
#4256=VECTOR('',#14558,0.32);
#4257=VECTOR('',#14561,0.32);
#4258=VECTOR('',#14566,0.32);
#4259=VECTOR('',#14569,0.32);
#4260=VECTOR('',#14574,0.32);
#4261=VECTOR('',#14577,0.32);
#4262=VECTOR('',#14584,0.2);
#4263=VECTOR('',#14585,0.2);
#4264=VECTOR('',#14588,0.45);
#4265=VECTOR('',#14589,0.3);
#4266=VECTOR('',#14590,1.45);
#4267=VECTOR('',#14591,0.212132034355986);
#4268=VECTOR('',#14592,0.55);
#4269=VECTOR('',#14595,0.45);
#4270=VECTOR('',#14596,0.55);
#4271=VECTOR('',#14597,0.212132034356001);
#4272=VECTOR('',#14598,0.9);
#4273=VECTOR('',#14599,0.424264068711872);
#4274=VECTOR('',#14602,0.1);
#4275=VECTOR('',#14603,0.1);
#4276=VECTOR('',#14604,0.4);
#4277=VECTOR('',#14607,0.3883720930233);
#4278=VECTOR('',#14608,0.163541136658794);
#4279=VECTOR('',#14617,0.45);
#4280=VECTOR('',#14618,0.32);
#4281=VECTOR('',#14621,0.55);
#4282=VECTOR('',#14622,0.212132034355986);
#4283=VECTOR('',#14623,1.45);
#4284=VECTOR('',#14624,0.3);
#4285=VECTOR('',#14627,0.45);
#4286=VECTOR('',#14628,0.424264068711872);
#4287=VECTOR('',#14629,0.9);
#4288=VECTOR('',#14630,0.212132034356001);
#4289=VECTOR('',#14631,0.55);
#4290=VECTOR('',#14634,0.1);
#4291=VECTOR('',#14635,0.4);
#4292=VECTOR('',#14636,0.1);
#4293=VECTOR('',#14639,0.3883720930233);
#4294=VECTOR('',#14642,0.163541136658794);
#4295=VECTOR('',#14649,0.32);
#4296=VECTOR('',#14652,0.32);
#4297=VECTOR('',#14655,0.32);
#4298=VECTOR('',#14660,0.32);
#4299=VECTOR('',#14663,0.32);
#4300=VECTOR('',#14666,0.32);
#4301=VECTOR('',#14669,0.32);
#4302=VECTOR('',#14674,0.32);
#4303=VECTOR('',#14677,0.32);
#4304=VECTOR('',#14682,0.32);
#4305=VECTOR('',#14685,0.32);
#4306=VECTOR('',#14692,0.2);
#4307=VECTOR('',#14693,0.2);
#4308=VECTOR('',#14696,0.45);
#4309=VECTOR('',#14697,0.3);
#4310=VECTOR('',#14698,1.45);
#4311=VECTOR('',#14699,0.212132034355986);
#4312=VECTOR('',#14700,0.55);
#4313=VECTOR('',#14703,0.45);
#4314=VECTOR('',#14704,0.55);
#4315=VECTOR('',#14705,0.212132034356001);
#4316=VECTOR('',#14706,0.9);
#4317=VECTOR('',#14707,0.424264068711872);
#4318=VECTOR('',#14710,0.1);
#4319=VECTOR('',#14711,0.1);
#4320=VECTOR('',#14712,0.4);
#4321=VECTOR('',#14715,0.3883720930233);
#4322=VECTOR('',#14716,0.163541136658794);
#4323=VECTOR('',#14725,0.45);
#4324=VECTOR('',#14726,0.32);
#4325=VECTOR('',#14729,0.55);
#4326=VECTOR('',#14730,0.212132034355986);
#4327=VECTOR('',#14731,1.45);
#4328=VECTOR('',#14732,0.3);
#4329=VECTOR('',#14735,0.45);
#4330=VECTOR('',#14736,0.424264068711872);
#4331=VECTOR('',#14737,0.9);
#4332=VECTOR('',#14738,0.212132034356001);
#4333=VECTOR('',#14739,0.55);
#4334=VECTOR('',#14742,0.1);
#4335=VECTOR('',#14743,0.4);
#4336=VECTOR('',#14744,0.1);
#4337=VECTOR('',#14747,0.3883720930233);
#4338=VECTOR('',#14750,0.163541136658794);
#4339=VECTOR('',#14757,0.32);
#4340=VECTOR('',#14760,0.32);
#4341=VECTOR('',#14763,0.32);
#4342=VECTOR('',#14768,0.32);
#4343=VECTOR('',#14771,0.32);
#4344=VECTOR('',#14774,0.32);
#4345=VECTOR('',#14777,0.32);
#4346=VECTOR('',#14782,0.32);
#4347=VECTOR('',#14785,0.32);
#4348=VECTOR('',#14790,0.32);
#4349=VECTOR('',#14793,0.32);
#4350=VECTOR('',#14800,0.2);
#4351=VECTOR('',#14801,0.2);
#4352=VECTOR('',#14804,0.45);
#4353=VECTOR('',#14805,0.3);
#4354=VECTOR('',#14806,1.45);
#4355=VECTOR('',#14807,0.212132034355986);
#4356=VECTOR('',#14808,0.55);
#4357=VECTOR('',#14811,0.45);
#4358=VECTOR('',#14812,0.55);
#4359=VECTOR('',#14813,0.212132034356001);
#4360=VECTOR('',#14814,0.9);
#4361=VECTOR('',#14815,0.424264068711872);
#4362=VECTOR('',#14818,0.1);
#4363=VECTOR('',#14819,0.1);
#4364=VECTOR('',#14820,0.4);
#4365=VECTOR('',#14823,0.3883720930233);
#4366=VECTOR('',#14824,0.163541136658794);
#4367=VECTOR('',#14833,0.45);
#4368=VECTOR('',#14834,0.32);
#4369=VECTOR('',#14837,0.55);
#4370=VECTOR('',#14838,0.212132034355986);
#4371=VECTOR('',#14839,1.45);
#4372=VECTOR('',#14840,0.3);
#4373=VECTOR('',#14843,0.45);
#4374=VECTOR('',#14844,0.424264068711872);
#4375=VECTOR('',#14845,0.9);
#4376=VECTOR('',#14846,0.212132034356001);
#4377=VECTOR('',#14847,0.55);
#4378=VECTOR('',#14850,0.1);
#4379=VECTOR('',#14851,0.4);
#4380=VECTOR('',#14852,0.1);
#4381=VECTOR('',#14855,0.3883720930233);
#4382=VECTOR('',#14858,0.163541136658794);
#4383=VECTOR('',#14865,0.32);
#4384=VECTOR('',#14868,0.32);
#4385=VECTOR('',#14871,0.32);
#4386=VECTOR('',#14876,0.32);
#4387=VECTOR('',#14879,0.32);
#4388=VECTOR('',#14882,0.32);
#4389=VECTOR('',#14885,0.32);
#4390=VECTOR('',#14890,0.32);
#4391=VECTOR('',#14893,0.32);
#4392=VECTOR('',#14898,0.32);
#4393=VECTOR('',#14901,0.32);
#4394=VECTOR('',#14908,0.2);
#4395=VECTOR('',#14909,0.2);
#4396=VECTOR('',#14912,0.45);
#4397=VECTOR('',#14913,0.3);
#4398=VECTOR('',#14914,1.45);
#4399=VECTOR('',#14915,0.212132034355986);
#4400=VECTOR('',#14916,0.55);
#4401=VECTOR('',#14919,0.45);
#4402=VECTOR('',#14920,0.55);
#4403=VECTOR('',#14921,0.212132034356001);
#4404=VECTOR('',#14922,0.9);
#4405=VECTOR('',#14923,0.424264068711872);
#4406=VECTOR('',#14926,0.1);
#4407=VECTOR('',#14927,0.1);
#4408=VECTOR('',#14928,0.4);
#4409=VECTOR('',#14931,0.3883720930233);
#4410=VECTOR('',#14932,0.163541136658794);
#4411=VECTOR('',#14941,0.45);
#4412=VECTOR('',#14942,0.32);
#4413=VECTOR('',#14945,0.55);
#4414=VECTOR('',#14946,0.212132034355986);
#4415=VECTOR('',#14947,1.45);
#4416=VECTOR('',#14948,0.3);
#4417=VECTOR('',#14951,0.45);
#4418=VECTOR('',#14952,0.424264068711872);
#4419=VECTOR('',#14953,0.9);
#4420=VECTOR('',#14954,0.212132034356001);
#4421=VECTOR('',#14955,0.55);
#4422=VECTOR('',#14958,0.1);
#4423=VECTOR('',#14959,0.4);
#4424=VECTOR('',#14960,0.1);
#4425=VECTOR('',#14963,0.3883720930233);
#4426=VECTOR('',#14966,0.163541136658794);
#4427=VECTOR('',#14973,0.32);
#4428=VECTOR('',#14976,0.32);
#4429=VECTOR('',#14979,0.32);
#4430=VECTOR('',#14984,0.32);
#4431=VECTOR('',#14987,0.32);
#4432=VECTOR('',#14990,0.32);
#4433=VECTOR('',#14993,0.32);
#4434=VECTOR('',#14998,0.32);
#4435=VECTOR('',#15001,0.32);
#4436=VECTOR('',#15006,0.32);
#4437=VECTOR('',#15009,0.32);
#4438=VECTOR('',#15016,0.2);
#4439=VECTOR('',#15017,0.2);
#4440=VECTOR('',#15020,0.45);
#4441=VECTOR('',#15021,0.3);
#4442=VECTOR('',#15022,1.45);
#4443=VECTOR('',#15023,0.212132034355986);
#4444=VECTOR('',#15024,0.55);
#4445=VECTOR('',#15027,0.45);
#4446=VECTOR('',#15028,0.55);
#4447=VECTOR('',#15029,0.212132034356001);
#4448=VECTOR('',#15030,0.9);
#4449=VECTOR('',#15031,0.424264068711872);
#4450=VECTOR('',#15034,0.1);
#4451=VECTOR('',#15035,0.1);
#4452=VECTOR('',#15036,0.4);
#4453=VECTOR('',#15039,0.3883720930233);
#4454=VECTOR('',#15040,0.163541136658794);
#4455=VECTOR('',#15049,0.45);
#4456=VECTOR('',#15050,0.32);
#4457=VECTOR('',#15053,0.55);
#4458=VECTOR('',#15054,0.212132034355986);
#4459=VECTOR('',#15055,1.45);
#4460=VECTOR('',#15056,0.3);
#4461=VECTOR('',#15059,0.45);
#4462=VECTOR('',#15060,0.424264068711872);
#4463=VECTOR('',#15061,0.9);
#4464=VECTOR('',#15062,0.212132034356001);
#4465=VECTOR('',#15063,0.55);
#4466=VECTOR('',#15066,0.1);
#4467=VECTOR('',#15067,0.4);
#4468=VECTOR('',#15068,0.1);
#4469=VECTOR('',#15071,0.3883720930233);
#4470=VECTOR('',#15074,0.163541136658794);
#4471=VECTOR('',#15081,0.32);
#4472=VECTOR('',#15084,0.32);
#4473=VECTOR('',#15087,0.32);
#4474=VECTOR('',#15092,0.32);
#4475=VECTOR('',#15095,0.32);
#4476=VECTOR('',#15098,0.32);
#4477=VECTOR('',#15101,0.32);
#4478=VECTOR('',#15106,0.32);
#4479=VECTOR('',#15109,0.32);
#4480=VECTOR('',#15114,0.32);
#4481=VECTOR('',#15117,0.32);
#4482=VECTOR('',#15132,0.32);
#4483=VECTOR('',#15135,0.32);
#4484=VECTOR('',#15140,0.32);
#4485=VECTOR('',#15143,0.32);
#4486=VECTOR('',#15148,0.32);
#4487=VECTOR('',#15151,0.32);
#4488=VECTOR('',#15156,0.32);
#4489=VECTOR('',#15159,0.32);
#4490=VECTOR('',#15162,0.32);
#4491=VECTOR('',#15165,0.32);
#4492=VECTOR('',#15170,0.32);
#4493=VECTOR('',#15173,0.32);
#4494=VECTOR('',#15176,0.32);
#4495=VECTOR('',#15183,0.577350269189581);
#4496=VERTEX_POINT('',#15188);
#4497=VERTEX_POINT('',#15189);
#4498=VERTEX_POINT('',#15191);
#4499=VERTEX_POINT('',#15193);
#4500=VERTEX_POINT('',#15195);
#4501=VERTEX_POINT('',#15197);
#4502=VERTEX_POINT('',#15199);
#4503=VERTEX_POINT('',#15201);
#4504=VERTEX_POINT('',#15205);
#4505=VERTEX_POINT('',#15206);
#4506=VERTEX_POINT('',#15208);
#4507=VERTEX_POINT('',#15211);
#4508=VERTEX_POINT('',#15213);
#4509=VERTEX_POINT('',#15215);
#4510=VERTEX_POINT('',#15219);
#4511=VERTEX_POINT('',#15220);
#4512=VERTEX_POINT('',#15222);
#4513=VERTEX_POINT('',#15224);
#4514=VERTEX_POINT('',#15226);
#4515=VERTEX_POINT('',#15228);
#4516=VERTEX_POINT('',#15230);
#4517=VERTEX_POINT('',#15232);
#4518=VERTEX_POINT('',#15234);
#4519=VERTEX_POINT('',#15236);
#4520=VERTEX_POINT('',#15238);
#4521=VERTEX_POINT('',#15240);
#4522=VERTEX_POINT('',#15242);
#4523=VERTEX_POINT('',#15244);
#4524=VERTEX_POINT('',#15246);
#4525=VERTEX_POINT('',#15248);
#4526=VERTEX_POINT('',#15252);
#4527=VERTEX_POINT('',#15253);
#4528=VERTEX_POINT('',#15255);
#4529=VERTEX_POINT('',#15257);
#4530=VERTEX_POINT('',#15259);
#4531=VERTEX_POINT('',#15261);
#4532=VERTEX_POINT('',#15263);
#4533=VERTEX_POINT('',#15265);
#4534=VERTEX_POINT('',#15267);
#4535=VERTEX_POINT('',#15269);
#4536=VERTEX_POINT('',#15271);
#4537=VERTEX_POINT('',#15274);
#4538=VERTEX_POINT('',#15276);
#4539=VERTEX_POINT('',#15278);
#4540=VERTEX_POINT('',#15282);
#4541=VERTEX_POINT('',#15284);
#4542=VERTEX_POINT('',#15286);
#4543=VERTEX_POINT('',#15288);
#4544=VERTEX_POINT('',#15290);
#4545=VERTEX_POINT('',#15292);
#4546=VERTEX_POINT('',#15296);
#4547=VERTEX_POINT('',#15298);
#4548=VERTEX_POINT('',#15302);
#4549=VERTEX_POINT('',#15304);
#4550=VERTEX_POINT('',#15308);
#4551=VERTEX_POINT('',#15310);
#4552=VERTEX_POINT('',#15312);
#4553=VERTEX_POINT('',#15314);
#4554=VERTEX_POINT('',#15316);
#4555=VERTEX_POINT('',#15318);
#4556=VERTEX_POINT('',#15320);
#4557=VERTEX_POINT('',#15324);
#4558=VERTEX_POINT('',#15326);
#4559=VERTEX_POINT('',#15328);
#4560=VERTEX_POINT('',#15332);
#4561=VERTEX_POINT('',#15334);
#4562=VERTEX_POINT('',#15336);
#4563=VERTEX_POINT('',#15338);
#4564=VERTEX_POINT('',#15340);
#4565=VERTEX_POINT('',#15342);
#4566=VERTEX_POINT('',#15344);
#4567=VERTEX_POINT('',#15346);
#4568=VERTEX_POINT('',#15348);
#4569=VERTEX_POINT('',#15350);
#4570=VERTEX_POINT('',#15352);
#4571=VERTEX_POINT('',#15354);
#4572=VERTEX_POINT('',#15356);
#4573=VERTEX_POINT('',#15360);
#4574=VERTEX_POINT('',#15362);
#4575=VERTEX_POINT('',#15364);
#4576=VERTEX_POINT('',#15366);
#4577=VERTEX_POINT('',#15370);
#4578=VERTEX_POINT('',#15374);
#4579=VERTEX_POINT('',#15378);
#4580=VERTEX_POINT('',#15382);
#4581=VERTEX_POINT('',#15386);
#4582=VERTEX_POINT('',#15387);
#4583=VERTEX_POINT('',#15389);
#4584=VERTEX_POINT('',#15391);
#4585=VERTEX_POINT('',#15393);
#4586=VERTEX_POINT('',#15395);
#4587=VERTEX_POINT('',#15398);
#4588=VERTEX_POINT('',#15400);
#4589=VERTEX_POINT('',#15403);
#4590=VERTEX_POINT('',#15405);
#4591=VERTEX_POINT('',#15407);
#4592=VERTEX_POINT('',#15409);
#4593=VERTEX_POINT('',#15411);
#4594=VERTEX_POINT('',#15413);
#4595=VERTEX_POINT('',#15415);
#4596=VERTEX_POINT('',#15417);
#4597=VERTEX_POINT('',#15419);
#4598=VERTEX_POINT('',#15421);
#4599=VERTEX_POINT('',#15423);
#4600=VERTEX_POINT('',#15425);
#4601=VERTEX_POINT('',#15427);
#4602=VERTEX_POINT('',#15429);
#4603=VERTEX_POINT('',#15431);
#4604=VERTEX_POINT('',#15433);
#4605=VERTEX_POINT('',#15435);
#4606=VERTEX_POINT('',#15437);
#4607=VERTEX_POINT('',#15439);
#4608=VERTEX_POINT('',#15441);
#4609=VERTEX_POINT('',#15443);
#4610=VERTEX_POINT('',#15445);
#4611=VERTEX_POINT('',#15447);
#4612=VERTEX_POINT('',#15449);
#4613=VERTEX_POINT('',#15451);
#4614=VERTEX_POINT('',#15453);
#4615=VERTEX_POINT('',#15455);
#4616=VERTEX_POINT('',#15457);
#4617=VERTEX_POINT('',#15459);
#4618=VERTEX_POINT('',#15461);
#4619=VERTEX_POINT('',#15463);
#4620=VERTEX_POINT('',#15465);
#4621=VERTEX_POINT('',#15467);
#4622=VERTEX_POINT('',#15469);
#4623=VERTEX_POINT('',#15471);
#4624=VERTEX_POINT('',#15473);
#4625=VERTEX_POINT('',#15475);
#4626=VERTEX_POINT('',#15477);
#4627=VERTEX_POINT('',#15479);
#4628=VERTEX_POINT('',#15481);
#4629=VERTEX_POINT('',#15483);
#4630=VERTEX_POINT('',#15485);
#4631=VERTEX_POINT('',#15487);
#4632=VERTEX_POINT('',#15489);
#4633=VERTEX_POINT('',#15491);
#4634=VERTEX_POINT('',#15493);
#4635=VERTEX_POINT('',#15495);
#4636=VERTEX_POINT('',#15497);
#4637=VERTEX_POINT('',#15499);
#4638=VERTEX_POINT('',#15501);
#4639=VERTEX_POINT('',#15503);
#4640=VERTEX_POINT('',#15505);
#4641=VERTEX_POINT('',#15507);
#4642=VERTEX_POINT('',#15509);
#4643=VERTEX_POINT('',#15511);
#4644=VERTEX_POINT('',#15513);
#4645=VERTEX_POINT('',#15515);
#4646=VERTEX_POINT('',#15517);
#4647=VERTEX_POINT('',#15519);
#4648=VERTEX_POINT('',#15521);
#4649=VERTEX_POINT('',#15523);
#4650=VERTEX_POINT('',#15525);
#4651=VERTEX_POINT('',#15527);
#4652=VERTEX_POINT('',#15529);
#4653=VERTEX_POINT('',#15531);
#4654=VERTEX_POINT('',#15533);
#4655=VERTEX_POINT('',#15535);
#4656=VERTEX_POINT('',#15537);
#4657=VERTEX_POINT('',#15539);
#4658=VERTEX_POINT('',#15541);
#4659=VERTEX_POINT('',#15543);
#4660=VERTEX_POINT('',#15548);
#4661=VERTEX_POINT('',#15550);
#4662=VERTEX_POINT('',#15554);
#4663=VERTEX_POINT('',#15555);
#4664=VERTEX_POINT('',#15557);
#4665=VERTEX_POINT('',#15559);
#4666=VERTEX_POINT('',#15562);
#4667=VERTEX_POINT('',#15564);
#4668=VERTEX_POINT('',#15566);
#4669=VERTEX_POINT('',#15568);
#4670=VERTEX_POINT('',#15570);
#4671=VERTEX_POINT('',#15572);
#4672=VERTEX_POINT('',#15576);
#4673=VERTEX_POINT('',#15578);
#4674=VERTEX_POINT('',#15582);
#4675=VERTEX_POINT('',#15584);
#4676=VERTEX_POINT('',#15589);
#4677=VERTEX_POINT('',#15592);
#4678=VERTEX_POINT('',#15595);
#4679=VERTEX_POINT('',#15597);
#4680=VERTEX_POINT('',#15599);
#4681=VERTEX_POINT('',#15603);
#4682=VERTEX_POINT('',#15607);
#4683=VERTEX_POINT('',#15612);
#4684=VERTEX_POINT('',#15614);
#4685=VERTEX_POINT('',#15616);
#4686=VERTEX_POINT('',#15618);
#4687=VERTEX_POINT('',#15620);
#4688=VERTEX_POINT('',#15622);
#4689=VERTEX_POINT('',#15624);
#4690=VERTEX_POINT('',#15626);
#4691=VERTEX_POINT('',#15628);
#4692=VERTEX_POINT('',#15630);
#4693=VERTEX_POINT('',#15632);
#4694=VERTEX_POINT('',#15634);
#4695=VERTEX_POINT('',#15636);
#4696=VERTEX_POINT('',#15644);
#4697=VERTEX_POINT('',#15646);
#4698=VERTEX_POINT('',#15651);
#4699=VERTEX_POINT('',#15653);
#4700=VERTEX_POINT('',#15657);
#4701=VERTEX_POINT('',#15658);
#4702=VERTEX_POINT('',#15663);
#4703=VERTEX_POINT('',#15665);
#4704=VERTEX_POINT('',#15669);
#4705=VERTEX_POINT('',#15671);
#4706=VERTEX_POINT('',#15673);
#4707=VERTEX_POINT('',#15677);
#4708=VERTEX_POINT('',#15679);
#4709=VERTEX_POINT('',#15683);
#4710=VERTEX_POINT('',#15690);
#4711=VERTEX_POINT('',#15693);
#4712=VERTEX_POINT('',#15695);
#4713=VERTEX_POINT('',#15704);
#4714=VERTEX_POINT('',#15706);
#4715=VERTEX_POINT('',#15710);
#4716=VERTEX_POINT('',#15712);
#4717=VERTEX_POINT('',#15716);
#4718=VERTEX_POINT('',#15718);
#4719=VERTEX_POINT('',#15720);
#4720=VERTEX_POINT('',#15724);
#4721=VERTEX_POINT('',#15726);
#4722=VERTEX_POINT('',#15730);
#4723=VERTEX_POINT('',#15734);
#4724=VERTEX_POINT('',#15735);
#4725=VERTEX_POINT('',#15737);
#4726=VERTEX_POINT('',#15739);
#4727=VERTEX_POINT('',#15741);
#4728=VERTEX_POINT('',#15744);
#4729=VERTEX_POINT('',#15746);
#4730=VERTEX_POINT('',#15748);
#4731=VERTEX_POINT('',#15750);
#4732=VERTEX_POINT('',#15752);
#4733=VERTEX_POINT('',#15754);
#4734=VERTEX_POINT('',#15756);
#4735=VERTEX_POINT('',#15758);
#4736=VERTEX_POINT('',#15760);
#4737=VERTEX_POINT('',#15762);
#4738=VERTEX_POINT('',#15764);
#4739=VERTEX_POINT('',#15766);
#4740=VERTEX_POINT('',#15768);
#4741=VERTEX_POINT('',#15770);
#4742=VERTEX_POINT('',#15772);
#4743=VERTEX_POINT('',#15774);
#4744=VERTEX_POINT('',#15776);
#4745=VERTEX_POINT('',#15778);
#4746=VERTEX_POINT('',#15780);
#4747=VERTEX_POINT('',#15782);
#4748=VERTEX_POINT('',#15784);
#4749=VERTEX_POINT('',#15786);
#4750=VERTEX_POINT('',#15788);
#4751=VERTEX_POINT('',#15790);
#4752=VERTEX_POINT('',#15792);
#4753=VERTEX_POINT('',#15794);
#4754=VERTEX_POINT('',#15796);
#4755=VERTEX_POINT('',#15798);
#4756=VERTEX_POINT('',#15800);
#4757=VERTEX_POINT('',#15802);
#4758=VERTEX_POINT('',#15804);
#4759=VERTEX_POINT('',#15806);
#4760=VERTEX_POINT('',#15808);
#4761=VERTEX_POINT('',#15810);
#4762=VERTEX_POINT('',#15812);
#4763=VERTEX_POINT('',#15814);
#4764=VERTEX_POINT('',#15816);
#4765=VERTEX_POINT('',#15818);
#4766=VERTEX_POINT('',#15820);
#4767=VERTEX_POINT('',#15822);
#4768=VERTEX_POINT('',#15824);
#4769=VERTEX_POINT('',#15826);
#4770=VERTEX_POINT('',#15828);
#4771=VERTEX_POINT('',#15830);
#4772=VERTEX_POINT('',#15832);
#4773=VERTEX_POINT('',#15834);
#4774=VERTEX_POINT('',#15836);
#4775=VERTEX_POINT('',#15838);
#4776=VERTEX_POINT('',#15840);
#4777=VERTEX_POINT('',#15842);
#4778=VERTEX_POINT('',#15844);
#4779=VERTEX_POINT('',#15846);
#4780=VERTEX_POINT('',#15848);
#4781=VERTEX_POINT('',#15850);
#4782=VERTEX_POINT('',#15852);
#4783=VERTEX_POINT('',#15854);
#4784=VERTEX_POINT('',#15856);
#4785=VERTEX_POINT('',#15858);
#4786=VERTEX_POINT('',#15860);
#4787=VERTEX_POINT('',#15862);
#4788=VERTEX_POINT('',#15864);
#4789=VERTEX_POINT('',#15866);
#4790=VERTEX_POINT('',#15868);
#4791=VERTEX_POINT('',#15870);
#4792=VERTEX_POINT('',#15872);
#4793=VERTEX_POINT('',#15874);
#4794=VERTEX_POINT('',#15876);
#4795=VERTEX_POINT('',#15879);
#4796=VERTEX_POINT('',#15881);
#4797=VERTEX_POINT('',#15883);
#4798=VERTEX_POINT('',#15887);
#4799=VERTEX_POINT('',#15889);
#4800=VERTEX_POINT('',#15891);
#4801=VERTEX_POINT('',#15895);
#4802=VERTEX_POINT('',#15899);
#4803=VERTEX_POINT('',#15901);
#4804=VERTEX_POINT('',#15905);
#4805=VERTEX_POINT('',#15909);
#4806=VERTEX_POINT('',#15911);
#4807=VERTEX_POINT('',#15913);
#4808=VERTEX_POINT('',#15915);
#4809=VERTEX_POINT('',#15917);
#4810=VERTEX_POINT('',#15923);
#4811=VERTEX_POINT('',#15925);
#4812=VERTEX_POINT('',#15927);
#4813=VERTEX_POINT('',#15929);
#4814=VERTEX_POINT('',#15931);
#4815=VERTEX_POINT('',#15933);
#4816=VERTEX_POINT('',#15935);
#4817=VERTEX_POINT('',#15937);
#4818=VERTEX_POINT('',#15939);
#4819=VERTEX_POINT('',#15943);
#4820=VERTEX_POINT('',#15944);
#4821=VERTEX_POINT('',#15946);
#4822=VERTEX_POINT('',#15949);
#4823=VERTEX_POINT('',#15951);
#4824=VERTEX_POINT('',#15953);
#4825=VERTEX_POINT('',#15955);
#4826=VERTEX_POINT('',#15959);
#4827=VERTEX_POINT('',#15965);
#4828=VERTEX_POINT('',#15968);
#4829=VERTEX_POINT('',#15970);
#4830=VERTEX_POINT('',#15972);
#4831=VERTEX_POINT('',#15976);
#4832=VERTEX_POINT('',#15979);
#4833=VERTEX_POINT('',#15981);
#4834=VERTEX_POINT('',#15983);
#4835=VERTEX_POINT('',#15985);
#4836=VERTEX_POINT('',#15993);
#4837=VERTEX_POINT('',#15995);
#4838=VERTEX_POINT('',#16001);
#4839=VERTEX_POINT('',#16005);
#4840=VERTEX_POINT('',#16009);
#4841=VERTEX_POINT('',#16012);
#4842=VERTEX_POINT('',#16014);
#4843=VERTEX_POINT('',#16016);
#4844=VERTEX_POINT('',#16018);
#4845=VERTEX_POINT('',#16020);
#4846=VERTEX_POINT('',#16022);
#4847=VERTEX_POINT('',#16026);
#4848=VERTEX_POINT('',#16030);
#4849=VERTEX_POINT('',#16034);
#4850=VERTEX_POINT('',#16038);
#4851=VERTEX_POINT('',#16040);
#4852=VERTEX_POINT('',#16044);
#4853=VERTEX_POINT('',#16046);
#4854=VERTEX_POINT('',#16049);
#4855=VERTEX_POINT('',#16051);
#4856=VERTEX_POINT('',#16054);
#4857=VERTEX_POINT('',#16056);
#4858=VERTEX_POINT('',#16058);
#4859=VERTEX_POINT('',#16062);
#4860=VERTEX_POINT('',#16063);
#4861=VERTEX_POINT('',#16065);
#4862=VERTEX_POINT('',#16067);
#4863=VERTEX_POINT('',#16069);
#4864=VERTEX_POINT('',#16071);
#4865=VERTEX_POINT('',#16073);
#4866=VERTEX_POINT('',#16075);
#4867=VERTEX_POINT('',#16077);
#4868=VERTEX_POINT('',#16079);
#4869=VERTEX_POINT('',#16081);
#4870=VERTEX_POINT('',#16083);
#4871=VERTEX_POINT('',#16085);
#4872=VERTEX_POINT('',#16087);
#4873=VERTEX_POINT('',#16089);
#4874=VERTEX_POINT('',#16091);
#4875=VERTEX_POINT('',#16093);
#4876=VERTEX_POINT('',#16095);
#4877=VERTEX_POINT('',#16097);
#4878=VERTEX_POINT('',#16099);
#4879=VERTEX_POINT('',#16101);
#4880=VERTEX_POINT('',#16103);
#4881=VERTEX_POINT('',#16105);
#4882=VERTEX_POINT('',#16107);
#4883=VERTEX_POINT('',#16109);
#4884=VERTEX_POINT('',#16111);
#4885=VERTEX_POINT('',#16113);
#4886=VERTEX_POINT('',#16115);
#4887=VERTEX_POINT('',#16117);
#4888=VERTEX_POINT('',#16119);
#4889=VERTEX_POINT('',#16121);
#4890=VERTEX_POINT('',#16123);
#4891=VERTEX_POINT('',#16125);
#4892=VERTEX_POINT('',#16127);
#4893=VERTEX_POINT('',#16129);
#4894=VERTEX_POINT('',#16131);
#4895=VERTEX_POINT('',#16133);
#4896=VERTEX_POINT('',#16135);
#4897=VERTEX_POINT('',#16137);
#4898=VERTEX_POINT('',#16139);
#4899=VERTEX_POINT('',#16141);
#4900=VERTEX_POINT('',#16143);
#4901=VERTEX_POINT('',#16145);
#4902=VERTEX_POINT('',#16147);
#4903=VERTEX_POINT('',#16149);
#4904=VERTEX_POINT('',#16151);
#4905=VERTEX_POINT('',#16153);
#4906=VERTEX_POINT('',#16155);
#4907=VERTEX_POINT('',#16157);
#4908=VERTEX_POINT('',#16159);
#4909=VERTEX_POINT('',#16161);
#4910=VERTEX_POINT('',#16163);
#4911=VERTEX_POINT('',#16165);
#4912=VERTEX_POINT('',#16167);
#4913=VERTEX_POINT('',#16169);
#4914=VERTEX_POINT('',#16171);
#4915=VERTEX_POINT('',#16173);
#4916=VERTEX_POINT('',#16176);
#4917=VERTEX_POINT('',#16179);
#4918=VERTEX_POINT('',#16182);
#4919=VERTEX_POINT('',#16184);
#4920=VERTEX_POINT('',#16186);
#4921=VERTEX_POINT('',#16188);
#4922=VERTEX_POINT('',#16190);
#4923=VERTEX_POINT('',#16194);
#4924=VERTEX_POINT('',#16196);
#4925=VERTEX_POINT('',#16198);
#4926=VERTEX_POINT('',#16200);
#4927=VERTEX_POINT('',#16202);
#4928=VERTEX_POINT('',#16206);
#4929=VERTEX_POINT('',#16208);
#4930=VERTEX_POINT('',#16210);
#4931=VERTEX_POINT('',#16212);
#4932=VERTEX_POINT('',#16214);
#4933=VERTEX_POINT('',#16218);
#4934=VERTEX_POINT('',#16219);
#4935=VERTEX_POINT('',#16221);
#4936=VERTEX_POINT('',#16223);
#4937=VERTEX_POINT('',#16227);
#4938=VERTEX_POINT('',#16228);
#4939=VERTEX_POINT('',#16230);
#4940=VERTEX_POINT('',#16232);
#4941=VERTEX_POINT('',#16236);
#4942=VERTEX_POINT('',#16238);
#4943=VERTEX_POINT('',#16240);
#4944=VERTEX_POINT('',#16244);
#4945=VERTEX_POINT('',#16248);
#4946=VERTEX_POINT('',#16250);
#4947=VERTEX_POINT('',#16252);
#4948=VERTEX_POINT('',#16254);
#4949=VERTEX_POINT('',#16258);
#4950=VERTEX_POINT('',#16260);
#4951=VERTEX_POINT('',#16262);
#4952=VERTEX_POINT('',#16264);
#4953=VERTEX_POINT('',#16266);
#4954=VERTEX_POINT('',#16270);
#4955=VERTEX_POINT('',#16271);
#4956=VERTEX_POINT('',#16273);
#4957=VERTEX_POINT('',#16275);
#4958=VERTEX_POINT('',#16279);
#4959=VERTEX_POINT('',#16280);
#4960=VERTEX_POINT('',#16282);
#4961=VERTEX_POINT('',#16284);
#4962=VERTEX_POINT('',#16288);
#4963=VERTEX_POINT('',#16290);
#4964=VERTEX_POINT('',#16292);
#4965=VERTEX_POINT('',#16296);
#4966=VERTEX_POINT('',#16298);
#4967=VERTEX_POINT('',#16301);
#4968=VERTEX_POINT('',#16303);
#4969=VERTEX_POINT('',#16306);
#4970=VERTEX_POINT('',#16308);
#4971=VERTEX_POINT('',#16311);
#4972=VERTEX_POINT('',#16313);
#4973=VERTEX_POINT('',#16316);
#4974=VERTEX_POINT('',#16318);
#4975=VERTEX_POINT('',#16321);
#4976=VERTEX_POINT('',#16323);
#4977=VERTEX_POINT('',#16326);
#4978=VERTEX_POINT('',#16328);
#4979=VERTEX_POINT('',#16331);
#4980=VERTEX_POINT('',#16333);
#4981=VERTEX_POINT('',#16336);
#4982=VERTEX_POINT('',#16338);
#4983=VERTEX_POINT('',#16341);
#4984=VERTEX_POINT('',#16343);
#4985=VERTEX_POINT('',#16346);
#4986=VERTEX_POINT('',#16348);
#4987=VERTEX_POINT('',#16351);
#4988=VERTEX_POINT('',#16353);
#4989=VERTEX_POINT('',#16356);
#4990=VERTEX_POINT('',#16358);
#4991=VERTEX_POINT('',#16362);
#4992=VERTEX_POINT('',#16364);
#4993=VERTEX_POINT('',#16367);
#4994=VERTEX_POINT('',#16371);
#4995=VERTEX_POINT('',#16373);
#4996=VERTEX_POINT('',#16377);
#4997=VERTEX_POINT('',#16379);
#4998=VERTEX_POINT('',#16382);
#4999=VERTEX_POINT('',#16384);
#5000=VERTEX_POINT('',#16387);
#5001=VERTEX_POINT('',#16389);
#5002=VERTEX_POINT('',#16392);
#5003=VERTEX_POINT('',#16394);
#5004=VERTEX_POINT('',#16397);
#5005=VERTEX_POINT('',#16399);
#5006=VERTEX_POINT('',#16402);
#5007=VERTEX_POINT('',#16404);
#5008=VERTEX_POINT('',#16407);
#5009=VERTEX_POINT('',#16409);
#5010=VERTEX_POINT('',#16412);
#5011=VERTEX_POINT('',#16414);
#5012=VERTEX_POINT('',#16417);
#5013=VERTEX_POINT('',#16419);
#5014=VERTEX_POINT('',#16422);
#5015=VERTEX_POINT('',#16424);
#5016=VERTEX_POINT('',#16427);
#5017=VERTEX_POINT('',#16429);
#5018=VERTEX_POINT('',#16432);
#5019=VERTEX_POINT('',#16434);
#5020=VERTEX_POINT('',#16437);
#5021=VERTEX_POINT('',#16439);
#5022=VERTEX_POINT('',#16443);
#5023=VERTEX_POINT('',#16445);
#5024=VERTEX_POINT('',#16450);
#5025=VERTEX_POINT('',#16451);
#5026=VERTEX_POINT('',#16453);
#5027=VERTEX_POINT('',#16455);
#5028=VERTEX_POINT('',#16458);
#5029=VERTEX_POINT('',#16459);
#5030=VERTEX_POINT('',#16461);
#5031=VERTEX_POINT('',#16463);
#5032=VERTEX_POINT('',#16466);
#5033=VERTEX_POINT('',#16467);
#5034=VERTEX_POINT('',#16469);
#5035=VERTEX_POINT('',#16471);
#5036=VERTEX_POINT('',#16474);
#5037=VERTEX_POINT('',#16475);
#5038=VERTEX_POINT('',#16477);
#5039=VERTEX_POINT('',#16479);
#5040=VERTEX_POINT('',#16482);
#5041=VERTEX_POINT('',#16483);
#5042=VERTEX_POINT('',#16485);
#5043=VERTEX_POINT('',#16487);
#5044=VERTEX_POINT('',#16490);
#5045=VERTEX_POINT('',#16491);
#5046=VERTEX_POINT('',#16493);
#5047=VERTEX_POINT('',#16495);
#5048=VERTEX_POINT('',#16498);
#5049=VERTEX_POINT('',#16499);
#5050=VERTEX_POINT('',#16501);
#5051=VERTEX_POINT('',#16503);
#5052=VERTEX_POINT('',#16506);
#5053=VERTEX_POINT('',#16507);
#5054=VERTEX_POINT('',#16509);
#5055=VERTEX_POINT('',#16511);
#5056=VERTEX_POINT('',#16514);
#5057=VERTEX_POINT('',#16515);
#5058=VERTEX_POINT('',#16517);
#5059=VERTEX_POINT('',#16519);
#5060=VERTEX_POINT('',#16522);
#5061=VERTEX_POINT('',#16523);
#5062=VERTEX_POINT('',#16525);
#5063=VERTEX_POINT('',#16527);
#5064=VERTEX_POINT('',#16530);
#5065=VERTEX_POINT('',#16531);
#5066=VERTEX_POINT('',#16533);
#5067=VERTEX_POINT('',#16535);
#5068=VERTEX_POINT('',#16538);
#5069=VERTEX_POINT('',#16539);
#5070=VERTEX_POINT('',#16541);
#5071=VERTEX_POINT('',#16543);
#5072=VERTEX_POINT('',#16546);
#5073=VERTEX_POINT('',#16547);
#5074=VERTEX_POINT('',#16549);
#5075=VERTEX_POINT('',#16551);
#5076=VERTEX_POINT('',#16554);
#5077=VERTEX_POINT('',#16555);
#5078=VERTEX_POINT('',#16557);
#5079=VERTEX_POINT('',#16559);
#5080=VERTEX_POINT('',#16563);
#5081=VERTEX_POINT('',#16565);
#5082=VERTEX_POINT('',#16567);
#5083=VERTEX_POINT('',#16569);
#5084=VERTEX_POINT('',#16573);
#5085=VERTEX_POINT('',#16575);
#5086=VERTEX_POINT('',#16577);
#5087=VERTEX_POINT('',#16579);
#5088=VERTEX_POINT('',#16583);
#5089=VERTEX_POINT('',#16585);
#5090=VERTEX_POINT('',#16589);
#5091=VERTEX_POINT('',#16590);
#5092=VERTEX_POINT('',#16592);
#5093=VERTEX_POINT('',#16594);
#5094=VERTEX_POINT('',#16598);
#5095=VERTEX_POINT('',#16600);
#5096=VERTEX_POINT('',#16602);
#5097=VERTEX_POINT('',#16606);
#5098=VERTEX_POINT('',#16610);
#5099=VERTEX_POINT('',#16614);
#5100=VERTEX_POINT('',#16618);
#5101=VERTEX_POINT('',#16625);
#5102=VERTEX_POINT('',#16627);
#5103=VERTEX_POINT('',#16629);
#5104=VERTEX_POINT('',#16631);
#5105=VERTEX_POINT('',#16635);
#5106=VERTEX_POINT('',#16637);
#5107=VERTEX_POINT('',#16641);
#5108=VERTEX_POINT('',#16642);
#5109=VERTEX_POINT('',#16644);
#5110=VERTEX_POINT('',#16646);
#5111=VERTEX_POINT('',#16650);
#5112=VERTEX_POINT('',#16652);
#5113=VERTEX_POINT('',#16654);
#5114=VERTEX_POINT('',#16672);
#5115=VERTEX_POINT('',#16679);
#5116=VERTEX_POINT('',#16680);
#5117=VERTEX_POINT('',#16682);
#5118=VERTEX_POINT('',#16684);
#5119=VERTEX_POINT('',#16687);
#5120=VERTEX_POINT('',#16688);
#5121=VERTEX_POINT('',#16690);
#5122=VERTEX_POINT('',#16692);
#5123=VERTEX_POINT('',#16695);
#5124=VERTEX_POINT('',#16696);
#5125=VERTEX_POINT('',#16698);
#5126=VERTEX_POINT('',#16700);
#5127=VERTEX_POINT('',#16703);
#5128=VERTEX_POINT('',#16704);
#5129=VERTEX_POINT('',#16706);
#5130=VERTEX_POINT('',#16708);
#5131=VERTEX_POINT('',#16711);
#5132=VERTEX_POINT('',#16712);
#5133=VERTEX_POINT('',#16714);
#5134=VERTEX_POINT('',#16716);
#5135=VERTEX_POINT('',#16719);
#5136=VERTEX_POINT('',#16720);
#5137=VERTEX_POINT('',#16722);
#5138=VERTEX_POINT('',#16724);
#5139=VERTEX_POINT('',#16727);
#5140=VERTEX_POINT('',#16728);
#5141=VERTEX_POINT('',#16730);
#5142=VERTEX_POINT('',#16732);
#5143=VERTEX_POINT('',#16735);
#5144=VERTEX_POINT('',#16736);
#5145=VERTEX_POINT('',#16738);
#5146=VERTEX_POINT('',#16740);
#5147=VERTEX_POINT('',#16743);
#5148=VERTEX_POINT('',#16744);
#5149=VERTEX_POINT('',#16746);
#5150=VERTEX_POINT('',#16748);
#5151=VERTEX_POINT('',#16751);
#5152=VERTEX_POINT('',#16752);
#5153=VERTEX_POINT('',#16754);
#5154=VERTEX_POINT('',#16756);
#5155=VERTEX_POINT('',#16759);
#5156=VERTEX_POINT('',#16760);
#5157=VERTEX_POINT('',#16762);
#5158=VERTEX_POINT('',#16764);
#5159=VERTEX_POINT('',#16767);
#5160=VERTEX_POINT('',#16768);
#5161=VERTEX_POINT('',#16770);
#5162=VERTEX_POINT('',#16772);
#5163=VERTEX_POINT('',#16775);
#5164=VERTEX_POINT('',#16776);
#5165=VERTEX_POINT('',#16778);
#5166=VERTEX_POINT('',#16780);
#5167=VERTEX_POINT('',#16784);
#5168=VERTEX_POINT('',#16788);
#5169=VERTEX_POINT('',#16792);
#5170=VERTEX_POINT('',#16793);
#5171=VERTEX_POINT('',#16796);
#5172=VERTEX_POINT('',#16802);
#5173=VERTEX_POINT('',#16804);
#5174=VERTEX_POINT('',#16806);
#5175=VERTEX_POINT('',#16808);
#5176=VERTEX_POINT('',#16810);
#5177=VERTEX_POINT('',#16812);
#5178=VERTEX_POINT('',#16814);
#5179=VERTEX_POINT('',#16816);
#5180=VERTEX_POINT('',#16818);
#5181=VERTEX_POINT('',#16820);
#5182=VERTEX_POINT('',#16822);
#5183=VERTEX_POINT('',#16824);
#5184=VERTEX_POINT('',#16826);
#5185=VERTEX_POINT('',#16828);
#5186=VERTEX_POINT('',#16830);
#5187=VERTEX_POINT('',#16832);
#5188=VERTEX_POINT('',#16834);
#5189=VERTEX_POINT('',#16836);
#5190=VERTEX_POINT('',#16838);
#5191=VERTEX_POINT('',#16840);
#5192=VERTEX_POINT('',#16842);
#5193=VERTEX_POINT('',#16844);
#5194=VERTEX_POINT('',#16846);
#5195=VERTEX_POINT('',#16848);
#5196=VERTEX_POINT('',#16850);
#5197=VERTEX_POINT('',#16852);
#5198=VERTEX_POINT('',#16854);
#5199=VERTEX_POINT('',#16856);
#5200=VERTEX_POINT('',#16858);
#5201=VERTEX_POINT('',#16860);
#5202=VERTEX_POINT('',#16862);
#5203=VERTEX_POINT('',#16864);
#5204=VERTEX_POINT('',#16866);
#5205=VERTEX_POINT('',#16868);
#5206=VERTEX_POINT('',#16870);
#5207=VERTEX_POINT('',#16872);
#5208=VERTEX_POINT('',#16874);
#5209=VERTEX_POINT('',#16876);
#5210=VERTEX_POINT('',#16878);
#5211=VERTEX_POINT('',#16880);
#5212=VERTEX_POINT('',#16882);
#5213=VERTEX_POINT('',#16884);
#5214=VERTEX_POINT('',#16886);
#5215=VERTEX_POINT('',#16888);
#5216=VERTEX_POINT('',#16890);
#5217=VERTEX_POINT('',#16892);
#5218=VERTEX_POINT('',#16894);
#5219=VERTEX_POINT('',#16896);
#5220=VERTEX_POINT('',#16898);
#5221=VERTEX_POINT('',#16900);
#5222=VERTEX_POINT('',#16904);
#5223=VERTEX_POINT('',#16906);
#5224=VERTEX_POINT('',#16908);
#5225=VERTEX_POINT('',#16910);
#5226=VERTEX_POINT('',#16914);
#5227=VERTEX_POINT('',#16916);
#5228=VERTEX_POINT('',#16918);
#5229=VERTEX_POINT('',#16920);
#5230=VERTEX_POINT('',#16924);
#5231=VERTEX_POINT('',#16926);
#5232=VERTEX_POINT('',#16930);
#5233=VERTEX_POINT('',#16932);
#5234=VERTEX_POINT('',#16937);
#5235=VERTEX_POINT('',#16941);
#5236=VERTEX_POINT('',#16945);
#5237=VERTEX_POINT('',#16949);
#5238=VERTEX_POINT('',#16953);
#5239=VERTEX_POINT('',#16960);
#5240=VERTEX_POINT('',#16962);
#5241=VERTEX_POINT('',#16964);
#5242=VERTEX_POINT('',#16966);
#5243=VERTEX_POINT('',#16970);
#5244=VERTEX_POINT('',#16972);
#5245=VERTEX_POINT('',#16976);
#5246=VERTEX_POINT('',#16978);
#5247=VERTEX_POINT('',#16983);
#5248=VERTEX_POINT('',#17008);
#5249=VERTEX_POINT('',#17010);
#5250=VERTEX_POINT('',#17013);
#5251=VERTEX_POINT('',#17015);
#5252=VERTEX_POINT('',#17018);
#5253=VERTEX_POINT('',#17020);
#5254=VERTEX_POINT('',#17023);
#5255=VERTEX_POINT('',#17025);
#5256=VERTEX_POINT('',#17028);
#5257=VERTEX_POINT('',#17030);
#5258=VERTEX_POINT('',#17033);
#5259=VERTEX_POINT('',#17035);
#5260=VERTEX_POINT('',#17038);
#5261=VERTEX_POINT('',#17040);
#5262=VERTEX_POINT('',#17043);
#5263=VERTEX_POINT('',#17045);
#5264=VERTEX_POINT('',#17048);
#5265=VERTEX_POINT('',#17050);
#5266=VERTEX_POINT('',#17053);
#5267=VERTEX_POINT('',#17055);
#5268=VERTEX_POINT('',#17058);
#5269=VERTEX_POINT('',#17060);
#5270=VERTEX_POINT('',#17063);
#5271=VERTEX_POINT('',#17065);
#5272=VERTEX_POINT('',#17070);
#5273=VERTEX_POINT('',#17073);
#5274=VERTEX_POINT('',#17075);
#5275=VERTEX_POINT('',#17084);
#5276=VERTEX_POINT('',#17086);
#5277=VERTEX_POINT('',#17089);
#5278=VERTEX_POINT('',#17091);
#5279=VERTEX_POINT('',#17105);
#5280=VERTEX_POINT('',#17109);
#5281=VERTEX_POINT('',#17111);
#5282=VERTEX_POINT('',#17117);
#5283=VERTEX_POINT('',#17119);
#5284=VERTEX_POINT('',#17123);
#5285=VERTEX_POINT('',#17128);
#5286=VERTEX_POINT('',#17157);
#5287=VERTEX_POINT('',#17159);
#5288=VERTEX_POINT('',#17161);
#5289=VERTEX_POINT('',#17168);
#5290=VERTEX_POINT('',#17172);
#5291=VERTEX_POINT('',#17176);
#5292=VERTEX_POINT('',#17180);
#5293=VERTEX_POINT('',#17186);
#5294=VERTEX_POINT('',#17188);
#5295=VERTEX_POINT('',#17193);
#5296=VERTEX_POINT('',#17208);
#5297=VERTEX_POINT('',#17210);
#5298=VERTEX_POINT('',#17214);
#5299=VERTEX_POINT('',#17216);
#5300=VERTEX_POINT('',#17220);
#5301=VERTEX_POINT('',#17221);
#5302=VERTEX_POINT('',#17237);
#5303=VERTEX_POINT('',#17238);
#5304=VERTEX_POINT('',#17254);
#5305=VERTEX_POINT('',#17256);
#5306=VERTEX_POINT('',#17258);
#5307=VERTEX_POINT('',#17260);
#5308=VERTEX_POINT('',#17264);
#5309=VERTEX_POINT('',#17266);
#5310=VERTEX_POINT('',#17268);
#5311=VERTEX_POINT('',#17270);
#5312=VERTEX_POINT('',#17274);
#5313=VERTEX_POINT('',#17276);
#5314=VERTEX_POINT('',#17280);
#5315=VERTEX_POINT('',#17282);
#5316=VERTEX_POINT('',#17289);
#5317=VERTEX_POINT('',#17293);
#5318=VERTEX_POINT('',#17295);
#5319=VERTEX_POINT('',#17297);
#5320=VERTEX_POINT('',#17301);
#5321=VERTEX_POINT('',#17303);
#5322=VERTEX_POINT('',#17305);
#5323=VERTEX_POINT('',#17307);
#5324=VERTEX_POINT('',#17311);
#5325=VERTEX_POINT('',#17313);
#5326=VERTEX_POINT('',#17317);
#5327=VERTEX_POINT('',#17319);
#5328=VERTEX_POINT('',#17376);
#5329=VERTEX_POINT('',#17378);
#5330=VERTEX_POINT('',#17380);
#5331=VERTEX_POINT('',#17382);
#5332=VERTEX_POINT('',#17386);
#5333=VERTEX_POINT('',#17388);
#5334=VERTEX_POINT('',#17390);
#5335=VERTEX_POINT('',#17392);
#5336=VERTEX_POINT('',#17396);
#5337=VERTEX_POINT('',#17398);
#5338=VERTEX_POINT('',#17402);
#5339=VERTEX_POINT('',#17404);
#5340=VERTEX_POINT('',#17410);
#5341=VERTEX_POINT('',#17414);
#5342=VERTEX_POINT('',#17416);
#5343=VERTEX_POINT('',#17418);
#5344=VERTEX_POINT('',#17422);
#5345=VERTEX_POINT('',#17424);
#5346=VERTEX_POINT('',#17426);
#5347=VERTEX_POINT('',#17428);
#5348=VERTEX_POINT('',#17432);
#5349=VERTEX_POINT('',#17434);
#5350=VERTEX_POINT('',#17438);
#5351=VERTEX_POINT('',#17440);
#5352=VERTEX_POINT('',#17476);
#5353=VERTEX_POINT('',#17478);
#5354=VERTEX_POINT('',#17480);
#5355=VERTEX_POINT('',#17482);
#5356=VERTEX_POINT('',#17486);
#5357=VERTEX_POINT('',#17488);
#5358=VERTEX_POINT('',#17490);
#5359=VERTEX_POINT('',#17492);
#5360=VERTEX_POINT('',#17496);
#5361=VERTEX_POINT('',#17498);
#5362=VERTEX_POINT('',#17502);
#5363=VERTEX_POINT('',#17504);
#5364=VERTEX_POINT('',#17510);
#5365=VERTEX_POINT('',#17514);
#5366=VERTEX_POINT('',#17516);
#5367=VERTEX_POINT('',#17518);
#5368=VERTEX_POINT('',#17522);
#5369=VERTEX_POINT('',#17524);
#5370=VERTEX_POINT('',#17526);
#5371=VERTEX_POINT('',#17528);
#5372=VERTEX_POINT('',#17532);
#5373=VERTEX_POINT('',#17534);
#5374=VERTEX_POINT('',#17538);
#5375=VERTEX_POINT('',#17540);
#5376=VERTEX_POINT('',#17576);
#5377=VERTEX_POINT('',#17578);
#5378=VERTEX_POINT('',#17580);
#5379=VERTEX_POINT('',#17582);
#5380=VERTEX_POINT('',#17586);
#5381=VERTEX_POINT('',#17588);
#5382=VERTEX_POINT('',#17590);
#5383=VERTEX_POINT('',#17592);
#5384=VERTEX_POINT('',#17596);
#5385=VERTEX_POINT('',#17598);
#5386=VERTEX_POINT('',#17602);
#5387=VERTEX_POINT('',#17604);
#5388=VERTEX_POINT('',#17610);
#5389=VERTEX_POINT('',#17614);
#5390=VERTEX_POINT('',#17616);
#5391=VERTEX_POINT('',#17618);
#5392=VERTEX_POINT('',#17622);
#5393=VERTEX_POINT('',#17624);
#5394=VERTEX_POINT('',#17626);
#5395=VERTEX_POINT('',#17628);
#5396=VERTEX_POINT('',#17632);
#5397=VERTEX_POINT('',#17634);
#5398=VERTEX_POINT('',#17638);
#5399=VERTEX_POINT('',#17640);
#5400=VERTEX_POINT('',#17676);
#5401=VERTEX_POINT('',#17678);
#5402=VERTEX_POINT('',#17680);
#5403=VERTEX_POINT('',#17682);
#5404=VERTEX_POINT('',#17686);
#5405=VERTEX_POINT('',#17688);
#5406=VERTEX_POINT('',#17690);
#5407=VERTEX_POINT('',#17692);
#5408=VERTEX_POINT('',#17696);
#5409=VERTEX_POINT('',#17698);
#5410=VERTEX_POINT('',#17702);
#5411=VERTEX_POINT('',#17704);
#5412=VERTEX_POINT('',#17710);
#5413=VERTEX_POINT('',#17714);
#5414=VERTEX_POINT('',#17716);
#5415=VERTEX_POINT('',#17718);
#5416=VERTEX_POINT('',#17722);
#5417=VERTEX_POINT('',#17724);
#5418=VERTEX_POINT('',#17726);
#5419=VERTEX_POINT('',#17728);
#5420=VERTEX_POINT('',#17732);
#5421=VERTEX_POINT('',#17734);
#5422=VERTEX_POINT('',#17738);
#5423=VERTEX_POINT('',#17740);
#5424=VERTEX_POINT('',#17776);
#5425=VERTEX_POINT('',#17778);
#5426=VERTEX_POINT('',#17780);
#5427=VERTEX_POINT('',#17782);
#5428=VERTEX_POINT('',#17786);
#5429=VERTEX_POINT('',#17788);
#5430=VERTEX_POINT('',#17790);
#5431=VERTEX_POINT('',#17792);
#5432=VERTEX_POINT('',#17796);
#5433=VERTEX_POINT('',#17798);
#5434=VERTEX_POINT('',#17802);
#5435=VERTEX_POINT('',#17804);
#5436=VERTEX_POINT('',#17810);
#5437=VERTEX_POINT('',#17814);
#5438=VERTEX_POINT('',#17816);
#5439=VERTEX_POINT('',#17818);
#5440=VERTEX_POINT('',#17822);
#5441=VERTEX_POINT('',#17824);
#5442=VERTEX_POINT('',#17826);
#5443=VERTEX_POINT('',#17828);
#5444=VERTEX_POINT('',#17832);
#5445=VERTEX_POINT('',#17834);
#5446=VERTEX_POINT('',#17838);
#5447=VERTEX_POINT('',#17840);
#5448=VERTEX_POINT('',#17876);
#5449=VERTEX_POINT('',#17878);
#5450=VERTEX_POINT('',#17880);
#5451=VERTEX_POINT('',#17882);
#5452=VERTEX_POINT('',#17886);
#5453=VERTEX_POINT('',#17888);
#5454=VERTEX_POINT('',#17890);
#5455=VERTEX_POINT('',#17892);
#5456=VERTEX_POINT('',#17896);
#5457=VERTEX_POINT('',#17898);
#5458=VERTEX_POINT('',#17902);
#5459=VERTEX_POINT('',#17904);
#5460=VERTEX_POINT('',#17910);
#5461=VERTEX_POINT('',#17914);
#5462=VERTEX_POINT('',#17916);
#5463=VERTEX_POINT('',#17918);
#5464=VERTEX_POINT('',#17922);
#5465=VERTEX_POINT('',#17924);
#5466=VERTEX_POINT('',#17926);
#5467=VERTEX_POINT('',#17928);
#5468=VERTEX_POINT('',#17932);
#5469=VERTEX_POINT('',#17934);
#5470=VERTEX_POINT('',#17938);
#5471=VERTEX_POINT('',#17940);
#5472=VERTEX_POINT('',#17976);
#5473=VERTEX_POINT('',#17978);
#5474=VERTEX_POINT('',#17980);
#5475=VERTEX_POINT('',#17982);
#5476=VERTEX_POINT('',#17986);
#5477=VERTEX_POINT('',#17988);
#5478=VERTEX_POINT('',#17990);
#5479=VERTEX_POINT('',#17992);
#5480=VERTEX_POINT('',#17996);
#5481=VERTEX_POINT('',#17998);
#5482=VERTEX_POINT('',#18002);
#5483=VERTEX_POINT('',#18004);
#5484=VERTEX_POINT('',#18010);
#5485=VERTEX_POINT('',#18014);
#5486=VERTEX_POINT('',#18016);
#5487=VERTEX_POINT('',#18018);
#5488=VERTEX_POINT('',#18022);
#5489=VERTEX_POINT('',#18024);
#5490=VERTEX_POINT('',#18026);
#5491=VERTEX_POINT('',#18028);
#5492=VERTEX_POINT('',#18032);
#5493=VERTEX_POINT('',#18034);
#5494=VERTEX_POINT('',#18038);
#5495=VERTEX_POINT('',#18040);
#5496=VERTEX_POINT('',#18076);
#5497=VERTEX_POINT('',#18078);
#5498=VERTEX_POINT('',#18080);
#5499=VERTEX_POINT('',#18082);
#5500=VERTEX_POINT('',#18086);
#5501=VERTEX_POINT('',#18088);
#5502=VERTEX_POINT('',#18090);
#5503=VERTEX_POINT('',#18092);
#5504=VERTEX_POINT('',#18096);
#5505=VERTEX_POINT('',#18098);
#5506=VERTEX_POINT('',#18102);
#5507=VERTEX_POINT('',#18104);
#5508=VERTEX_POINT('',#18110);
#5509=VERTEX_POINT('',#18114);
#5510=VERTEX_POINT('',#18116);
#5511=VERTEX_POINT('',#18118);
#5512=VERTEX_POINT('',#18122);
#5513=VERTEX_POINT('',#18124);
#5514=VERTEX_POINT('',#18126);
#5515=VERTEX_POINT('',#18128);
#5516=VERTEX_POINT('',#18132);
#5517=VERTEX_POINT('',#18134);
#5518=VERTEX_POINT('',#18138);
#5519=VERTEX_POINT('',#18140);
#5520=VERTEX_POINT('',#18176);
#5521=VERTEX_POINT('',#18178);
#5522=VERTEX_POINT('',#18180);
#5523=VERTEX_POINT('',#18182);
#5524=VERTEX_POINT('',#18186);
#5525=VERTEX_POINT('',#18188);
#5526=VERTEX_POINT('',#18190);
#5527=VERTEX_POINT('',#18192);
#5528=VERTEX_POINT('',#18196);
#5529=VERTEX_POINT('',#18198);
#5530=VERTEX_POINT('',#18202);
#5531=VERTEX_POINT('',#18204);
#5532=VERTEX_POINT('',#18210);
#5533=VERTEX_POINT('',#18214);
#5534=VERTEX_POINT('',#18216);
#5535=VERTEX_POINT('',#18218);
#5536=VERTEX_POINT('',#18222);
#5537=VERTEX_POINT('',#18224);
#5538=VERTEX_POINT('',#18226);
#5539=VERTEX_POINT('',#18228);
#5540=VERTEX_POINT('',#18232);
#5541=VERTEX_POINT('',#18234);
#5542=VERTEX_POINT('',#18238);
#5543=VERTEX_POINT('',#18240);
#5544=VERTEX_POINT('',#18276);
#5545=VERTEX_POINT('',#18278);
#5546=VERTEX_POINT('',#18280);
#5547=VERTEX_POINT('',#18282);
#5548=VERTEX_POINT('',#18286);
#5549=VERTEX_POINT('',#18288);
#5550=VERTEX_POINT('',#18290);
#5551=VERTEX_POINT('',#18292);
#5552=VERTEX_POINT('',#18296);
#5553=VERTEX_POINT('',#18298);
#5554=VERTEX_POINT('',#18302);
#5555=VERTEX_POINT('',#18304);
#5556=VERTEX_POINT('',#18310);
#5557=VERTEX_POINT('',#18314);
#5558=VERTEX_POINT('',#18316);
#5559=VERTEX_POINT('',#18318);
#5560=VERTEX_POINT('',#18322);
#5561=VERTEX_POINT('',#18324);
#5562=VERTEX_POINT('',#18326);
#5563=VERTEX_POINT('',#18328);
#5564=VERTEX_POINT('',#18332);
#5565=VERTEX_POINT('',#18334);
#5566=VERTEX_POINT('',#18338);
#5567=VERTEX_POINT('',#18340);
#5568=VERTEX_POINT('',#18376);
#5569=VERTEX_POINT('',#18378);
#5570=VERTEX_POINT('',#18380);
#5571=VERTEX_POINT('',#18382);
#5572=VERTEX_POINT('',#18386);
#5573=VERTEX_POINT('',#18388);
#5574=VERTEX_POINT('',#18390);
#5575=VERTEX_POINT('',#18392);
#5576=VERTEX_POINT('',#18396);
#5577=VERTEX_POINT('',#18398);
#5578=VERTEX_POINT('',#18402);
#5579=VERTEX_POINT('',#18404);
#5580=VERTEX_POINT('',#18410);
#5581=VERTEX_POINT('',#18414);
#5582=VERTEX_POINT('',#18416);
#5583=VERTEX_POINT('',#18418);
#5584=VERTEX_POINT('',#18422);
#5585=VERTEX_POINT('',#18424);
#5586=VERTEX_POINT('',#18426);
#5587=VERTEX_POINT('',#18428);
#5588=VERTEX_POINT('',#18432);
#5589=VERTEX_POINT('',#18434);
#5590=VERTEX_POINT('',#18438);
#5591=VERTEX_POINT('',#18440);
#5592=EDGE_CURVE('',#4496,#4497,#1302,.T.);
#5593=EDGE_CURVE('',#4498,#4497,#1303,.T.);
#5594=EDGE_CURVE('',#4499,#4498,#1304,.T.);
#5595=EDGE_CURVE('',#4499,#4500,#1305,.T.);
#5596=EDGE_CURVE('',#4501,#4500,#1306,.T.);
#5597=EDGE_CURVE('',#4502,#4501,#1307,.T.);
#5598=EDGE_CURVE('',#4503,#4502,#1308,.T.);
#5599=EDGE_CURVE('',#4496,#4503,#1309,.T.);
#5600=EDGE_CURVE('',#4504,#4505,#1310,.T.);
#5601=EDGE_CURVE('',#4504,#4506,#1311,.T.);
#5602=EDGE_CURVE('',#4497,#4506,#1312,.T.);
#5603=EDGE_CURVE('',#4496,#4507,#1313,.T.);
#5604=EDGE_CURVE('',#4507,#4508,#1314,.T.);
#5605=EDGE_CURVE('',#4508,#4509,#1315,.T.);
#5606=EDGE_CURVE('',#4509,#4505,#1316,.T.);
#5607=EDGE_CURVE('',#4510,#4511,#1317,.T.);
#5608=EDGE_CURVE('',#4511,#4512,#1318,.T.);
#5609=EDGE_CURVE('',#4513,#4512,#1319,.T.);
#5610=EDGE_CURVE('',#4514,#4513,#1320,.T.);
#5611=EDGE_CURVE('',#4515,#4514,#1321,.T.);
#5612=EDGE_CURVE('',#4516,#4515,#1322,.T.);
#5613=EDGE_CURVE('',#4517,#4516,#1323,.T.);
#5614=EDGE_CURVE('',#4517,#4518,#1324,.T.);
#5615=EDGE_CURVE('',#4518,#4519,#1325,.T.);
#5616=EDGE_CURVE('',#4520,#4519,#1326,.T.);
#5617=EDGE_CURVE('',#4521,#4520,#1327,.T.);
#5618=EDGE_CURVE('',#4522,#4521,#1328,.T.);
#5619=EDGE_CURVE('',#4522,#4523,#1329,.T.);
#5620=EDGE_CURVE('',#4524,#4523,#1330,.T.);
#5621=EDGE_CURVE('',#4525,#4524,#1331,.T.);
#5622=EDGE_CURVE('',#4525,#4510,#1332,.T.);
#5623=EDGE_CURVE('',#4526,#4527,#1333,.T.);
#5624=EDGE_CURVE('',#4526,#4528,#1334,.T.);
#5625=EDGE_CURVE('',#4529,#4528,#1335,.T.);
#5626=EDGE_CURVE('',#4530,#4529,#1336,.T.);
#5627=EDGE_CURVE('',#4531,#4530,#1337,.T.);
#5628=EDGE_CURVE('',#4532,#4531,#1338,.T.);
#5629=EDGE_CURVE('',#4533,#4532,#1339,.T.);
#5630=EDGE_CURVE('',#4534,#4533,#1340,.T.);
#5631=EDGE_CURVE('',#4535,#4534,#1341,.T.);
#5632=EDGE_CURVE('',#4535,#4536,#1342,.T.);
#5633=EDGE_CURVE('',#4504,#4536,#1343,.T.);
#5634=EDGE_CURVE('',#4505,#4537,#1344,.T.);
#5635=EDGE_CURVE('',#4538,#4537,#1345,.T.);
#5636=EDGE_CURVE('',#4539,#4538,#1346,.T.);
#5637=EDGE_CURVE('',#4539,#4527,#1347,.T.);
#5638=EDGE_CURVE('',#4540,#4510,#1348,.T.);
#5639=EDGE_CURVE('',#4540,#4541,#1349,.T.);
#5640=EDGE_CURVE('',#4541,#4542,#1350,.T.);
#5641=EDGE_CURVE('',#4542,#4543,#1351,.T.);
#5642=EDGE_CURVE('',#4543,#4544,#1352,.T.);
#5643=EDGE_CURVE('',#4545,#4544,#1353,.T.);
#5644=EDGE_CURVE('',#4545,#4511,#1354,.T.);
#5645=EDGE_CURVE('',#4510,#4546,#1355,.T.);
#5646=EDGE_CURVE('',#4547,#4546,#1356,.T.);
#5647=EDGE_CURVE('',#4540,#4547,#1357,.T.);
#5648=EDGE_CURVE('',#4548,#4540,#1358,.T.);
#5649=EDGE_CURVE('',#4549,#4547,#1359,.T.);
#5650=EDGE_CURVE('',#4548,#4549,#1360,.T.);
#5651=EDGE_CURVE('',#4550,#4548,#1361,.T.);
#5652=EDGE_CURVE('',#4550,#4551,#1362,.T.);
#5653=EDGE_CURVE('',#4551,#4552,#1363,.T.);
#5654=EDGE_CURVE('',#4552,#4553,#1364,.T.);
#5655=EDGE_CURVE('',#4553,#4554,#1365,.T.);
#5656=EDGE_CURVE('',#4554,#4555,#1366,.T.);
#5657=EDGE_CURVE('',#4555,#4556,#1367,.T.);
#5658=EDGE_CURVE('',#4556,#4541,#1368,.T.);
#5659=EDGE_CURVE('',#4557,#4512,#1369,.T.);
#5660=EDGE_CURVE('',#4558,#4545,#1370,.T.);
#5661=EDGE_CURVE('',#4558,#4559,#1371,.T.);
#5662=EDGE_CURVE('',#4559,#4557,#1372,.T.);
#5663=EDGE_CURVE('',#4556,#4560,#1373,.T.);
#5664=EDGE_CURVE('',#4561,#4560,#1374,.T.);
#5665=EDGE_CURVE('',#4562,#4561,#1375,.T.);
#5666=EDGE_CURVE('',#4562,#4563,#1376,.T.);
#5667=EDGE_CURVE('',#4563,#4564,#1377,.T.);
#5668=EDGE_CURVE('',#4565,#4564,#1378,.T.);
#5669=EDGE_CURVE('',#4565,#4566,#1379,.T.);
#5670=EDGE_CURVE('',#4567,#4566,#1380,.T.);
#5671=EDGE_CURVE('',#4567,#4568,#1381,.T.);
#5672=EDGE_CURVE('',#4569,#4568,#1382,.T.);
#5673=EDGE_CURVE('',#4570,#4569,#1383,.T.);
#5674=EDGE_CURVE('',#4571,#4570,#1384,.T.);
#5675=EDGE_CURVE('',#4572,#4571,#1385,.T.);
#5676=EDGE_CURVE('',#4542,#4572,#1386,.T.);
#5677=EDGE_CURVE('',#4573,#4539,#1387,.T.);
#5678=EDGE_CURVE('',#4573,#4574,#1388,.T.);
#5679=EDGE_CURVE('',#4574,#4575,#1389,.T.);
#5680=EDGE_CURVE('',#4576,#4575,#1390,.T.);
#5681=EDGE_CURVE('',#4527,#4576,#1391,.T.);
#5682=EDGE_CURVE('',#4577,#4557,#1392,.T.);
#5683=EDGE_CURVE('',#4577,#4513,#1393,.T.);
#5684=EDGE_CURVE('',#4555,#4578,#1394,.T.);
#5685=EDGE_CURVE('',#4578,#4560,#1395,.T.);
#5686=EDGE_CURVE('',#4554,#4579,#1396,.T.);
#5687=EDGE_CURVE('',#4579,#4578,#1397,.T.);
#5688=EDGE_CURVE('',#4580,#4577,#1398,.T.);
#5689=EDGE_CURVE('',#4580,#4514,#1399,.T.);
#5690=EDGE_CURVE('',#4581,#4582,#1400,.T.);
#5691=EDGE_CURVE('',#4582,#4583,#1401,.T.);
#5692=EDGE_CURVE('',#4583,#4584,#1402,.T.);
#5693=EDGE_CURVE('',#4585,#4584,#1403,.T.);
#5694=EDGE_CURVE('',#4586,#4585,#1404,.T.);
#5695=EDGE_CURVE('',#4569,#4586,#1405,.T.);
#5696=EDGE_CURVE('',#4568,#4587,#1406,.T.);
#5697=EDGE_CURVE('',#4588,#4587,#82,.T.);
#5698=EDGE_CURVE('',#4507,#4588,#1407,.T.);
#5699=EDGE_CURVE('',#4589,#4503,#1408,.T.);
#5700=EDGE_CURVE('',#4589,#4590,#1409,.T.);
#5701=EDGE_CURVE('',#4590,#4591,#1410,.T.);
#5702=EDGE_CURVE('',#4592,#4591,#1411,.T.);
#5703=EDGE_CURVE('',#4593,#4592,#1412,.T.);
#5704=EDGE_CURVE('',#4593,#4594,#1413,.T.);
#5705=EDGE_CURVE('',#4594,#4595,#1414,.T.);
#5706=EDGE_CURVE('',#4596,#4595,#1415,.T.);
#5707=EDGE_CURVE('',#4596,#4597,#1416,.T.);
#5708=EDGE_CURVE('',#4597,#4598,#1417,.T.);
#5709=EDGE_CURVE('',#4599,#4598,#1418,.T.);
#5710=EDGE_CURVE('',#4600,#4599,#1419,.T.);
#5711=EDGE_CURVE('',#4600,#4601,#1420,.T.);
#5712=EDGE_CURVE('',#4601,#4602,#1421,.T.);
#5713=EDGE_CURVE('',#4603,#4602,#1422,.T.);
#5714=EDGE_CURVE('',#4604,#4603,#1423,.T.);
#5715=EDGE_CURVE('',#4604,#4605,#1424,.T.);
#5716=EDGE_CURVE('',#4605,#4606,#1425,.T.);
#5717=EDGE_CURVE('',#4607,#4606,#1426,.T.);
#5718=EDGE_CURVE('',#4608,#4607,#1427,.T.);
#5719=EDGE_CURVE('',#4608,#4609,#1428,.T.);
#5720=EDGE_CURVE('',#4609,#4610,#1429,.T.);
#5721=EDGE_CURVE('',#4611,#4610,#1430,.T.);
#5722=EDGE_CURVE('',#4612,#4611,#1431,.T.);
#5723=EDGE_CURVE('',#4612,#4613,#1432,.T.);
#5724=EDGE_CURVE('',#4613,#4614,#1433,.T.);
#5725=EDGE_CURVE('',#4615,#4614,#1434,.T.);
#5726=EDGE_CURVE('',#4616,#4615,#1435,.T.);
#5727=EDGE_CURVE('',#4616,#4617,#1436,.T.);
#5728=EDGE_CURVE('',#4617,#4618,#1437,.T.);
#5729=EDGE_CURVE('',#4619,#4618,#1438,.T.);
#5730=EDGE_CURVE('',#4620,#4619,#1439,.T.);
#5731=EDGE_CURVE('',#4620,#4621,#1440,.T.);
#5732=EDGE_CURVE('',#4621,#4622,#1441,.T.);
#5733=EDGE_CURVE('',#4623,#4622,#1442,.T.);
#5734=EDGE_CURVE('',#4624,#4623,#1443,.T.);
#5735=EDGE_CURVE('',#4624,#4625,#1444,.T.);
#5736=EDGE_CURVE('',#4625,#4626,#1445,.T.);
#5737=EDGE_CURVE('',#4627,#4626,#1446,.T.);
#5738=EDGE_CURVE('',#4628,#4627,#1447,.T.);
#5739=EDGE_CURVE('',#4628,#4629,#1448,.T.);
#5740=EDGE_CURVE('',#4629,#4630,#1449,.T.);
#5741=EDGE_CURVE('',#4631,#4630,#1450,.T.);
#5742=EDGE_CURVE('',#4632,#4631,#1451,.T.);
#5743=EDGE_CURVE('',#4632,#4633,#1452,.T.);
#5744=EDGE_CURVE('',#4633,#4634,#1453,.T.);
#5745=EDGE_CURVE('',#4635,#4634,#1454,.T.);
#5746=EDGE_CURVE('',#4636,#4635,#1455,.T.);
#5747=EDGE_CURVE('',#4636,#4637,#1456,.T.);
#5748=EDGE_CURVE('',#4637,#4638,#1457,.T.);
#5749=EDGE_CURVE('',#4639,#4638,#1458,.T.);
#5750=EDGE_CURVE('',#4640,#4639,#1459,.T.);
#5751=EDGE_CURVE('',#4640,#4641,#1460,.T.);
#5752=EDGE_CURVE('',#4641,#4642,#1461,.T.);
#5753=EDGE_CURVE('',#4643,#4642,#1462,.T.);
#5754=EDGE_CURVE('',#4644,#4643,#1463,.T.);
#5755=EDGE_CURVE('',#4644,#4645,#1464,.T.);
#5756=EDGE_CURVE('',#4645,#4646,#1465,.T.);
#5757=EDGE_CURVE('',#4647,#4646,#1466,.T.);
#5758=EDGE_CURVE('',#4648,#4647,#1467,.T.);
#5759=EDGE_CURVE('',#4648,#4649,#1468,.T.);
#5760=EDGE_CURVE('',#4649,#4650,#1469,.T.);
#5761=EDGE_CURVE('',#4651,#4650,#1470,.T.);
#5762=EDGE_CURVE('',#4652,#4651,#1471,.T.);
#5763=EDGE_CURVE('',#4653,#4652,#1472,.T.);
#5764=EDGE_CURVE('',#4653,#4654,#1473,.T.);
#5765=EDGE_CURVE('',#4655,#4654,#1474,.T.);
#5766=EDGE_CURVE('',#4656,#4655,#1475,.T.);
#5767=EDGE_CURVE('',#4656,#4657,#1476,.T.);
#5768=EDGE_CURVE('',#4658,#4657,#1477,.T.);
#5769=EDGE_CURVE('',#4659,#4658,#83,.T.);
#5770=EDGE_CURVE('',#4561,#4659,#1478,.T.);
#5771=EDGE_CURVE('',#4581,#4579,#1479,.T.);
#5772=EDGE_CURVE('',#4582,#4660,#1480,.T.);
#5773=EDGE_CURVE('',#4661,#4581,#1481,.T.);
#5774=EDGE_CURVE('',#4661,#4660,#1482,.T.);
#5775=EDGE_CURVE('',#4662,#4663,#1483,.T.);
#5776=EDGE_CURVE('',#4664,#4662,#1484,.T.);
#5777=EDGE_CURVE('',#4665,#4664,#1485,.T.);
#5778=EDGE_CURVE('',#4665,#4583,#1486,.T.);
#5779=EDGE_CURVE('',#4666,#4660,#1487,.T.);
#5780=EDGE_CURVE('',#4667,#4666,#1488,.T.);
#5781=EDGE_CURVE('',#4667,#4668,#1489,.T.);
#5782=EDGE_CURVE('',#4668,#4669,#1490,.T.);
#5783=EDGE_CURVE('',#4669,#4670,#1491,.T.);
#5784=EDGE_CURVE('',#4671,#4670,#1492,.T.);
#5785=EDGE_CURVE('',#4663,#4671,#1493,.T.);
#5786=EDGE_CURVE('',#4663,#4672,#1494,.T.);
#5787=EDGE_CURVE('',#4673,#4672,#1495,.T.);
#5788=EDGE_CURVE('',#4662,#4673,#1496,.T.);
#5789=EDGE_CURVE('',#4674,#4667,#1497,.T.);
#5790=EDGE_CURVE('',#4666,#4675,#1498,.T.);
#5791=EDGE_CURVE('',#4675,#4580,#1499,.T.);
#5792=EDGE_CURVE('',#4559,#4674,#1500,.T.);
#5793=EDGE_CURVE('',#4676,#4673,#1501,.T.);
#5794=EDGE_CURVE('',#4671,#4676,#1502,.T.);
#5795=EDGE_CURVE('',#4670,#4677,#1503,.T.);
#5796=EDGE_CURVE('',#4574,#4677,#1504,.T.);
#5797=EDGE_CURVE('',#4573,#4678,#1505,.T.);
#5798=EDGE_CURVE('',#4678,#4679,#1506,.T.);
#5799=EDGE_CURVE('',#4679,#4680,#1507,.T.);
#5800=EDGE_CURVE('',#4680,#4664,#1508,.T.);
#5801=EDGE_CURVE('',#4674,#4681,#1509,.T.);
#5802=EDGE_CURVE('',#4681,#4668,#1510,.T.);
#5803=EDGE_CURVE('',#4681,#4682,#1511,.T.);
#5804=EDGE_CURVE('',#4682,#4669,#1512,.T.);
#5805=EDGE_CURVE('',#4558,#4681,#1513,.T.);
#5806=EDGE_CURVE('',#4683,#4544,#1514,.T.);
#5807=EDGE_CURVE('',#4684,#4683,#1515,.T.);
#5808=EDGE_CURVE('',#4685,#4684,#1516,.T.);
#5809=EDGE_CURVE('',#4685,#4686,#1517,.T.);
#5810=EDGE_CURVE('',#4687,#4686,#1518,.T.);
#5811=EDGE_CURVE('',#4688,#4687,#1519,.T.);
#5812=EDGE_CURVE('',#4688,#4689,#1520,.T.);
#5813=EDGE_CURVE('',#4689,#4690,#1521,.T.);
#5814=EDGE_CURVE('',#4691,#4690,#1522,.T.);
#5815=EDGE_CURVE('',#4692,#4691,#1523,.T.);
#5816=EDGE_CURVE('',#4693,#4692,#1524,.T.);
#5817=EDGE_CURVE('',#4693,#4694,#1525,.T.);
#5818=EDGE_CURVE('',#4695,#4694,#1526,.T.);
#5819=EDGE_CURVE('',#4576,#4695,#1527,.T.);
#5820=EDGE_CURVE('',#4575,#4682,#1528,.T.);
#5821=EDGE_CURVE('',#4682,#4677,#1529,.T.);
#5822=EDGE_CURVE('',#4526,#4696,#1530,.T.);
#5823=EDGE_CURVE('',#4697,#4695,#1531,.T.);
#5824=EDGE_CURVE('',#4572,#4697,#1532,.T.);
#5825=EDGE_CURVE('',#4696,#4571,#1533,.T.);
#5826=EDGE_CURVE('',#4696,#4698,#1534,.T.);
#5827=EDGE_CURVE('',#4699,#4698,#1535,.T.);
#5828=EDGE_CURVE('',#4526,#4699,#1536,.T.);
#5829=EDGE_CURVE('',#4700,#4701,#1537,.T.);
#5830=EDGE_CURVE('',#4528,#4700,#1538,.T.);
#5831=EDGE_CURVE('',#4699,#4701,#1539,.T.);
#5832=EDGE_CURVE('',#4702,#4701,#1540,.T.);
#5833=EDGE_CURVE('',#4703,#4702,#1541,.T.);
#5834=EDGE_CURVE('',#4703,#4700,#1542,.T.);
#5835=EDGE_CURVE('',#4704,#4546,#1543,.T.);
#5836=EDGE_CURVE('',#4705,#4704,#1544,.T.);
#5837=EDGE_CURVE('',#4706,#4705,#1545,.T.);
#5838=EDGE_CURVE('',#4706,#4549,#1546,.T.);
#5839=EDGE_CURVE('',#4698,#4707,#1547,.T.);
#5840=EDGE_CURVE('',#4707,#4708,#1548,.T.);
#5841=EDGE_CURVE('',#4702,#4708,#1549,.T.);
#5842=EDGE_CURVE('',#4709,#4548,#1550,.T.);
#5843=EDGE_CURVE('',#4709,#4706,#1551,.T.);
#5844=EDGE_CURVE('',#4514,#4554,#1552,.T.);
#5845=EDGE_CURVE('',#4515,#4553,#1553,.T.);
#5846=EDGE_CURVE('',#4709,#4710,#1554,.T.);
#5847=EDGE_CURVE('',#4710,#4523,#1555,.T.);
#5848=EDGE_CURVE('',#4711,#4522,#1556,.T.);
#5849=EDGE_CURVE('',#4711,#4712,#1557,.T.);
#5850=EDGE_CURVE('',#4712,#4519,#1558,.T.);
#5851=EDGE_CURVE('',#4518,#4550,#1559,.T.);
#5852=EDGE_CURVE('',#4675,#4661,#1560,.T.);
#5853=EDGE_CURVE('',#4657,#4552,#1561,.T.);
#5854=EDGE_CURVE('',#4656,#4713,#1562,.T.);
#5855=EDGE_CURVE('',#4713,#4714,#1563,.T.);
#5856=EDGE_CURVE('',#4516,#4714,#1564,.T.);
#5857=EDGE_CURVE('',#4715,#4551,#1565,.T.);
#5858=EDGE_CURVE('',#4715,#4716,#1566,.T.);
#5859=EDGE_CURVE('',#4658,#4716,#1567,.T.);
#5860=EDGE_CURVE('',#4717,#4714,#1568,.T.);
#5861=EDGE_CURVE('',#4718,#4717,#1569,.T.);
#5862=EDGE_CURVE('',#4719,#4718,#1570,.T.);
#5863=EDGE_CURVE('',#4517,#4719,#1571,.T.);
#5864=EDGE_CURVE('',#4720,#4717,#84,.T.);
#5865=EDGE_CURVE('',#4721,#4720,#1572,.T.);
#5866=EDGE_CURVE('',#4721,#4718,#85,.T.);
#5867=EDGE_CURVE('',#4722,#4716,#86,.T.);
#5868=EDGE_CURVE('',#4659,#4722,#1573,.T.);
#5869=EDGE_CURVE('',#4723,#4724,#1574,.T.);
#5870=EDGE_CURVE('',#4723,#4725,#1575,.T.);
#5871=EDGE_CURVE('',#4726,#4725,#1576,.T.);
#5872=EDGE_CURVE('',#4727,#4726,#1577,.T.);
#5873=EDGE_CURVE('',#4727,#4720,#1578,.T.);
#5874=EDGE_CURVE('',#4728,#4713,#1579,.T.);
#5875=EDGE_CURVE('',#4728,#4729,#1580,.T.);
#5876=EDGE_CURVE('',#4730,#4729,#1581,.T.);
#5877=EDGE_CURVE('',#4730,#4731,#1582,.T.);
#5878=EDGE_CURVE('',#4731,#4732,#1583,.T.);
#5879=EDGE_CURVE('',#4732,#4733,#1584,.T.);
#5880=EDGE_CURVE('',#4734,#4733,#1585,.T.);
#5881=EDGE_CURVE('',#4735,#4734,#1586,.T.);
#5882=EDGE_CURVE('',#4735,#4736,#1587,.T.);
#5883=EDGE_CURVE('',#4736,#4737,#1588,.T.);
#5884=EDGE_CURVE('',#4738,#4737,#1589,.T.);
#5885=EDGE_CURVE('',#4739,#4738,#1590,.T.);
#5886=EDGE_CURVE('',#4739,#4740,#1591,.T.);
#5887=EDGE_CURVE('',#4740,#4741,#1592,.T.);
#5888=EDGE_CURVE('',#4742,#4741,#1593,.T.);
#5889=EDGE_CURVE('',#4743,#4742,#1594,.T.);
#5890=EDGE_CURVE('',#4743,#4744,#1595,.T.);
#5891=EDGE_CURVE('',#4744,#4745,#1596,.T.);
#5892=EDGE_CURVE('',#4746,#4745,#1597,.T.);
#5893=EDGE_CURVE('',#4747,#4746,#1598,.T.);
#5894=EDGE_CURVE('',#4747,#4748,#1599,.T.);
#5895=EDGE_CURVE('',#4748,#4749,#1600,.T.);
#5896=EDGE_CURVE('',#4750,#4749,#1601,.T.);
#5897=EDGE_CURVE('',#4751,#4750,#1602,.T.);
#5898=EDGE_CURVE('',#4751,#4752,#1603,.T.);
#5899=EDGE_CURVE('',#4752,#4753,#1604,.T.);
#5900=EDGE_CURVE('',#4754,#4753,#1605,.T.);
#5901=EDGE_CURVE('',#4755,#4754,#1606,.T.);
#5902=EDGE_CURVE('',#4755,#4756,#1607,.T.);
#5903=EDGE_CURVE('',#4756,#4757,#1608,.T.);
#5904=EDGE_CURVE('',#4758,#4757,#1609,.T.);
#5905=EDGE_CURVE('',#4759,#4758,#1610,.T.);
#5906=EDGE_CURVE('',#4759,#4760,#1611,.T.);
#5907=EDGE_CURVE('',#4760,#4761,#1612,.T.);
#5908=EDGE_CURVE('',#4762,#4761,#1613,.T.);
#5909=EDGE_CURVE('',#4763,#4762,#1614,.T.);
#5910=EDGE_CURVE('',#4763,#4764,#1615,.T.);
#5911=EDGE_CURVE('',#4764,#4765,#1616,.T.);
#5912=EDGE_CURVE('',#4766,#4765,#1617,.T.);
#5913=EDGE_CURVE('',#4767,#4766,#1618,.T.);
#5914=EDGE_CURVE('',#4767,#4768,#1619,.T.);
#5915=EDGE_CURVE('',#4768,#4769,#1620,.T.);
#5916=EDGE_CURVE('',#4770,#4769,#1621,.T.);
#5917=EDGE_CURVE('',#4771,#4770,#1622,.T.);
#5918=EDGE_CURVE('',#4771,#4772,#1623,.T.);
#5919=EDGE_CURVE('',#4772,#4773,#1624,.T.);
#5920=EDGE_CURVE('',#4774,#4773,#1625,.T.);
#5921=EDGE_CURVE('',#4775,#4774,#1626,.T.);
#5922=EDGE_CURVE('',#4775,#4776,#1627,.T.);
#5923=EDGE_CURVE('',#4776,#4777,#1628,.T.);
#5924=EDGE_CURVE('',#4778,#4777,#1629,.T.);
#5925=EDGE_CURVE('',#4779,#4778,#1630,.T.);
#5926=EDGE_CURVE('',#4779,#4780,#1631,.T.);
#5927=EDGE_CURVE('',#4780,#4781,#1632,.T.);
#5928=EDGE_CURVE('',#4782,#4781,#1633,.T.);
#5929=EDGE_CURVE('',#4783,#4782,#1634,.T.);
#5930=EDGE_CURVE('',#4783,#4784,#1635,.T.);
#5931=EDGE_CURVE('',#4784,#4785,#1636,.T.);
#5932=EDGE_CURVE('',#4786,#4785,#1637,.T.);
#5933=EDGE_CURVE('',#4787,#4786,#1638,.T.);
#5934=EDGE_CURVE('',#4787,#4788,#1639,.T.);
#5935=EDGE_CURVE('',#4789,#4788,#1640,.T.);
#5936=EDGE_CURVE('',#4790,#4789,#1641,.T.);
#5937=EDGE_CURVE('',#4790,#4791,#1642,.T.);
#5938=EDGE_CURVE('',#4791,#4792,#1643,.T.);
#5939=EDGE_CURVE('',#4793,#4792,#1644,.T.);
#5940=EDGE_CURVE('',#4794,#4793,#1645,.T.);
#5941=EDGE_CURVE('',#4794,#4498,#1646,.T.);
#5942=EDGE_CURVE('',#4506,#4795,#1647,.T.);
#5943=EDGE_CURVE('',#4795,#4796,#87,.T.);
#5944=EDGE_CURVE('',#4796,#4797,#1648,.T.);
#5945=EDGE_CURVE('',#4724,#4797,#1649,.T.);
#5946=EDGE_CURVE('',#4724,#4798,#1650,.T.);
#5947=EDGE_CURVE('',#4799,#4798,#1651,.T.);
#5948=EDGE_CURVE('',#4800,#4799,#45,.T.);
#5949=EDGE_CURVE('',#4723,#4800,#1652,.T.);
#5950=EDGE_CURVE('',#4800,#4801,#1653,.T.);
#5951=EDGE_CURVE('',#4725,#4801,#1654,.T.);
#5952=EDGE_CURVE('',#4801,#4802,#46,.T.);
#5953=EDGE_CURVE('',#4802,#4803,#1655,.T.);
#5954=EDGE_CURVE('',#4726,#4803,#1656,.T.);
#5955=EDGE_CURVE('',#4804,#4803,#1657,.T.);
#5956=EDGE_CURVE('',#4727,#4804,#1658,.T.);
#5957=EDGE_CURVE('',#4804,#4805,#1659,.T.);
#5958=EDGE_CURVE('',#4805,#4806,#1660,.T.);
#5959=EDGE_CURVE('',#4807,#4806,#1661,.T.);
#5960=EDGE_CURVE('',#4808,#4807,#1662,.T.);
#5961=EDGE_CURVE('',#4808,#4809,#1663,.T.);
#5962=EDGE_CURVE('',#4809,#4721,#1664,.T.);
#5963=EDGE_CURVE('',#4722,#4562,#1665,.T.);
#5964=EDGE_CURVE('',#4810,#4499,#1666,.T.);
#5965=EDGE_CURVE('',#4810,#4811,#1667,.T.);
#5966=EDGE_CURVE('',#4812,#4811,#1668,.T.);
#5967=EDGE_CURVE('',#4813,#4812,#1669,.T.);
#5968=EDGE_CURVE('',#4813,#4814,#1670,.T.);
#5969=EDGE_CURVE('',#4815,#4814,#1671,.T.);
#5970=EDGE_CURVE('',#4815,#4816,#1672,.T.);
#5971=EDGE_CURVE('',#4817,#4816,#88,.T.);
#5972=EDGE_CURVE('',#4818,#4817,#1673,.T.);
#5973=EDGE_CURVE('',#4500,#4818,#1674,.T.);
#5974=EDGE_CURVE('',#4819,#4820,#1675,.T.);
#5975=EDGE_CURVE('',#4821,#4819,#1676,.T.);
#5976=EDGE_CURVE('',#4719,#4821,#1677,.T.);
#5977=EDGE_CURVE('',#4822,#4809,#1678,.T.);
#5978=EDGE_CURVE('',#4823,#4822,#1679,.T.);
#5979=EDGE_CURVE('',#4824,#4823,#1680,.T.);
#5980=EDGE_CURVE('',#4824,#4825,#1681,.T.);
#5981=EDGE_CURVE('',#4825,#4820,#1682,.T.);
#5982=EDGE_CURVE('',#4826,#4502,#1683,.T.);
#5983=EDGE_CURVE('',#4589,#4826,#1684,.T.);
#5984=EDGE_CURVE('',#4810,#4794,#1685,.T.);
#5985=EDGE_CURVE('',#4566,#4827,#1686,.T.);
#5986=EDGE_CURVE('',#4827,#4826,#1687,.T.);
#5987=EDGE_CURVE('',#4828,#4501,#1688,.T.);
#5988=EDGE_CURVE('',#4828,#4829,#1689,.T.);
#5989=EDGE_CURVE('',#4829,#4830,#89,.T.);
#5990=EDGE_CURVE('',#4567,#4830,#1690,.T.);
#5991=EDGE_CURVE('',#4797,#4831,#1691,.T.);
#5992=EDGE_CURVE('',#4816,#4796,#1692,.T.);
#5993=EDGE_CURVE('',#4832,#4815,#1693,.T.);
#5994=EDGE_CURVE('',#4832,#4833,#1694,.T.);
#5995=EDGE_CURVE('',#4833,#4834,#1695,.T.);
#5996=EDGE_CURVE('',#4835,#4834,#1696,.T.);
#5997=EDGE_CURVE('',#4831,#4835,#1697,.T.);
#5998=EDGE_CURVE('',#4587,#4830,#1698,.T.);
#5999=EDGE_CURVE('',#4831,#4798,#1699,.T.);
#6000=EDGE_CURVE('',#4835,#4836,#1700,.T.);
#6001=EDGE_CURVE('',#4836,#4837,#1701,.T.);
#6002=EDGE_CURVE('',#4837,#4805,#1702,.T.);
#6003=EDGE_CURVE('',#4799,#4802,#1703,.T.);
#6004=EDGE_CURVE('',#4837,#4838,#1704,.T.);
#6005=EDGE_CURVE('',#4838,#4806,#1705,.T.);
#6006=EDGE_CURVE('',#4836,#4839,#1706,.T.);
#6007=EDGE_CURVE('',#4834,#4839,#1707,.T.);
#6008=EDGE_CURVE('',#4840,#4686,#1708,.T.);
#6009=EDGE_CURVE('',#4838,#4685,#1709,.T.);
#6010=EDGE_CURVE('',#4841,#4837,#1710,.T.);
#6011=EDGE_CURVE('',#4842,#4841,#1711,.T.);
#6012=EDGE_CURVE('',#4843,#4842,#1712,.T.);
#6013=EDGE_CURVE('',#4844,#4843,#1713,.T.);
#6014=EDGE_CURVE('',#4845,#4844,#1714,.T.);
#6015=EDGE_CURVE('',#4846,#4845,#1715,.T.);
#6016=EDGE_CURVE('',#4846,#4840,#1716,.T.);
#6017=EDGE_CURVE('',#4847,#4694,#1717,.T.);
#6018=EDGE_CURVE('',#4847,#4697,#1718,.T.);
#6019=EDGE_CURVE('',#4848,#4683,#1719,.T.);
#6020=EDGE_CURVE('',#4543,#4848,#1720,.T.);
#6021=EDGE_CURVE('',#4849,#4687,#1721,.T.);
#6022=EDGE_CURVE('',#4840,#4849,#1722,.T.);
#6023=EDGE_CURVE('',#4850,#4690,#1723,.T.);
#6024=EDGE_CURVE('',#4850,#4851,#1724,.T.);
#6025=EDGE_CURVE('',#4851,#4691,#1725,.T.);
#6026=EDGE_CURVE('',#4693,#4852,#1726,.T.);
#6027=EDGE_CURVE('',#4852,#4853,#1727,.T.);
#6028=EDGE_CURVE('',#4814,#4853,#1728,.T.);
#6029=EDGE_CURVE('',#4854,#4813,#1729,.T.);
#6030=EDGE_CURVE('',#4855,#4854,#1730,.T.);
#6031=EDGE_CURVE('',#4855,#4827,#1731,.T.);
#6032=EDGE_CURVE('',#4856,#4565,#1732,.T.);
#6033=EDGE_CURVE('',#4857,#4856,#1733,.T.);
#6034=EDGE_CURVE('',#4858,#4857,#1734,.T.);
#6035=EDGE_CURVE('',#4858,#4847,#1735,.T.);
#6036=EDGE_CURVE('',#4859,#4860,#1736,.T.);
#6037=EDGE_CURVE('',#4859,#4861,#1737,.T.);
#6038=EDGE_CURVE('',#4862,#4861,#1738,.T.);
#6039=EDGE_CURVE('',#4863,#4862,#1739,.T.);
#6040=EDGE_CURVE('',#4864,#4863,#1740,.T.);
#6041=EDGE_CURVE('',#4864,#4865,#1741,.T.);
#6042=EDGE_CURVE('',#4866,#4865,#1742,.T.);
#6043=EDGE_CURVE('',#4867,#4866,#1743,.T.);
#6044=EDGE_CURVE('',#4868,#4867,#1744,.T.);
#6045=EDGE_CURVE('',#4868,#4869,#1745,.T.);
#6046=EDGE_CURVE('',#4870,#4869,#1746,.T.);
#6047=EDGE_CURVE('',#4871,#4870,#1747,.T.);
#6048=EDGE_CURVE('',#4872,#4871,#1748,.T.);
#6049=EDGE_CURVE('',#4872,#4873,#1749,.T.);
#6050=EDGE_CURVE('',#4874,#4873,#1750,.T.);
#6051=EDGE_CURVE('',#4875,#4874,#1751,.T.);
#6052=EDGE_CURVE('',#4876,#4875,#1752,.T.);
#6053=EDGE_CURVE('',#4876,#4877,#1753,.T.);
#6054=EDGE_CURVE('',#4878,#4877,#1754,.T.);
#6055=EDGE_CURVE('',#4879,#4878,#1755,.T.);
#6056=EDGE_CURVE('',#4880,#4879,#1756,.T.);
#6057=EDGE_CURVE('',#4880,#4881,#1757,.T.);
#6058=EDGE_CURVE('',#4882,#4881,#1758,.T.);
#6059=EDGE_CURVE('',#4883,#4882,#1759,.T.);
#6060=EDGE_CURVE('',#4884,#4883,#1760,.T.);
#6061=EDGE_CURVE('',#4884,#4885,#1761,.T.);
#6062=EDGE_CURVE('',#4886,#4885,#1762,.T.);
#6063=EDGE_CURVE('',#4887,#4886,#1763,.T.);
#6064=EDGE_CURVE('',#4888,#4887,#1764,.T.);
#6065=EDGE_CURVE('',#4888,#4889,#1765,.T.);
#6066=EDGE_CURVE('',#4890,#4889,#1766,.T.);
#6067=EDGE_CURVE('',#4891,#4890,#1767,.T.);
#6068=EDGE_CURVE('',#4892,#4891,#1768,.T.);
#6069=EDGE_CURVE('',#4892,#4893,#1769,.T.);
#6070=EDGE_CURVE('',#4894,#4893,#1770,.T.);
#6071=EDGE_CURVE('',#4895,#4894,#1771,.T.);
#6072=EDGE_CURVE('',#4896,#4895,#1772,.T.);
#6073=EDGE_CURVE('',#4896,#4897,#1773,.T.);
#6074=EDGE_CURVE('',#4898,#4897,#1774,.T.);
#6075=EDGE_CURVE('',#4899,#4898,#1775,.T.);
#6076=EDGE_CURVE('',#4900,#4899,#1776,.T.);
#6077=EDGE_CURVE('',#4900,#4901,#1777,.T.);
#6078=EDGE_CURVE('',#4902,#4901,#1778,.T.);
#6079=EDGE_CURVE('',#4903,#4902,#1779,.T.);
#6080=EDGE_CURVE('',#4904,#4903,#1780,.T.);
#6081=EDGE_CURVE('',#4904,#4905,#1781,.T.);
#6082=EDGE_CURVE('',#4906,#4905,#1782,.T.);
#6083=EDGE_CURVE('',#4907,#4906,#1783,.T.);
#6084=EDGE_CURVE('',#4908,#4907,#1784,.T.);
#6085=EDGE_CURVE('',#4908,#4909,#1785,.T.);
#6086=EDGE_CURVE('',#4910,#4909,#1786,.T.);
#6087=EDGE_CURVE('',#4911,#4910,#1787,.T.);
#6088=EDGE_CURVE('',#4912,#4911,#1788,.T.);
#6089=EDGE_CURVE('',#4912,#4913,#1789,.T.);
#6090=EDGE_CURVE('',#4914,#4913,#1790,.T.);
#6091=EDGE_CURVE('',#4915,#4914,#1791,.T.);
#6092=EDGE_CURVE('',#4915,#4849,#1792,.T.);
#6093=EDGE_CURVE('',#4846,#4916,#1793,.T.);
#6094=EDGE_CURVE('',#4916,#4848,#1794,.T.);
#6095=EDGE_CURVE('',#4858,#4917,#1795,.T.);
#6096=EDGE_CURVE('',#4917,#4851,#1796,.T.);
#6097=EDGE_CURVE('',#4850,#4918,#1797,.T.);
#6098=EDGE_CURVE('',#4919,#4918,#1798,.T.);
#6099=EDGE_CURVE('',#4920,#4919,#1799,.T.);
#6100=EDGE_CURVE('',#4920,#4921,#1800,.T.);
#6101=EDGE_CURVE('',#4922,#4921,#1801,.T.);
#6102=EDGE_CURVE('',#4860,#4922,#1802,.T.);
#6103=EDGE_CURVE('',#4597,#4923,#1803,.T.);
#6104=EDGE_CURVE('',#4596,#4924,#1804,.T.);
#6105=EDGE_CURVE('',#4925,#4924,#1805,.T.);
#6106=EDGE_CURVE('',#4925,#4926,#1806,.T.);
#6107=EDGE_CURVE('',#4926,#4927,#1807,.T.);
#6108=EDGE_CURVE('',#4927,#4923,#1808,.T.);
#6109=EDGE_CURVE('',#4928,#4786,#1809,.T.);
#6110=EDGE_CURVE('',#4928,#4929,#1810,.T.);
#6111=EDGE_CURVE('',#4929,#4930,#1811,.T.);
#6112=EDGE_CURVE('',#4930,#4931,#1812,.T.);
#6113=EDGE_CURVE('',#4932,#4931,#1813,.T.);
#6114=EDGE_CURVE('',#4932,#4787,#1814,.T.);
#6115=EDGE_CURVE('',#4933,#4934,#1815,.T.);
#6116=EDGE_CURVE('',#4933,#4935,#1816,.T.);
#6117=EDGE_CURVE('',#4936,#4935,#1817,.T.);
#6118=EDGE_CURVE('',#4936,#4934,#1818,.T.);
#6119=EDGE_CURVE('',#4937,#4938,#1819,.T.);
#6120=EDGE_CURVE('',#4939,#4937,#1820,.T.);
#6121=EDGE_CURVE('',#4940,#4939,#1821,.T.);
#6122=EDGE_CURVE('',#4940,#4938,#90,.T.);
#6123=EDGE_CURVE('',#4860,#4941,#1822,.T.);
#6124=EDGE_CURVE('',#4942,#4941,#1823,.T.);
#6125=EDGE_CURVE('',#4942,#4943,#1824,.T.);
#6126=EDGE_CURVE('',#4859,#4943,#91,.T.);
#6127=EDGE_CURVE('',#4944,#4598,#1825,.T.);
#6128=EDGE_CURVE('',#4923,#4944,#1826,.T.);
#6129=EDGE_CURVE('',#4945,#4944,#1827,.T.);
#6130=EDGE_CURVE('',#4946,#4945,#1828,.T.);
#6131=EDGE_CURVE('',#4947,#4946,#1829,.T.);
#6132=EDGE_CURVE('',#4947,#4948,#1830,.T.);
#6133=EDGE_CURVE('',#4599,#4948,#1831,.T.);
#6134=EDGE_CURVE('',#4949,#4785,#1832,.T.);
#6135=EDGE_CURVE('',#4950,#4784,#1833,.T.);
#6136=EDGE_CURVE('',#4950,#4951,#1834,.T.);
#6137=EDGE_CURVE('',#4952,#4951,#1835,.T.);
#6138=EDGE_CURVE('',#4953,#4952,#1836,.T.);
#6139=EDGE_CURVE('',#4949,#4953,#1837,.T.);
#6140=EDGE_CURVE('',#4954,#4955,#1838,.T.);
#6141=EDGE_CURVE('',#4956,#4955,#1839,.T.);
#6142=EDGE_CURVE('',#4956,#4957,#1840,.T.);
#6143=EDGE_CURVE('',#4954,#4957,#1841,.T.);
#6144=EDGE_CURVE('',#4958,#4959,#1842,.T.);
#6145=EDGE_CURVE('',#4960,#4959,#92,.T.);
#6146=EDGE_CURVE('',#4960,#4961,#1843,.T.);
#6147=EDGE_CURVE('',#4961,#4958,#1844,.T.);
#6148=EDGE_CURVE('',#4862,#4962,#1845,.T.);
#6149=EDGE_CURVE('',#4861,#4963,#93,.T.);
#6150=EDGE_CURVE('',#4964,#4963,#1846,.T.);
#6151=EDGE_CURVE('',#4964,#4962,#1847,.T.);
#6152=EDGE_CURVE('',#4651,#4965,#1848,.T.);
#6153=EDGE_CURVE('',#4966,#4965,#1849,.T.);
#6154=EDGE_CURVE('',#4648,#4966,#1850,.T.);
#6155=EDGE_CURVE('',#4647,#4967,#1851,.T.);
#6156=EDGE_CURVE('',#4968,#4967,#1852,.T.);
#6157=EDGE_CURVE('',#4644,#4968,#1853,.T.);
#6158=EDGE_CURVE('',#4643,#4969,#1854,.T.);
#6159=EDGE_CURVE('',#4970,#4969,#1855,.T.);
#6160=EDGE_CURVE('',#4640,#4970,#1856,.T.);
#6161=EDGE_CURVE('',#4639,#4971,#1857,.T.);
#6162=EDGE_CURVE('',#4972,#4971,#1858,.T.);
#6163=EDGE_CURVE('',#4636,#4972,#1859,.T.);
#6164=EDGE_CURVE('',#4635,#4973,#1860,.T.);
#6165=EDGE_CURVE('',#4974,#4973,#1861,.T.);
#6166=EDGE_CURVE('',#4632,#4974,#1862,.T.);
#6167=EDGE_CURVE('',#4631,#4975,#1863,.T.);
#6168=EDGE_CURVE('',#4976,#4975,#1864,.T.);
#6169=EDGE_CURVE('',#4628,#4976,#1865,.T.);
#6170=EDGE_CURVE('',#4627,#4977,#1866,.T.);
#6171=EDGE_CURVE('',#4978,#4977,#1867,.T.);
#6172=EDGE_CURVE('',#4624,#4978,#1868,.T.);
#6173=EDGE_CURVE('',#4623,#4979,#1869,.T.);
#6174=EDGE_CURVE('',#4980,#4979,#1870,.T.);
#6175=EDGE_CURVE('',#4620,#4980,#1871,.T.);
#6176=EDGE_CURVE('',#4619,#4981,#1872,.T.);
#6177=EDGE_CURVE('',#4982,#4981,#1873,.T.);
#6178=EDGE_CURVE('',#4616,#4982,#1874,.T.);
#6179=EDGE_CURVE('',#4615,#4983,#1875,.T.);
#6180=EDGE_CURVE('',#4984,#4983,#1876,.T.);
#6181=EDGE_CURVE('',#4612,#4984,#1877,.T.);
#6182=EDGE_CURVE('',#4611,#4985,#1878,.T.);
#6183=EDGE_CURVE('',#4986,#4985,#1879,.T.);
#6184=EDGE_CURVE('',#4608,#4986,#1880,.T.);
#6185=EDGE_CURVE('',#4607,#4987,#1881,.T.);
#6186=EDGE_CURVE('',#4988,#4987,#1882,.T.);
#6187=EDGE_CURVE('',#4604,#4988,#1883,.T.);
#6188=EDGE_CURVE('',#4603,#4989,#1884,.T.);
#6189=EDGE_CURVE('',#4990,#4989,#1885,.T.);
#6190=EDGE_CURVE('',#4600,#4990,#1886,.T.);
#6191=EDGE_CURVE('',#4924,#4948,#1887,.T.);
#6192=EDGE_CURVE('',#4595,#4991,#1888,.T.);
#6193=EDGE_CURVE('',#4992,#4991,#1889,.T.);
#6194=EDGE_CURVE('',#4592,#4992,#1890,.T.);
#6195=EDGE_CURVE('',#4591,#4993,#1891,.T.);
#6196=EDGE_CURVE('',#4854,#4993,#1892,.T.);
#6197=EDGE_CURVE('',#4812,#4792,#1893,.T.);
#6198=EDGE_CURVE('',#4994,#4791,#1894,.T.);
#6199=EDGE_CURVE('',#4994,#4995,#1895,.T.);
#6200=EDGE_CURVE('',#4995,#4788,#1896,.T.);
#6201=EDGE_CURVE('',#4932,#4950,#1897,.T.);
#6202=EDGE_CURVE('',#4996,#4783,#1898,.T.);
#6203=EDGE_CURVE('',#4996,#4997,#1899,.T.);
#6204=EDGE_CURVE('',#4997,#4780,#1900,.T.);
#6205=EDGE_CURVE('',#4998,#4779,#1901,.T.);
#6206=EDGE_CURVE('',#4998,#4999,#1902,.T.);
#6207=EDGE_CURVE('',#4999,#4776,#1903,.T.);
#6208=EDGE_CURVE('',#5000,#4775,#1904,.T.);
#6209=EDGE_CURVE('',#5000,#5001,#1905,.T.);
#6210=EDGE_CURVE('',#5001,#4772,#1906,.T.);
#6211=EDGE_CURVE('',#5002,#4771,#1907,.T.);
#6212=EDGE_CURVE('',#5002,#5003,#1908,.T.);
#6213=EDGE_CURVE('',#5003,#4768,#1909,.T.);
#6214=EDGE_CURVE('',#5004,#4767,#1910,.T.);
#6215=EDGE_CURVE('',#5004,#5005,#1911,.T.);
#6216=EDGE_CURVE('',#5005,#4764,#1912,.T.);
#6217=EDGE_CURVE('',#5006,#4763,#1913,.T.);
#6218=EDGE_CURVE('',#5006,#5007,#1914,.T.);
#6219=EDGE_CURVE('',#5007,#4760,#1915,.T.);
#6220=EDGE_CURVE('',#5008,#4759,#1916,.T.);
#6221=EDGE_CURVE('',#5008,#5009,#1917,.T.);
#6222=EDGE_CURVE('',#5009,#4756,#1918,.T.);
#6223=EDGE_CURVE('',#5010,#4755,#1919,.T.);
#6224=EDGE_CURVE('',#5010,#5011,#1920,.T.);
#6225=EDGE_CURVE('',#5011,#4752,#1921,.T.);
#6226=EDGE_CURVE('',#5012,#4751,#1922,.T.);
#6227=EDGE_CURVE('',#5012,#5013,#1923,.T.);
#6228=EDGE_CURVE('',#5013,#4748,#1924,.T.);
#6229=EDGE_CURVE('',#5014,#4747,#1925,.T.);
#6230=EDGE_CURVE('',#5014,#5015,#1926,.T.);
#6231=EDGE_CURVE('',#5015,#4744,#1927,.T.);
#6232=EDGE_CURVE('',#5016,#4743,#1928,.T.);
#6233=EDGE_CURVE('',#5016,#5017,#1929,.T.);
#6234=EDGE_CURVE('',#5017,#4740,#1930,.T.);
#6235=EDGE_CURVE('',#5018,#4739,#1931,.T.);
#6236=EDGE_CURVE('',#5018,#5019,#1932,.T.);
#6237=EDGE_CURVE('',#5019,#4736,#1933,.T.);
#6238=EDGE_CURVE('',#5020,#4735,#1934,.T.);
#6239=EDGE_CURVE('',#5020,#5021,#1935,.T.);
#6240=EDGE_CURVE('',#5021,#4732,#1936,.T.);
#6241=EDGE_CURVE('',#4824,#4731,#1937,.T.);
#6242=EDGE_CURVE('',#5022,#4823,#1938,.T.);
#6243=EDGE_CURVE('',#5023,#5022,#1939,.T.);
#6244=EDGE_CURVE('',#4652,#5023,#1940,.T.);
#6245=EDGE_CURVE('',#4935,#4957,#1941,.T.);
#6246=EDGE_CURVE('',#4933,#4954,#1942,.T.);
#6247=EDGE_CURVE('',#5024,#5025,#1943,.T.);
#6248=EDGE_CURVE('',#5026,#5025,#1944,.T.);
#6249=EDGE_CURVE('',#5027,#5026,#1945,.T.);
#6250=EDGE_CURVE('',#5027,#5024,#1946,.T.);
#6251=EDGE_CURVE('',#5028,#5029,#1947,.T.);
#6252=EDGE_CURVE('',#5030,#5029,#1948,.T.);
#6253=EDGE_CURVE('',#5031,#5030,#1949,.T.);
#6254=EDGE_CURVE('',#5031,#5028,#1950,.T.);
#6255=EDGE_CURVE('',#5032,#5033,#1951,.T.);
#6256=EDGE_CURVE('',#5034,#5033,#1952,.T.);
#6257=EDGE_CURVE('',#5035,#5034,#1953,.T.);
#6258=EDGE_CURVE('',#5035,#5032,#1954,.T.);
#6259=EDGE_CURVE('',#5036,#5037,#1955,.T.);
#6260=EDGE_CURVE('',#5038,#5037,#1956,.T.);
#6261=EDGE_CURVE('',#5039,#5038,#1957,.T.);
#6262=EDGE_CURVE('',#5039,#5036,#1958,.T.);
#6263=EDGE_CURVE('',#5040,#5041,#1959,.T.);
#6264=EDGE_CURVE('',#5042,#5041,#1960,.T.);
#6265=EDGE_CURVE('',#5043,#5042,#1961,.T.);
#6266=EDGE_CURVE('',#5043,#5040,#1962,.T.);
#6267=EDGE_CURVE('',#5044,#5045,#1963,.T.);
#6268=EDGE_CURVE('',#5046,#5045,#1964,.T.);
#6269=EDGE_CURVE('',#5047,#5046,#1965,.T.);
#6270=EDGE_CURVE('',#5047,#5044,#1966,.T.);
#6271=EDGE_CURVE('',#5048,#5049,#1967,.T.);
#6272=EDGE_CURVE('',#5050,#5049,#1968,.T.);
#6273=EDGE_CURVE('',#5051,#5050,#1969,.T.);
#6274=EDGE_CURVE('',#5051,#5048,#1970,.T.);
#6275=EDGE_CURVE('',#5052,#5053,#1971,.T.);
#6276=EDGE_CURVE('',#5054,#5053,#1972,.T.);
#6277=EDGE_CURVE('',#5055,#5054,#1973,.T.);
#6278=EDGE_CURVE('',#5055,#5052,#1974,.T.);
#6279=EDGE_CURVE('',#5056,#5057,#1975,.T.);
#6280=EDGE_CURVE('',#5058,#5057,#1976,.T.);
#6281=EDGE_CURVE('',#5059,#5058,#1977,.T.);
#6282=EDGE_CURVE('',#5059,#5056,#1978,.T.);
#6283=EDGE_CURVE('',#5060,#5061,#1979,.T.);
#6284=EDGE_CURVE('',#5062,#5061,#1980,.T.);
#6285=EDGE_CURVE('',#5063,#5062,#1981,.T.);
#6286=EDGE_CURVE('',#5063,#5060,#1982,.T.);
#6287=EDGE_CURVE('',#5064,#5065,#1983,.T.);
#6288=EDGE_CURVE('',#5066,#5065,#1984,.T.);
#6289=EDGE_CURVE('',#5067,#5066,#1985,.T.);
#6290=EDGE_CURVE('',#5067,#5064,#1986,.T.);
#6291=EDGE_CURVE('',#5068,#5069,#1987,.T.);
#6292=EDGE_CURVE('',#5070,#5069,#1988,.T.);
#6293=EDGE_CURVE('',#5071,#5070,#1989,.T.);
#6294=EDGE_CURVE('',#5071,#5068,#1990,.T.);
#6295=EDGE_CURVE('',#5072,#5073,#1991,.T.);
#6296=EDGE_CURVE('',#5074,#5073,#1992,.T.);
#6297=EDGE_CURVE('',#5075,#5074,#1993,.T.);
#6298=EDGE_CURVE('',#5075,#5072,#1994,.T.);
#6299=EDGE_CURVE('',#5076,#5077,#1995,.T.);
#6300=EDGE_CURVE('',#5078,#5077,#1996,.T.);
#6301=EDGE_CURVE('',#5079,#5078,#1997,.T.);
#6302=EDGE_CURVE('',#5079,#5076,#1998,.T.);
#6303=EDGE_CURVE('',#5080,#4594,#1999,.T.);
#6304=EDGE_CURVE('',#5081,#5080,#2000,.T.);
#6305=EDGE_CURVE('',#5082,#5081,#2001,.T.);
#6306=EDGE_CURVE('',#5083,#5082,#2002,.T.);
#6307=EDGE_CURVE('',#5083,#4991,#2003,.T.);
#6308=EDGE_CURVE('',#5084,#4789,#2004,.T.);
#6309=EDGE_CURVE('',#4995,#5085,#2005,.T.);
#6310=EDGE_CURVE('',#5086,#5085,#2006,.T.);
#6311=EDGE_CURVE('',#5087,#5086,#2007,.T.);
#6312=EDGE_CURVE('',#5084,#5087,#2008,.T.);
#6313=EDGE_CURVE('',#5072,#5088,#2009,.T.);
#6314=EDGE_CURVE('',#5089,#5088,#2010,.T.);
#6315=EDGE_CURVE('',#5089,#5073,#2011,.T.);
#6316=EDGE_CURVE('',#5090,#5091,#2012,.T.);
#6317=EDGE_CURVE('',#5091,#5092,#2013,.T.);
#6318=EDGE_CURVE('',#5093,#5092,#94,.T.);
#6319=EDGE_CURVE('',#5093,#5090,#2014,.T.);
#6320=EDGE_CURVE('',#4922,#5094,#2015,.T.);
#6321=EDGE_CURVE('',#4921,#5095,#95,.T.);
#6322=EDGE_CURVE('',#5096,#5095,#2016,.T.);
#6323=EDGE_CURVE('',#5096,#5094,#2017,.T.);
#6324=EDGE_CURVE('',#4593,#5097,#2018,.T.);
#6325=EDGE_CURVE('',#5097,#5080,#2019,.T.);
#6326=EDGE_CURVE('',#5098,#5097,#2020,.T.);
#6327=EDGE_CURVE('',#5098,#5081,#2021,.T.);
#6328=EDGE_CURVE('',#5099,#5098,#2022,.T.);
#6329=EDGE_CURVE('',#5099,#5082,#2023,.T.);
#6330=EDGE_CURVE('',#5100,#5099,#2024,.T.);
#6331=EDGE_CURVE('',#5100,#5083,#2025,.T.);
#6332=EDGE_CURVE('',#5100,#4992,#2026,.T.);
#6333=EDGE_CURVE('',#5101,#4790,#2027,.T.);
#6334=EDGE_CURVE('',#5101,#5102,#2028,.T.);
#6335=EDGE_CURVE('',#5102,#5103,#2029,.T.);
#6336=EDGE_CURVE('',#5103,#5104,#2030,.T.);
#6337=EDGE_CURVE('',#4994,#5104,#2031,.T.);
#6338=EDGE_CURVE('',#5105,#5074,#2032,.T.);
#6339=EDGE_CURVE('',#5105,#5106,#2033,.T.);
#6340=EDGE_CURVE('',#5075,#5106,#2034,.T.);
#6341=EDGE_CURVE('',#5107,#5108,#2035,.T.);
#6342=EDGE_CURVE('',#5109,#5107,#2036,.T.);
#6343=EDGE_CURVE('',#5109,#5110,#96,.T.);
#6344=EDGE_CURVE('',#5108,#5110,#2037,.T.);
#6345=EDGE_CURVE('',#4919,#5111,#2038,.T.);
#6346=EDGE_CURVE('',#5112,#5111,#2039,.T.);
#6347=EDGE_CURVE('',#5112,#5113,#2040,.T.);
#6348=EDGE_CURVE('',#4920,#5113,#97,.T.);
#6349=EDGE_CURVE('',#5101,#5084,#2041,.T.);
#6350=EDGE_CURVE('',#5102,#5087,#2042,.T.);
#6351=EDGE_CURVE('',#5103,#5086,#2043,.T.);
#6352=EDGE_CURVE('',#5104,#5085,#2044,.T.);
#6353=EDGE_CURVE('',#5106,#5088,#2045,.T.);
#6354=EDGE_CURVE('',#5105,#5089,#2046,.T.);
#6355=EDGE_CURVE('',#5114,#4836,#2047,.T.);
#6356=EDGE_CURVE('',#4841,#5114,#2048,.T.);
#6357=EDGE_CURVE('',#5107,#5090,#2049,.T.);
#6358=EDGE_CURVE('',#5108,#5091,#2050,.T.);
#6359=EDGE_CURVE('',#4939,#4961,#2051,.T.);
#6360=EDGE_CURVE('',#4937,#4958,#2052,.T.);
#6361=EDGE_CURVE('',#5115,#5116,#2053,.T.);
#6362=EDGE_CURVE('',#5117,#5115,#2054,.T.);
#6363=EDGE_CURVE('',#5117,#5118,#2055,.T.);
#6364=EDGE_CURVE('',#5118,#5116,#2056,.T.);
#6365=EDGE_CURVE('',#5119,#5120,#2057,.T.);
#6366=EDGE_CURVE('',#5121,#5119,#2058,.T.);
#6367=EDGE_CURVE('',#5121,#5122,#2059,.T.);
#6368=EDGE_CURVE('',#5122,#5120,#2060,.T.);
#6369=EDGE_CURVE('',#5123,#5124,#2061,.T.);
#6370=EDGE_CURVE('',#5125,#5123,#2062,.T.);
#6371=EDGE_CURVE('',#5125,#5126,#2063,.T.);
#6372=EDGE_CURVE('',#5126,#5124,#2064,.T.);
#6373=EDGE_CURVE('',#5127,#5128,#2065,.T.);
#6374=EDGE_CURVE('',#5129,#5127,#2066,.T.);
#6375=EDGE_CURVE('',#5129,#5130,#2067,.T.);
#6376=EDGE_CURVE('',#5130,#5128,#2068,.T.);
#6377=EDGE_CURVE('',#5131,#5132,#2069,.T.);
#6378=EDGE_CURVE('',#5133,#5131,#2070,.T.);
#6379=EDGE_CURVE('',#5133,#5134,#2071,.T.);
#6380=EDGE_CURVE('',#5134,#5132,#2072,.T.);
#6381=EDGE_CURVE('',#5135,#5136,#2073,.T.);
#6382=EDGE_CURVE('',#5137,#5135,#2074,.T.);
#6383=EDGE_CURVE('',#5137,#5138,#2075,.T.);
#6384=EDGE_CURVE('',#5138,#5136,#2076,.T.);
#6385=EDGE_CURVE('',#5139,#5140,#2077,.T.);
#6386=EDGE_CURVE('',#5141,#5139,#2078,.T.);
#6387=EDGE_CURVE('',#5141,#5142,#2079,.T.);
#6388=EDGE_CURVE('',#5142,#5140,#2080,.T.);
#6389=EDGE_CURVE('',#5143,#5144,#2081,.T.);
#6390=EDGE_CURVE('',#5145,#5143,#2082,.T.);
#6391=EDGE_CURVE('',#5145,#5146,#2083,.T.);
#6392=EDGE_CURVE('',#5146,#5144,#2084,.T.);
#6393=EDGE_CURVE('',#5147,#5148,#2085,.T.);
#6394=EDGE_CURVE('',#5149,#5147,#2086,.T.);
#6395=EDGE_CURVE('',#5149,#5150,#2087,.T.);
#6396=EDGE_CURVE('',#5150,#5148,#2088,.T.);
#6397=EDGE_CURVE('',#5151,#5152,#2089,.T.);
#6398=EDGE_CURVE('',#5153,#5151,#2090,.T.);
#6399=EDGE_CURVE('',#5153,#5154,#2091,.T.);
#6400=EDGE_CURVE('',#5154,#5152,#2092,.T.);
#6401=EDGE_CURVE('',#5155,#5156,#2093,.T.);
#6402=EDGE_CURVE('',#5157,#5155,#2094,.T.);
#6403=EDGE_CURVE('',#5157,#5158,#2095,.T.);
#6404=EDGE_CURVE('',#5158,#5156,#2096,.T.);
#6405=EDGE_CURVE('',#5159,#5160,#2097,.T.);
#6406=EDGE_CURVE('',#5161,#5159,#2098,.T.);
#6407=EDGE_CURVE('',#5161,#5162,#2099,.T.);
#6408=EDGE_CURVE('',#5162,#5160,#2100,.T.);
#6409=EDGE_CURVE('',#5163,#5164,#2101,.T.);
#6410=EDGE_CURVE('',#5165,#5163,#2102,.T.);
#6411=EDGE_CURVE('',#5165,#5166,#2103,.T.);
#6412=EDGE_CURVE('',#5166,#5164,#2104,.T.);
#6413=EDGE_CURVE('',#5167,#5114,#2105,.T.);
#6414=EDGE_CURVE('',#4842,#5167,#2106,.T.);
#6415=EDGE_CURVE('',#5168,#5167,#2107,.T.);
#6416=EDGE_CURVE('',#4843,#5168,#2108,.T.);
#6417=EDGE_CURVE('',#5169,#5170,#2109,.T.);
#6418=EDGE_CURVE('',#4844,#5169,#2110,.T.);
#6419=EDGE_CURVE('',#5171,#5168,#2111,.T.);
#6420=EDGE_CURVE('',#5112,#5171,#2112,.T.);
#6421=EDGE_CURVE('',#5111,#5094,#2113,.T.);
#6422=EDGE_CURVE('',#4942,#5096,#2114,.T.);
#6423=EDGE_CURVE('',#4941,#4962,#2115,.T.);
#6424=EDGE_CURVE('',#5172,#4964,#2116,.T.);
#6425=EDGE_CURVE('',#5172,#5173,#2117,.T.);
#6426=EDGE_CURVE('',#5173,#5174,#2118,.T.);
#6427=EDGE_CURVE('',#5175,#5174,#2119,.T.);
#6428=EDGE_CURVE('',#5176,#5175,#2120,.T.);
#6429=EDGE_CURVE('',#5176,#5177,#2121,.T.);
#6430=EDGE_CURVE('',#5177,#5178,#2122,.T.);
#6431=EDGE_CURVE('',#5179,#5178,#2123,.T.);
#6432=EDGE_CURVE('',#5180,#5179,#2124,.T.);
#6433=EDGE_CURVE('',#5180,#5181,#2125,.T.);
#6434=EDGE_CURVE('',#5181,#5182,#2126,.T.);
#6435=EDGE_CURVE('',#5183,#5182,#2127,.T.);
#6436=EDGE_CURVE('',#5184,#5183,#2128,.T.);
#6437=EDGE_CURVE('',#5184,#5185,#2129,.T.);
#6438=EDGE_CURVE('',#5185,#5186,#2130,.T.);
#6439=EDGE_CURVE('',#5187,#5186,#2131,.T.);
#6440=EDGE_CURVE('',#5188,#5187,#2132,.T.);
#6441=EDGE_CURVE('',#5188,#5189,#2133,.T.);
#6442=EDGE_CURVE('',#5189,#5190,#2134,.T.);
#6443=EDGE_CURVE('',#5191,#5190,#2135,.T.);
#6444=EDGE_CURVE('',#5192,#5191,#2136,.T.);
#6445=EDGE_CURVE('',#5192,#5193,#2137,.T.);
#6446=EDGE_CURVE('',#5193,#5194,#2138,.T.);
#6447=EDGE_CURVE('',#5195,#5194,#2139,.T.);
#6448=EDGE_CURVE('',#5196,#5195,#2140,.T.);
#6449=EDGE_CURVE('',#5196,#5197,#2141,.T.);
#6450=EDGE_CURVE('',#5197,#5198,#2142,.T.);
#6451=EDGE_CURVE('',#5199,#5198,#2143,.T.);
#6452=EDGE_CURVE('',#5200,#5199,#2144,.T.);
#6453=EDGE_CURVE('',#5200,#5201,#2145,.T.);
#6454=EDGE_CURVE('',#5201,#5202,#2146,.T.);
#6455=EDGE_CURVE('',#5203,#5202,#2147,.T.);
#6456=EDGE_CURVE('',#5204,#5203,#2148,.T.);
#6457=EDGE_CURVE('',#5204,#5205,#2149,.T.);
#6458=EDGE_CURVE('',#5205,#5206,#2150,.T.);
#6459=EDGE_CURVE('',#5207,#5206,#2151,.T.);
#6460=EDGE_CURVE('',#5208,#5207,#2152,.T.);
#6461=EDGE_CURVE('',#5208,#5209,#2153,.T.);
#6462=EDGE_CURVE('',#5209,#5210,#2154,.T.);
#6463=EDGE_CURVE('',#5211,#5210,#2155,.T.);
#6464=EDGE_CURVE('',#5212,#5211,#2156,.T.);
#6465=EDGE_CURVE('',#5212,#5213,#2157,.T.);
#6466=EDGE_CURVE('',#5213,#5214,#2158,.T.);
#6467=EDGE_CURVE('',#5215,#5214,#2159,.T.);
#6468=EDGE_CURVE('',#5216,#5215,#2160,.T.);
#6469=EDGE_CURVE('',#5216,#5217,#2161,.T.);
#6470=EDGE_CURVE('',#5217,#5218,#2162,.T.);
#6471=EDGE_CURVE('',#5219,#5218,#2163,.T.);
#6472=EDGE_CURVE('',#5220,#5219,#2164,.T.);
#6473=EDGE_CURVE('',#5220,#5221,#2165,.T.);
#6474=EDGE_CURVE('',#5221,#5170,#2166,.T.);
#6475=EDGE_CURVE('',#5222,#4650,#2167,.T.);
#6476=EDGE_CURVE('',#5223,#5222,#2168,.T.);
#6477=EDGE_CURVE('',#5224,#5223,#2169,.T.);
#6478=EDGE_CURVE('',#5225,#5224,#2170,.T.);
#6479=EDGE_CURVE('',#5225,#4965,#2171,.T.);
#6480=EDGE_CURVE('',#5226,#4733,#2172,.T.);
#6481=EDGE_CURVE('',#5021,#5227,#2173,.T.);
#6482=EDGE_CURVE('',#5228,#5227,#2174,.T.);
#6483=EDGE_CURVE('',#5229,#5228,#2175,.T.);
#6484=EDGE_CURVE('',#5226,#5229,#2176,.T.);
#6485=EDGE_CURVE('',#5076,#5230,#2177,.T.);
#6486=EDGE_CURVE('',#5231,#5230,#2178,.T.);
#6487=EDGE_CURVE('',#5231,#5077,#2179,.T.);
#6488=EDGE_CURVE('',#5164,#5232,#2180,.T.);
#6489=EDGE_CURVE('',#5233,#5232,#98,.T.);
#6490=EDGE_CURVE('',#5233,#5163,#2181,.T.);
#6491=EDGE_CURVE('',#4914,#5170,#2182,.T.);
#6492=EDGE_CURVE('',#4913,#5234,#99,.T.);
#6493=EDGE_CURVE('',#5169,#5234,#2183,.T.);
#6494=EDGE_CURVE('',#4649,#5235,#2184,.T.);
#6495=EDGE_CURVE('',#5235,#5222,#2185,.T.);
#6496=EDGE_CURVE('',#5236,#5235,#2186,.T.);
#6497=EDGE_CURVE('',#5236,#5223,#2187,.T.);
#6498=EDGE_CURVE('',#5237,#5236,#2188,.T.);
#6499=EDGE_CURVE('',#5237,#5224,#2189,.T.);
#6500=EDGE_CURVE('',#5238,#5237,#2190,.T.);
#6501=EDGE_CURVE('',#5238,#5225,#2191,.T.);
#6502=EDGE_CURVE('',#5238,#4966,#2192,.T.);
#6503=EDGE_CURVE('',#5239,#4734,#2193,.T.);
#6504=EDGE_CURVE('',#5239,#5240,#2194,.T.);
#6505=EDGE_CURVE('',#5240,#5241,#2195,.T.);
#6506=EDGE_CURVE('',#5241,#5242,#2196,.T.);
#6507=EDGE_CURVE('',#5020,#5242,#2197,.T.);
#6508=EDGE_CURVE('',#5079,#5243,#2198,.T.);
#6509=EDGE_CURVE('',#5244,#5078,#2199,.T.);
#6510=EDGE_CURVE('',#5244,#5243,#2200,.T.);
#6511=EDGE_CURVE('',#5166,#5245,#2201,.T.);
#6512=EDGE_CURVE('',#5246,#5165,#2202,.T.);
#6513=EDGE_CURVE('',#5246,#5245,#100,.T.);
#6514=EDGE_CURVE('',#4911,#5221,#2203,.T.);
#6515=EDGE_CURVE('',#5220,#5247,#2204,.T.);
#6516=EDGE_CURVE('',#4912,#5247,#101,.T.);
#6517=EDGE_CURVE('',#5239,#5226,#2205,.T.);
#6518=EDGE_CURVE('',#5240,#5229,#2206,.T.);
#6519=EDGE_CURVE('',#5241,#5228,#2207,.T.);
#6520=EDGE_CURVE('',#5242,#5227,#2208,.T.);
#6521=EDGE_CURVE('',#5243,#5230,#2209,.T.);
#6522=EDGE_CURVE('',#5244,#5231,#2210,.T.);
#6523=EDGE_CURVE('',#5245,#5232,#2211,.T.);
#6524=EDGE_CURVE('',#5246,#5233,#2212,.T.);
#6525=EDGE_CURVE('',#5247,#5234,#2213,.T.);
#6526=EDGE_CURVE('',#5219,#5248,#2214,.T.);
#6527=EDGE_CURVE('',#5249,#5248,#2215,.T.);
#6528=EDGE_CURVE('',#5216,#5249,#2216,.T.);
#6529=EDGE_CURVE('',#5215,#5250,#2217,.T.);
#6530=EDGE_CURVE('',#5251,#5250,#2218,.T.);
#6531=EDGE_CURVE('',#5212,#5251,#2219,.T.);
#6532=EDGE_CURVE('',#5211,#5252,#2220,.T.);
#6533=EDGE_CURVE('',#5253,#5252,#2221,.T.);
#6534=EDGE_CURVE('',#5208,#5253,#2222,.T.);
#6535=EDGE_CURVE('',#5207,#5254,#2223,.T.);
#6536=EDGE_CURVE('',#5255,#5254,#2224,.T.);
#6537=EDGE_CURVE('',#5204,#5255,#2225,.T.);
#6538=EDGE_CURVE('',#5203,#5256,#2226,.T.);
#6539=EDGE_CURVE('',#5257,#5256,#2227,.T.);
#6540=EDGE_CURVE('',#5200,#5257,#2228,.T.);
#6541=EDGE_CURVE('',#5199,#5258,#2229,.T.);
#6542=EDGE_CURVE('',#5259,#5258,#2230,.T.);
#6543=EDGE_CURVE('',#5196,#5259,#2231,.T.);
#6544=EDGE_CURVE('',#5195,#5260,#2232,.T.);
#6545=EDGE_CURVE('',#5261,#5260,#2233,.T.);
#6546=EDGE_CURVE('',#5192,#5261,#2234,.T.);
#6547=EDGE_CURVE('',#5191,#5262,#2235,.T.);
#6548=EDGE_CURVE('',#5263,#5262,#2236,.T.);
#6549=EDGE_CURVE('',#5188,#5263,#2237,.T.);
#6550=EDGE_CURVE('',#5187,#5264,#2238,.T.);
#6551=EDGE_CURVE('',#5265,#5264,#2239,.T.);
#6552=EDGE_CURVE('',#5184,#5265,#2240,.T.);
#6553=EDGE_CURVE('',#5183,#5266,#2241,.T.);
#6554=EDGE_CURVE('',#5267,#5266,#2242,.T.);
#6555=EDGE_CURVE('',#5180,#5267,#2243,.T.);
#6556=EDGE_CURVE('',#5179,#5268,#2244,.T.);
#6557=EDGE_CURVE('',#5269,#5268,#2245,.T.);
#6558=EDGE_CURVE('',#5176,#5269,#2246,.T.);
#6559=EDGE_CURVE('',#5175,#5270,#2247,.T.);
#6560=EDGE_CURVE('',#5271,#5270,#2248,.T.);
#6561=EDGE_CURVE('',#5172,#5271,#2249,.T.);
#6562=EDGE_CURVE('',#4943,#4963,#2250,.T.);
#6563=EDGE_CURVE('',#5113,#5095,#2251,.T.);
#6564=EDGE_CURVE('',#5272,#5171,#2252,.T.);
#6565=EDGE_CURVE('',#4857,#5272,#2253,.T.);
#6566=EDGE_CURVE('',#4856,#5273,#2254,.T.);
#6567=EDGE_CURVE('',#5274,#5273,#2255,.T.);
#6568=EDGE_CURVE('',#4845,#5274,#2256,.T.);
#6569=EDGE_CURVE('',#4916,#5274,#2257,.T.);
#6570=EDGE_CURVE('',#4917,#5272,#2258,.T.);
#6571=EDGE_CURVE('',#5273,#4564,#2259,.T.);
#6572=EDGE_CURVE('',#4563,#5275,#2260,.T.);
#6573=EDGE_CURVE('',#5276,#5275,#2261,.T.);
#6574=EDGE_CURVE('',#5276,#5022,#2262,.T.);
#6575=EDGE_CURVE('',#5277,#4822,#2263,.T.);
#6576=EDGE_CURVE('',#5278,#5277,#2264,.T.);
#6577=EDGE_CURVE('',#4684,#5278,#2265,.T.);
#6578=EDGE_CURVE('',#4839,#4692,#2266,.T.);
#6579=EDGE_CURVE('',#4833,#4852,#2267,.T.);
#6580=EDGE_CURVE('',#4807,#5278,#2268,.T.);
#6581=EDGE_CURVE('',#4853,#4832,#2269,.T.);
#6582=EDGE_CURVE('',#5277,#4808,#2270,.T.);
#6583=EDGE_CURVE('',#5279,#4821,#2271,.T.);
#6584=EDGE_CURVE('',#5279,#4715,#2272,.T.);
#6585=EDGE_CURVE('',#5280,#4535,#2273,.T.);
#6586=EDGE_CURVE('',#5281,#5280,#2274,.T.);
#6587=EDGE_CURVE('',#4828,#5281,#2275,.T.);
#6588=EDGE_CURVE('',#4536,#4818,#2276,.T.);
#6589=EDGE_CURVE('',#5282,#5279,#2277,.T.);
#6590=EDGE_CURVE('',#5282,#5283,#2278,.T.);
#6591=EDGE_CURVE('',#5283,#5275,#2279,.T.);
#6592=EDGE_CURVE('',#4855,#5284,#2280,.T.);
#6593=EDGE_CURVE('',#4590,#5284,#2281,.T.);
#6594=EDGE_CURVE('',#4654,#5283,#2282,.T.);
#6595=EDGE_CURVE('',#4653,#5285,#2283,.T.);
#6596=EDGE_CURVE('',#5285,#5276,#2284,.T.);
#6597=EDGE_CURVE('',#5284,#4993,#2285,.T.);
#6598=EDGE_CURVE('',#4811,#4793,#2286,.T.);
#6599=EDGE_CURVE('',#5285,#5023,#2287,.T.);
#6600=EDGE_CURVE('',#4825,#4730,#2288,.T.);
#6601=EDGE_CURVE('',#4820,#4729,#2289,.T.);
#6602=EDGE_CURVE('',#4655,#5282,#2290,.T.);
#6603=EDGE_CURVE('',#4819,#4728,#2291,.T.);
#6604=EDGE_CURVE('',#4817,#4795,#2292,.T.);
#6605=EDGE_CURVE('',#4508,#5281,#2293,.T.);
#6606=EDGE_CURVE('',#4588,#4829,#2294,.T.);
#6607=EDGE_CURVE('',#4696,#5286,#2295,.T.);
#6608=EDGE_CURVE('',#4570,#5287,#2296,.T.);
#6609=EDGE_CURVE('',#5287,#5288,#2297,.T.);
#6610=EDGE_CURVE('',#4509,#5288,#2298,.T.);
#6611=EDGE_CURVE('',#5280,#5286,#2299,.T.);
#6612=EDGE_CURVE('',#5286,#4707,#2300,.T.);
#6613=EDGE_CURVE('',#5286,#5289,#2301,.T.);
#6614=EDGE_CURVE('',#5289,#4708,#2302,.T.);
#6615=EDGE_CURVE('',#5290,#5289,#2303,.T.);
#6616=EDGE_CURVE('',#4703,#5290,#2304,.T.);
#6617=EDGE_CURVE('',#5291,#5290,#2305,.T.);
#6618=EDGE_CURVE('',#5291,#4529,#2306,.T.);
#6619=EDGE_CURVE('',#5292,#4530,#2307,.T.);
#6620=EDGE_CURVE('',#5292,#5291,#2308,.T.);
#6621=EDGE_CURVE('',#5288,#4537,#2309,.T.);
#6622=EDGE_CURVE('',#5293,#4534,#2310,.T.);
#6623=EDGE_CURVE('',#5294,#5293,#2311,.T.);
#6624=EDGE_CURVE('',#5294,#4531,#2312,.T.);
#6625=EDGE_CURVE('',#5289,#5292,#2313,.T.);
#6626=EDGE_CURVE('',#4584,#5295,#2314,.T.);
#6627=EDGE_CURVE('',#4680,#5295,#2315,.T.);
#6628=EDGE_CURVE('',#4679,#4537,#2316,.T.);
#6629=EDGE_CURVE('',#5288,#4585,#2317,.T.);
#6630=EDGE_CURVE('',#4665,#5295,#2318,.T.);
#6631=EDGE_CURVE('',#4678,#4538,#2319,.T.);
#6632=EDGE_CURVE('',#5287,#4586,#2320,.T.);
#6633=EDGE_CURVE('',#4711,#5296,#2321,.T.);
#6634=EDGE_CURVE('',#5296,#5297,#2322,.T.);
#6635=EDGE_CURVE('',#5297,#4712,#2323,.T.);
#6636=EDGE_CURVE('',#5293,#5298,#2324,.T.);
#6637=EDGE_CURVE('',#5298,#5299,#2325,.T.);
#6638=EDGE_CURVE('',#5299,#5294,#2326,.T.);
#6639=EDGE_CURVE('',#5300,#5301,#2327,.T.);
#6640=EDGE_CURVE('',#5301,#4710,#2328,.T.);
#6641=EDGE_CURVE('',#4709,#5300,#2329,.T.);
#6642=EDGE_CURVE('',#5296,#4521,#2330,.T.);
#6643=EDGE_CURVE('',#5297,#4520,#2331,.T.);
#6644=EDGE_CURVE('',#5298,#4533,#2332,.T.);
#6645=EDGE_CURVE('',#5299,#4532,#2333,.T.);
#6646=EDGE_CURVE('',#5302,#5303,#2334,.T.);
#6647=EDGE_CURVE('',#5303,#4525,#2335,.T.);
#6648=EDGE_CURVE('',#5301,#4524,#2336,.T.);
#6649=EDGE_CURVE('',#5300,#5302,#2337,.T.);
#6650=EDGE_CURVE('',#5302,#4705,#2338,.T.);
#6651=EDGE_CURVE('',#5303,#4704,#2339,.T.);
#6652=EDGE_CURVE('',#4601,#5304,#2340,.T.);
#6653=EDGE_CURVE('',#5305,#4990,#2341,.T.);
#6654=EDGE_CURVE('',#5305,#5306,#2342,.T.);
#6655=EDGE_CURVE('',#5306,#5307,#2343,.T.);
#6656=EDGE_CURVE('',#5307,#5304,#2344,.T.);
#6657=EDGE_CURVE('',#5308,#4782,#2345,.T.);
#6658=EDGE_CURVE('',#5308,#5309,#2346,.T.);
#6659=EDGE_CURVE('',#5309,#5310,#2347,.T.);
#6660=EDGE_CURVE('',#5310,#5311,#2348,.T.);
#6661=EDGE_CURVE('',#4996,#5311,#2349,.T.);
#6662=EDGE_CURVE('',#5027,#5312,#2350,.T.);
#6663=EDGE_CURVE('',#5313,#5026,#2351,.T.);
#6664=EDGE_CURVE('',#5313,#5312,#2352,.T.);
#6665=EDGE_CURVE('',#5118,#5314,#2353,.T.);
#6666=EDGE_CURVE('',#5315,#5117,#2354,.T.);
#6667=EDGE_CURVE('',#5315,#5314,#102,.T.);
#6668=EDGE_CURVE('',#4863,#5173,#2355,.T.);
#6669=EDGE_CURVE('',#4864,#5271,#103,.T.);
#6670=EDGE_CURVE('',#5316,#4602,#2356,.T.);
#6671=EDGE_CURVE('',#5304,#5316,#2357,.T.);
#6672=EDGE_CURVE('',#5317,#5316,#2358,.T.);
#6673=EDGE_CURVE('',#5318,#5317,#2359,.T.);
#6674=EDGE_CURVE('',#5319,#5318,#2360,.T.);
#6675=EDGE_CURVE('',#5319,#4989,#2361,.T.);
#6676=EDGE_CURVE('',#5320,#4781,#2362,.T.);
#6677=EDGE_CURVE('',#4997,#5321,#2363,.T.);
#6678=EDGE_CURVE('',#5322,#5321,#2364,.T.);
#6679=EDGE_CURVE('',#5323,#5322,#2365,.T.);
#6680=EDGE_CURVE('',#5320,#5323,#2366,.T.);
#6681=EDGE_CURVE('',#5024,#5324,#2367,.T.);
#6682=EDGE_CURVE('',#5325,#5324,#2368,.T.);
#6683=EDGE_CURVE('',#5325,#5025,#2369,.T.);
#6684=EDGE_CURVE('',#5116,#5326,#2370,.T.);
#6685=EDGE_CURVE('',#5327,#5326,#104,.T.);
#6686=EDGE_CURVE('',#5327,#5115,#2371,.T.);
#6687=EDGE_CURVE('',#4866,#5174,#2372,.T.);
#6688=EDGE_CURVE('',#4865,#5270,#105,.T.);
#6689=EDGE_CURVE('',#5305,#5319,#2373,.T.);
#6690=EDGE_CURVE('',#5306,#5318,#2374,.T.);
#6691=EDGE_CURVE('',#5307,#5317,#2375,.T.);
#6692=EDGE_CURVE('',#5308,#5320,#2376,.T.);
#6693=EDGE_CURVE('',#5309,#5323,#2377,.T.);
#6694=EDGE_CURVE('',#5310,#5322,#2378,.T.);
#6695=EDGE_CURVE('',#5311,#5321,#2379,.T.);
#6696=EDGE_CURVE('',#5312,#5324,#2380,.T.);
#6697=EDGE_CURVE('',#5313,#5325,#2381,.T.);
#6698=EDGE_CURVE('',#5314,#5326,#2382,.T.);
#6699=EDGE_CURVE('',#5315,#5327,#2383,.T.);
#6700=EDGE_CURVE('',#4863,#4866,#2384,.T.);
#6701=EDGE_CURVE('',#4919,#4922,#2385,.T.);
#6702=EDGE_CURVE('',#4689,#4918,#2386,.T.);
#6703=EDGE_CURVE('',#4915,#4688,#2387,.T.);
#6704=EDGE_CURVE('',#4911,#4914,#2388,.T.);
#6705=EDGE_CURVE('',#4907,#4910,#2389,.T.);
#6706=EDGE_CURVE('',#4903,#4906,#2390,.T.);
#6707=EDGE_CURVE('',#4899,#4902,#2391,.T.);
#6708=EDGE_CURVE('',#4895,#4898,#2392,.T.);
#6709=EDGE_CURVE('',#4891,#4894,#2393,.T.);
#6710=EDGE_CURVE('',#4887,#4890,#2394,.T.);
#6711=EDGE_CURVE('',#4883,#4886,#2395,.T.);
#6712=EDGE_CURVE('',#4879,#4882,#2396,.T.);
#6713=EDGE_CURVE('',#4875,#4878,#2397,.T.);
#6714=EDGE_CURVE('',#4871,#4874,#2398,.T.);
#6715=EDGE_CURVE('',#4867,#4870,#2399,.T.);
#6716=EDGE_CURVE('',#4860,#4862,#2400,.T.);
#6717=EDGE_CURVE('',#4870,#5178,#2401,.T.);
#6718=EDGE_CURVE('',#4867,#5177,#2402,.T.);
#6719=EDGE_CURVE('',#4605,#5328,#2403,.T.);
#6720=EDGE_CURVE('',#5329,#4988,#2404,.T.);
#6721=EDGE_CURVE('',#5329,#5330,#2405,.T.);
#6722=EDGE_CURVE('',#5330,#5331,#2406,.T.);
#6723=EDGE_CURVE('',#5331,#5328,#2407,.T.);
#6724=EDGE_CURVE('',#5332,#4778,#2408,.T.);
#6725=EDGE_CURVE('',#5332,#5333,#2409,.T.);
#6726=EDGE_CURVE('',#5333,#5334,#2410,.T.);
#6727=EDGE_CURVE('',#5334,#5335,#2411,.T.);
#6728=EDGE_CURVE('',#4998,#5335,#2412,.T.);
#6729=EDGE_CURVE('',#5031,#5336,#2413,.T.);
#6730=EDGE_CURVE('',#5337,#5030,#2414,.T.);
#6731=EDGE_CURVE('',#5337,#5336,#2415,.T.);
#6732=EDGE_CURVE('',#5122,#5338,#2416,.T.);
#6733=EDGE_CURVE('',#5339,#5121,#2417,.T.);
#6734=EDGE_CURVE('',#5339,#5338,#106,.T.);
#6735=EDGE_CURVE('',#4868,#5269,#107,.T.);
#6736=EDGE_CURVE('',#5340,#4606,#2418,.T.);
#6737=EDGE_CURVE('',#5328,#5340,#2419,.T.);
#6738=EDGE_CURVE('',#5341,#5340,#2420,.T.);
#6739=EDGE_CURVE('',#5342,#5341,#2421,.T.);
#6740=EDGE_CURVE('',#5343,#5342,#2422,.T.);
#6741=EDGE_CURVE('',#5343,#4987,#2423,.T.);
#6742=EDGE_CURVE('',#5344,#4777,#2424,.T.);
#6743=EDGE_CURVE('',#4999,#5345,#2425,.T.);
#6744=EDGE_CURVE('',#5346,#5345,#2426,.T.);
#6745=EDGE_CURVE('',#5347,#5346,#2427,.T.);
#6746=EDGE_CURVE('',#5344,#5347,#2428,.T.);
#6747=EDGE_CURVE('',#5028,#5348,#2429,.T.);
#6748=EDGE_CURVE('',#5349,#5348,#2430,.T.);
#6749=EDGE_CURVE('',#5349,#5029,#2431,.T.);
#6750=EDGE_CURVE('',#5120,#5350,#2432,.T.);
#6751=EDGE_CURVE('',#5351,#5350,#108,.T.);
#6752=EDGE_CURVE('',#5351,#5119,#2433,.T.);
#6753=EDGE_CURVE('',#4869,#5268,#109,.T.);
#6754=EDGE_CURVE('',#5329,#5343,#2434,.T.);
#6755=EDGE_CURVE('',#5330,#5342,#2435,.T.);
#6756=EDGE_CURVE('',#5331,#5341,#2436,.T.);
#6757=EDGE_CURVE('',#5332,#5344,#2437,.T.);
#6758=EDGE_CURVE('',#5333,#5347,#2438,.T.);
#6759=EDGE_CURVE('',#5334,#5346,#2439,.T.);
#6760=EDGE_CURVE('',#5335,#5345,#2440,.T.);
#6761=EDGE_CURVE('',#5336,#5348,#2441,.T.);
#6762=EDGE_CURVE('',#5337,#5349,#2442,.T.);
#6763=EDGE_CURVE('',#5338,#5350,#2443,.T.);
#6764=EDGE_CURVE('',#5339,#5351,#2444,.T.);
#6765=EDGE_CURVE('',#4874,#5182,#2445,.T.);
#6766=EDGE_CURVE('',#4871,#5181,#2446,.T.);
#6767=EDGE_CURVE('',#4609,#5352,#2447,.T.);
#6768=EDGE_CURVE('',#5353,#4986,#2448,.T.);
#6769=EDGE_CURVE('',#5353,#5354,#2449,.T.);
#6770=EDGE_CURVE('',#5354,#5355,#2450,.T.);
#6771=EDGE_CURVE('',#5355,#5352,#2451,.T.);
#6772=EDGE_CURVE('',#5356,#4774,#2452,.T.);
#6773=EDGE_CURVE('',#5356,#5357,#2453,.T.);
#6774=EDGE_CURVE('',#5357,#5358,#2454,.T.);
#6775=EDGE_CURVE('',#5358,#5359,#2455,.T.);
#6776=EDGE_CURVE('',#5000,#5359,#2456,.T.);
#6777=EDGE_CURVE('',#5035,#5360,#2457,.T.);
#6778=EDGE_CURVE('',#5361,#5034,#2458,.T.);
#6779=EDGE_CURVE('',#5361,#5360,#2459,.T.);
#6780=EDGE_CURVE('',#5126,#5362,#2460,.T.);
#6781=EDGE_CURVE('',#5363,#5125,#2461,.T.);
#6782=EDGE_CURVE('',#5363,#5362,#110,.T.);
#6783=EDGE_CURVE('',#4872,#5267,#111,.T.);
#6784=EDGE_CURVE('',#5364,#4610,#2462,.T.);
#6785=EDGE_CURVE('',#5352,#5364,#2463,.T.);
#6786=EDGE_CURVE('',#5365,#5364,#2464,.T.);
#6787=EDGE_CURVE('',#5366,#5365,#2465,.T.);
#6788=EDGE_CURVE('',#5367,#5366,#2466,.T.);
#6789=EDGE_CURVE('',#5367,#4985,#2467,.T.);
#6790=EDGE_CURVE('',#5368,#4773,#2468,.T.);
#6791=EDGE_CURVE('',#5001,#5369,#2469,.T.);
#6792=EDGE_CURVE('',#5370,#5369,#2470,.T.);
#6793=EDGE_CURVE('',#5371,#5370,#2471,.T.);
#6794=EDGE_CURVE('',#5368,#5371,#2472,.T.);
#6795=EDGE_CURVE('',#5032,#5372,#2473,.T.);
#6796=EDGE_CURVE('',#5373,#5372,#2474,.T.);
#6797=EDGE_CURVE('',#5373,#5033,#2475,.T.);
#6798=EDGE_CURVE('',#5124,#5374,#2476,.T.);
#6799=EDGE_CURVE('',#5375,#5374,#112,.T.);
#6800=EDGE_CURVE('',#5375,#5123,#2477,.T.);
#6801=EDGE_CURVE('',#4873,#5266,#113,.T.);
#6802=EDGE_CURVE('',#5353,#5367,#2478,.T.);
#6803=EDGE_CURVE('',#5354,#5366,#2479,.T.);
#6804=EDGE_CURVE('',#5355,#5365,#2480,.T.);
#6805=EDGE_CURVE('',#5356,#5368,#2481,.T.);
#6806=EDGE_CURVE('',#5357,#5371,#2482,.T.);
#6807=EDGE_CURVE('',#5358,#5370,#2483,.T.);
#6808=EDGE_CURVE('',#5359,#5369,#2484,.T.);
#6809=EDGE_CURVE('',#5360,#5372,#2485,.T.);
#6810=EDGE_CURVE('',#5361,#5373,#2486,.T.);
#6811=EDGE_CURVE('',#5362,#5374,#2487,.T.);
#6812=EDGE_CURVE('',#5363,#5375,#2488,.T.);
#6813=EDGE_CURVE('',#4878,#5186,#2489,.T.);
#6814=EDGE_CURVE('',#4875,#5185,#2490,.T.);
#6815=EDGE_CURVE('',#4613,#5376,#2491,.T.);
#6816=EDGE_CURVE('',#5377,#4984,#2492,.T.);
#6817=EDGE_CURVE('',#5377,#5378,#2493,.T.);
#6818=EDGE_CURVE('',#5378,#5379,#2494,.T.);
#6819=EDGE_CURVE('',#5379,#5376,#2495,.T.);
#6820=EDGE_CURVE('',#5380,#4770,#2496,.T.);
#6821=EDGE_CURVE('',#5380,#5381,#2497,.T.);
#6822=EDGE_CURVE('',#5381,#5382,#2498,.T.);
#6823=EDGE_CURVE('',#5382,#5383,#2499,.T.);
#6824=EDGE_CURVE('',#5002,#5383,#2500,.T.);
#6825=EDGE_CURVE('',#5039,#5384,#2501,.T.);
#6826=EDGE_CURVE('',#5385,#5038,#2502,.T.);
#6827=EDGE_CURVE('',#5385,#5384,#2503,.T.);
#6828=EDGE_CURVE('',#5130,#5386,#2504,.T.);
#6829=EDGE_CURVE('',#5387,#5129,#2505,.T.);
#6830=EDGE_CURVE('',#5387,#5386,#114,.T.);
#6831=EDGE_CURVE('',#4876,#5265,#115,.T.);
#6832=EDGE_CURVE('',#5388,#4614,#2506,.T.);
#6833=EDGE_CURVE('',#5376,#5388,#2507,.T.);
#6834=EDGE_CURVE('',#5389,#5388,#2508,.T.);
#6835=EDGE_CURVE('',#5390,#5389,#2509,.T.);
#6836=EDGE_CURVE('',#5391,#5390,#2510,.T.);
#6837=EDGE_CURVE('',#5391,#4983,#2511,.T.);
#6838=EDGE_CURVE('',#5392,#4769,#2512,.T.);
#6839=EDGE_CURVE('',#5003,#5393,#2513,.T.);
#6840=EDGE_CURVE('',#5394,#5393,#2514,.T.);
#6841=EDGE_CURVE('',#5395,#5394,#2515,.T.);
#6842=EDGE_CURVE('',#5392,#5395,#2516,.T.);
#6843=EDGE_CURVE('',#5036,#5396,#2517,.T.);
#6844=EDGE_CURVE('',#5397,#5396,#2518,.T.);
#6845=EDGE_CURVE('',#5397,#5037,#2519,.T.);
#6846=EDGE_CURVE('',#5128,#5398,#2520,.T.);
#6847=EDGE_CURVE('',#5399,#5398,#116,.T.);
#6848=EDGE_CURVE('',#5399,#5127,#2521,.T.);
#6849=EDGE_CURVE('',#4877,#5264,#117,.T.);
#6850=EDGE_CURVE('',#5377,#5391,#2522,.T.);
#6851=EDGE_CURVE('',#5378,#5390,#2523,.T.);
#6852=EDGE_CURVE('',#5379,#5389,#2524,.T.);
#6853=EDGE_CURVE('',#5380,#5392,#2525,.T.);
#6854=EDGE_CURVE('',#5381,#5395,#2526,.T.);
#6855=EDGE_CURVE('',#5382,#5394,#2527,.T.);
#6856=EDGE_CURVE('',#5383,#5393,#2528,.T.);
#6857=EDGE_CURVE('',#5384,#5396,#2529,.T.);
#6858=EDGE_CURVE('',#5385,#5397,#2530,.T.);
#6859=EDGE_CURVE('',#5386,#5398,#2531,.T.);
#6860=EDGE_CURVE('',#5387,#5399,#2532,.T.);
#6861=EDGE_CURVE('',#4882,#5190,#2533,.T.);
#6862=EDGE_CURVE('',#4879,#5189,#2534,.T.);
#6863=EDGE_CURVE('',#4617,#5400,#2535,.T.);
#6864=EDGE_CURVE('',#5401,#4982,#2536,.T.);
#6865=EDGE_CURVE('',#5401,#5402,#2537,.T.);
#6866=EDGE_CURVE('',#5402,#5403,#2538,.T.);
#6867=EDGE_CURVE('',#5403,#5400,#2539,.T.);
#6868=EDGE_CURVE('',#5404,#4766,#2540,.T.);
#6869=EDGE_CURVE('',#5404,#5405,#2541,.T.);
#6870=EDGE_CURVE('',#5405,#5406,#2542,.T.);
#6871=EDGE_CURVE('',#5406,#5407,#2543,.T.);
#6872=EDGE_CURVE('',#5004,#5407,#2544,.T.);
#6873=EDGE_CURVE('',#5043,#5408,#2545,.T.);
#6874=EDGE_CURVE('',#5409,#5042,#2546,.T.);
#6875=EDGE_CURVE('',#5409,#5408,#2547,.T.);
#6876=EDGE_CURVE('',#5134,#5410,#2548,.T.);
#6877=EDGE_CURVE('',#5411,#5133,#2549,.T.);
#6878=EDGE_CURVE('',#5411,#5410,#118,.T.);
#6879=EDGE_CURVE('',#4880,#5263,#119,.T.);
#6880=EDGE_CURVE('',#5412,#4618,#2550,.T.);
#6881=EDGE_CURVE('',#5400,#5412,#2551,.T.);
#6882=EDGE_CURVE('',#5413,#5412,#2552,.T.);
#6883=EDGE_CURVE('',#5414,#5413,#2553,.T.);
#6884=EDGE_CURVE('',#5415,#5414,#2554,.T.);
#6885=EDGE_CURVE('',#5415,#4981,#2555,.T.);
#6886=EDGE_CURVE('',#5416,#4765,#2556,.T.);
#6887=EDGE_CURVE('',#5005,#5417,#2557,.T.);
#6888=EDGE_CURVE('',#5418,#5417,#2558,.T.);
#6889=EDGE_CURVE('',#5419,#5418,#2559,.T.);
#6890=EDGE_CURVE('',#5416,#5419,#2560,.T.);
#6891=EDGE_CURVE('',#5040,#5420,#2561,.T.);
#6892=EDGE_CURVE('',#5421,#5420,#2562,.T.);
#6893=EDGE_CURVE('',#5421,#5041,#2563,.T.);
#6894=EDGE_CURVE('',#5132,#5422,#2564,.T.);
#6895=EDGE_CURVE('',#5423,#5422,#120,.T.);
#6896=EDGE_CURVE('',#5423,#5131,#2565,.T.);
#6897=EDGE_CURVE('',#4881,#5262,#121,.T.);
#6898=EDGE_CURVE('',#5401,#5415,#2566,.T.);
#6899=EDGE_CURVE('',#5402,#5414,#2567,.T.);
#6900=EDGE_CURVE('',#5403,#5413,#2568,.T.);
#6901=EDGE_CURVE('',#5404,#5416,#2569,.T.);
#6902=EDGE_CURVE('',#5405,#5419,#2570,.T.);
#6903=EDGE_CURVE('',#5406,#5418,#2571,.T.);
#6904=EDGE_CURVE('',#5407,#5417,#2572,.T.);
#6905=EDGE_CURVE('',#5408,#5420,#2573,.T.);
#6906=EDGE_CURVE('',#5409,#5421,#2574,.T.);
#6907=EDGE_CURVE('',#5410,#5422,#2575,.T.);
#6908=EDGE_CURVE('',#5411,#5423,#2576,.T.);
#6909=EDGE_CURVE('',#4886,#5194,#2577,.T.);
#6910=EDGE_CURVE('',#4883,#5193,#2578,.T.);
#6911=EDGE_CURVE('',#4621,#5424,#2579,.T.);
#6912=EDGE_CURVE('',#5425,#4980,#2580,.T.);
#6913=EDGE_CURVE('',#5425,#5426,#2581,.T.);
#6914=EDGE_CURVE('',#5426,#5427,#2582,.T.);
#6915=EDGE_CURVE('',#5427,#5424,#2583,.T.);
#6916=EDGE_CURVE('',#5428,#4762,#2584,.T.);
#6917=EDGE_CURVE('',#5428,#5429,#2585,.T.);
#6918=EDGE_CURVE('',#5429,#5430,#2586,.T.);
#6919=EDGE_CURVE('',#5430,#5431,#2587,.T.);
#6920=EDGE_CURVE('',#5006,#5431,#2588,.T.);
#6921=EDGE_CURVE('',#5047,#5432,#2589,.T.);
#6922=EDGE_CURVE('',#5433,#5046,#2590,.T.);
#6923=EDGE_CURVE('',#5433,#5432,#2591,.T.);
#6924=EDGE_CURVE('',#5138,#5434,#2592,.T.);
#6925=EDGE_CURVE('',#5435,#5137,#2593,.T.);
#6926=EDGE_CURVE('',#5435,#5434,#122,.T.);
#6927=EDGE_CURVE('',#4884,#5261,#123,.T.);
#6928=EDGE_CURVE('',#5436,#4622,#2594,.T.);
#6929=EDGE_CURVE('',#5424,#5436,#2595,.T.);
#6930=EDGE_CURVE('',#5437,#5436,#2596,.T.);
#6931=EDGE_CURVE('',#5438,#5437,#2597,.T.);
#6932=EDGE_CURVE('',#5439,#5438,#2598,.T.);
#6933=EDGE_CURVE('',#5439,#4979,#2599,.T.);
#6934=EDGE_CURVE('',#5440,#4761,#2600,.T.);
#6935=EDGE_CURVE('',#5007,#5441,#2601,.T.);
#6936=EDGE_CURVE('',#5442,#5441,#2602,.T.);
#6937=EDGE_CURVE('',#5443,#5442,#2603,.T.);
#6938=EDGE_CURVE('',#5440,#5443,#2604,.T.);
#6939=EDGE_CURVE('',#5044,#5444,#2605,.T.);
#6940=EDGE_CURVE('',#5445,#5444,#2606,.T.);
#6941=EDGE_CURVE('',#5445,#5045,#2607,.T.);
#6942=EDGE_CURVE('',#5136,#5446,#2608,.T.);
#6943=EDGE_CURVE('',#5447,#5446,#124,.T.);
#6944=EDGE_CURVE('',#5447,#5135,#2609,.T.);
#6945=EDGE_CURVE('',#4885,#5260,#125,.T.);
#6946=EDGE_CURVE('',#5425,#5439,#2610,.T.);
#6947=EDGE_CURVE('',#5426,#5438,#2611,.T.);
#6948=EDGE_CURVE('',#5427,#5437,#2612,.T.);
#6949=EDGE_CURVE('',#5428,#5440,#2613,.T.);
#6950=EDGE_CURVE('',#5429,#5443,#2614,.T.);
#6951=EDGE_CURVE('',#5430,#5442,#2615,.T.);
#6952=EDGE_CURVE('',#5431,#5441,#2616,.T.);
#6953=EDGE_CURVE('',#5432,#5444,#2617,.T.);
#6954=EDGE_CURVE('',#5433,#5445,#2618,.T.);
#6955=EDGE_CURVE('',#5434,#5446,#2619,.T.);
#6956=EDGE_CURVE('',#5435,#5447,#2620,.T.);
#6957=EDGE_CURVE('',#4890,#5198,#2621,.T.);
#6958=EDGE_CURVE('',#4887,#5197,#2622,.T.);
#6959=EDGE_CURVE('',#4625,#5448,#2623,.T.);
#6960=EDGE_CURVE('',#5449,#4978,#2624,.T.);
#6961=EDGE_CURVE('',#5449,#5450,#2625,.T.);
#6962=EDGE_CURVE('',#5450,#5451,#2626,.T.);
#6963=EDGE_CURVE('',#5451,#5448,#2627,.T.);
#6964=EDGE_CURVE('',#5452,#4758,#2628,.T.);
#6965=EDGE_CURVE('',#5452,#5453,#2629,.T.);
#6966=EDGE_CURVE('',#5453,#5454,#2630,.T.);
#6967=EDGE_CURVE('',#5454,#5455,#2631,.T.);
#6968=EDGE_CURVE('',#5008,#5455,#2632,.T.);
#6969=EDGE_CURVE('',#5051,#5456,#2633,.T.);
#6970=EDGE_CURVE('',#5457,#5050,#2634,.T.);
#6971=EDGE_CURVE('',#5457,#5456,#2635,.T.);
#6972=EDGE_CURVE('',#5142,#5458,#2636,.T.);
#6973=EDGE_CURVE('',#5459,#5141,#2637,.T.);
#6974=EDGE_CURVE('',#5459,#5458,#126,.T.);
#6975=EDGE_CURVE('',#4888,#5259,#127,.T.);
#6976=EDGE_CURVE('',#5460,#4626,#2638,.T.);
#6977=EDGE_CURVE('',#5448,#5460,#2639,.T.);
#6978=EDGE_CURVE('',#5461,#5460,#2640,.T.);
#6979=EDGE_CURVE('',#5462,#5461,#2641,.T.);
#6980=EDGE_CURVE('',#5463,#5462,#2642,.T.);
#6981=EDGE_CURVE('',#5463,#4977,#2643,.T.);
#6982=EDGE_CURVE('',#5464,#4757,#2644,.T.);
#6983=EDGE_CURVE('',#5009,#5465,#2645,.T.);
#6984=EDGE_CURVE('',#5466,#5465,#2646,.T.);
#6985=EDGE_CURVE('',#5467,#5466,#2647,.T.);
#6986=EDGE_CURVE('',#5464,#5467,#2648,.T.);
#6987=EDGE_CURVE('',#5048,#5468,#2649,.T.);
#6988=EDGE_CURVE('',#5469,#5468,#2650,.T.);
#6989=EDGE_CURVE('',#5469,#5049,#2651,.T.);
#6990=EDGE_CURVE('',#5140,#5470,#2652,.T.);
#6991=EDGE_CURVE('',#5471,#5470,#128,.T.);
#6992=EDGE_CURVE('',#5471,#5139,#2653,.T.);
#6993=EDGE_CURVE('',#4889,#5258,#129,.T.);
#6994=EDGE_CURVE('',#5449,#5463,#2654,.T.);
#6995=EDGE_CURVE('',#5450,#5462,#2655,.T.);
#6996=EDGE_CURVE('',#5451,#5461,#2656,.T.);
#6997=EDGE_CURVE('',#5452,#5464,#2657,.T.);
#6998=EDGE_CURVE('',#5453,#5467,#2658,.T.);
#6999=EDGE_CURVE('',#5454,#5466,#2659,.T.);
#7000=EDGE_CURVE('',#5455,#5465,#2660,.T.);
#7001=EDGE_CURVE('',#5456,#5468,#2661,.T.);
#7002=EDGE_CURVE('',#5457,#5469,#2662,.T.);
#7003=EDGE_CURVE('',#5458,#5470,#2663,.T.);
#7004=EDGE_CURVE('',#5459,#5471,#2664,.T.);
#7005=EDGE_CURVE('',#4894,#5202,#2665,.T.);
#7006=EDGE_CURVE('',#4891,#5201,#2666,.T.);
#7007=EDGE_CURVE('',#4629,#5472,#2667,.T.);
#7008=EDGE_CURVE('',#5473,#4976,#2668,.T.);
#7009=EDGE_CURVE('',#5473,#5474,#2669,.T.);
#7010=EDGE_CURVE('',#5474,#5475,#2670,.T.);
#7011=EDGE_CURVE('',#5475,#5472,#2671,.T.);
#7012=EDGE_CURVE('',#5476,#4754,#2672,.T.);
#7013=EDGE_CURVE('',#5476,#5477,#2673,.T.);
#7014=EDGE_CURVE('',#5477,#5478,#2674,.T.);
#7015=EDGE_CURVE('',#5478,#5479,#2675,.T.);
#7016=EDGE_CURVE('',#5010,#5479,#2676,.T.);
#7017=EDGE_CURVE('',#5055,#5480,#2677,.T.);
#7018=EDGE_CURVE('',#5481,#5054,#2678,.T.);
#7019=EDGE_CURVE('',#5481,#5480,#2679,.T.);
#7020=EDGE_CURVE('',#5146,#5482,#2680,.T.);
#7021=EDGE_CURVE('',#5483,#5145,#2681,.T.);
#7022=EDGE_CURVE('',#5483,#5482,#130,.T.);
#7023=EDGE_CURVE('',#4892,#5257,#131,.T.);
#7024=EDGE_CURVE('',#5484,#4630,#2682,.T.);
#7025=EDGE_CURVE('',#5472,#5484,#2683,.T.);
#7026=EDGE_CURVE('',#5485,#5484,#2684,.T.);
#7027=EDGE_CURVE('',#5486,#5485,#2685,.T.);
#7028=EDGE_CURVE('',#5487,#5486,#2686,.T.);
#7029=EDGE_CURVE('',#5487,#4975,#2687,.T.);
#7030=EDGE_CURVE('',#5488,#4753,#2688,.T.);
#7031=EDGE_CURVE('',#5011,#5489,#2689,.T.);
#7032=EDGE_CURVE('',#5490,#5489,#2690,.T.);
#7033=EDGE_CURVE('',#5491,#5490,#2691,.T.);
#7034=EDGE_CURVE('',#5488,#5491,#2692,.T.);
#7035=EDGE_CURVE('',#5052,#5492,#2693,.T.);
#7036=EDGE_CURVE('',#5493,#5492,#2694,.T.);
#7037=EDGE_CURVE('',#5493,#5053,#2695,.T.);
#7038=EDGE_CURVE('',#5144,#5494,#2696,.T.);
#7039=EDGE_CURVE('',#5495,#5494,#132,.T.);
#7040=EDGE_CURVE('',#5495,#5143,#2697,.T.);
#7041=EDGE_CURVE('',#4893,#5256,#133,.T.);
#7042=EDGE_CURVE('',#5473,#5487,#2698,.T.);
#7043=EDGE_CURVE('',#5474,#5486,#2699,.T.);
#7044=EDGE_CURVE('',#5475,#5485,#2700,.T.);
#7045=EDGE_CURVE('',#5476,#5488,#2701,.T.);
#7046=EDGE_CURVE('',#5477,#5491,#2702,.T.);
#7047=EDGE_CURVE('',#5478,#5490,#2703,.T.);
#7048=EDGE_CURVE('',#5479,#5489,#2704,.T.);
#7049=EDGE_CURVE('',#5480,#5492,#2705,.T.);
#7050=EDGE_CURVE('',#5481,#5493,#2706,.T.);
#7051=EDGE_CURVE('',#5482,#5494,#2707,.T.);
#7052=EDGE_CURVE('',#5483,#5495,#2708,.T.);
#7053=EDGE_CURVE('',#4898,#5206,#2709,.T.);
#7054=EDGE_CURVE('',#4895,#5205,#2710,.T.);
#7055=EDGE_CURVE('',#4633,#5496,#2711,.T.);
#7056=EDGE_CURVE('',#5497,#4974,#2712,.T.);
#7057=EDGE_CURVE('',#5497,#5498,#2713,.T.);
#7058=EDGE_CURVE('',#5498,#5499,#2714,.T.);
#7059=EDGE_CURVE('',#5499,#5496,#2715,.T.);
#7060=EDGE_CURVE('',#5500,#4750,#2716,.T.);
#7061=EDGE_CURVE('',#5500,#5501,#2717,.T.);
#7062=EDGE_CURVE('',#5501,#5502,#2718,.T.);
#7063=EDGE_CURVE('',#5502,#5503,#2719,.T.);
#7064=EDGE_CURVE('',#5012,#5503,#2720,.T.);
#7065=EDGE_CURVE('',#5059,#5504,#2721,.T.);
#7066=EDGE_CURVE('',#5505,#5058,#2722,.T.);
#7067=EDGE_CURVE('',#5505,#5504,#2723,.T.);
#7068=EDGE_CURVE('',#5150,#5506,#2724,.T.);
#7069=EDGE_CURVE('',#5507,#5149,#2725,.T.);
#7070=EDGE_CURVE('',#5507,#5506,#134,.T.);
#7071=EDGE_CURVE('',#4896,#5255,#135,.T.);
#7072=EDGE_CURVE('',#5508,#4634,#2726,.T.);
#7073=EDGE_CURVE('',#5496,#5508,#2727,.T.);
#7074=EDGE_CURVE('',#5509,#5508,#2728,.T.);
#7075=EDGE_CURVE('',#5510,#5509,#2729,.T.);
#7076=EDGE_CURVE('',#5511,#5510,#2730,.T.);
#7077=EDGE_CURVE('',#5511,#4973,#2731,.T.);
#7078=EDGE_CURVE('',#5512,#4749,#2732,.T.);
#7079=EDGE_CURVE('',#5013,#5513,#2733,.T.);
#7080=EDGE_CURVE('',#5514,#5513,#2734,.T.);
#7081=EDGE_CURVE('',#5515,#5514,#2735,.T.);
#7082=EDGE_CURVE('',#5512,#5515,#2736,.T.);
#7083=EDGE_CURVE('',#5056,#5516,#2737,.T.);
#7084=EDGE_CURVE('',#5517,#5516,#2738,.T.);
#7085=EDGE_CURVE('',#5517,#5057,#2739,.T.);
#7086=EDGE_CURVE('',#5148,#5518,#2740,.T.);
#7087=EDGE_CURVE('',#5519,#5518,#136,.T.);
#7088=EDGE_CURVE('',#5519,#5147,#2741,.T.);
#7089=EDGE_CURVE('',#4897,#5254,#137,.T.);
#7090=EDGE_CURVE('',#5497,#5511,#2742,.T.);
#7091=EDGE_CURVE('',#5498,#5510,#2743,.T.);
#7092=EDGE_CURVE('',#5499,#5509,#2744,.T.);
#7093=EDGE_CURVE('',#5500,#5512,#2745,.T.);
#7094=EDGE_CURVE('',#5501,#5515,#2746,.T.);
#7095=EDGE_CURVE('',#5502,#5514,#2747,.T.);
#7096=EDGE_CURVE('',#5503,#5513,#2748,.T.);
#7097=EDGE_CURVE('',#5504,#5516,#2749,.T.);
#7098=EDGE_CURVE('',#5505,#5517,#2750,.T.);
#7099=EDGE_CURVE('',#5506,#5518,#2751,.T.);
#7100=EDGE_CURVE('',#5507,#5519,#2752,.T.);
#7101=EDGE_CURVE('',#4902,#5210,#2753,.T.);
#7102=EDGE_CURVE('',#4899,#5209,#2754,.T.);
#7103=EDGE_CURVE('',#4637,#5520,#2755,.T.);
#7104=EDGE_CURVE('',#5521,#4972,#2756,.T.);
#7105=EDGE_CURVE('',#5521,#5522,#2757,.T.);
#7106=EDGE_CURVE('',#5522,#5523,#2758,.T.);
#7107=EDGE_CURVE('',#5523,#5520,#2759,.T.);
#7108=EDGE_CURVE('',#5524,#4746,#2760,.T.);
#7109=EDGE_CURVE('',#5524,#5525,#2761,.T.);
#7110=EDGE_CURVE('',#5525,#5526,#2762,.T.);
#7111=EDGE_CURVE('',#5526,#5527,#2763,.T.);
#7112=EDGE_CURVE('',#5014,#5527,#2764,.T.);
#7113=EDGE_CURVE('',#5063,#5528,#2765,.T.);
#7114=EDGE_CURVE('',#5529,#5062,#2766,.T.);
#7115=EDGE_CURVE('',#5529,#5528,#2767,.T.);
#7116=EDGE_CURVE('',#5154,#5530,#2768,.T.);
#7117=EDGE_CURVE('',#5531,#5153,#2769,.T.);
#7118=EDGE_CURVE('',#5531,#5530,#138,.T.);
#7119=EDGE_CURVE('',#4900,#5253,#139,.T.);
#7120=EDGE_CURVE('',#5532,#4638,#2770,.T.);
#7121=EDGE_CURVE('',#5520,#5532,#2771,.T.);
#7122=EDGE_CURVE('',#5533,#5532,#2772,.T.);
#7123=EDGE_CURVE('',#5534,#5533,#2773,.T.);
#7124=EDGE_CURVE('',#5535,#5534,#2774,.T.);
#7125=EDGE_CURVE('',#5535,#4971,#2775,.T.);
#7126=EDGE_CURVE('',#5536,#4745,#2776,.T.);
#7127=EDGE_CURVE('',#5015,#5537,#2777,.T.);
#7128=EDGE_CURVE('',#5538,#5537,#2778,.T.);
#7129=EDGE_CURVE('',#5539,#5538,#2779,.T.);
#7130=EDGE_CURVE('',#5536,#5539,#2780,.T.);
#7131=EDGE_CURVE('',#5060,#5540,#2781,.T.);
#7132=EDGE_CURVE('',#5541,#5540,#2782,.T.);
#7133=EDGE_CURVE('',#5541,#5061,#2783,.T.);
#7134=EDGE_CURVE('',#5152,#5542,#2784,.T.);
#7135=EDGE_CURVE('',#5543,#5542,#140,.T.);
#7136=EDGE_CURVE('',#5543,#5151,#2785,.T.);
#7137=EDGE_CURVE('',#4901,#5252,#141,.T.);
#7138=EDGE_CURVE('',#5521,#5535,#2786,.T.);
#7139=EDGE_CURVE('',#5522,#5534,#2787,.T.);
#7140=EDGE_CURVE('',#5523,#5533,#2788,.T.);
#7141=EDGE_CURVE('',#5524,#5536,#2789,.T.);
#7142=EDGE_CURVE('',#5525,#5539,#2790,.T.);
#7143=EDGE_CURVE('',#5526,#5538,#2791,.T.);
#7144=EDGE_CURVE('',#5527,#5537,#2792,.T.);
#7145=EDGE_CURVE('',#5528,#5540,#2793,.T.);
#7146=EDGE_CURVE('',#5529,#5541,#2794,.T.);
#7147=EDGE_CURVE('',#5530,#5542,#2795,.T.);
#7148=EDGE_CURVE('',#5531,#5543,#2796,.T.);
#7149=EDGE_CURVE('',#4906,#5214,#2797,.T.);
#7150=EDGE_CURVE('',#4903,#5213,#2798,.T.);
#7151=EDGE_CURVE('',#4641,#5544,#2799,.T.);
#7152=EDGE_CURVE('',#5545,#4970,#2800,.T.);
#7153=EDGE_CURVE('',#5545,#5546,#2801,.T.);
#7154=EDGE_CURVE('',#5546,#5547,#2802,.T.);
#7155=EDGE_CURVE('',#5547,#5544,#2803,.T.);
#7156=EDGE_CURVE('',#5548,#4742,#2804,.T.);
#7157=EDGE_CURVE('',#5548,#5549,#2805,.T.);
#7158=EDGE_CURVE('',#5549,#5550,#2806,.T.);
#7159=EDGE_CURVE('',#5550,#5551,#2807,.T.);
#7160=EDGE_CURVE('',#5016,#5551,#2808,.T.);
#7161=EDGE_CURVE('',#5067,#5552,#2809,.T.);
#7162=EDGE_CURVE('',#5553,#5066,#2810,.T.);
#7163=EDGE_CURVE('',#5553,#5552,#2811,.T.);
#7164=EDGE_CURVE('',#5158,#5554,#2812,.T.);
#7165=EDGE_CURVE('',#5555,#5157,#2813,.T.);
#7166=EDGE_CURVE('',#5555,#5554,#142,.T.);
#7167=EDGE_CURVE('',#4904,#5251,#143,.T.);
#7168=EDGE_CURVE('',#5556,#4642,#2814,.T.);
#7169=EDGE_CURVE('',#5544,#5556,#2815,.T.);
#7170=EDGE_CURVE('',#5557,#5556,#2816,.T.);
#7171=EDGE_CURVE('',#5558,#5557,#2817,.T.);
#7172=EDGE_CURVE('',#5559,#5558,#2818,.T.);
#7173=EDGE_CURVE('',#5559,#4969,#2819,.T.);
#7174=EDGE_CURVE('',#5560,#4741,#2820,.T.);
#7175=EDGE_CURVE('',#5017,#5561,#2821,.T.);
#7176=EDGE_CURVE('',#5562,#5561,#2822,.T.);
#7177=EDGE_CURVE('',#5563,#5562,#2823,.T.);
#7178=EDGE_CURVE('',#5560,#5563,#2824,.T.);
#7179=EDGE_CURVE('',#5064,#5564,#2825,.T.);
#7180=EDGE_CURVE('',#5565,#5564,#2826,.T.);
#7181=EDGE_CURVE('',#5565,#5065,#2827,.T.);
#7182=EDGE_CURVE('',#5156,#5566,#2828,.T.);
#7183=EDGE_CURVE('',#5567,#5566,#144,.T.);
#7184=EDGE_CURVE('',#5567,#5155,#2829,.T.);
#7185=EDGE_CURVE('',#4905,#5250,#145,.T.);
#7186=EDGE_CURVE('',#5545,#5559,#2830,.T.);
#7187=EDGE_CURVE('',#5546,#5558,#2831,.T.);
#7188=EDGE_CURVE('',#5547,#5557,#2832,.T.);
#7189=EDGE_CURVE('',#5548,#5560,#2833,.T.);
#7190=EDGE_CURVE('',#5549,#5563,#2834,.T.);
#7191=EDGE_CURVE('',#5550,#5562,#2835,.T.);
#7192=EDGE_CURVE('',#5551,#5561,#2836,.T.);
#7193=EDGE_CURVE('',#5552,#5564,#2837,.T.);
#7194=EDGE_CURVE('',#5553,#5565,#2838,.T.);
#7195=EDGE_CURVE('',#5554,#5566,#2839,.T.);
#7196=EDGE_CURVE('',#5555,#5567,#2840,.T.);
#7197=EDGE_CURVE('',#4910,#5218,#2841,.T.);
#7198=EDGE_CURVE('',#4907,#5217,#2842,.T.);
#7199=EDGE_CURVE('',#4645,#5568,#2843,.T.);
#7200=EDGE_CURVE('',#5569,#4968,#2844,.T.);
#7201=EDGE_CURVE('',#5569,#5570,#2845,.T.);
#7202=EDGE_CURVE('',#5570,#5571,#2846,.T.);
#7203=EDGE_CURVE('',#5571,#5568,#2847,.T.);
#7204=EDGE_CURVE('',#5572,#4738,#2848,.T.);
#7205=EDGE_CURVE('',#5572,#5573,#2849,.T.);
#7206=EDGE_CURVE('',#5573,#5574,#2850,.T.);
#7207=EDGE_CURVE('',#5574,#5575,#2851,.T.);
#7208=EDGE_CURVE('',#5018,#5575,#2852,.T.);
#7209=EDGE_CURVE('',#5071,#5576,#2853,.T.);
#7210=EDGE_CURVE('',#5577,#5070,#2854,.T.);
#7211=EDGE_CURVE('',#5577,#5576,#2855,.T.);
#7212=EDGE_CURVE('',#5162,#5578,#2856,.T.);
#7213=EDGE_CURVE('',#5579,#5161,#2857,.T.);
#7214=EDGE_CURVE('',#5579,#5578,#146,.T.);
#7215=EDGE_CURVE('',#4908,#5249,#147,.T.);
#7216=EDGE_CURVE('',#5580,#4646,#2858,.T.);
#7217=EDGE_CURVE('',#5568,#5580,#2859,.T.);
#7218=EDGE_CURVE('',#5581,#5580,#2860,.T.);
#7219=EDGE_CURVE('',#5582,#5581,#2861,.T.);
#7220=EDGE_CURVE('',#5583,#5582,#2862,.T.);
#7221=EDGE_CURVE('',#5583,#4967,#2863,.T.);
#7222=EDGE_CURVE('',#5584,#4737,#2864,.T.);
#7223=EDGE_CURVE('',#5019,#5585,#2865,.T.);
#7224=EDGE_CURVE('',#5586,#5585,#2866,.T.);
#7225=EDGE_CURVE('',#5587,#5586,#2867,.T.);
#7226=EDGE_CURVE('',#5584,#5587,#2868,.T.);
#7227=EDGE_CURVE('',#5068,#5588,#2869,.T.);
#7228=EDGE_CURVE('',#5589,#5588,#2870,.T.);
#7229=EDGE_CURVE('',#5589,#5069,#2871,.T.);
#7230=EDGE_CURVE('',#5160,#5590,#2872,.T.);
#7231=EDGE_CURVE('',#5591,#5590,#148,.T.);
#7232=EDGE_CURVE('',#5591,#5159,#2873,.T.);
#7233=EDGE_CURVE('',#4909,#5248,#149,.T.);
#7234=EDGE_CURVE('',#5569,#5583,#2874,.T.);
#7235=EDGE_CURVE('',#5570,#5582,#2875,.T.);
#7236=EDGE_CURVE('',#5571,#5581,#2876,.T.);
#7237=EDGE_CURVE('',#5572,#5584,#2877,.T.);
#7238=EDGE_CURVE('',#5573,#5587,#2878,.T.);
#7239=EDGE_CURVE('',#5574,#5586,#2879,.T.);
#7240=EDGE_CURVE('',#5575,#5585,#2880,.T.);
#7241=EDGE_CURVE('',#5576,#5588,#2881,.T.);
#7242=EDGE_CURVE('',#5577,#5589,#2882,.T.);
#7243=EDGE_CURVE('',#5578,#5590,#2883,.T.);
#7244=EDGE_CURVE('',#5579,#5591,#2884,.T.);
#7245=EDGE_CURVE('',#5110,#5092,#2885,.T.);
#7246=EDGE_CURVE('',#5109,#5093,#2886,.T.);
#7247=EDGE_CURVE('',#4938,#4959,#2887,.T.);
#7248=EDGE_CURVE('',#4940,#4960,#2888,.T.);
#7249=EDGE_CURVE('',#4934,#4955,#2889,.T.);
#7250=EDGE_CURVE('',#4936,#4956,#2890,.T.);
#7251=EDGE_CURVE('',#4931,#4951,#2891,.T.);
#7252=EDGE_CURVE('',#4930,#4952,#2892,.T.);
#7253=EDGE_CURVE('',#4929,#4953,#2893,.T.);
#7254=EDGE_CURVE('',#4928,#4949,#2894,.T.);
#7255=EDGE_CURVE('',#4925,#4947,#2895,.T.);
#7256=EDGE_CURVE('',#4926,#4946,#2896,.T.);
#7257=EDGE_CURVE('',#4927,#4945,#2897,.T.);
#7258=EDGE_CURVE('',#4672,#4676,#2898,.T.);
#7259=ORIENTED_EDGE('',*,*,#5592,.T.);
#7260=ORIENTED_EDGE('',*,*,#5593,.F.);
#7261=ORIENTED_EDGE('',*,*,#5594,.F.);
#7262=ORIENTED_EDGE('',*,*,#5595,.T.);
#7263=ORIENTED_EDGE('',*,*,#5596,.F.);
#7264=ORIENTED_EDGE('',*,*,#5597,.F.);
#7265=ORIENTED_EDGE('',*,*,#5598,.F.);
#7266=ORIENTED_EDGE('',*,*,#5599,.F.);
#7267=ORIENTED_EDGE('',*,*,#5600,.F.);
#7268=ORIENTED_EDGE('',*,*,#5601,.T.);
#7269=ORIENTED_EDGE('',*,*,#5602,.F.);
#7270=ORIENTED_EDGE('',*,*,#5592,.F.);
#7271=ORIENTED_EDGE('',*,*,#5603,.T.);
#7272=ORIENTED_EDGE('',*,*,#5604,.T.);
#7273=ORIENTED_EDGE('',*,*,#5605,.T.);
#7274=ORIENTED_EDGE('',*,*,#5606,.T.);
#7275=ORIENTED_EDGE('',*,*,#5607,.T.);
#7276=ORIENTED_EDGE('',*,*,#5608,.T.);
#7277=ORIENTED_EDGE('',*,*,#5609,.F.);
#7278=ORIENTED_EDGE('',*,*,#5610,.F.);
#7279=ORIENTED_EDGE('',*,*,#5611,.F.);
#7280=ORIENTED_EDGE('',*,*,#5612,.F.);
#7281=ORIENTED_EDGE('',*,*,#5613,.F.);
#7282=ORIENTED_EDGE('',*,*,#5614,.T.);
#7283=ORIENTED_EDGE('',*,*,#5615,.T.);
#7284=ORIENTED_EDGE('',*,*,#5616,.F.);
#7285=ORIENTED_EDGE('',*,*,#5617,.F.);
#7286=ORIENTED_EDGE('',*,*,#5618,.F.);
#7287=ORIENTED_EDGE('',*,*,#5619,.T.);
#7288=ORIENTED_EDGE('',*,*,#5620,.F.);
#7289=ORIENTED_EDGE('',*,*,#5621,.F.);
#7290=ORIENTED_EDGE('',*,*,#5622,.T.);
#7291=ORIENTED_EDGE('',*,*,#5623,.F.);
#7292=ORIENTED_EDGE('',*,*,#5624,.T.);
#7293=ORIENTED_EDGE('',*,*,#5625,.F.);
#7294=ORIENTED_EDGE('',*,*,#5626,.F.);
#7295=ORIENTED_EDGE('',*,*,#5627,.F.);
#7296=ORIENTED_EDGE('',*,*,#5628,.F.);
#7297=ORIENTED_EDGE('',*,*,#5629,.F.);
#7298=ORIENTED_EDGE('',*,*,#5630,.F.);
#7299=ORIENTED_EDGE('',*,*,#5631,.F.);
#7300=ORIENTED_EDGE('',*,*,#5632,.T.);
#7301=ORIENTED_EDGE('',*,*,#5633,.F.);
#7302=ORIENTED_EDGE('',*,*,#5600,.T.);
#7303=ORIENTED_EDGE('',*,*,#5634,.T.);
#7304=ORIENTED_EDGE('',*,*,#5635,.F.);
#7305=ORIENTED_EDGE('',*,*,#5636,.F.);
#7306=ORIENTED_EDGE('',*,*,#5637,.T.);
#7307=ORIENTED_EDGE('',*,*,#5638,.F.);
#7308=ORIENTED_EDGE('',*,*,#5639,.T.);
#7309=ORIENTED_EDGE('',*,*,#5640,.T.);
#7310=ORIENTED_EDGE('',*,*,#5641,.T.);
#7311=ORIENTED_EDGE('',*,*,#5642,.T.);
#7312=ORIENTED_EDGE('',*,*,#5643,.F.);
#7313=ORIENTED_EDGE('',*,*,#5644,.T.);
#7314=ORIENTED_EDGE('',*,*,#5607,.F.);
#7315=ORIENTED_EDGE('',*,*,#5638,.T.);
#7316=ORIENTED_EDGE('',*,*,#5645,.T.);
#7317=ORIENTED_EDGE('',*,*,#5646,.F.);
#7318=ORIENTED_EDGE('',*,*,#5647,.F.);
#7319=ORIENTED_EDGE('',*,*,#5648,.T.);
#7320=ORIENTED_EDGE('',*,*,#5647,.T.);
#7321=ORIENTED_EDGE('',*,*,#5649,.F.);
#7322=ORIENTED_EDGE('',*,*,#5650,.F.);
#7323=ORIENTED_EDGE('',*,*,#5648,.F.);
#7324=ORIENTED_EDGE('',*,*,#5651,.F.);
#7325=ORIENTED_EDGE('',*,*,#5652,.T.);
#7326=ORIENTED_EDGE('',*,*,#5653,.T.);
#7327=ORIENTED_EDGE('',*,*,#5654,.T.);
#7328=ORIENTED_EDGE('',*,*,#5655,.T.);
#7329=ORIENTED_EDGE('',*,*,#5656,.T.);
#7330=ORIENTED_EDGE('',*,*,#5657,.T.);
#7331=ORIENTED_EDGE('',*,*,#5658,.T.);
#7332=ORIENTED_EDGE('',*,*,#5639,.F.);
#7333=ORIENTED_EDGE('',*,*,#5659,.T.);
#7334=ORIENTED_EDGE('',*,*,#5608,.F.);
#7335=ORIENTED_EDGE('',*,*,#5644,.F.);
#7336=ORIENTED_EDGE('',*,*,#5660,.F.);
#7337=ORIENTED_EDGE('',*,*,#5661,.T.);
#7338=ORIENTED_EDGE('',*,*,#5662,.T.);
#7339=ORIENTED_EDGE('',*,*,#5663,.T.);
#7340=ORIENTED_EDGE('',*,*,#5664,.F.);
#7341=ORIENTED_EDGE('',*,*,#5665,.F.);
#7342=ORIENTED_EDGE('',*,*,#5666,.T.);
#7343=ORIENTED_EDGE('',*,*,#5667,.T.);
#7344=ORIENTED_EDGE('',*,*,#5668,.F.);
#7345=ORIENTED_EDGE('',*,*,#5669,.T.);
#7346=ORIENTED_EDGE('',*,*,#5670,.F.);
#7347=ORIENTED_EDGE('',*,*,#5671,.T.);
#7348=ORIENTED_EDGE('',*,*,#5672,.F.);
#7349=ORIENTED_EDGE('',*,*,#5673,.F.);
#7350=ORIENTED_EDGE('',*,*,#5674,.F.);
#7351=ORIENTED_EDGE('',*,*,#5675,.F.);
#7352=ORIENTED_EDGE('',*,*,#5676,.F.);
#7353=ORIENTED_EDGE('',*,*,#5640,.F.);
#7354=ORIENTED_EDGE('',*,*,#5658,.F.);
#7355=ORIENTED_EDGE('',*,*,#5677,.F.);
#7356=ORIENTED_EDGE('',*,*,#5678,.T.);
#7357=ORIENTED_EDGE('',*,*,#5679,.T.);
#7358=ORIENTED_EDGE('',*,*,#5680,.F.);
#7359=ORIENTED_EDGE('',*,*,#5681,.F.);
#7360=ORIENTED_EDGE('',*,*,#5637,.F.);
#7361=ORIENTED_EDGE('',*,*,#5659,.F.);
#7362=ORIENTED_EDGE('',*,*,#5682,.F.);
#7363=ORIENTED_EDGE('',*,*,#5683,.T.);
#7364=ORIENTED_EDGE('',*,*,#5609,.T.);
#7365=ORIENTED_EDGE('',*,*,#5663,.F.);
#7366=ORIENTED_EDGE('',*,*,#5657,.F.);
#7367=ORIENTED_EDGE('',*,*,#5684,.T.);
#7368=ORIENTED_EDGE('',*,*,#5685,.T.);
#7369=ORIENTED_EDGE('',*,*,#5656,.F.);
#7370=ORIENTED_EDGE('',*,*,#5686,.T.);
#7371=ORIENTED_EDGE('',*,*,#5687,.T.);
#7372=ORIENTED_EDGE('',*,*,#5684,.F.);
#7373=ORIENTED_EDGE('',*,*,#5610,.T.);
#7374=ORIENTED_EDGE('',*,*,#5683,.F.);
#7375=ORIENTED_EDGE('',*,*,#5688,.F.);
#7376=ORIENTED_EDGE('',*,*,#5689,.T.);
#7377=ORIENTED_EDGE('',*,*,#5690,.T.);
#7378=ORIENTED_EDGE('',*,*,#5691,.T.);
#7379=ORIENTED_EDGE('',*,*,#5692,.T.);
#7380=ORIENTED_EDGE('',*,*,#5693,.F.);
#7381=ORIENTED_EDGE('',*,*,#5694,.F.);
#7382=ORIENTED_EDGE('',*,*,#5695,.F.);
#7383=ORIENTED_EDGE('',*,*,#5672,.T.);
#7384=ORIENTED_EDGE('',*,*,#5696,.T.);
#7385=ORIENTED_EDGE('',*,*,#5697,.F.);
#7386=ORIENTED_EDGE('',*,*,#5698,.F.);
#7387=ORIENTED_EDGE('',*,*,#5603,.F.);
#7388=ORIENTED_EDGE('',*,*,#5599,.T.);
#7389=ORIENTED_EDGE('',*,*,#5699,.F.);
#7390=ORIENTED_EDGE('',*,*,#5700,.T.);
#7391=ORIENTED_EDGE('',*,*,#5701,.T.);
#7392=ORIENTED_EDGE('',*,*,#5702,.F.);
#7393=ORIENTED_EDGE('',*,*,#5703,.F.);
#7394=ORIENTED_EDGE('',*,*,#5704,.T.);
#7395=ORIENTED_EDGE('',*,*,#5705,.T.);
#7396=ORIENTED_EDGE('',*,*,#5706,.F.);
#7397=ORIENTED_EDGE('',*,*,#5707,.T.);
#7398=ORIENTED_EDGE('',*,*,#5708,.T.);
#7399=ORIENTED_EDGE('',*,*,#5709,.F.);
#7400=ORIENTED_EDGE('',*,*,#5710,.F.);
#7401=ORIENTED_EDGE('',*,*,#5711,.T.);
#7402=ORIENTED_EDGE('',*,*,#5712,.T.);
#7403=ORIENTED_EDGE('',*,*,#5713,.F.);
#7404=ORIENTED_EDGE('',*,*,#5714,.F.);
#7405=ORIENTED_EDGE('',*,*,#5715,.T.);
#7406=ORIENTED_EDGE('',*,*,#5716,.T.);
#7407=ORIENTED_EDGE('',*,*,#5717,.F.);
#7408=ORIENTED_EDGE('',*,*,#5718,.F.);
#7409=ORIENTED_EDGE('',*,*,#5719,.T.);
#7410=ORIENTED_EDGE('',*,*,#5720,.T.);
#7411=ORIENTED_EDGE('',*,*,#5721,.F.);
#7412=ORIENTED_EDGE('',*,*,#5722,.F.);
#7413=ORIENTED_EDGE('',*,*,#5723,.T.);
#7414=ORIENTED_EDGE('',*,*,#5724,.T.);
#7415=ORIENTED_EDGE('',*,*,#5725,.F.);
#7416=ORIENTED_EDGE('',*,*,#5726,.F.);
#7417=ORIENTED_EDGE('',*,*,#5727,.T.);
#7418=ORIENTED_EDGE('',*,*,#5728,.T.);
#7419=ORIENTED_EDGE('',*,*,#5729,.F.);
#7420=ORIENTED_EDGE('',*,*,#5730,.F.);
#7421=ORIENTED_EDGE('',*,*,#5731,.T.);
#7422=ORIENTED_EDGE('',*,*,#5732,.T.);
#7423=ORIENTED_EDGE('',*,*,#5733,.F.);
#7424=ORIENTED_EDGE('',*,*,#5734,.F.);
#7425=ORIENTED_EDGE('',*,*,#5735,.T.);
#7426=ORIENTED_EDGE('',*,*,#5736,.T.);
#7427=ORIENTED_EDGE('',*,*,#5737,.F.);
#7428=ORIENTED_EDGE('',*,*,#5738,.F.);
#7429=ORIENTED_EDGE('',*,*,#5739,.T.);
#7430=ORIENTED_EDGE('',*,*,#5740,.T.);
#7431=ORIENTED_EDGE('',*,*,#5741,.F.);
#7432=ORIENTED_EDGE('',*,*,#5742,.F.);
#7433=ORIENTED_EDGE('',*,*,#5743,.T.);
#7434=ORIENTED_EDGE('',*,*,#5744,.T.);
#7435=ORIENTED_EDGE('',*,*,#5745,.F.);
#7436=ORIENTED_EDGE('',*,*,#5746,.F.);
#7437=ORIENTED_EDGE('',*,*,#5747,.T.);
#7438=ORIENTED_EDGE('',*,*,#5748,.T.);
#7439=ORIENTED_EDGE('',*,*,#5749,.F.);
#7440=ORIENTED_EDGE('',*,*,#5750,.F.);
#7441=ORIENTED_EDGE('',*,*,#5751,.T.);
#7442=ORIENTED_EDGE('',*,*,#5752,.T.);
#7443=ORIENTED_EDGE('',*,*,#5753,.F.);
#7444=ORIENTED_EDGE('',*,*,#5754,.F.);
#7445=ORIENTED_EDGE('',*,*,#5755,.T.);
#7446=ORIENTED_EDGE('',*,*,#5756,.T.);
#7447=ORIENTED_EDGE('',*,*,#5757,.F.);
#7448=ORIENTED_EDGE('',*,*,#5758,.F.);
#7449=ORIENTED_EDGE('',*,*,#5759,.T.);
#7450=ORIENTED_EDGE('',*,*,#5760,.T.);
#7451=ORIENTED_EDGE('',*,*,#5761,.F.);
#7452=ORIENTED_EDGE('',*,*,#5762,.F.);
#7453=ORIENTED_EDGE('',*,*,#5763,.F.);
#7454=ORIENTED_EDGE('',*,*,#5764,.T.);
#7455=ORIENTED_EDGE('',*,*,#5765,.F.);
#7456=ORIENTED_EDGE('',*,*,#5766,.F.);
#7457=ORIENTED_EDGE('',*,*,#5767,.T.);
#7458=ORIENTED_EDGE('',*,*,#5768,.F.);
#7459=ORIENTED_EDGE('',*,*,#5769,.F.);
#7460=ORIENTED_EDGE('',*,*,#5770,.F.);
#7461=ORIENTED_EDGE('',*,*,#5664,.T.);
#7462=ORIENTED_EDGE('',*,*,#5685,.F.);
#7463=ORIENTED_EDGE('',*,*,#5687,.F.);
#7464=ORIENTED_EDGE('',*,*,#5771,.F.);
#7465=ORIENTED_EDGE('',*,*,#5772,.F.);
#7466=ORIENTED_EDGE('',*,*,#5690,.F.);
#7467=ORIENTED_EDGE('',*,*,#5773,.F.);
#7468=ORIENTED_EDGE('',*,*,#5774,.T.);
#7469=ORIENTED_EDGE('',*,*,#5775,.F.);
#7470=ORIENTED_EDGE('',*,*,#5776,.F.);
#7471=ORIENTED_EDGE('',*,*,#5777,.F.);
#7472=ORIENTED_EDGE('',*,*,#5778,.T.);
#7473=ORIENTED_EDGE('',*,*,#5691,.F.);
#7474=ORIENTED_EDGE('',*,*,#5772,.T.);
#7475=ORIENTED_EDGE('',*,*,#5779,.F.);
#7476=ORIENTED_EDGE('',*,*,#5780,.F.);
#7477=ORIENTED_EDGE('',*,*,#5781,.T.);
#7478=ORIENTED_EDGE('',*,*,#5782,.T.);
#7479=ORIENTED_EDGE('',*,*,#5783,.T.);
#7480=ORIENTED_EDGE('',*,*,#5784,.F.);
#7481=ORIENTED_EDGE('',*,*,#5785,.F.);
#7482=ORIENTED_EDGE('',*,*,#5775,.T.);
#7483=ORIENTED_EDGE('',*,*,#5786,.T.);
#7484=ORIENTED_EDGE('',*,*,#5787,.F.);
#7485=ORIENTED_EDGE('',*,*,#5788,.F.);
#7486=ORIENTED_EDGE('',*,*,#5789,.T.);
#7487=ORIENTED_EDGE('',*,*,#5780,.T.);
#7488=ORIENTED_EDGE('',*,*,#5790,.T.);
#7489=ORIENTED_EDGE('',*,*,#5791,.T.);
#7490=ORIENTED_EDGE('',*,*,#5688,.T.);
#7491=ORIENTED_EDGE('',*,*,#5682,.T.);
#7492=ORIENTED_EDGE('',*,*,#5662,.F.);
#7493=ORIENTED_EDGE('',*,*,#5792,.T.);
#7494=ORIENTED_EDGE('',*,*,#5788,.T.);
#7495=ORIENTED_EDGE('',*,*,#5793,.F.);
#7496=ORIENTED_EDGE('',*,*,#5794,.F.);
#7497=ORIENTED_EDGE('',*,*,#5784,.T.);
#7498=ORIENTED_EDGE('',*,*,#5795,.T.);
#7499=ORIENTED_EDGE('',*,*,#5796,.F.);
#7500=ORIENTED_EDGE('',*,*,#5678,.F.);
#7501=ORIENTED_EDGE('',*,*,#5797,.T.);
#7502=ORIENTED_EDGE('',*,*,#5798,.T.);
#7503=ORIENTED_EDGE('',*,*,#5799,.T.);
#7504=ORIENTED_EDGE('',*,*,#5800,.T.);
#7505=ORIENTED_EDGE('',*,*,#5776,.T.);
#7506=ORIENTED_EDGE('',*,*,#5789,.F.);
#7507=ORIENTED_EDGE('',*,*,#5801,.T.);
#7508=ORIENTED_EDGE('',*,*,#5802,.T.);
#7509=ORIENTED_EDGE('',*,*,#5781,.F.);
#7510=ORIENTED_EDGE('',*,*,#5803,.T.);
#7511=ORIENTED_EDGE('',*,*,#5804,.T.);
#7512=ORIENTED_EDGE('',*,*,#5782,.F.);
#7513=ORIENTED_EDGE('',*,*,#5802,.F.);
#7514=ORIENTED_EDGE('',*,*,#5803,.F.);
#7515=ORIENTED_EDGE('',*,*,#5805,.F.);
#7516=ORIENTED_EDGE('',*,*,#5660,.T.);
#7517=ORIENTED_EDGE('',*,*,#5643,.T.);
#7518=ORIENTED_EDGE('',*,*,#5806,.F.);
#7519=ORIENTED_EDGE('',*,*,#5807,.F.);
#7520=ORIENTED_EDGE('',*,*,#5808,.F.);
#7521=ORIENTED_EDGE('',*,*,#5809,.T.);
#7522=ORIENTED_EDGE('',*,*,#5810,.F.);
#7523=ORIENTED_EDGE('',*,*,#5811,.F.);
#7524=ORIENTED_EDGE('',*,*,#5812,.T.);
#7525=ORIENTED_EDGE('',*,*,#5813,.T.);
#7526=ORIENTED_EDGE('',*,*,#5814,.F.);
#7527=ORIENTED_EDGE('',*,*,#5815,.F.);
#7528=ORIENTED_EDGE('',*,*,#5816,.F.);
#7529=ORIENTED_EDGE('',*,*,#5817,.T.);
#7530=ORIENTED_EDGE('',*,*,#5818,.F.);
#7531=ORIENTED_EDGE('',*,*,#5819,.F.);
#7532=ORIENTED_EDGE('',*,*,#5680,.T.);
#7533=ORIENTED_EDGE('',*,*,#5820,.T.);
#7534=ORIENTED_EDGE('',*,*,#5821,.F.);
#7535=ORIENTED_EDGE('',*,*,#5820,.F.);
#7536=ORIENTED_EDGE('',*,*,#5679,.F.);
#7537=ORIENTED_EDGE('',*,*,#5796,.T.);
#7538=ORIENTED_EDGE('',*,*,#5795,.F.);
#7539=ORIENTED_EDGE('',*,*,#5783,.F.);
#7540=ORIENTED_EDGE('',*,*,#5804,.F.);
#7541=ORIENTED_EDGE('',*,*,#5821,.T.);
#7542=ORIENTED_EDGE('',*,*,#5822,.F.);
#7543=ORIENTED_EDGE('',*,*,#5623,.T.);
#7544=ORIENTED_EDGE('',*,*,#5681,.T.);
#7545=ORIENTED_EDGE('',*,*,#5819,.T.);
#7546=ORIENTED_EDGE('',*,*,#5823,.F.);
#7547=ORIENTED_EDGE('',*,*,#5824,.F.);
#7548=ORIENTED_EDGE('',*,*,#5675,.T.);
#7549=ORIENTED_EDGE('',*,*,#5825,.F.);
#7550=ORIENTED_EDGE('',*,*,#5822,.T.);
#7551=ORIENTED_EDGE('',*,*,#5826,.T.);
#7552=ORIENTED_EDGE('',*,*,#5827,.F.);
#7553=ORIENTED_EDGE('',*,*,#5828,.F.);
#7554=ORIENTED_EDGE('',*,*,#5829,.F.);
#7555=ORIENTED_EDGE('',*,*,#5830,.F.);
#7556=ORIENTED_EDGE('',*,*,#5624,.F.);
#7557=ORIENTED_EDGE('',*,*,#5828,.T.);
#7558=ORIENTED_EDGE('',*,*,#5831,.T.);
#7559=ORIENTED_EDGE('',*,*,#5832,.F.);
#7560=ORIENTED_EDGE('',*,*,#5833,.F.);
#7561=ORIENTED_EDGE('',*,*,#5834,.T.);
#7562=ORIENTED_EDGE('',*,*,#5829,.T.);
#7563=ORIENTED_EDGE('',*,*,#5649,.T.);
#7564=ORIENTED_EDGE('',*,*,#5646,.T.);
#7565=ORIENTED_EDGE('',*,*,#5835,.F.);
#7566=ORIENTED_EDGE('',*,*,#5836,.F.);
#7567=ORIENTED_EDGE('',*,*,#5837,.F.);
#7568=ORIENTED_EDGE('',*,*,#5838,.T.);
#7569=ORIENTED_EDGE('',*,*,#5827,.T.);
#7570=ORIENTED_EDGE('',*,*,#5839,.T.);
#7571=ORIENTED_EDGE('',*,*,#5840,.T.);
#7572=ORIENTED_EDGE('',*,*,#5841,.F.);
#7573=ORIENTED_EDGE('',*,*,#5832,.T.);
#7574=ORIENTED_EDGE('',*,*,#5831,.F.);
#7575=ORIENTED_EDGE('',*,*,#5842,.T.);
#7576=ORIENTED_EDGE('',*,*,#5650,.T.);
#7577=ORIENTED_EDGE('',*,*,#5838,.F.);
#7578=ORIENTED_EDGE('',*,*,#5843,.F.);
#7579=ORIENTED_EDGE('',*,*,#5844,.T.);
#7580=ORIENTED_EDGE('',*,*,#5655,.F.);
#7581=ORIENTED_EDGE('',*,*,#5845,.F.);
#7582=ORIENTED_EDGE('',*,*,#5611,.T.);
#7583=ORIENTED_EDGE('',*,*,#5842,.F.);
#7584=ORIENTED_EDGE('',*,*,#5846,.T.);
#7585=ORIENTED_EDGE('',*,*,#5847,.T.);
#7586=ORIENTED_EDGE('',*,*,#5619,.F.);
#7587=ORIENTED_EDGE('',*,*,#5848,.F.);
#7588=ORIENTED_EDGE('',*,*,#5849,.T.);
#7589=ORIENTED_EDGE('',*,*,#5850,.T.);
#7590=ORIENTED_EDGE('',*,*,#5615,.F.);
#7591=ORIENTED_EDGE('',*,*,#5851,.T.);
#7592=ORIENTED_EDGE('',*,*,#5651,.T.);
#7593=ORIENTED_EDGE('',*,*,#5773,.T.);
#7594=ORIENTED_EDGE('',*,*,#5771,.T.);
#7595=ORIENTED_EDGE('',*,*,#5686,.F.);
#7596=ORIENTED_EDGE('',*,*,#5844,.F.);
#7597=ORIENTED_EDGE('',*,*,#5689,.F.);
#7598=ORIENTED_EDGE('',*,*,#5791,.F.);
#7599=ORIENTED_EDGE('',*,*,#5852,.T.);
#7600=ORIENTED_EDGE('',*,*,#5774,.F.);
#7601=ORIENTED_EDGE('',*,*,#5852,.F.);
#7602=ORIENTED_EDGE('',*,*,#5790,.F.);
#7603=ORIENTED_EDGE('',*,*,#5779,.T.);
#7604=ORIENTED_EDGE('',*,*,#5845,.T.);
#7605=ORIENTED_EDGE('',*,*,#5654,.F.);
#7606=ORIENTED_EDGE('',*,*,#5853,.F.);
#7607=ORIENTED_EDGE('',*,*,#5767,.F.);
#7608=ORIENTED_EDGE('',*,*,#5854,.T.);
#7609=ORIENTED_EDGE('',*,*,#5855,.T.);
#7610=ORIENTED_EDGE('',*,*,#5856,.F.);
#7611=ORIENTED_EDGE('',*,*,#5612,.T.);
#7612=ORIENTED_EDGE('',*,*,#5653,.F.);
#7613=ORIENTED_EDGE('',*,*,#5857,.F.);
#7614=ORIENTED_EDGE('',*,*,#5858,.T.);
#7615=ORIENTED_EDGE('',*,*,#5859,.F.);
#7616=ORIENTED_EDGE('',*,*,#5768,.T.);
#7617=ORIENTED_EDGE('',*,*,#5853,.T.);
#7618=ORIENTED_EDGE('',*,*,#5613,.T.);
#7619=ORIENTED_EDGE('',*,*,#5856,.T.);
#7620=ORIENTED_EDGE('',*,*,#5860,.F.);
#7621=ORIENTED_EDGE('',*,*,#5861,.F.);
#7622=ORIENTED_EDGE('',*,*,#5862,.F.);
#7623=ORIENTED_EDGE('',*,*,#5863,.F.);
#7624=ORIENTED_EDGE('',*,*,#5864,.F.);
#7625=ORIENTED_EDGE('',*,*,#5865,.F.);
#7626=ORIENTED_EDGE('',*,*,#5866,.T.);
#7627=ORIENTED_EDGE('',*,*,#5861,.T.);
#7628=ORIENTED_EDGE('',*,*,#5769,.T.);
#7629=ORIENTED_EDGE('',*,*,#5859,.T.);
#7630=ORIENTED_EDGE('',*,*,#5867,.F.);
#7631=ORIENTED_EDGE('',*,*,#5868,.F.);
#7632=ORIENTED_EDGE('',*,*,#5869,.F.);
#7633=ORIENTED_EDGE('',*,*,#5870,.T.);
#7634=ORIENTED_EDGE('',*,*,#5871,.F.);
#7635=ORIENTED_EDGE('',*,*,#5872,.F.);
#7636=ORIENTED_EDGE('',*,*,#5873,.T.);
#7637=ORIENTED_EDGE('',*,*,#5864,.T.);
#7638=ORIENTED_EDGE('',*,*,#5860,.T.);
#7639=ORIENTED_EDGE('',*,*,#5855,.F.);
#7640=ORIENTED_EDGE('',*,*,#5874,.F.);
#7641=ORIENTED_EDGE('',*,*,#5875,.T.);
#7642=ORIENTED_EDGE('',*,*,#5876,.F.);
#7643=ORIENTED_EDGE('',*,*,#5877,.T.);
#7644=ORIENTED_EDGE('',*,*,#5878,.T.);
#7645=ORIENTED_EDGE('',*,*,#5879,.T.);
#7646=ORIENTED_EDGE('',*,*,#5880,.F.);
#7647=ORIENTED_EDGE('',*,*,#5881,.F.);
#7648=ORIENTED_EDGE('',*,*,#5882,.T.);
#7649=ORIENTED_EDGE('',*,*,#5883,.T.);
#7650=ORIENTED_EDGE('',*,*,#5884,.F.);
#7651=ORIENTED_EDGE('',*,*,#5885,.F.);
#7652=ORIENTED_EDGE('',*,*,#5886,.T.);
#7653=ORIENTED_EDGE('',*,*,#5887,.T.);
#7654=ORIENTED_EDGE('',*,*,#5888,.F.);
#7655=ORIENTED_EDGE('',*,*,#5889,.F.);
#7656=ORIENTED_EDGE('',*,*,#5890,.T.);
#7657=ORIENTED_EDGE('',*,*,#5891,.T.);
#7658=ORIENTED_EDGE('',*,*,#5892,.F.);
#7659=ORIENTED_EDGE('',*,*,#5893,.F.);
#7660=ORIENTED_EDGE('',*,*,#5894,.T.);
#7661=ORIENTED_EDGE('',*,*,#5895,.T.);
#7662=ORIENTED_EDGE('',*,*,#5896,.F.);
#7663=ORIENTED_EDGE('',*,*,#5897,.F.);
#7664=ORIENTED_EDGE('',*,*,#5898,.T.);
#7665=ORIENTED_EDGE('',*,*,#5899,.T.);
#7666=ORIENTED_EDGE('',*,*,#5900,.F.);
#7667=ORIENTED_EDGE('',*,*,#5901,.F.);
#7668=ORIENTED_EDGE('',*,*,#5902,.T.);
#7669=ORIENTED_EDGE('',*,*,#5903,.T.);
#7670=ORIENTED_EDGE('',*,*,#5904,.F.);
#7671=ORIENTED_EDGE('',*,*,#5905,.F.);
#7672=ORIENTED_EDGE('',*,*,#5906,.T.);
#7673=ORIENTED_EDGE('',*,*,#5907,.T.);
#7674=ORIENTED_EDGE('',*,*,#5908,.F.);
#7675=ORIENTED_EDGE('',*,*,#5909,.F.);
#7676=ORIENTED_EDGE('',*,*,#5910,.T.);
#7677=ORIENTED_EDGE('',*,*,#5911,.T.);
#7678=ORIENTED_EDGE('',*,*,#5912,.F.);
#7679=ORIENTED_EDGE('',*,*,#5913,.F.);
#7680=ORIENTED_EDGE('',*,*,#5914,.T.);
#7681=ORIENTED_EDGE('',*,*,#5915,.T.);
#7682=ORIENTED_EDGE('',*,*,#5916,.F.);
#7683=ORIENTED_EDGE('',*,*,#5917,.F.);
#7684=ORIENTED_EDGE('',*,*,#5918,.T.);
#7685=ORIENTED_EDGE('',*,*,#5919,.T.);
#7686=ORIENTED_EDGE('',*,*,#5920,.F.);
#7687=ORIENTED_EDGE('',*,*,#5921,.F.);
#7688=ORIENTED_EDGE('',*,*,#5922,.T.);
#7689=ORIENTED_EDGE('',*,*,#5923,.T.);
#7690=ORIENTED_EDGE('',*,*,#5924,.F.);
#7691=ORIENTED_EDGE('',*,*,#5925,.F.);
#7692=ORIENTED_EDGE('',*,*,#5926,.T.);
#7693=ORIENTED_EDGE('',*,*,#5927,.T.);
#7694=ORIENTED_EDGE('',*,*,#5928,.F.);
#7695=ORIENTED_EDGE('',*,*,#5929,.F.);
#7696=ORIENTED_EDGE('',*,*,#5930,.T.);
#7697=ORIENTED_EDGE('',*,*,#5931,.T.);
#7698=ORIENTED_EDGE('',*,*,#5932,.F.);
#7699=ORIENTED_EDGE('',*,*,#5933,.F.);
#7700=ORIENTED_EDGE('',*,*,#5934,.T.);
#7701=ORIENTED_EDGE('',*,*,#5935,.F.);
#7702=ORIENTED_EDGE('',*,*,#5936,.F.);
#7703=ORIENTED_EDGE('',*,*,#5937,.T.);
#7704=ORIENTED_EDGE('',*,*,#5938,.T.);
#7705=ORIENTED_EDGE('',*,*,#5939,.F.);
#7706=ORIENTED_EDGE('',*,*,#5940,.F.);
#7707=ORIENTED_EDGE('',*,*,#5941,.T.);
#7708=ORIENTED_EDGE('',*,*,#5593,.T.);
#7709=ORIENTED_EDGE('',*,*,#5602,.T.);
#7710=ORIENTED_EDGE('',*,*,#5942,.T.);
#7711=ORIENTED_EDGE('',*,*,#5943,.T.);
#7712=ORIENTED_EDGE('',*,*,#5944,.T.);
#7713=ORIENTED_EDGE('',*,*,#5945,.F.);
#7714=ORIENTED_EDGE('',*,*,#5869,.T.);
#7715=ORIENTED_EDGE('',*,*,#5946,.T.);
#7716=ORIENTED_EDGE('',*,*,#5947,.F.);
#7717=ORIENTED_EDGE('',*,*,#5948,.F.);
#7718=ORIENTED_EDGE('',*,*,#5949,.F.);
#7719=ORIENTED_EDGE('',*,*,#5949,.T.);
#7720=ORIENTED_EDGE('',*,*,#5950,.T.);
#7721=ORIENTED_EDGE('',*,*,#5951,.F.);
#7722=ORIENTED_EDGE('',*,*,#5870,.F.);
#7723=ORIENTED_EDGE('',*,*,#5871,.T.);
#7724=ORIENTED_EDGE('',*,*,#5951,.T.);
#7725=ORIENTED_EDGE('',*,*,#5952,.T.);
#7726=ORIENTED_EDGE('',*,*,#5953,.T.);
#7727=ORIENTED_EDGE('',*,*,#5954,.F.);
#7728=ORIENTED_EDGE('',*,*,#5872,.T.);
#7729=ORIENTED_EDGE('',*,*,#5954,.T.);
#7730=ORIENTED_EDGE('',*,*,#5955,.F.);
#7731=ORIENTED_EDGE('',*,*,#5956,.F.);
#7732=ORIENTED_EDGE('',*,*,#5956,.T.);
#7733=ORIENTED_EDGE('',*,*,#5957,.T.);
#7734=ORIENTED_EDGE('',*,*,#5958,.T.);
#7735=ORIENTED_EDGE('',*,*,#5959,.F.);
#7736=ORIENTED_EDGE('',*,*,#5960,.F.);
#7737=ORIENTED_EDGE('',*,*,#5961,.T.);
#7738=ORIENTED_EDGE('',*,*,#5962,.T.);
#7739=ORIENTED_EDGE('',*,*,#5865,.T.);
#7740=ORIENTED_EDGE('',*,*,#5873,.F.);
#7741=ORIENTED_EDGE('',*,*,#5963,.T.);
#7742=ORIENTED_EDGE('',*,*,#5665,.T.);
#7743=ORIENTED_EDGE('',*,*,#5770,.T.);
#7744=ORIENTED_EDGE('',*,*,#5868,.T.);
#7745=ORIENTED_EDGE('',*,*,#5964,.F.);
#7746=ORIENTED_EDGE('',*,*,#5965,.T.);
#7747=ORIENTED_EDGE('',*,*,#5966,.F.);
#7748=ORIENTED_EDGE('',*,*,#5967,.F.);
#7749=ORIENTED_EDGE('',*,*,#5968,.T.);
#7750=ORIENTED_EDGE('',*,*,#5969,.F.);
#7751=ORIENTED_EDGE('',*,*,#5970,.T.);
#7752=ORIENTED_EDGE('',*,*,#5971,.F.);
#7753=ORIENTED_EDGE('',*,*,#5972,.F.);
#7754=ORIENTED_EDGE('',*,*,#5973,.F.);
#7755=ORIENTED_EDGE('',*,*,#5595,.F.);
#7756=ORIENTED_EDGE('',*,*,#5974,.F.);
#7757=ORIENTED_EDGE('',*,*,#5975,.F.);
#7758=ORIENTED_EDGE('',*,*,#5976,.F.);
#7759=ORIENTED_EDGE('',*,*,#5862,.T.);
#7760=ORIENTED_EDGE('',*,*,#5866,.F.);
#7761=ORIENTED_EDGE('',*,*,#5962,.F.);
#7762=ORIENTED_EDGE('',*,*,#5977,.F.);
#7763=ORIENTED_EDGE('',*,*,#5978,.F.);
#7764=ORIENTED_EDGE('',*,*,#5979,.F.);
#7765=ORIENTED_EDGE('',*,*,#5980,.T.);
#7766=ORIENTED_EDGE('',*,*,#5981,.T.);
#7767=ORIENTED_EDGE('',*,*,#5982,.F.);
#7768=ORIENTED_EDGE('',*,*,#5983,.F.);
#7769=ORIENTED_EDGE('',*,*,#5699,.T.);
#7770=ORIENTED_EDGE('',*,*,#5598,.T.);
#7771=ORIENTED_EDGE('',*,*,#5964,.T.);
#7772=ORIENTED_EDGE('',*,*,#5594,.T.);
#7773=ORIENTED_EDGE('',*,*,#5941,.F.);
#7774=ORIENTED_EDGE('',*,*,#5984,.F.);
#7775=ORIENTED_EDGE('',*,*,#5670,.T.);
#7776=ORIENTED_EDGE('',*,*,#5985,.T.);
#7777=ORIENTED_EDGE('',*,*,#5986,.T.);
#7778=ORIENTED_EDGE('',*,*,#5982,.T.);
#7779=ORIENTED_EDGE('',*,*,#5597,.T.);
#7780=ORIENTED_EDGE('',*,*,#5987,.F.);
#7781=ORIENTED_EDGE('',*,*,#5988,.T.);
#7782=ORIENTED_EDGE('',*,*,#5989,.T.);
#7783=ORIENTED_EDGE('',*,*,#5990,.F.);
#7784=ORIENTED_EDGE('',*,*,#5991,.F.);
#7785=ORIENTED_EDGE('',*,*,#5944,.F.);
#7786=ORIENTED_EDGE('',*,*,#5992,.F.);
#7787=ORIENTED_EDGE('',*,*,#5970,.F.);
#7788=ORIENTED_EDGE('',*,*,#5993,.F.);
#7789=ORIENTED_EDGE('',*,*,#5994,.T.);
#7790=ORIENTED_EDGE('',*,*,#5995,.T.);
#7791=ORIENTED_EDGE('',*,*,#5996,.F.);
#7792=ORIENTED_EDGE('',*,*,#5997,.F.);
#7793=ORIENTED_EDGE('',*,*,#5696,.F.);
#7794=ORIENTED_EDGE('',*,*,#5671,.F.);
#7795=ORIENTED_EDGE('',*,*,#5990,.T.);
#7796=ORIENTED_EDGE('',*,*,#5998,.F.);
#7797=ORIENTED_EDGE('',*,*,#5945,.T.);
#7798=ORIENTED_EDGE('',*,*,#5991,.T.);
#7799=ORIENTED_EDGE('',*,*,#5999,.T.);
#7800=ORIENTED_EDGE('',*,*,#5946,.F.);
#7801=ORIENTED_EDGE('',*,*,#5947,.T.);
#7802=ORIENTED_EDGE('',*,*,#5999,.F.);
#7803=ORIENTED_EDGE('',*,*,#5997,.T.);
#7804=ORIENTED_EDGE('',*,*,#6000,.T.);
#7805=ORIENTED_EDGE('',*,*,#6001,.T.);
#7806=ORIENTED_EDGE('',*,*,#6002,.T.);
#7807=ORIENTED_EDGE('',*,*,#5957,.F.);
#7808=ORIENTED_EDGE('',*,*,#5955,.T.);
#7809=ORIENTED_EDGE('',*,*,#5953,.F.);
#7810=ORIENTED_EDGE('',*,*,#6003,.F.);
#7811=ORIENTED_EDGE('',*,*,#5948,.T.);
#7812=ORIENTED_EDGE('',*,*,#6003,.T.);
#7813=ORIENTED_EDGE('',*,*,#5952,.F.);
#7814=ORIENTED_EDGE('',*,*,#5950,.F.);
#7815=ORIENTED_EDGE('',*,*,#6004,.T.);
#7816=ORIENTED_EDGE('',*,*,#6005,.T.);
#7817=ORIENTED_EDGE('',*,*,#5958,.F.);
#7818=ORIENTED_EDGE('',*,*,#6002,.F.);
#7819=ORIENTED_EDGE('',*,*,#6006,.F.);
#7820=ORIENTED_EDGE('',*,*,#6000,.F.);
#7821=ORIENTED_EDGE('',*,*,#5996,.T.);
#7822=ORIENTED_EDGE('',*,*,#6007,.T.);
#7823=ORIENTED_EDGE('',*,*,#6008,.T.);
#7824=ORIENTED_EDGE('',*,*,#5809,.F.);
#7825=ORIENTED_EDGE('',*,*,#6009,.F.);
#7826=ORIENTED_EDGE('',*,*,#6004,.F.);
#7827=ORIENTED_EDGE('',*,*,#6010,.F.);
#7828=ORIENTED_EDGE('',*,*,#6011,.F.);
#7829=ORIENTED_EDGE('',*,*,#6012,.F.);
#7830=ORIENTED_EDGE('',*,*,#6013,.F.);
#7831=ORIENTED_EDGE('',*,*,#6014,.F.);
#7832=ORIENTED_EDGE('',*,*,#6015,.F.);
#7833=ORIENTED_EDGE('',*,*,#6016,.T.);
#7834=ORIENTED_EDGE('',*,*,#6017,.F.);
#7835=ORIENTED_EDGE('',*,*,#6018,.T.);
#7836=ORIENTED_EDGE('',*,*,#5823,.T.);
#7837=ORIENTED_EDGE('',*,*,#5818,.T.);
#7838=ORIENTED_EDGE('',*,*,#6019,.T.);
#7839=ORIENTED_EDGE('',*,*,#5806,.T.);
#7840=ORIENTED_EDGE('',*,*,#5642,.F.);
#7841=ORIENTED_EDGE('',*,*,#6020,.T.);
#7842=ORIENTED_EDGE('',*,*,#6021,.T.);
#7843=ORIENTED_EDGE('',*,*,#5810,.T.);
#7844=ORIENTED_EDGE('',*,*,#6008,.F.);
#7845=ORIENTED_EDGE('',*,*,#6022,.T.);
#7846=ORIENTED_EDGE('',*,*,#6023,.F.);
#7847=ORIENTED_EDGE('',*,*,#6024,.T.);
#7848=ORIENTED_EDGE('',*,*,#6025,.T.);
#7849=ORIENTED_EDGE('',*,*,#5814,.T.);
#7850=ORIENTED_EDGE('',*,*,#6017,.T.);
#7851=ORIENTED_EDGE('',*,*,#5817,.F.);
#7852=ORIENTED_EDGE('',*,*,#6026,.T.);
#7853=ORIENTED_EDGE('',*,*,#6027,.T.);
#7854=ORIENTED_EDGE('',*,*,#6028,.F.);
#7855=ORIENTED_EDGE('',*,*,#5968,.F.);
#7856=ORIENTED_EDGE('',*,*,#6029,.F.);
#7857=ORIENTED_EDGE('',*,*,#6030,.F.);
#7858=ORIENTED_EDGE('',*,*,#6031,.T.);
#7859=ORIENTED_EDGE('',*,*,#5985,.F.);
#7860=ORIENTED_EDGE('',*,*,#5669,.F.);
#7861=ORIENTED_EDGE('',*,*,#6032,.F.);
#7862=ORIENTED_EDGE('',*,*,#6033,.F.);
#7863=ORIENTED_EDGE('',*,*,#6034,.F.);
#7864=ORIENTED_EDGE('',*,*,#6035,.T.);
#7865=ORIENTED_EDGE('',*,*,#6036,.F.);
#7866=ORIENTED_EDGE('',*,*,#6037,.T.);
#7867=ORIENTED_EDGE('',*,*,#6038,.F.);
#7868=ORIENTED_EDGE('',*,*,#6039,.F.);
#7869=ORIENTED_EDGE('',*,*,#6040,.F.);
#7870=ORIENTED_EDGE('',*,*,#6041,.T.);
#7871=ORIENTED_EDGE('',*,*,#6042,.F.);
#7872=ORIENTED_EDGE('',*,*,#6043,.F.);
#7873=ORIENTED_EDGE('',*,*,#6044,.F.);
#7874=ORIENTED_EDGE('',*,*,#6045,.T.);
#7875=ORIENTED_EDGE('',*,*,#6046,.F.);
#7876=ORIENTED_EDGE('',*,*,#6047,.F.);
#7877=ORIENTED_EDGE('',*,*,#6048,.F.);
#7878=ORIENTED_EDGE('',*,*,#6049,.T.);
#7879=ORIENTED_EDGE('',*,*,#6050,.F.);
#7880=ORIENTED_EDGE('',*,*,#6051,.F.);
#7881=ORIENTED_EDGE('',*,*,#6052,.F.);
#7882=ORIENTED_EDGE('',*,*,#6053,.T.);
#7883=ORIENTED_EDGE('',*,*,#6054,.F.);
#7884=ORIENTED_EDGE('',*,*,#6055,.F.);
#7885=ORIENTED_EDGE('',*,*,#6056,.F.);
#7886=ORIENTED_EDGE('',*,*,#6057,.T.);
#7887=ORIENTED_EDGE('',*,*,#6058,.F.);
#7888=ORIENTED_EDGE('',*,*,#6059,.F.);
#7889=ORIENTED_EDGE('',*,*,#6060,.F.);
#7890=ORIENTED_EDGE('',*,*,#6061,.T.);
#7891=ORIENTED_EDGE('',*,*,#6062,.F.);
#7892=ORIENTED_EDGE('',*,*,#6063,.F.);
#7893=ORIENTED_EDGE('',*,*,#6064,.F.);
#7894=ORIENTED_EDGE('',*,*,#6065,.T.);
#7895=ORIENTED_EDGE('',*,*,#6066,.F.);
#7896=ORIENTED_EDGE('',*,*,#6067,.F.);
#7897=ORIENTED_EDGE('',*,*,#6068,.F.);
#7898=ORIENTED_EDGE('',*,*,#6069,.T.);
#7899=ORIENTED_EDGE('',*,*,#6070,.F.);
#7900=ORIENTED_EDGE('',*,*,#6071,.F.);
#7901=ORIENTED_EDGE('',*,*,#6072,.F.);
#7902=ORIENTED_EDGE('',*,*,#6073,.T.);
#7903=ORIENTED_EDGE('',*,*,#6074,.F.);
#7904=ORIENTED_EDGE('',*,*,#6075,.F.);
#7905=ORIENTED_EDGE('',*,*,#6076,.F.);
#7906=ORIENTED_EDGE('',*,*,#6077,.T.);
#7907=ORIENTED_EDGE('',*,*,#6078,.F.);
#7908=ORIENTED_EDGE('',*,*,#6079,.F.);
#7909=ORIENTED_EDGE('',*,*,#6080,.F.);
#7910=ORIENTED_EDGE('',*,*,#6081,.T.);
#7911=ORIENTED_EDGE('',*,*,#6082,.F.);
#7912=ORIENTED_EDGE('',*,*,#6083,.F.);
#7913=ORIENTED_EDGE('',*,*,#6084,.F.);
#7914=ORIENTED_EDGE('',*,*,#6085,.T.);
#7915=ORIENTED_EDGE('',*,*,#6086,.F.);
#7916=ORIENTED_EDGE('',*,*,#6087,.F.);
#7917=ORIENTED_EDGE('',*,*,#6088,.F.);
#7918=ORIENTED_EDGE('',*,*,#6089,.T.);
#7919=ORIENTED_EDGE('',*,*,#6090,.F.);
#7920=ORIENTED_EDGE('',*,*,#6091,.F.);
#7921=ORIENTED_EDGE('',*,*,#6092,.T.);
#7922=ORIENTED_EDGE('',*,*,#6022,.F.);
#7923=ORIENTED_EDGE('',*,*,#6016,.F.);
#7924=ORIENTED_EDGE('',*,*,#6093,.T.);
#7925=ORIENTED_EDGE('',*,*,#6094,.T.);
#7926=ORIENTED_EDGE('',*,*,#6020,.F.);
#7927=ORIENTED_EDGE('',*,*,#5641,.F.);
#7928=ORIENTED_EDGE('',*,*,#5676,.T.);
#7929=ORIENTED_EDGE('',*,*,#5824,.T.);
#7930=ORIENTED_EDGE('',*,*,#6018,.F.);
#7931=ORIENTED_EDGE('',*,*,#6035,.F.);
#7932=ORIENTED_EDGE('',*,*,#6095,.T.);
#7933=ORIENTED_EDGE('',*,*,#6096,.T.);
#7934=ORIENTED_EDGE('',*,*,#6024,.F.);
#7935=ORIENTED_EDGE('',*,*,#6097,.T.);
#7936=ORIENTED_EDGE('',*,*,#6098,.F.);
#7937=ORIENTED_EDGE('',*,*,#6099,.F.);
#7938=ORIENTED_EDGE('',*,*,#6100,.T.);
#7939=ORIENTED_EDGE('',*,*,#6101,.F.);
#7940=ORIENTED_EDGE('',*,*,#6102,.F.);
#7941=ORIENTED_EDGE('',*,*,#6103,.F.);
#7942=ORIENTED_EDGE('',*,*,#5707,.F.);
#7943=ORIENTED_EDGE('',*,*,#6104,.T.);
#7944=ORIENTED_EDGE('',*,*,#6105,.F.);
#7945=ORIENTED_EDGE('',*,*,#6106,.T.);
#7946=ORIENTED_EDGE('',*,*,#6107,.T.);
#7947=ORIENTED_EDGE('',*,*,#6108,.T.);
#7948=ORIENTED_EDGE('',*,*,#6109,.F.);
#7949=ORIENTED_EDGE('',*,*,#6110,.T.);
#7950=ORIENTED_EDGE('',*,*,#6111,.T.);
#7951=ORIENTED_EDGE('',*,*,#6112,.T.);
#7952=ORIENTED_EDGE('',*,*,#6113,.F.);
#7953=ORIENTED_EDGE('',*,*,#6114,.T.);
#7954=ORIENTED_EDGE('',*,*,#5933,.T.);
#7955=ORIENTED_EDGE('',*,*,#6115,.F.);
#7956=ORIENTED_EDGE('',*,*,#6116,.T.);
#7957=ORIENTED_EDGE('',*,*,#6117,.F.);
#7958=ORIENTED_EDGE('',*,*,#6118,.T.);
#7959=ORIENTED_EDGE('',*,*,#6119,.F.);
#7960=ORIENTED_EDGE('',*,*,#6120,.F.);
#7961=ORIENTED_EDGE('',*,*,#6121,.F.);
#7962=ORIENTED_EDGE('',*,*,#6122,.T.);
#7963=ORIENTED_EDGE('',*,*,#6036,.T.);
#7964=ORIENTED_EDGE('',*,*,#6123,.T.);
#7965=ORIENTED_EDGE('',*,*,#6124,.F.);
#7966=ORIENTED_EDGE('',*,*,#6125,.T.);
#7967=ORIENTED_EDGE('',*,*,#6126,.F.);
#7968=ORIENTED_EDGE('',*,*,#6127,.T.);
#7969=ORIENTED_EDGE('',*,*,#5708,.F.);
#7970=ORIENTED_EDGE('',*,*,#6103,.T.);
#7971=ORIENTED_EDGE('',*,*,#6128,.T.);
#7972=ORIENTED_EDGE('',*,*,#6127,.F.);
#7973=ORIENTED_EDGE('',*,*,#6129,.F.);
#7974=ORIENTED_EDGE('',*,*,#6130,.F.);
#7975=ORIENTED_EDGE('',*,*,#6131,.F.);
#7976=ORIENTED_EDGE('',*,*,#6132,.T.);
#7977=ORIENTED_EDGE('',*,*,#6133,.F.);
#7978=ORIENTED_EDGE('',*,*,#5709,.T.);
#7979=ORIENTED_EDGE('',*,*,#6134,.T.);
#7980=ORIENTED_EDGE('',*,*,#5931,.F.);
#7981=ORIENTED_EDGE('',*,*,#6135,.F.);
#7982=ORIENTED_EDGE('',*,*,#6136,.T.);
#7983=ORIENTED_EDGE('',*,*,#6137,.F.);
#7984=ORIENTED_EDGE('',*,*,#6138,.F.);
#7985=ORIENTED_EDGE('',*,*,#6139,.F.);
#7986=ORIENTED_EDGE('',*,*,#6140,.T.);
#7987=ORIENTED_EDGE('',*,*,#6141,.F.);
#7988=ORIENTED_EDGE('',*,*,#6142,.T.);
#7989=ORIENTED_EDGE('',*,*,#6143,.F.);
#7990=ORIENTED_EDGE('',*,*,#6144,.T.);
#7991=ORIENTED_EDGE('',*,*,#6145,.F.);
#7992=ORIENTED_EDGE('',*,*,#6146,.T.);
#7993=ORIENTED_EDGE('',*,*,#6147,.T.);
#7994=ORIENTED_EDGE('',*,*,#6148,.F.);
#7995=ORIENTED_EDGE('',*,*,#6038,.T.);
#7996=ORIENTED_EDGE('',*,*,#6149,.T.);
#7997=ORIENTED_EDGE('',*,*,#6150,.F.);
#7998=ORIENTED_EDGE('',*,*,#6151,.T.);
#7999=ORIENTED_EDGE('',*,*,#6152,.T.);
#8000=ORIENTED_EDGE('',*,*,#6153,.F.);
#8001=ORIENTED_EDGE('',*,*,#6154,.F.);
#8002=ORIENTED_EDGE('',*,*,#5758,.T.);
#8003=ORIENTED_EDGE('',*,*,#6155,.T.);
#8004=ORIENTED_EDGE('',*,*,#6156,.F.);
#8005=ORIENTED_EDGE('',*,*,#6157,.F.);
#8006=ORIENTED_EDGE('',*,*,#5754,.T.);
#8007=ORIENTED_EDGE('',*,*,#6158,.T.);
#8008=ORIENTED_EDGE('',*,*,#6159,.F.);
#8009=ORIENTED_EDGE('',*,*,#6160,.F.);
#8010=ORIENTED_EDGE('',*,*,#5750,.T.);
#8011=ORIENTED_EDGE('',*,*,#6161,.T.);
#8012=ORIENTED_EDGE('',*,*,#6162,.F.);
#8013=ORIENTED_EDGE('',*,*,#6163,.F.);
#8014=ORIENTED_EDGE('',*,*,#5746,.T.);
#8015=ORIENTED_EDGE('',*,*,#6164,.T.);
#8016=ORIENTED_EDGE('',*,*,#6165,.F.);
#8017=ORIENTED_EDGE('',*,*,#6166,.F.);
#8018=ORIENTED_EDGE('',*,*,#5742,.T.);
#8019=ORIENTED_EDGE('',*,*,#6167,.T.);
#8020=ORIENTED_EDGE('',*,*,#6168,.F.);
#8021=ORIENTED_EDGE('',*,*,#6169,.F.);
#8022=ORIENTED_EDGE('',*,*,#5738,.T.);
#8023=ORIENTED_EDGE('',*,*,#6170,.T.);
#8024=ORIENTED_EDGE('',*,*,#6171,.F.);
#8025=ORIENTED_EDGE('',*,*,#6172,.F.);
#8026=ORIENTED_EDGE('',*,*,#5734,.T.);
#8027=ORIENTED_EDGE('',*,*,#6173,.T.);
#8028=ORIENTED_EDGE('',*,*,#6174,.F.);
#8029=ORIENTED_EDGE('',*,*,#6175,.F.);
#8030=ORIENTED_EDGE('',*,*,#5730,.T.);
#8031=ORIENTED_EDGE('',*,*,#6176,.T.);
#8032=ORIENTED_EDGE('',*,*,#6177,.F.);
#8033=ORIENTED_EDGE('',*,*,#6178,.F.);
#8034=ORIENTED_EDGE('',*,*,#5726,.T.);
#8035=ORIENTED_EDGE('',*,*,#6179,.T.);
#8036=ORIENTED_EDGE('',*,*,#6180,.F.);
#8037=ORIENTED_EDGE('',*,*,#6181,.F.);
#8038=ORIENTED_EDGE('',*,*,#5722,.T.);
#8039=ORIENTED_EDGE('',*,*,#6182,.T.);
#8040=ORIENTED_EDGE('',*,*,#6183,.F.);
#8041=ORIENTED_EDGE('',*,*,#6184,.F.);
#8042=ORIENTED_EDGE('',*,*,#5718,.T.);
#8043=ORIENTED_EDGE('',*,*,#6185,.T.);
#8044=ORIENTED_EDGE('',*,*,#6186,.F.);
#8045=ORIENTED_EDGE('',*,*,#6187,.F.);
#8046=ORIENTED_EDGE('',*,*,#5714,.T.);
#8047=ORIENTED_EDGE('',*,*,#6188,.T.);
#8048=ORIENTED_EDGE('',*,*,#6189,.F.);
#8049=ORIENTED_EDGE('',*,*,#6190,.F.);
#8050=ORIENTED_EDGE('',*,*,#5710,.T.);
#8051=ORIENTED_EDGE('',*,*,#6133,.T.);
#8052=ORIENTED_EDGE('',*,*,#6191,.F.);
#8053=ORIENTED_EDGE('',*,*,#6104,.F.);
#8054=ORIENTED_EDGE('',*,*,#5706,.T.);
#8055=ORIENTED_EDGE('',*,*,#6192,.T.);
#8056=ORIENTED_EDGE('',*,*,#6193,.F.);
#8057=ORIENTED_EDGE('',*,*,#6194,.F.);
#8058=ORIENTED_EDGE('',*,*,#5702,.T.);
#8059=ORIENTED_EDGE('',*,*,#6195,.T.);
#8060=ORIENTED_EDGE('',*,*,#6196,.F.);
#8061=ORIENTED_EDGE('',*,*,#6029,.T.);
#8062=ORIENTED_EDGE('',*,*,#5967,.T.);
#8063=ORIENTED_EDGE('',*,*,#6197,.T.);
#8064=ORIENTED_EDGE('',*,*,#5938,.F.);
#8065=ORIENTED_EDGE('',*,*,#6198,.F.);
#8066=ORIENTED_EDGE('',*,*,#6199,.T.);
#8067=ORIENTED_EDGE('',*,*,#6200,.T.);
#8068=ORIENTED_EDGE('',*,*,#5934,.F.);
#8069=ORIENTED_EDGE('',*,*,#6114,.F.);
#8070=ORIENTED_EDGE('',*,*,#6201,.T.);
#8071=ORIENTED_EDGE('',*,*,#6135,.T.);
#8072=ORIENTED_EDGE('',*,*,#5930,.F.);
#8073=ORIENTED_EDGE('',*,*,#6202,.F.);
#8074=ORIENTED_EDGE('',*,*,#6203,.T.);
#8075=ORIENTED_EDGE('',*,*,#6204,.T.);
#8076=ORIENTED_EDGE('',*,*,#5926,.F.);
#8077=ORIENTED_EDGE('',*,*,#6205,.F.);
#8078=ORIENTED_EDGE('',*,*,#6206,.T.);
#8079=ORIENTED_EDGE('',*,*,#6207,.T.);
#8080=ORIENTED_EDGE('',*,*,#5922,.F.);
#8081=ORIENTED_EDGE('',*,*,#6208,.F.);
#8082=ORIENTED_EDGE('',*,*,#6209,.T.);
#8083=ORIENTED_EDGE('',*,*,#6210,.T.);
#8084=ORIENTED_EDGE('',*,*,#5918,.F.);
#8085=ORIENTED_EDGE('',*,*,#6211,.F.);
#8086=ORIENTED_EDGE('',*,*,#6212,.T.);
#8087=ORIENTED_EDGE('',*,*,#6213,.T.);
#8088=ORIENTED_EDGE('',*,*,#5914,.F.);
#8089=ORIENTED_EDGE('',*,*,#6214,.F.);
#8090=ORIENTED_EDGE('',*,*,#6215,.T.);
#8091=ORIENTED_EDGE('',*,*,#6216,.T.);
#8092=ORIENTED_EDGE('',*,*,#5910,.F.);
#8093=ORIENTED_EDGE('',*,*,#6217,.F.);
#8094=ORIENTED_EDGE('',*,*,#6218,.T.);
#8095=ORIENTED_EDGE('',*,*,#6219,.T.);
#8096=ORIENTED_EDGE('',*,*,#5906,.F.);
#8097=ORIENTED_EDGE('',*,*,#6220,.F.);
#8098=ORIENTED_EDGE('',*,*,#6221,.T.);
#8099=ORIENTED_EDGE('',*,*,#6222,.T.);
#8100=ORIENTED_EDGE('',*,*,#5902,.F.);
#8101=ORIENTED_EDGE('',*,*,#6223,.F.);
#8102=ORIENTED_EDGE('',*,*,#6224,.T.);
#8103=ORIENTED_EDGE('',*,*,#6225,.T.);
#8104=ORIENTED_EDGE('',*,*,#5898,.F.);
#8105=ORIENTED_EDGE('',*,*,#6226,.F.);
#8106=ORIENTED_EDGE('',*,*,#6227,.T.);
#8107=ORIENTED_EDGE('',*,*,#6228,.T.);
#8108=ORIENTED_EDGE('',*,*,#5894,.F.);
#8109=ORIENTED_EDGE('',*,*,#6229,.F.);
#8110=ORIENTED_EDGE('',*,*,#6230,.T.);
#8111=ORIENTED_EDGE('',*,*,#6231,.T.);
#8112=ORIENTED_EDGE('',*,*,#5890,.F.);
#8113=ORIENTED_EDGE('',*,*,#6232,.F.);
#8114=ORIENTED_EDGE('',*,*,#6233,.T.);
#8115=ORIENTED_EDGE('',*,*,#6234,.T.);
#8116=ORIENTED_EDGE('',*,*,#5886,.F.);
#8117=ORIENTED_EDGE('',*,*,#6235,.F.);
#8118=ORIENTED_EDGE('',*,*,#6236,.T.);
#8119=ORIENTED_EDGE('',*,*,#6237,.T.);
#8120=ORIENTED_EDGE('',*,*,#5882,.F.);
#8121=ORIENTED_EDGE('',*,*,#6238,.F.);
#8122=ORIENTED_EDGE('',*,*,#6239,.T.);
#8123=ORIENTED_EDGE('',*,*,#6240,.T.);
#8124=ORIENTED_EDGE('',*,*,#5878,.F.);
#8125=ORIENTED_EDGE('',*,*,#6241,.F.);
#8126=ORIENTED_EDGE('',*,*,#5979,.T.);
#8127=ORIENTED_EDGE('',*,*,#6242,.F.);
#8128=ORIENTED_EDGE('',*,*,#6243,.F.);
#8129=ORIENTED_EDGE('',*,*,#6244,.F.);
#8130=ORIENTED_EDGE('',*,*,#5762,.T.);
#8131=ORIENTED_EDGE('',*,*,#6143,.T.);
#8132=ORIENTED_EDGE('',*,*,#6245,.F.);
#8133=ORIENTED_EDGE('',*,*,#6116,.F.);
#8134=ORIENTED_EDGE('',*,*,#6246,.T.);
#8135=ORIENTED_EDGE('',*,*,#6247,.T.);
#8136=ORIENTED_EDGE('',*,*,#6248,.F.);
#8137=ORIENTED_EDGE('',*,*,#6249,.F.);
#8138=ORIENTED_EDGE('',*,*,#6250,.T.);
#8139=ORIENTED_EDGE('',*,*,#6251,.T.);
#8140=ORIENTED_EDGE('',*,*,#6252,.F.);
#8141=ORIENTED_EDGE('',*,*,#6253,.F.);
#8142=ORIENTED_EDGE('',*,*,#6254,.T.);
#8143=ORIENTED_EDGE('',*,*,#6255,.T.);
#8144=ORIENTED_EDGE('',*,*,#6256,.F.);
#8145=ORIENTED_EDGE('',*,*,#6257,.F.);
#8146=ORIENTED_EDGE('',*,*,#6258,.T.);
#8147=ORIENTED_EDGE('',*,*,#6259,.T.);
#8148=ORIENTED_EDGE('',*,*,#6260,.F.);
#8149=ORIENTED_EDGE('',*,*,#6261,.F.);
#8150=ORIENTED_EDGE('',*,*,#6262,.T.);
#8151=ORIENTED_EDGE('',*,*,#6263,.T.);
#8152=ORIENTED_EDGE('',*,*,#6264,.F.);
#8153=ORIENTED_EDGE('',*,*,#6265,.F.);
#8154=ORIENTED_EDGE('',*,*,#6266,.T.);
#8155=ORIENTED_EDGE('',*,*,#6267,.T.);
#8156=ORIENTED_EDGE('',*,*,#6268,.F.);
#8157=ORIENTED_EDGE('',*,*,#6269,.F.);
#8158=ORIENTED_EDGE('',*,*,#6270,.T.);
#8159=ORIENTED_EDGE('',*,*,#6271,.T.);
#8160=ORIENTED_EDGE('',*,*,#6272,.F.);
#8161=ORIENTED_EDGE('',*,*,#6273,.F.);
#8162=ORIENTED_EDGE('',*,*,#6274,.T.);
#8163=ORIENTED_EDGE('',*,*,#6275,.T.);
#8164=ORIENTED_EDGE('',*,*,#6276,.F.);
#8165=ORIENTED_EDGE('',*,*,#6277,.F.);
#8166=ORIENTED_EDGE('',*,*,#6278,.T.);
#8167=ORIENTED_EDGE('',*,*,#6279,.T.);
#8168=ORIENTED_EDGE('',*,*,#6280,.F.);
#8169=ORIENTED_EDGE('',*,*,#6281,.F.);
#8170=ORIENTED_EDGE('',*,*,#6282,.T.);
#8171=ORIENTED_EDGE('',*,*,#6283,.T.);
#8172=ORIENTED_EDGE('',*,*,#6284,.F.);
#8173=ORIENTED_EDGE('',*,*,#6285,.F.);
#8174=ORIENTED_EDGE('',*,*,#6286,.T.);
#8175=ORIENTED_EDGE('',*,*,#6287,.T.);
#8176=ORIENTED_EDGE('',*,*,#6288,.F.);
#8177=ORIENTED_EDGE('',*,*,#6289,.F.);
#8178=ORIENTED_EDGE('',*,*,#6290,.T.);
#8179=ORIENTED_EDGE('',*,*,#6291,.T.);
#8180=ORIENTED_EDGE('',*,*,#6292,.F.);
#8181=ORIENTED_EDGE('',*,*,#6293,.F.);
#8182=ORIENTED_EDGE('',*,*,#6294,.T.);
#8183=ORIENTED_EDGE('',*,*,#6295,.T.);
#8184=ORIENTED_EDGE('',*,*,#6296,.F.);
#8185=ORIENTED_EDGE('',*,*,#6297,.F.);
#8186=ORIENTED_EDGE('',*,*,#6298,.T.);
#8187=ORIENTED_EDGE('',*,*,#6299,.T.);
#8188=ORIENTED_EDGE('',*,*,#6300,.F.);
#8189=ORIENTED_EDGE('',*,*,#6301,.F.);
#8190=ORIENTED_EDGE('',*,*,#6302,.T.);
#8191=ORIENTED_EDGE('',*,*,#6303,.F.);
#8192=ORIENTED_EDGE('',*,*,#6304,.F.);
#8193=ORIENTED_EDGE('',*,*,#6305,.F.);
#8194=ORIENTED_EDGE('',*,*,#6306,.F.);
#8195=ORIENTED_EDGE('',*,*,#6307,.T.);
#8196=ORIENTED_EDGE('',*,*,#6192,.F.);
#8197=ORIENTED_EDGE('',*,*,#5705,.F.);
#8198=ORIENTED_EDGE('',*,*,#6308,.T.);
#8199=ORIENTED_EDGE('',*,*,#5935,.T.);
#8200=ORIENTED_EDGE('',*,*,#6200,.F.);
#8201=ORIENTED_EDGE('',*,*,#6309,.T.);
#8202=ORIENTED_EDGE('',*,*,#6310,.F.);
#8203=ORIENTED_EDGE('',*,*,#6311,.F.);
#8204=ORIENTED_EDGE('',*,*,#6312,.F.);
#8205=ORIENTED_EDGE('',*,*,#6295,.F.);
#8206=ORIENTED_EDGE('',*,*,#6313,.T.);
#8207=ORIENTED_EDGE('',*,*,#6314,.F.);
#8208=ORIENTED_EDGE('',*,*,#6315,.T.);
#8209=ORIENTED_EDGE('',*,*,#6316,.T.);
#8210=ORIENTED_EDGE('',*,*,#6317,.T.);
#8211=ORIENTED_EDGE('',*,*,#6318,.F.);
#8212=ORIENTED_EDGE('',*,*,#6319,.T.);
#8213=ORIENTED_EDGE('',*,*,#6320,.F.);
#8214=ORIENTED_EDGE('',*,*,#6101,.T.);
#8215=ORIENTED_EDGE('',*,*,#6321,.T.);
#8216=ORIENTED_EDGE('',*,*,#6322,.F.);
#8217=ORIENTED_EDGE('',*,*,#6323,.T.);
#8218=ORIENTED_EDGE('',*,*,#6303,.T.);
#8219=ORIENTED_EDGE('',*,*,#5704,.F.);
#8220=ORIENTED_EDGE('',*,*,#6324,.T.);
#8221=ORIENTED_EDGE('',*,*,#6325,.T.);
#8222=ORIENTED_EDGE('',*,*,#6304,.T.);
#8223=ORIENTED_EDGE('',*,*,#6325,.F.);
#8224=ORIENTED_EDGE('',*,*,#6326,.F.);
#8225=ORIENTED_EDGE('',*,*,#6327,.T.);
#8226=ORIENTED_EDGE('',*,*,#6305,.T.);
#8227=ORIENTED_EDGE('',*,*,#6327,.F.);
#8228=ORIENTED_EDGE('',*,*,#6328,.F.);
#8229=ORIENTED_EDGE('',*,*,#6329,.T.);
#8230=ORIENTED_EDGE('',*,*,#6306,.T.);
#8231=ORIENTED_EDGE('',*,*,#6329,.F.);
#8232=ORIENTED_EDGE('',*,*,#6330,.F.);
#8233=ORIENTED_EDGE('',*,*,#6331,.T.);
#8234=ORIENTED_EDGE('',*,*,#6193,.T.);
#8235=ORIENTED_EDGE('',*,*,#6307,.F.);
#8236=ORIENTED_EDGE('',*,*,#6331,.F.);
#8237=ORIENTED_EDGE('',*,*,#6332,.T.);
#8238=ORIENTED_EDGE('',*,*,#6324,.F.);
#8239=ORIENTED_EDGE('',*,*,#5703,.T.);
#8240=ORIENTED_EDGE('',*,*,#6194,.T.);
#8241=ORIENTED_EDGE('',*,*,#6332,.F.);
#8242=ORIENTED_EDGE('',*,*,#6330,.T.);
#8243=ORIENTED_EDGE('',*,*,#6328,.T.);
#8244=ORIENTED_EDGE('',*,*,#6326,.T.);
#8245=ORIENTED_EDGE('',*,*,#6333,.F.);
#8246=ORIENTED_EDGE('',*,*,#6334,.T.);
#8247=ORIENTED_EDGE('',*,*,#6335,.T.);
#8248=ORIENTED_EDGE('',*,*,#6336,.T.);
#8249=ORIENTED_EDGE('',*,*,#6337,.F.);
#8250=ORIENTED_EDGE('',*,*,#6198,.T.);
#8251=ORIENTED_EDGE('',*,*,#5937,.F.);
#8252=ORIENTED_EDGE('',*,*,#6297,.T.);
#8253=ORIENTED_EDGE('',*,*,#6338,.F.);
#8254=ORIENTED_EDGE('',*,*,#6339,.T.);
#8255=ORIENTED_EDGE('',*,*,#6340,.F.);
#8256=ORIENTED_EDGE('',*,*,#6341,.F.);
#8257=ORIENTED_EDGE('',*,*,#6342,.F.);
#8258=ORIENTED_EDGE('',*,*,#6343,.T.);
#8259=ORIENTED_EDGE('',*,*,#6344,.F.);
#8260=ORIENTED_EDGE('',*,*,#6345,.T.);
#8261=ORIENTED_EDGE('',*,*,#6346,.F.);
#8262=ORIENTED_EDGE('',*,*,#6347,.T.);
#8263=ORIENTED_EDGE('',*,*,#6348,.F.);
#8264=ORIENTED_EDGE('',*,*,#6099,.T.);
#8265=ORIENTED_EDGE('',*,*,#6308,.F.);
#8266=ORIENTED_EDGE('',*,*,#6349,.F.);
#8267=ORIENTED_EDGE('',*,*,#6333,.T.);
#8268=ORIENTED_EDGE('',*,*,#5936,.T.);
#8269=ORIENTED_EDGE('',*,*,#6312,.T.);
#8270=ORIENTED_EDGE('',*,*,#6350,.F.);
#8271=ORIENTED_EDGE('',*,*,#6334,.F.);
#8272=ORIENTED_EDGE('',*,*,#6349,.T.);
#8273=ORIENTED_EDGE('',*,*,#6311,.T.);
#8274=ORIENTED_EDGE('',*,*,#6351,.F.);
#8275=ORIENTED_EDGE('',*,*,#6335,.F.);
#8276=ORIENTED_EDGE('',*,*,#6350,.T.);
#8277=ORIENTED_EDGE('',*,*,#6310,.T.);
#8278=ORIENTED_EDGE('',*,*,#6352,.F.);
#8279=ORIENTED_EDGE('',*,*,#6336,.F.);
#8280=ORIENTED_EDGE('',*,*,#6351,.T.);
#8281=ORIENTED_EDGE('',*,*,#6199,.F.);
#8282=ORIENTED_EDGE('',*,*,#6337,.T.);
#8283=ORIENTED_EDGE('',*,*,#6352,.T.);
#8284=ORIENTED_EDGE('',*,*,#6309,.F.);
#8285=ORIENTED_EDGE('',*,*,#6298,.F.);
#8286=ORIENTED_EDGE('',*,*,#6340,.T.);
#8287=ORIENTED_EDGE('',*,*,#6353,.T.);
#8288=ORIENTED_EDGE('',*,*,#6313,.F.);
#8289=ORIENTED_EDGE('',*,*,#6314,.T.);
#8290=ORIENTED_EDGE('',*,*,#6353,.F.);
#8291=ORIENTED_EDGE('',*,*,#6339,.F.);
#8292=ORIENTED_EDGE('',*,*,#6354,.T.);
#8293=ORIENTED_EDGE('',*,*,#6296,.T.);
#8294=ORIENTED_EDGE('',*,*,#6315,.F.);
#8295=ORIENTED_EDGE('',*,*,#6354,.F.);
#8296=ORIENTED_EDGE('',*,*,#6338,.T.);
#8297=ORIENTED_EDGE('',*,*,#6001,.F.);
#8298=ORIENTED_EDGE('',*,*,#6355,.F.);
#8299=ORIENTED_EDGE('',*,*,#6356,.F.);
#8300=ORIENTED_EDGE('',*,*,#6010,.T.);
#8301=ORIENTED_EDGE('',*,*,#6316,.F.);
#8302=ORIENTED_EDGE('',*,*,#6357,.F.);
#8303=ORIENTED_EDGE('',*,*,#6341,.T.);
#8304=ORIENTED_EDGE('',*,*,#6358,.T.);
#8305=ORIENTED_EDGE('',*,*,#6147,.F.);
#8306=ORIENTED_EDGE('',*,*,#6359,.F.);
#8307=ORIENTED_EDGE('',*,*,#6120,.T.);
#8308=ORIENTED_EDGE('',*,*,#6360,.T.);
#8309=ORIENTED_EDGE('',*,*,#6361,.F.);
#8310=ORIENTED_EDGE('',*,*,#6362,.F.);
#8311=ORIENTED_EDGE('',*,*,#6363,.T.);
#8312=ORIENTED_EDGE('',*,*,#6364,.T.);
#8313=ORIENTED_EDGE('',*,*,#6365,.F.);
#8314=ORIENTED_EDGE('',*,*,#6366,.F.);
#8315=ORIENTED_EDGE('',*,*,#6367,.T.);
#8316=ORIENTED_EDGE('',*,*,#6368,.T.);
#8317=ORIENTED_EDGE('',*,*,#6369,.F.);
#8318=ORIENTED_EDGE('',*,*,#6370,.F.);
#8319=ORIENTED_EDGE('',*,*,#6371,.T.);
#8320=ORIENTED_EDGE('',*,*,#6372,.T.);
#8321=ORIENTED_EDGE('',*,*,#6373,.F.);
#8322=ORIENTED_EDGE('',*,*,#6374,.F.);
#8323=ORIENTED_EDGE('',*,*,#6375,.T.);
#8324=ORIENTED_EDGE('',*,*,#6376,.T.);
#8325=ORIENTED_EDGE('',*,*,#6377,.F.);
#8326=ORIENTED_EDGE('',*,*,#6378,.F.);
#8327=ORIENTED_EDGE('',*,*,#6379,.T.);
#8328=ORIENTED_EDGE('',*,*,#6380,.T.);
#8329=ORIENTED_EDGE('',*,*,#6381,.F.);
#8330=ORIENTED_EDGE('',*,*,#6382,.F.);
#8331=ORIENTED_EDGE('',*,*,#6383,.T.);
#8332=ORIENTED_EDGE('',*,*,#6384,.T.);
#8333=ORIENTED_EDGE('',*,*,#6385,.F.);
#8334=ORIENTED_EDGE('',*,*,#6386,.F.);
#8335=ORIENTED_EDGE('',*,*,#6387,.T.);
#8336=ORIENTED_EDGE('',*,*,#6388,.T.);
#8337=ORIENTED_EDGE('',*,*,#6389,.F.);
#8338=ORIENTED_EDGE('',*,*,#6390,.F.);
#8339=ORIENTED_EDGE('',*,*,#6391,.T.);
#8340=ORIENTED_EDGE('',*,*,#6392,.T.);
#8341=ORIENTED_EDGE('',*,*,#6393,.F.);
#8342=ORIENTED_EDGE('',*,*,#6394,.F.);
#8343=ORIENTED_EDGE('',*,*,#6395,.T.);
#8344=ORIENTED_EDGE('',*,*,#6396,.T.);
#8345=ORIENTED_EDGE('',*,*,#6397,.F.);
#8346=ORIENTED_EDGE('',*,*,#6398,.F.);
#8347=ORIENTED_EDGE('',*,*,#6399,.T.);
#8348=ORIENTED_EDGE('',*,*,#6400,.T.);
#8349=ORIENTED_EDGE('',*,*,#6401,.F.);
#8350=ORIENTED_EDGE('',*,*,#6402,.F.);
#8351=ORIENTED_EDGE('',*,*,#6403,.T.);
#8352=ORIENTED_EDGE('',*,*,#6404,.T.);
#8353=ORIENTED_EDGE('',*,*,#6405,.F.);
#8354=ORIENTED_EDGE('',*,*,#6406,.F.);
#8355=ORIENTED_EDGE('',*,*,#6407,.T.);
#8356=ORIENTED_EDGE('',*,*,#6408,.T.);
#8357=ORIENTED_EDGE('',*,*,#6409,.F.);
#8358=ORIENTED_EDGE('',*,*,#6410,.F.);
#8359=ORIENTED_EDGE('',*,*,#6411,.T.);
#8360=ORIENTED_EDGE('',*,*,#6412,.T.);
#8361=ORIENTED_EDGE('',*,*,#6011,.T.);
#8362=ORIENTED_EDGE('',*,*,#6356,.T.);
#8363=ORIENTED_EDGE('',*,*,#6413,.F.);
#8364=ORIENTED_EDGE('',*,*,#6414,.F.);
#8365=ORIENTED_EDGE('',*,*,#6012,.T.);
#8366=ORIENTED_EDGE('',*,*,#6414,.T.);
#8367=ORIENTED_EDGE('',*,*,#6415,.F.);
#8368=ORIENTED_EDGE('',*,*,#6416,.F.);
#8369=ORIENTED_EDGE('',*,*,#6417,.F.);
#8370=ORIENTED_EDGE('',*,*,#6418,.F.);
#8371=ORIENTED_EDGE('',*,*,#6013,.T.);
#8372=ORIENTED_EDGE('',*,*,#6416,.T.);
#8373=ORIENTED_EDGE('',*,*,#6419,.F.);
#8374=ORIENTED_EDGE('',*,*,#6420,.F.);
#8375=ORIENTED_EDGE('',*,*,#6346,.T.);
#8376=ORIENTED_EDGE('',*,*,#6421,.T.);
#8377=ORIENTED_EDGE('',*,*,#6323,.F.);
#8378=ORIENTED_EDGE('',*,*,#6422,.F.);
#8379=ORIENTED_EDGE('',*,*,#6124,.T.);
#8380=ORIENTED_EDGE('',*,*,#6423,.T.);
#8381=ORIENTED_EDGE('',*,*,#6151,.F.);
#8382=ORIENTED_EDGE('',*,*,#6424,.F.);
#8383=ORIENTED_EDGE('',*,*,#6425,.T.);
#8384=ORIENTED_EDGE('',*,*,#6426,.T.);
#8385=ORIENTED_EDGE('',*,*,#6427,.F.);
#8386=ORIENTED_EDGE('',*,*,#6428,.F.);
#8387=ORIENTED_EDGE('',*,*,#6429,.T.);
#8388=ORIENTED_EDGE('',*,*,#6430,.T.);
#8389=ORIENTED_EDGE('',*,*,#6431,.F.);
#8390=ORIENTED_EDGE('',*,*,#6432,.F.);
#8391=ORIENTED_EDGE('',*,*,#6433,.T.);
#8392=ORIENTED_EDGE('',*,*,#6434,.T.);
#8393=ORIENTED_EDGE('',*,*,#6435,.F.);
#8394=ORIENTED_EDGE('',*,*,#6436,.F.);
#8395=ORIENTED_EDGE('',*,*,#6437,.T.);
#8396=ORIENTED_EDGE('',*,*,#6438,.T.);
#8397=ORIENTED_EDGE('',*,*,#6439,.F.);
#8398=ORIENTED_EDGE('',*,*,#6440,.F.);
#8399=ORIENTED_EDGE('',*,*,#6441,.T.);
#8400=ORIENTED_EDGE('',*,*,#6442,.T.);
#8401=ORIENTED_EDGE('',*,*,#6443,.F.);
#8402=ORIENTED_EDGE('',*,*,#6444,.F.);
#8403=ORIENTED_EDGE('',*,*,#6445,.T.);
#8404=ORIENTED_EDGE('',*,*,#6446,.T.);
#8405=ORIENTED_EDGE('',*,*,#6447,.F.);
#8406=ORIENTED_EDGE('',*,*,#6448,.F.);
#8407=ORIENTED_EDGE('',*,*,#6449,.T.);
#8408=ORIENTED_EDGE('',*,*,#6450,.T.);
#8409=ORIENTED_EDGE('',*,*,#6451,.F.);
#8410=ORIENTED_EDGE('',*,*,#6452,.F.);
#8411=ORIENTED_EDGE('',*,*,#6453,.T.);
#8412=ORIENTED_EDGE('',*,*,#6454,.T.);
#8413=ORIENTED_EDGE('',*,*,#6455,.F.);
#8414=ORIENTED_EDGE('',*,*,#6456,.F.);
#8415=ORIENTED_EDGE('',*,*,#6457,.T.);
#8416=ORIENTED_EDGE('',*,*,#6458,.T.);
#8417=ORIENTED_EDGE('',*,*,#6459,.F.);
#8418=ORIENTED_EDGE('',*,*,#6460,.F.);
#8419=ORIENTED_EDGE('',*,*,#6461,.T.);
#8420=ORIENTED_EDGE('',*,*,#6462,.T.);
#8421=ORIENTED_EDGE('',*,*,#6463,.F.);
#8422=ORIENTED_EDGE('',*,*,#6464,.F.);
#8423=ORIENTED_EDGE('',*,*,#6465,.T.);
#8424=ORIENTED_EDGE('',*,*,#6466,.T.);
#8425=ORIENTED_EDGE('',*,*,#6467,.F.);
#8426=ORIENTED_EDGE('',*,*,#6468,.F.);
#8427=ORIENTED_EDGE('',*,*,#6469,.T.);
#8428=ORIENTED_EDGE('',*,*,#6470,.T.);
#8429=ORIENTED_EDGE('',*,*,#6471,.F.);
#8430=ORIENTED_EDGE('',*,*,#6472,.F.);
#8431=ORIENTED_EDGE('',*,*,#6473,.T.);
#8432=ORIENTED_EDGE('',*,*,#6474,.T.);
#8433=ORIENTED_EDGE('',*,*,#6475,.F.);
#8434=ORIENTED_EDGE('',*,*,#6476,.F.);
#8435=ORIENTED_EDGE('',*,*,#6477,.F.);
#8436=ORIENTED_EDGE('',*,*,#6478,.F.);
#8437=ORIENTED_EDGE('',*,*,#6479,.T.);
#8438=ORIENTED_EDGE('',*,*,#6152,.F.);
#8439=ORIENTED_EDGE('',*,*,#5761,.T.);
#8440=ORIENTED_EDGE('',*,*,#6480,.T.);
#8441=ORIENTED_EDGE('',*,*,#5879,.F.);
#8442=ORIENTED_EDGE('',*,*,#6240,.F.);
#8443=ORIENTED_EDGE('',*,*,#6481,.T.);
#8444=ORIENTED_EDGE('',*,*,#6482,.F.);
#8445=ORIENTED_EDGE('',*,*,#6483,.F.);
#8446=ORIENTED_EDGE('',*,*,#6484,.F.);
#8447=ORIENTED_EDGE('',*,*,#6485,.T.);
#8448=ORIENTED_EDGE('',*,*,#6486,.F.);
#8449=ORIENTED_EDGE('',*,*,#6487,.T.);
#8450=ORIENTED_EDGE('',*,*,#6299,.F.);
#8451=ORIENTED_EDGE('',*,*,#6488,.T.);
#8452=ORIENTED_EDGE('',*,*,#6489,.F.);
#8453=ORIENTED_EDGE('',*,*,#6490,.T.);
#8454=ORIENTED_EDGE('',*,*,#6409,.T.);
#8455=ORIENTED_EDGE('',*,*,#6491,.F.);
#8456=ORIENTED_EDGE('',*,*,#6090,.T.);
#8457=ORIENTED_EDGE('',*,*,#6492,.T.);
#8458=ORIENTED_EDGE('',*,*,#6493,.F.);
#8459=ORIENTED_EDGE('',*,*,#6417,.T.);
#8460=ORIENTED_EDGE('',*,*,#6475,.T.);
#8461=ORIENTED_EDGE('',*,*,#5760,.F.);
#8462=ORIENTED_EDGE('',*,*,#6494,.T.);
#8463=ORIENTED_EDGE('',*,*,#6495,.T.);
#8464=ORIENTED_EDGE('',*,*,#6476,.T.);
#8465=ORIENTED_EDGE('',*,*,#6495,.F.);
#8466=ORIENTED_EDGE('',*,*,#6496,.F.);
#8467=ORIENTED_EDGE('',*,*,#6497,.T.);
#8468=ORIENTED_EDGE('',*,*,#6477,.T.);
#8469=ORIENTED_EDGE('',*,*,#6497,.F.);
#8470=ORIENTED_EDGE('',*,*,#6498,.F.);
#8471=ORIENTED_EDGE('',*,*,#6499,.T.);
#8472=ORIENTED_EDGE('',*,*,#6478,.T.);
#8473=ORIENTED_EDGE('',*,*,#6499,.F.);
#8474=ORIENTED_EDGE('',*,*,#6500,.F.);
#8475=ORIENTED_EDGE('',*,*,#6501,.T.);
#8476=ORIENTED_EDGE('',*,*,#6479,.F.);
#8477=ORIENTED_EDGE('',*,*,#6501,.F.);
#8478=ORIENTED_EDGE('',*,*,#6502,.T.);
#8479=ORIENTED_EDGE('',*,*,#6153,.T.);
#8480=ORIENTED_EDGE('',*,*,#6494,.F.);
#8481=ORIENTED_EDGE('',*,*,#5759,.F.);
#8482=ORIENTED_EDGE('',*,*,#6154,.T.);
#8483=ORIENTED_EDGE('',*,*,#6502,.F.);
#8484=ORIENTED_EDGE('',*,*,#6500,.T.);
#8485=ORIENTED_EDGE('',*,*,#6498,.T.);
#8486=ORIENTED_EDGE('',*,*,#6496,.T.);
#8487=ORIENTED_EDGE('',*,*,#6503,.F.);
#8488=ORIENTED_EDGE('',*,*,#6504,.T.);
#8489=ORIENTED_EDGE('',*,*,#6505,.T.);
#8490=ORIENTED_EDGE('',*,*,#6506,.T.);
#8491=ORIENTED_EDGE('',*,*,#6507,.F.);
#8492=ORIENTED_EDGE('',*,*,#6238,.T.);
#8493=ORIENTED_EDGE('',*,*,#5881,.T.);
#8494=ORIENTED_EDGE('',*,*,#6508,.F.);
#8495=ORIENTED_EDGE('',*,*,#6301,.T.);
#8496=ORIENTED_EDGE('',*,*,#6509,.F.);
#8497=ORIENTED_EDGE('',*,*,#6510,.T.);
#8498=ORIENTED_EDGE('',*,*,#6511,.F.);
#8499=ORIENTED_EDGE('',*,*,#6411,.F.);
#8500=ORIENTED_EDGE('',*,*,#6512,.F.);
#8501=ORIENTED_EDGE('',*,*,#6513,.T.);
#8502=ORIENTED_EDGE('',*,*,#6088,.T.);
#8503=ORIENTED_EDGE('',*,*,#6514,.T.);
#8504=ORIENTED_EDGE('',*,*,#6473,.F.);
#8505=ORIENTED_EDGE('',*,*,#6515,.T.);
#8506=ORIENTED_EDGE('',*,*,#6516,.F.);
#8507=ORIENTED_EDGE('',*,*,#6480,.F.);
#8508=ORIENTED_EDGE('',*,*,#6517,.F.);
#8509=ORIENTED_EDGE('',*,*,#6503,.T.);
#8510=ORIENTED_EDGE('',*,*,#5880,.T.);
#8511=ORIENTED_EDGE('',*,*,#6484,.T.);
#8512=ORIENTED_EDGE('',*,*,#6518,.F.);
#8513=ORIENTED_EDGE('',*,*,#6504,.F.);
#8514=ORIENTED_EDGE('',*,*,#6517,.T.);
#8515=ORIENTED_EDGE('',*,*,#6483,.T.);
#8516=ORIENTED_EDGE('',*,*,#6519,.F.);
#8517=ORIENTED_EDGE('',*,*,#6505,.F.);
#8518=ORIENTED_EDGE('',*,*,#6518,.T.);
#8519=ORIENTED_EDGE('',*,*,#6482,.T.);
#8520=ORIENTED_EDGE('',*,*,#6520,.F.);
#8521=ORIENTED_EDGE('',*,*,#6506,.F.);
#8522=ORIENTED_EDGE('',*,*,#6519,.T.);
#8523=ORIENTED_EDGE('',*,*,#6481,.F.);
#8524=ORIENTED_EDGE('',*,*,#6239,.F.);
#8525=ORIENTED_EDGE('',*,*,#6507,.T.);
#8526=ORIENTED_EDGE('',*,*,#6520,.T.);
#8527=ORIENTED_EDGE('',*,*,#6485,.F.);
#8528=ORIENTED_EDGE('',*,*,#6302,.F.);
#8529=ORIENTED_EDGE('',*,*,#6508,.T.);
#8530=ORIENTED_EDGE('',*,*,#6521,.T.);
#8531=ORIENTED_EDGE('',*,*,#6486,.T.);
#8532=ORIENTED_EDGE('',*,*,#6521,.F.);
#8533=ORIENTED_EDGE('',*,*,#6510,.F.);
#8534=ORIENTED_EDGE('',*,*,#6522,.T.);
#8535=ORIENTED_EDGE('',*,*,#6487,.F.);
#8536=ORIENTED_EDGE('',*,*,#6522,.F.);
#8537=ORIENTED_EDGE('',*,*,#6509,.T.);
#8538=ORIENTED_EDGE('',*,*,#6300,.T.);
#8539=ORIENTED_EDGE('',*,*,#6488,.F.);
#8540=ORIENTED_EDGE('',*,*,#6412,.F.);
#8541=ORIENTED_EDGE('',*,*,#6511,.T.);
#8542=ORIENTED_EDGE('',*,*,#6523,.T.);
#8543=ORIENTED_EDGE('',*,*,#6489,.T.);
#8544=ORIENTED_EDGE('',*,*,#6523,.F.);
#8545=ORIENTED_EDGE('',*,*,#6513,.F.);
#8546=ORIENTED_EDGE('',*,*,#6524,.T.);
#8547=ORIENTED_EDGE('',*,*,#6490,.F.);
#8548=ORIENTED_EDGE('',*,*,#6524,.F.);
#8549=ORIENTED_EDGE('',*,*,#6512,.T.);
#8550=ORIENTED_EDGE('',*,*,#6410,.T.);
#8551=ORIENTED_EDGE('',*,*,#6089,.F.);
#8552=ORIENTED_EDGE('',*,*,#6516,.T.);
#8553=ORIENTED_EDGE('',*,*,#6525,.T.);
#8554=ORIENTED_EDGE('',*,*,#6492,.F.);
#8555=ORIENTED_EDGE('',*,*,#6493,.T.);
#8556=ORIENTED_EDGE('',*,*,#6525,.F.);
#8557=ORIENTED_EDGE('',*,*,#6515,.F.);
#8558=ORIENTED_EDGE('',*,*,#6472,.T.);
#8559=ORIENTED_EDGE('',*,*,#6526,.T.);
#8560=ORIENTED_EDGE('',*,*,#6527,.F.);
#8561=ORIENTED_EDGE('',*,*,#6528,.F.);
#8562=ORIENTED_EDGE('',*,*,#6468,.T.);
#8563=ORIENTED_EDGE('',*,*,#6529,.T.);
#8564=ORIENTED_EDGE('',*,*,#6530,.F.);
#8565=ORIENTED_EDGE('',*,*,#6531,.F.);
#8566=ORIENTED_EDGE('',*,*,#6464,.T.);
#8567=ORIENTED_EDGE('',*,*,#6532,.T.);
#8568=ORIENTED_EDGE('',*,*,#6533,.F.);
#8569=ORIENTED_EDGE('',*,*,#6534,.F.);
#8570=ORIENTED_EDGE('',*,*,#6460,.T.);
#8571=ORIENTED_EDGE('',*,*,#6535,.T.);
#8572=ORIENTED_EDGE('',*,*,#6536,.F.);
#8573=ORIENTED_EDGE('',*,*,#6537,.F.);
#8574=ORIENTED_EDGE('',*,*,#6456,.T.);
#8575=ORIENTED_EDGE('',*,*,#6538,.T.);
#8576=ORIENTED_EDGE('',*,*,#6539,.F.);
#8577=ORIENTED_EDGE('',*,*,#6540,.F.);
#8578=ORIENTED_EDGE('',*,*,#6452,.T.);
#8579=ORIENTED_EDGE('',*,*,#6541,.T.);
#8580=ORIENTED_EDGE('',*,*,#6542,.F.);
#8581=ORIENTED_EDGE('',*,*,#6543,.F.);
#8582=ORIENTED_EDGE('',*,*,#6448,.T.);
#8583=ORIENTED_EDGE('',*,*,#6544,.T.);
#8584=ORIENTED_EDGE('',*,*,#6545,.F.);
#8585=ORIENTED_EDGE('',*,*,#6546,.F.);
#8586=ORIENTED_EDGE('',*,*,#6444,.T.);
#8587=ORIENTED_EDGE('',*,*,#6547,.T.);
#8588=ORIENTED_EDGE('',*,*,#6548,.F.);
#8589=ORIENTED_EDGE('',*,*,#6549,.F.);
#8590=ORIENTED_EDGE('',*,*,#6440,.T.);
#8591=ORIENTED_EDGE('',*,*,#6550,.T.);
#8592=ORIENTED_EDGE('',*,*,#6551,.F.);
#8593=ORIENTED_EDGE('',*,*,#6552,.F.);
#8594=ORIENTED_EDGE('',*,*,#6436,.T.);
#8595=ORIENTED_EDGE('',*,*,#6553,.T.);
#8596=ORIENTED_EDGE('',*,*,#6554,.F.);
#8597=ORIENTED_EDGE('',*,*,#6555,.F.);
#8598=ORIENTED_EDGE('',*,*,#6432,.T.);
#8599=ORIENTED_EDGE('',*,*,#6556,.T.);
#8600=ORIENTED_EDGE('',*,*,#6557,.F.);
#8601=ORIENTED_EDGE('',*,*,#6558,.F.);
#8602=ORIENTED_EDGE('',*,*,#6428,.T.);
#8603=ORIENTED_EDGE('',*,*,#6559,.T.);
#8604=ORIENTED_EDGE('',*,*,#6560,.F.);
#8605=ORIENTED_EDGE('',*,*,#6561,.F.);
#8606=ORIENTED_EDGE('',*,*,#6424,.T.);
#8607=ORIENTED_EDGE('',*,*,#6150,.T.);
#8608=ORIENTED_EDGE('',*,*,#6562,.F.);
#8609=ORIENTED_EDGE('',*,*,#6125,.F.);
#8610=ORIENTED_EDGE('',*,*,#6422,.T.);
#8611=ORIENTED_EDGE('',*,*,#6322,.T.);
#8612=ORIENTED_EDGE('',*,*,#6563,.F.);
#8613=ORIENTED_EDGE('',*,*,#6347,.F.);
#8614=ORIENTED_EDGE('',*,*,#6420,.T.);
#8615=ORIENTED_EDGE('',*,*,#6564,.F.);
#8616=ORIENTED_EDGE('',*,*,#6565,.F.);
#8617=ORIENTED_EDGE('',*,*,#6033,.T.);
#8618=ORIENTED_EDGE('',*,*,#6566,.T.);
#8619=ORIENTED_EDGE('',*,*,#6567,.F.);
#8620=ORIENTED_EDGE('',*,*,#6568,.F.);
#8621=ORIENTED_EDGE('',*,*,#6014,.T.);
#8622=ORIENTED_EDGE('',*,*,#6418,.T.);
#8623=ORIENTED_EDGE('',*,*,#6015,.T.);
#8624=ORIENTED_EDGE('',*,*,#6568,.T.);
#8625=ORIENTED_EDGE('',*,*,#6569,.F.);
#8626=ORIENTED_EDGE('',*,*,#6093,.F.);
#8627=ORIENTED_EDGE('',*,*,#6570,.F.);
#8628=ORIENTED_EDGE('',*,*,#6095,.F.);
#8629=ORIENTED_EDGE('',*,*,#6034,.T.);
#8630=ORIENTED_EDGE('',*,*,#6565,.T.);
#8631=ORIENTED_EDGE('',*,*,#6019,.F.);
#8632=ORIENTED_EDGE('',*,*,#6094,.F.);
#8633=ORIENTED_EDGE('',*,*,#6569,.T.);
#8634=ORIENTED_EDGE('',*,*,#6567,.T.);
#8635=ORIENTED_EDGE('',*,*,#6571,.T.);
#8636=ORIENTED_EDGE('',*,*,#5667,.F.);
#8637=ORIENTED_EDGE('',*,*,#6572,.T.);
#8638=ORIENTED_EDGE('',*,*,#6573,.F.);
#8639=ORIENTED_EDGE('',*,*,#6574,.T.);
#8640=ORIENTED_EDGE('',*,*,#6242,.T.);
#8641=ORIENTED_EDGE('',*,*,#5978,.T.);
#8642=ORIENTED_EDGE('',*,*,#6575,.F.);
#8643=ORIENTED_EDGE('',*,*,#6576,.F.);
#8644=ORIENTED_EDGE('',*,*,#6577,.F.);
#8645=ORIENTED_EDGE('',*,*,#5807,.T.);
#8646=ORIENTED_EDGE('',*,*,#5816,.T.);
#8647=ORIENTED_EDGE('',*,*,#6578,.F.);
#8648=ORIENTED_EDGE('',*,*,#6007,.F.);
#8649=ORIENTED_EDGE('',*,*,#5995,.F.);
#8650=ORIENTED_EDGE('',*,*,#6579,.T.);
#8651=ORIENTED_EDGE('',*,*,#6026,.F.);
#8652=ORIENTED_EDGE('',*,*,#5808,.T.);
#8653=ORIENTED_EDGE('',*,*,#6577,.T.);
#8654=ORIENTED_EDGE('',*,*,#6580,.F.);
#8655=ORIENTED_EDGE('',*,*,#5959,.T.);
#8656=ORIENTED_EDGE('',*,*,#6005,.F.);
#8657=ORIENTED_EDGE('',*,*,#6009,.T.);
#8658=ORIENTED_EDGE('',*,*,#6579,.F.);
#8659=ORIENTED_EDGE('',*,*,#5994,.F.);
#8660=ORIENTED_EDGE('',*,*,#6581,.F.);
#8661=ORIENTED_EDGE('',*,*,#6027,.F.);
#8662=ORIENTED_EDGE('',*,*,#6582,.F.);
#8663=ORIENTED_EDGE('',*,*,#6575,.T.);
#8664=ORIENTED_EDGE('',*,*,#5977,.T.);
#8665=ORIENTED_EDGE('',*,*,#5961,.F.);
#8666=ORIENTED_EDGE('',*,*,#6028,.T.);
#8667=ORIENTED_EDGE('',*,*,#6581,.T.);
#8668=ORIENTED_EDGE('',*,*,#5993,.T.);
#8669=ORIENTED_EDGE('',*,*,#5969,.T.);
#8670=ORIENTED_EDGE('',*,*,#5851,.F.);
#8671=ORIENTED_EDGE('',*,*,#5614,.F.);
#8672=ORIENTED_EDGE('',*,*,#5863,.T.);
#8673=ORIENTED_EDGE('',*,*,#5976,.T.);
#8674=ORIENTED_EDGE('',*,*,#6583,.F.);
#8675=ORIENTED_EDGE('',*,*,#6584,.T.);
#8676=ORIENTED_EDGE('',*,*,#5857,.T.);
#8677=ORIENTED_EDGE('',*,*,#5652,.F.);
#8678=ORIENTED_EDGE('',*,*,#5632,.F.);
#8679=ORIENTED_EDGE('',*,*,#6585,.F.);
#8680=ORIENTED_EDGE('',*,*,#6586,.F.);
#8681=ORIENTED_EDGE('',*,*,#6587,.F.);
#8682=ORIENTED_EDGE('',*,*,#5987,.T.);
#8683=ORIENTED_EDGE('',*,*,#5596,.T.);
#8684=ORIENTED_EDGE('',*,*,#5973,.T.);
#8685=ORIENTED_EDGE('',*,*,#6588,.F.);
#8686=ORIENTED_EDGE('',*,*,#6580,.T.);
#8687=ORIENTED_EDGE('',*,*,#6576,.T.);
#8688=ORIENTED_EDGE('',*,*,#6582,.T.);
#8689=ORIENTED_EDGE('',*,*,#5960,.T.);
#8690=ORIENTED_EDGE('',*,*,#5963,.F.);
#8691=ORIENTED_EDGE('',*,*,#5867,.T.);
#8692=ORIENTED_EDGE('',*,*,#5858,.F.);
#8693=ORIENTED_EDGE('',*,*,#6584,.F.);
#8694=ORIENTED_EDGE('',*,*,#6589,.F.);
#8695=ORIENTED_EDGE('',*,*,#6590,.T.);
#8696=ORIENTED_EDGE('',*,*,#6591,.T.);
#8697=ORIENTED_EDGE('',*,*,#6572,.F.);
#8698=ORIENTED_EDGE('',*,*,#5666,.F.);
#8699=ORIENTED_EDGE('',*,*,#5983,.T.);
#8700=ORIENTED_EDGE('',*,*,#5986,.F.);
#8701=ORIENTED_EDGE('',*,*,#6031,.F.);
#8702=ORIENTED_EDGE('',*,*,#6592,.T.);
#8703=ORIENTED_EDGE('',*,*,#6593,.F.);
#8704=ORIENTED_EDGE('',*,*,#5700,.F.);
#8705=ORIENTED_EDGE('',*,*,#6594,.F.);
#8706=ORIENTED_EDGE('',*,*,#5764,.F.);
#8707=ORIENTED_EDGE('',*,*,#6595,.T.);
#8708=ORIENTED_EDGE('',*,*,#6596,.T.);
#8709=ORIENTED_EDGE('',*,*,#6573,.T.);
#8710=ORIENTED_EDGE('',*,*,#6591,.F.);
#8711=ORIENTED_EDGE('',*,*,#6593,.T.);
#8712=ORIENTED_EDGE('',*,*,#6597,.T.);
#8713=ORIENTED_EDGE('',*,*,#6195,.F.);
#8714=ORIENTED_EDGE('',*,*,#5701,.F.);
#8715=ORIENTED_EDGE('',*,*,#5966,.T.);
#8716=ORIENTED_EDGE('',*,*,#6598,.T.);
#8717=ORIENTED_EDGE('',*,*,#5939,.T.);
#8718=ORIENTED_EDGE('',*,*,#6197,.F.);
#8719=ORIENTED_EDGE('',*,*,#6597,.F.);
#8720=ORIENTED_EDGE('',*,*,#6592,.F.);
#8721=ORIENTED_EDGE('',*,*,#6030,.T.);
#8722=ORIENTED_EDGE('',*,*,#6196,.T.);
#8723=ORIENTED_EDGE('',*,*,#6599,.T.);
#8724=ORIENTED_EDGE('',*,*,#6243,.T.);
#8725=ORIENTED_EDGE('',*,*,#6574,.F.);
#8726=ORIENTED_EDGE('',*,*,#6596,.F.);
#8727=ORIENTED_EDGE('',*,*,#6595,.F.);
#8728=ORIENTED_EDGE('',*,*,#5763,.T.);
#8729=ORIENTED_EDGE('',*,*,#6244,.T.);
#8730=ORIENTED_EDGE('',*,*,#6599,.F.);
#8731=ORIENTED_EDGE('',*,*,#5980,.F.);
#8732=ORIENTED_EDGE('',*,*,#6241,.T.);
#8733=ORIENTED_EDGE('',*,*,#5877,.F.);
#8734=ORIENTED_EDGE('',*,*,#6600,.F.);
#8735=ORIENTED_EDGE('',*,*,#5984,.T.);
#8736=ORIENTED_EDGE('',*,*,#5940,.T.);
#8737=ORIENTED_EDGE('',*,*,#6598,.F.);
#8738=ORIENTED_EDGE('',*,*,#5965,.F.);
#8739=ORIENTED_EDGE('',*,*,#6601,.F.);
#8740=ORIENTED_EDGE('',*,*,#5981,.F.);
#8741=ORIENTED_EDGE('',*,*,#6600,.T.);
#8742=ORIENTED_EDGE('',*,*,#5876,.T.);
#8743=ORIENTED_EDGE('',*,*,#6590,.F.);
#8744=ORIENTED_EDGE('',*,*,#6602,.F.);
#8745=ORIENTED_EDGE('',*,*,#5765,.T.);
#8746=ORIENTED_EDGE('',*,*,#6594,.T.);
#8747=ORIENTED_EDGE('',*,*,#5875,.F.);
#8748=ORIENTED_EDGE('',*,*,#6603,.F.);
#8749=ORIENTED_EDGE('',*,*,#5974,.T.);
#8750=ORIENTED_EDGE('',*,*,#6601,.T.);
#8751=ORIENTED_EDGE('',*,*,#5854,.F.);
#8752=ORIENTED_EDGE('',*,*,#5766,.T.);
#8753=ORIENTED_EDGE('',*,*,#6602,.T.);
#8754=ORIENTED_EDGE('',*,*,#6589,.T.);
#8755=ORIENTED_EDGE('',*,*,#6583,.T.);
#8756=ORIENTED_EDGE('',*,*,#5975,.T.);
#8757=ORIENTED_EDGE('',*,*,#6603,.T.);
#8758=ORIENTED_EDGE('',*,*,#5874,.T.);
#8759=ORIENTED_EDGE('',*,*,#5633,.T.);
#8760=ORIENTED_EDGE('',*,*,#6588,.T.);
#8761=ORIENTED_EDGE('',*,*,#5972,.T.);
#8762=ORIENTED_EDGE('',*,*,#6604,.T.);
#8763=ORIENTED_EDGE('',*,*,#5942,.F.);
#8764=ORIENTED_EDGE('',*,*,#5601,.F.);
#8765=ORIENTED_EDGE('',*,*,#6605,.F.);
#8766=ORIENTED_EDGE('',*,*,#5604,.F.);
#8767=ORIENTED_EDGE('',*,*,#5698,.T.);
#8768=ORIENTED_EDGE('',*,*,#6606,.T.);
#8769=ORIENTED_EDGE('',*,*,#5988,.F.);
#8770=ORIENTED_EDGE('',*,*,#6587,.T.);
#8771=ORIENTED_EDGE('',*,*,#5943,.F.);
#8772=ORIENTED_EDGE('',*,*,#6604,.F.);
#8773=ORIENTED_EDGE('',*,*,#5971,.T.);
#8774=ORIENTED_EDGE('',*,*,#5992,.T.);
#8775=ORIENTED_EDGE('',*,*,#5697,.T.);
#8776=ORIENTED_EDGE('',*,*,#5998,.T.);
#8777=ORIENTED_EDGE('',*,*,#5989,.F.);
#8778=ORIENTED_EDGE('',*,*,#6606,.F.);
#8779=ORIENTED_EDGE('',*,*,#6607,.F.);
#8780=ORIENTED_EDGE('',*,*,#5825,.T.);
#8781=ORIENTED_EDGE('',*,*,#5674,.T.);
#8782=ORIENTED_EDGE('',*,*,#6608,.T.);
#8783=ORIENTED_EDGE('',*,*,#6609,.T.);
#8784=ORIENTED_EDGE('',*,*,#6610,.F.);
#8785=ORIENTED_EDGE('',*,*,#5605,.F.);
#8786=ORIENTED_EDGE('',*,*,#6605,.T.);
#8787=ORIENTED_EDGE('',*,*,#6586,.T.);
#8788=ORIENTED_EDGE('',*,*,#6611,.T.);
#8789=ORIENTED_EDGE('',*,*,#6607,.T.);
#8790=ORIENTED_EDGE('',*,*,#6612,.T.);
#8791=ORIENTED_EDGE('',*,*,#5839,.F.);
#8792=ORIENTED_EDGE('',*,*,#5826,.F.);
#8793=ORIENTED_EDGE('',*,*,#5840,.F.);
#8794=ORIENTED_EDGE('',*,*,#6612,.F.);
#8795=ORIENTED_EDGE('',*,*,#6613,.T.);
#8796=ORIENTED_EDGE('',*,*,#6614,.T.);
#8797=ORIENTED_EDGE('',*,*,#5833,.T.);
#8798=ORIENTED_EDGE('',*,*,#5841,.T.);
#8799=ORIENTED_EDGE('',*,*,#6614,.F.);
#8800=ORIENTED_EDGE('',*,*,#6615,.F.);
#8801=ORIENTED_EDGE('',*,*,#6616,.F.);
#8802=ORIENTED_EDGE('',*,*,#5834,.F.);
#8803=ORIENTED_EDGE('',*,*,#6616,.T.);
#8804=ORIENTED_EDGE('',*,*,#6617,.F.);
#8805=ORIENTED_EDGE('',*,*,#6618,.T.);
#8806=ORIENTED_EDGE('',*,*,#5625,.T.);
#8807=ORIENTED_EDGE('',*,*,#5830,.T.);
#8808=ORIENTED_EDGE('',*,*,#6619,.T.);
#8809=ORIENTED_EDGE('',*,*,#5626,.T.);
#8810=ORIENTED_EDGE('',*,*,#6618,.F.);
#8811=ORIENTED_EDGE('',*,*,#6620,.F.);
#8812=ORIENTED_EDGE('',*,*,#6621,.T.);
#8813=ORIENTED_EDGE('',*,*,#5634,.F.);
#8814=ORIENTED_EDGE('',*,*,#5606,.F.);
#8815=ORIENTED_EDGE('',*,*,#6610,.T.);
#8816=ORIENTED_EDGE('',*,*,#6613,.F.);
#8817=ORIENTED_EDGE('',*,*,#6611,.F.);
#8818=ORIENTED_EDGE('',*,*,#6585,.T.);
#8819=ORIENTED_EDGE('',*,*,#5631,.T.);
#8820=ORIENTED_EDGE('',*,*,#6622,.F.);
#8821=ORIENTED_EDGE('',*,*,#6623,.F.);
#8822=ORIENTED_EDGE('',*,*,#6624,.T.);
#8823=ORIENTED_EDGE('',*,*,#5627,.T.);
#8824=ORIENTED_EDGE('',*,*,#6619,.F.);
#8825=ORIENTED_EDGE('',*,*,#6625,.F.);
#8826=ORIENTED_EDGE('',*,*,#6626,.T.);
#8827=ORIENTED_EDGE('',*,*,#6627,.F.);
#8828=ORIENTED_EDGE('',*,*,#5799,.F.);
#8829=ORIENTED_EDGE('',*,*,#6628,.T.);
#8830=ORIENTED_EDGE('',*,*,#6621,.F.);
#8831=ORIENTED_EDGE('',*,*,#6629,.T.);
#8832=ORIENTED_EDGE('',*,*,#5693,.T.);
#8833=ORIENTED_EDGE('',*,*,#6626,.F.);
#8834=ORIENTED_EDGE('',*,*,#5692,.F.);
#8835=ORIENTED_EDGE('',*,*,#5778,.F.);
#8836=ORIENTED_EDGE('',*,*,#6630,.T.);
#8837=ORIENTED_EDGE('',*,*,#6630,.F.);
#8838=ORIENTED_EDGE('',*,*,#5777,.T.);
#8839=ORIENTED_EDGE('',*,*,#5800,.F.);
#8840=ORIENTED_EDGE('',*,*,#6627,.T.);
#8841=ORIENTED_EDGE('',*,*,#5635,.T.);
#8842=ORIENTED_EDGE('',*,*,#6628,.F.);
#8843=ORIENTED_EDGE('',*,*,#5798,.F.);
#8844=ORIENTED_EDGE('',*,*,#6631,.T.);
#8845=ORIENTED_EDGE('',*,*,#6609,.F.);
#8846=ORIENTED_EDGE('',*,*,#6632,.T.);
#8847=ORIENTED_EDGE('',*,*,#5694,.T.);
#8848=ORIENTED_EDGE('',*,*,#6629,.F.);
#8849=ORIENTED_EDGE('',*,*,#5677,.T.);
#8850=ORIENTED_EDGE('',*,*,#5636,.T.);
#8851=ORIENTED_EDGE('',*,*,#6631,.F.);
#8852=ORIENTED_EDGE('',*,*,#5797,.F.);
#8853=ORIENTED_EDGE('',*,*,#5673,.T.);
#8854=ORIENTED_EDGE('',*,*,#5695,.T.);
#8855=ORIENTED_EDGE('',*,*,#6632,.F.);
#8856=ORIENTED_EDGE('',*,*,#6608,.F.);
#8857=ORIENTED_EDGE('',*,*,#6633,.T.);
#8858=ORIENTED_EDGE('',*,*,#6634,.T.);
#8859=ORIENTED_EDGE('',*,*,#6635,.T.);
#8860=ORIENTED_EDGE('',*,*,#5849,.F.);
#8861=ORIENTED_EDGE('',*,*,#6636,.T.);
#8862=ORIENTED_EDGE('',*,*,#6637,.T.);
#8863=ORIENTED_EDGE('',*,*,#6638,.T.);
#8864=ORIENTED_EDGE('',*,*,#6623,.T.);
#8865=ORIENTED_EDGE('',*,*,#6639,.T.);
#8866=ORIENTED_EDGE('',*,*,#6640,.T.);
#8867=ORIENTED_EDGE('',*,*,#5846,.F.);
#8868=ORIENTED_EDGE('',*,*,#6641,.T.);
#8869=ORIENTED_EDGE('',*,*,#6617,.T.);
#8870=ORIENTED_EDGE('',*,*,#6615,.T.);
#8871=ORIENTED_EDGE('',*,*,#6625,.T.);
#8872=ORIENTED_EDGE('',*,*,#6620,.T.);
#8873=ORIENTED_EDGE('',*,*,#6633,.F.);
#8874=ORIENTED_EDGE('',*,*,#5848,.T.);
#8875=ORIENTED_EDGE('',*,*,#5618,.T.);
#8876=ORIENTED_EDGE('',*,*,#6642,.F.);
#8877=ORIENTED_EDGE('',*,*,#6634,.F.);
#8878=ORIENTED_EDGE('',*,*,#6642,.T.);
#8879=ORIENTED_EDGE('',*,*,#5617,.T.);
#8880=ORIENTED_EDGE('',*,*,#6643,.F.);
#8881=ORIENTED_EDGE('',*,*,#5850,.F.);
#8882=ORIENTED_EDGE('',*,*,#6635,.F.);
#8883=ORIENTED_EDGE('',*,*,#6643,.T.);
#8884=ORIENTED_EDGE('',*,*,#5616,.T.);
#8885=ORIENTED_EDGE('',*,*,#6622,.T.);
#8886=ORIENTED_EDGE('',*,*,#5630,.T.);
#8887=ORIENTED_EDGE('',*,*,#6644,.F.);
#8888=ORIENTED_EDGE('',*,*,#6636,.F.);
#8889=ORIENTED_EDGE('',*,*,#6637,.F.);
#8890=ORIENTED_EDGE('',*,*,#6644,.T.);
#8891=ORIENTED_EDGE('',*,*,#5629,.T.);
#8892=ORIENTED_EDGE('',*,*,#6645,.F.);
#8893=ORIENTED_EDGE('',*,*,#6638,.F.);
#8894=ORIENTED_EDGE('',*,*,#6645,.T.);
#8895=ORIENTED_EDGE('',*,*,#5628,.T.);
#8896=ORIENTED_EDGE('',*,*,#6624,.F.);
#8897=ORIENTED_EDGE('',*,*,#6646,.T.);
#8898=ORIENTED_EDGE('',*,*,#6647,.T.);
#8899=ORIENTED_EDGE('',*,*,#5621,.T.);
#8900=ORIENTED_EDGE('',*,*,#6648,.F.);
#8901=ORIENTED_EDGE('',*,*,#6639,.F.);
#8902=ORIENTED_EDGE('',*,*,#6649,.T.);
#8903=ORIENTED_EDGE('',*,*,#6650,.T.);
#8904=ORIENTED_EDGE('',*,*,#5836,.T.);
#8905=ORIENTED_EDGE('',*,*,#6651,.F.);
#8906=ORIENTED_EDGE('',*,*,#6646,.F.);
#8907=ORIENTED_EDGE('',*,*,#5843,.T.);
#8908=ORIENTED_EDGE('',*,*,#5837,.T.);
#8909=ORIENTED_EDGE('',*,*,#6650,.F.);
#8910=ORIENTED_EDGE('',*,*,#6649,.F.);
#8911=ORIENTED_EDGE('',*,*,#6641,.F.);
#8912=ORIENTED_EDGE('',*,*,#6651,.T.);
#8913=ORIENTED_EDGE('',*,*,#5835,.T.);
#8914=ORIENTED_EDGE('',*,*,#5645,.F.);
#8915=ORIENTED_EDGE('',*,*,#5622,.F.);
#8916=ORIENTED_EDGE('',*,*,#6647,.F.);
#8917=ORIENTED_EDGE('',*,*,#5847,.F.);
#8918=ORIENTED_EDGE('',*,*,#6640,.F.);
#8919=ORIENTED_EDGE('',*,*,#6648,.T.);
#8920=ORIENTED_EDGE('',*,*,#5620,.T.);
#8921=ORIENTED_EDGE('',*,*,#6025,.F.);
#8922=ORIENTED_EDGE('',*,*,#6096,.F.);
#8923=ORIENTED_EDGE('',*,*,#6570,.T.);
#8924=ORIENTED_EDGE('',*,*,#6564,.T.);
#8925=ORIENTED_EDGE('',*,*,#6419,.T.);
#8926=ORIENTED_EDGE('',*,*,#6415,.T.);
#8927=ORIENTED_EDGE('',*,*,#6413,.T.);
#8928=ORIENTED_EDGE('',*,*,#6355,.T.);
#8929=ORIENTED_EDGE('',*,*,#6006,.T.);
#8930=ORIENTED_EDGE('',*,*,#6578,.T.);
#8931=ORIENTED_EDGE('',*,*,#5815,.T.);
#8932=ORIENTED_EDGE('',*,*,#5668,.T.);
#8933=ORIENTED_EDGE('',*,*,#6571,.F.);
#8934=ORIENTED_EDGE('',*,*,#6566,.F.);
#8935=ORIENTED_EDGE('',*,*,#6032,.T.);
#8936=ORIENTED_EDGE('',*,*,#6321,.F.);
#8937=ORIENTED_EDGE('',*,*,#6100,.F.);
#8938=ORIENTED_EDGE('',*,*,#6348,.T.);
#8939=ORIENTED_EDGE('',*,*,#6563,.T.);
#8940=ORIENTED_EDGE('',*,*,#6037,.F.);
#8941=ORIENTED_EDGE('',*,*,#6126,.T.);
#8942=ORIENTED_EDGE('',*,*,#6562,.T.);
#8943=ORIENTED_EDGE('',*,*,#6149,.F.);
#8944=ORIENTED_EDGE('',*,*,#6652,.F.);
#8945=ORIENTED_EDGE('',*,*,#5711,.F.);
#8946=ORIENTED_EDGE('',*,*,#6190,.T.);
#8947=ORIENTED_EDGE('',*,*,#6653,.F.);
#8948=ORIENTED_EDGE('',*,*,#6654,.T.);
#8949=ORIENTED_EDGE('',*,*,#6655,.T.);
#8950=ORIENTED_EDGE('',*,*,#6656,.T.);
#8951=ORIENTED_EDGE('',*,*,#6657,.F.);
#8952=ORIENTED_EDGE('',*,*,#6658,.T.);
#8953=ORIENTED_EDGE('',*,*,#6659,.T.);
#8954=ORIENTED_EDGE('',*,*,#6660,.T.);
#8955=ORIENTED_EDGE('',*,*,#6661,.F.);
#8956=ORIENTED_EDGE('',*,*,#6202,.T.);
#8957=ORIENTED_EDGE('',*,*,#5929,.T.);
#8958=ORIENTED_EDGE('',*,*,#6662,.F.);
#8959=ORIENTED_EDGE('',*,*,#6249,.T.);
#8960=ORIENTED_EDGE('',*,*,#6663,.F.);
#8961=ORIENTED_EDGE('',*,*,#6664,.T.);
#8962=ORIENTED_EDGE('',*,*,#6665,.F.);
#8963=ORIENTED_EDGE('',*,*,#6363,.F.);
#8964=ORIENTED_EDGE('',*,*,#6666,.F.);
#8965=ORIENTED_EDGE('',*,*,#6667,.T.);
#8966=ORIENTED_EDGE('',*,*,#6040,.T.);
#8967=ORIENTED_EDGE('',*,*,#6668,.T.);
#8968=ORIENTED_EDGE('',*,*,#6425,.F.);
#8969=ORIENTED_EDGE('',*,*,#6561,.T.);
#8970=ORIENTED_EDGE('',*,*,#6669,.F.);
#8971=ORIENTED_EDGE('',*,*,#6670,.T.);
#8972=ORIENTED_EDGE('',*,*,#5712,.F.);
#8973=ORIENTED_EDGE('',*,*,#6652,.T.);
#8974=ORIENTED_EDGE('',*,*,#6671,.T.);
#8975=ORIENTED_EDGE('',*,*,#6670,.F.);
#8976=ORIENTED_EDGE('',*,*,#6672,.F.);
#8977=ORIENTED_EDGE('',*,*,#6673,.F.);
#8978=ORIENTED_EDGE('',*,*,#6674,.F.);
#8979=ORIENTED_EDGE('',*,*,#6675,.T.);
#8980=ORIENTED_EDGE('',*,*,#6188,.F.);
#8981=ORIENTED_EDGE('',*,*,#5713,.T.);
#8982=ORIENTED_EDGE('',*,*,#6676,.T.);
#8983=ORIENTED_EDGE('',*,*,#5927,.F.);
#8984=ORIENTED_EDGE('',*,*,#6204,.F.);
#8985=ORIENTED_EDGE('',*,*,#6677,.T.);
#8986=ORIENTED_EDGE('',*,*,#6678,.F.);
#8987=ORIENTED_EDGE('',*,*,#6679,.F.);
#8988=ORIENTED_EDGE('',*,*,#6680,.F.);
#8989=ORIENTED_EDGE('',*,*,#6681,.T.);
#8990=ORIENTED_EDGE('',*,*,#6682,.F.);
#8991=ORIENTED_EDGE('',*,*,#6683,.T.);
#8992=ORIENTED_EDGE('',*,*,#6247,.F.);
#8993=ORIENTED_EDGE('',*,*,#6684,.T.);
#8994=ORIENTED_EDGE('',*,*,#6685,.F.);
#8995=ORIENTED_EDGE('',*,*,#6686,.T.);
#8996=ORIENTED_EDGE('',*,*,#6361,.T.);
#8997=ORIENTED_EDGE('',*,*,#6687,.F.);
#8998=ORIENTED_EDGE('',*,*,#6042,.T.);
#8999=ORIENTED_EDGE('',*,*,#6688,.T.);
#9000=ORIENTED_EDGE('',*,*,#6559,.F.);
#9001=ORIENTED_EDGE('',*,*,#6427,.T.);
#9002=ORIENTED_EDGE('',*,*,#6675,.F.);
#9003=ORIENTED_EDGE('',*,*,#6689,.F.);
#9004=ORIENTED_EDGE('',*,*,#6653,.T.);
#9005=ORIENTED_EDGE('',*,*,#6189,.T.);
#9006=ORIENTED_EDGE('',*,*,#6674,.T.);
#9007=ORIENTED_EDGE('',*,*,#6690,.F.);
#9008=ORIENTED_EDGE('',*,*,#6654,.F.);
#9009=ORIENTED_EDGE('',*,*,#6689,.T.);
#9010=ORIENTED_EDGE('',*,*,#6673,.T.);
#9011=ORIENTED_EDGE('',*,*,#6691,.F.);
#9012=ORIENTED_EDGE('',*,*,#6655,.F.);
#9013=ORIENTED_EDGE('',*,*,#6690,.T.);
#9014=ORIENTED_EDGE('',*,*,#6672,.T.);
#9015=ORIENTED_EDGE('',*,*,#6671,.F.);
#9016=ORIENTED_EDGE('',*,*,#6656,.F.);
#9017=ORIENTED_EDGE('',*,*,#6691,.T.);
#9018=ORIENTED_EDGE('',*,*,#6676,.F.);
#9019=ORIENTED_EDGE('',*,*,#6692,.F.);
#9020=ORIENTED_EDGE('',*,*,#6657,.T.);
#9021=ORIENTED_EDGE('',*,*,#5928,.T.);
#9022=ORIENTED_EDGE('',*,*,#6680,.T.);
#9023=ORIENTED_EDGE('',*,*,#6693,.F.);
#9024=ORIENTED_EDGE('',*,*,#6658,.F.);
#9025=ORIENTED_EDGE('',*,*,#6692,.T.);
#9026=ORIENTED_EDGE('',*,*,#6679,.T.);
#9027=ORIENTED_EDGE('',*,*,#6694,.F.);
#9028=ORIENTED_EDGE('',*,*,#6659,.F.);
#9029=ORIENTED_EDGE('',*,*,#6693,.T.);
#9030=ORIENTED_EDGE('',*,*,#6678,.T.);
#9031=ORIENTED_EDGE('',*,*,#6695,.F.);
#9032=ORIENTED_EDGE('',*,*,#6660,.F.);
#9033=ORIENTED_EDGE('',*,*,#6694,.T.);
#9034=ORIENTED_EDGE('',*,*,#6677,.F.);
#9035=ORIENTED_EDGE('',*,*,#6203,.F.);
#9036=ORIENTED_EDGE('',*,*,#6661,.T.);
#9037=ORIENTED_EDGE('',*,*,#6695,.T.);
#9038=ORIENTED_EDGE('',*,*,#6681,.F.);
#9039=ORIENTED_EDGE('',*,*,#6250,.F.);
#9040=ORIENTED_EDGE('',*,*,#6662,.T.);
#9041=ORIENTED_EDGE('',*,*,#6696,.T.);
#9042=ORIENTED_EDGE('',*,*,#6682,.T.);
#9043=ORIENTED_EDGE('',*,*,#6696,.F.);
#9044=ORIENTED_EDGE('',*,*,#6664,.F.);
#9045=ORIENTED_EDGE('',*,*,#6697,.T.);
#9046=ORIENTED_EDGE('',*,*,#6683,.F.);
#9047=ORIENTED_EDGE('',*,*,#6697,.F.);
#9048=ORIENTED_EDGE('',*,*,#6663,.T.);
#9049=ORIENTED_EDGE('',*,*,#6248,.T.);
#9050=ORIENTED_EDGE('',*,*,#6684,.F.);
#9051=ORIENTED_EDGE('',*,*,#6364,.F.);
#9052=ORIENTED_EDGE('',*,*,#6665,.T.);
#9053=ORIENTED_EDGE('',*,*,#6698,.T.);
#9054=ORIENTED_EDGE('',*,*,#6685,.T.);
#9055=ORIENTED_EDGE('',*,*,#6698,.F.);
#9056=ORIENTED_EDGE('',*,*,#6667,.F.);
#9057=ORIENTED_EDGE('',*,*,#6699,.T.);
#9058=ORIENTED_EDGE('',*,*,#6686,.F.);
#9059=ORIENTED_EDGE('',*,*,#6699,.F.);
#9060=ORIENTED_EDGE('',*,*,#6666,.T.);
#9061=ORIENTED_EDGE('',*,*,#6362,.T.);
#9062=ORIENTED_EDGE('',*,*,#6700,.T.);
#9063=ORIENTED_EDGE('',*,*,#6687,.T.);
#9064=ORIENTED_EDGE('',*,*,#6426,.F.);
#9065=ORIENTED_EDGE('',*,*,#6668,.F.);
#9066=ORIENTED_EDGE('',*,*,#6701,.F.);
#9067=ORIENTED_EDGE('',*,*,#6098,.T.);
#9068=ORIENTED_EDGE('',*,*,#6702,.F.);
#9069=ORIENTED_EDGE('',*,*,#5812,.F.);
#9070=ORIENTED_EDGE('',*,*,#6703,.F.);
#9071=ORIENTED_EDGE('',*,*,#6091,.T.);
#9072=ORIENTED_EDGE('',*,*,#6704,.F.);
#9073=ORIENTED_EDGE('',*,*,#6087,.T.);
#9074=ORIENTED_EDGE('',*,*,#6705,.F.);
#9075=ORIENTED_EDGE('',*,*,#6083,.T.);
#9076=ORIENTED_EDGE('',*,*,#6706,.F.);
#9077=ORIENTED_EDGE('',*,*,#6079,.T.);
#9078=ORIENTED_EDGE('',*,*,#6707,.F.);
#9079=ORIENTED_EDGE('',*,*,#6075,.T.);
#9080=ORIENTED_EDGE('',*,*,#6708,.F.);
#9081=ORIENTED_EDGE('',*,*,#6071,.T.);
#9082=ORIENTED_EDGE('',*,*,#6709,.F.);
#9083=ORIENTED_EDGE('',*,*,#6067,.T.);
#9084=ORIENTED_EDGE('',*,*,#6710,.F.);
#9085=ORIENTED_EDGE('',*,*,#6063,.T.);
#9086=ORIENTED_EDGE('',*,*,#6711,.F.);
#9087=ORIENTED_EDGE('',*,*,#6059,.T.);
#9088=ORIENTED_EDGE('',*,*,#6712,.F.);
#9089=ORIENTED_EDGE('',*,*,#6055,.T.);
#9090=ORIENTED_EDGE('',*,*,#6713,.F.);
#9091=ORIENTED_EDGE('',*,*,#6051,.T.);
#9092=ORIENTED_EDGE('',*,*,#6714,.F.);
#9093=ORIENTED_EDGE('',*,*,#6047,.T.);
#9094=ORIENTED_EDGE('',*,*,#6715,.F.);
#9095=ORIENTED_EDGE('',*,*,#6043,.T.);
#9096=ORIENTED_EDGE('',*,*,#6700,.F.);
#9097=ORIENTED_EDGE('',*,*,#6039,.T.);
#9098=ORIENTED_EDGE('',*,*,#6716,.F.);
#9099=ORIENTED_EDGE('',*,*,#6102,.T.);
#9100=ORIENTED_EDGE('',*,*,#6701,.T.);
#9101=ORIENTED_EDGE('',*,*,#6320,.T.);
#9102=ORIENTED_EDGE('',*,*,#6421,.F.);
#9103=ORIENTED_EDGE('',*,*,#6345,.F.);
#9104=ORIENTED_EDGE('',*,*,#6716,.T.);
#9105=ORIENTED_EDGE('',*,*,#6148,.T.);
#9106=ORIENTED_EDGE('',*,*,#6423,.F.);
#9107=ORIENTED_EDGE('',*,*,#6123,.F.);
#9108=ORIENTED_EDGE('',*,*,#6715,.T.);
#9109=ORIENTED_EDGE('',*,*,#6717,.T.);
#9110=ORIENTED_EDGE('',*,*,#6430,.F.);
#9111=ORIENTED_EDGE('',*,*,#6718,.F.);
#9112=ORIENTED_EDGE('',*,*,#6719,.F.);
#9113=ORIENTED_EDGE('',*,*,#5715,.F.);
#9114=ORIENTED_EDGE('',*,*,#6187,.T.);
#9115=ORIENTED_EDGE('',*,*,#6720,.F.);
#9116=ORIENTED_EDGE('',*,*,#6721,.T.);
#9117=ORIENTED_EDGE('',*,*,#6722,.T.);
#9118=ORIENTED_EDGE('',*,*,#6723,.T.);
#9119=ORIENTED_EDGE('',*,*,#6724,.F.);
#9120=ORIENTED_EDGE('',*,*,#6725,.T.);
#9121=ORIENTED_EDGE('',*,*,#6726,.T.);
#9122=ORIENTED_EDGE('',*,*,#6727,.T.);
#9123=ORIENTED_EDGE('',*,*,#6728,.F.);
#9124=ORIENTED_EDGE('',*,*,#6205,.T.);
#9125=ORIENTED_EDGE('',*,*,#5925,.T.);
#9126=ORIENTED_EDGE('',*,*,#6729,.F.);
#9127=ORIENTED_EDGE('',*,*,#6253,.T.);
#9128=ORIENTED_EDGE('',*,*,#6730,.F.);
#9129=ORIENTED_EDGE('',*,*,#6731,.T.);
#9130=ORIENTED_EDGE('',*,*,#6732,.F.);
#9131=ORIENTED_EDGE('',*,*,#6367,.F.);
#9132=ORIENTED_EDGE('',*,*,#6733,.F.);
#9133=ORIENTED_EDGE('',*,*,#6734,.T.);
#9134=ORIENTED_EDGE('',*,*,#6044,.T.);
#9135=ORIENTED_EDGE('',*,*,#6718,.T.);
#9136=ORIENTED_EDGE('',*,*,#6429,.F.);
#9137=ORIENTED_EDGE('',*,*,#6558,.T.);
#9138=ORIENTED_EDGE('',*,*,#6735,.F.);
#9139=ORIENTED_EDGE('',*,*,#6736,.T.);
#9140=ORIENTED_EDGE('',*,*,#5716,.F.);
#9141=ORIENTED_EDGE('',*,*,#6719,.T.);
#9142=ORIENTED_EDGE('',*,*,#6737,.T.);
#9143=ORIENTED_EDGE('',*,*,#6736,.F.);
#9144=ORIENTED_EDGE('',*,*,#6738,.F.);
#9145=ORIENTED_EDGE('',*,*,#6739,.F.);
#9146=ORIENTED_EDGE('',*,*,#6740,.F.);
#9147=ORIENTED_EDGE('',*,*,#6741,.T.);
#9148=ORIENTED_EDGE('',*,*,#6185,.F.);
#9149=ORIENTED_EDGE('',*,*,#5717,.T.);
#9150=ORIENTED_EDGE('',*,*,#6742,.T.);
#9151=ORIENTED_EDGE('',*,*,#5923,.F.);
#9152=ORIENTED_EDGE('',*,*,#6207,.F.);
#9153=ORIENTED_EDGE('',*,*,#6743,.T.);
#9154=ORIENTED_EDGE('',*,*,#6744,.F.);
#9155=ORIENTED_EDGE('',*,*,#6745,.F.);
#9156=ORIENTED_EDGE('',*,*,#6746,.F.);
#9157=ORIENTED_EDGE('',*,*,#6747,.T.);
#9158=ORIENTED_EDGE('',*,*,#6748,.F.);
#9159=ORIENTED_EDGE('',*,*,#6749,.T.);
#9160=ORIENTED_EDGE('',*,*,#6251,.F.);
#9161=ORIENTED_EDGE('',*,*,#6750,.T.);
#9162=ORIENTED_EDGE('',*,*,#6751,.F.);
#9163=ORIENTED_EDGE('',*,*,#6752,.T.);
#9164=ORIENTED_EDGE('',*,*,#6365,.T.);
#9165=ORIENTED_EDGE('',*,*,#6717,.F.);
#9166=ORIENTED_EDGE('',*,*,#6046,.T.);
#9167=ORIENTED_EDGE('',*,*,#6753,.T.);
#9168=ORIENTED_EDGE('',*,*,#6556,.F.);
#9169=ORIENTED_EDGE('',*,*,#6431,.T.);
#9170=ORIENTED_EDGE('',*,*,#6741,.F.);
#9171=ORIENTED_EDGE('',*,*,#6754,.F.);
#9172=ORIENTED_EDGE('',*,*,#6720,.T.);
#9173=ORIENTED_EDGE('',*,*,#6186,.T.);
#9174=ORIENTED_EDGE('',*,*,#6740,.T.);
#9175=ORIENTED_EDGE('',*,*,#6755,.F.);
#9176=ORIENTED_EDGE('',*,*,#6721,.F.);
#9177=ORIENTED_EDGE('',*,*,#6754,.T.);
#9178=ORIENTED_EDGE('',*,*,#6739,.T.);
#9179=ORIENTED_EDGE('',*,*,#6756,.F.);
#9180=ORIENTED_EDGE('',*,*,#6722,.F.);
#9181=ORIENTED_EDGE('',*,*,#6755,.T.);
#9182=ORIENTED_EDGE('',*,*,#6738,.T.);
#9183=ORIENTED_EDGE('',*,*,#6737,.F.);
#9184=ORIENTED_EDGE('',*,*,#6723,.F.);
#9185=ORIENTED_EDGE('',*,*,#6756,.T.);
#9186=ORIENTED_EDGE('',*,*,#6742,.F.);
#9187=ORIENTED_EDGE('',*,*,#6757,.F.);
#9188=ORIENTED_EDGE('',*,*,#6724,.T.);
#9189=ORIENTED_EDGE('',*,*,#5924,.T.);
#9190=ORIENTED_EDGE('',*,*,#6746,.T.);
#9191=ORIENTED_EDGE('',*,*,#6758,.F.);
#9192=ORIENTED_EDGE('',*,*,#6725,.F.);
#9193=ORIENTED_EDGE('',*,*,#6757,.T.);
#9194=ORIENTED_EDGE('',*,*,#6745,.T.);
#9195=ORIENTED_EDGE('',*,*,#6759,.F.);
#9196=ORIENTED_EDGE('',*,*,#6726,.F.);
#9197=ORIENTED_EDGE('',*,*,#6758,.T.);
#9198=ORIENTED_EDGE('',*,*,#6744,.T.);
#9199=ORIENTED_EDGE('',*,*,#6760,.F.);
#9200=ORIENTED_EDGE('',*,*,#6727,.F.);
#9201=ORIENTED_EDGE('',*,*,#6759,.T.);
#9202=ORIENTED_EDGE('',*,*,#6743,.F.);
#9203=ORIENTED_EDGE('',*,*,#6206,.F.);
#9204=ORIENTED_EDGE('',*,*,#6728,.T.);
#9205=ORIENTED_EDGE('',*,*,#6760,.T.);
#9206=ORIENTED_EDGE('',*,*,#6747,.F.);
#9207=ORIENTED_EDGE('',*,*,#6254,.F.);
#9208=ORIENTED_EDGE('',*,*,#6729,.T.);
#9209=ORIENTED_EDGE('',*,*,#6761,.T.);
#9210=ORIENTED_EDGE('',*,*,#6748,.T.);
#9211=ORIENTED_EDGE('',*,*,#6761,.F.);
#9212=ORIENTED_EDGE('',*,*,#6731,.F.);
#9213=ORIENTED_EDGE('',*,*,#6762,.T.);
#9214=ORIENTED_EDGE('',*,*,#6749,.F.);
#9215=ORIENTED_EDGE('',*,*,#6762,.F.);
#9216=ORIENTED_EDGE('',*,*,#6730,.T.);
#9217=ORIENTED_EDGE('',*,*,#6252,.T.);
#9218=ORIENTED_EDGE('',*,*,#6750,.F.);
#9219=ORIENTED_EDGE('',*,*,#6368,.F.);
#9220=ORIENTED_EDGE('',*,*,#6732,.T.);
#9221=ORIENTED_EDGE('',*,*,#6763,.T.);
#9222=ORIENTED_EDGE('',*,*,#6751,.T.);
#9223=ORIENTED_EDGE('',*,*,#6763,.F.);
#9224=ORIENTED_EDGE('',*,*,#6734,.F.);
#9225=ORIENTED_EDGE('',*,*,#6764,.T.);
#9226=ORIENTED_EDGE('',*,*,#6752,.F.);
#9227=ORIENTED_EDGE('',*,*,#6764,.F.);
#9228=ORIENTED_EDGE('',*,*,#6733,.T.);
#9229=ORIENTED_EDGE('',*,*,#6366,.T.);
#9230=ORIENTED_EDGE('',*,*,#6045,.F.);
#9231=ORIENTED_EDGE('',*,*,#6735,.T.);
#9232=ORIENTED_EDGE('',*,*,#6557,.T.);
#9233=ORIENTED_EDGE('',*,*,#6753,.F.);
#9234=ORIENTED_EDGE('',*,*,#6714,.T.);
#9235=ORIENTED_EDGE('',*,*,#6765,.T.);
#9236=ORIENTED_EDGE('',*,*,#6434,.F.);
#9237=ORIENTED_EDGE('',*,*,#6766,.F.);
#9238=ORIENTED_EDGE('',*,*,#6767,.F.);
#9239=ORIENTED_EDGE('',*,*,#5719,.F.);
#9240=ORIENTED_EDGE('',*,*,#6184,.T.);
#9241=ORIENTED_EDGE('',*,*,#6768,.F.);
#9242=ORIENTED_EDGE('',*,*,#6769,.T.);
#9243=ORIENTED_EDGE('',*,*,#6770,.T.);
#9244=ORIENTED_EDGE('',*,*,#6771,.T.);
#9245=ORIENTED_EDGE('',*,*,#6772,.F.);
#9246=ORIENTED_EDGE('',*,*,#6773,.T.);
#9247=ORIENTED_EDGE('',*,*,#6774,.T.);
#9248=ORIENTED_EDGE('',*,*,#6775,.T.);
#9249=ORIENTED_EDGE('',*,*,#6776,.F.);
#9250=ORIENTED_EDGE('',*,*,#6208,.T.);
#9251=ORIENTED_EDGE('',*,*,#5921,.T.);
#9252=ORIENTED_EDGE('',*,*,#6777,.F.);
#9253=ORIENTED_EDGE('',*,*,#6257,.T.);
#9254=ORIENTED_EDGE('',*,*,#6778,.F.);
#9255=ORIENTED_EDGE('',*,*,#6779,.T.);
#9256=ORIENTED_EDGE('',*,*,#6780,.F.);
#9257=ORIENTED_EDGE('',*,*,#6371,.F.);
#9258=ORIENTED_EDGE('',*,*,#6781,.F.);
#9259=ORIENTED_EDGE('',*,*,#6782,.T.);
#9260=ORIENTED_EDGE('',*,*,#6048,.T.);
#9261=ORIENTED_EDGE('',*,*,#6766,.T.);
#9262=ORIENTED_EDGE('',*,*,#6433,.F.);
#9263=ORIENTED_EDGE('',*,*,#6555,.T.);
#9264=ORIENTED_EDGE('',*,*,#6783,.F.);
#9265=ORIENTED_EDGE('',*,*,#6784,.T.);
#9266=ORIENTED_EDGE('',*,*,#5720,.F.);
#9267=ORIENTED_EDGE('',*,*,#6767,.T.);
#9268=ORIENTED_EDGE('',*,*,#6785,.T.);
#9269=ORIENTED_EDGE('',*,*,#6784,.F.);
#9270=ORIENTED_EDGE('',*,*,#6786,.F.);
#9271=ORIENTED_EDGE('',*,*,#6787,.F.);
#9272=ORIENTED_EDGE('',*,*,#6788,.F.);
#9273=ORIENTED_EDGE('',*,*,#6789,.T.);
#9274=ORIENTED_EDGE('',*,*,#6182,.F.);
#9275=ORIENTED_EDGE('',*,*,#5721,.T.);
#9276=ORIENTED_EDGE('',*,*,#6790,.T.);
#9277=ORIENTED_EDGE('',*,*,#5919,.F.);
#9278=ORIENTED_EDGE('',*,*,#6210,.F.);
#9279=ORIENTED_EDGE('',*,*,#6791,.T.);
#9280=ORIENTED_EDGE('',*,*,#6792,.F.);
#9281=ORIENTED_EDGE('',*,*,#6793,.F.);
#9282=ORIENTED_EDGE('',*,*,#6794,.F.);
#9283=ORIENTED_EDGE('',*,*,#6795,.T.);
#9284=ORIENTED_EDGE('',*,*,#6796,.F.);
#9285=ORIENTED_EDGE('',*,*,#6797,.T.);
#9286=ORIENTED_EDGE('',*,*,#6255,.F.);
#9287=ORIENTED_EDGE('',*,*,#6798,.T.);
#9288=ORIENTED_EDGE('',*,*,#6799,.F.);
#9289=ORIENTED_EDGE('',*,*,#6800,.T.);
#9290=ORIENTED_EDGE('',*,*,#6369,.T.);
#9291=ORIENTED_EDGE('',*,*,#6765,.F.);
#9292=ORIENTED_EDGE('',*,*,#6050,.T.);
#9293=ORIENTED_EDGE('',*,*,#6801,.T.);
#9294=ORIENTED_EDGE('',*,*,#6553,.F.);
#9295=ORIENTED_EDGE('',*,*,#6435,.T.);
#9296=ORIENTED_EDGE('',*,*,#6789,.F.);
#9297=ORIENTED_EDGE('',*,*,#6802,.F.);
#9298=ORIENTED_EDGE('',*,*,#6768,.T.);
#9299=ORIENTED_EDGE('',*,*,#6183,.T.);
#9300=ORIENTED_EDGE('',*,*,#6788,.T.);
#9301=ORIENTED_EDGE('',*,*,#6803,.F.);
#9302=ORIENTED_EDGE('',*,*,#6769,.F.);
#9303=ORIENTED_EDGE('',*,*,#6802,.T.);
#9304=ORIENTED_EDGE('',*,*,#6787,.T.);
#9305=ORIENTED_EDGE('',*,*,#6804,.F.);
#9306=ORIENTED_EDGE('',*,*,#6770,.F.);
#9307=ORIENTED_EDGE('',*,*,#6803,.T.);
#9308=ORIENTED_EDGE('',*,*,#6786,.T.);
#9309=ORIENTED_EDGE('',*,*,#6785,.F.);
#9310=ORIENTED_EDGE('',*,*,#6771,.F.);
#9311=ORIENTED_EDGE('',*,*,#6804,.T.);
#9312=ORIENTED_EDGE('',*,*,#6790,.F.);
#9313=ORIENTED_EDGE('',*,*,#6805,.F.);
#9314=ORIENTED_EDGE('',*,*,#6772,.T.);
#9315=ORIENTED_EDGE('',*,*,#5920,.T.);
#9316=ORIENTED_EDGE('',*,*,#6794,.T.);
#9317=ORIENTED_EDGE('',*,*,#6806,.F.);
#9318=ORIENTED_EDGE('',*,*,#6773,.F.);
#9319=ORIENTED_EDGE('',*,*,#6805,.T.);
#9320=ORIENTED_EDGE('',*,*,#6793,.T.);
#9321=ORIENTED_EDGE('',*,*,#6807,.F.);
#9322=ORIENTED_EDGE('',*,*,#6774,.F.);
#9323=ORIENTED_EDGE('',*,*,#6806,.T.);
#9324=ORIENTED_EDGE('',*,*,#6792,.T.);
#9325=ORIENTED_EDGE('',*,*,#6808,.F.);
#9326=ORIENTED_EDGE('',*,*,#6775,.F.);
#9327=ORIENTED_EDGE('',*,*,#6807,.T.);
#9328=ORIENTED_EDGE('',*,*,#6791,.F.);
#9329=ORIENTED_EDGE('',*,*,#6209,.F.);
#9330=ORIENTED_EDGE('',*,*,#6776,.T.);
#9331=ORIENTED_EDGE('',*,*,#6808,.T.);
#9332=ORIENTED_EDGE('',*,*,#6795,.F.);
#9333=ORIENTED_EDGE('',*,*,#6258,.F.);
#9334=ORIENTED_EDGE('',*,*,#6777,.T.);
#9335=ORIENTED_EDGE('',*,*,#6809,.T.);
#9336=ORIENTED_EDGE('',*,*,#6796,.T.);
#9337=ORIENTED_EDGE('',*,*,#6809,.F.);
#9338=ORIENTED_EDGE('',*,*,#6779,.F.);
#9339=ORIENTED_EDGE('',*,*,#6810,.T.);
#9340=ORIENTED_EDGE('',*,*,#6797,.F.);
#9341=ORIENTED_EDGE('',*,*,#6810,.F.);
#9342=ORIENTED_EDGE('',*,*,#6778,.T.);
#9343=ORIENTED_EDGE('',*,*,#6256,.T.);
#9344=ORIENTED_EDGE('',*,*,#6798,.F.);
#9345=ORIENTED_EDGE('',*,*,#6372,.F.);
#9346=ORIENTED_EDGE('',*,*,#6780,.T.);
#9347=ORIENTED_EDGE('',*,*,#6811,.T.);
#9348=ORIENTED_EDGE('',*,*,#6799,.T.);
#9349=ORIENTED_EDGE('',*,*,#6811,.F.);
#9350=ORIENTED_EDGE('',*,*,#6782,.F.);
#9351=ORIENTED_EDGE('',*,*,#6812,.T.);
#9352=ORIENTED_EDGE('',*,*,#6800,.F.);
#9353=ORIENTED_EDGE('',*,*,#6812,.F.);
#9354=ORIENTED_EDGE('',*,*,#6781,.T.);
#9355=ORIENTED_EDGE('',*,*,#6370,.T.);
#9356=ORIENTED_EDGE('',*,*,#6049,.F.);
#9357=ORIENTED_EDGE('',*,*,#6783,.T.);
#9358=ORIENTED_EDGE('',*,*,#6554,.T.);
#9359=ORIENTED_EDGE('',*,*,#6801,.F.);
#9360=ORIENTED_EDGE('',*,*,#6713,.T.);
#9361=ORIENTED_EDGE('',*,*,#6813,.T.);
#9362=ORIENTED_EDGE('',*,*,#6438,.F.);
#9363=ORIENTED_EDGE('',*,*,#6814,.F.);
#9364=ORIENTED_EDGE('',*,*,#6815,.F.);
#9365=ORIENTED_EDGE('',*,*,#5723,.F.);
#9366=ORIENTED_EDGE('',*,*,#6181,.T.);
#9367=ORIENTED_EDGE('',*,*,#6816,.F.);
#9368=ORIENTED_EDGE('',*,*,#6817,.T.);
#9369=ORIENTED_EDGE('',*,*,#6818,.T.);
#9370=ORIENTED_EDGE('',*,*,#6819,.T.);
#9371=ORIENTED_EDGE('',*,*,#6820,.F.);
#9372=ORIENTED_EDGE('',*,*,#6821,.T.);
#9373=ORIENTED_EDGE('',*,*,#6822,.T.);
#9374=ORIENTED_EDGE('',*,*,#6823,.T.);
#9375=ORIENTED_EDGE('',*,*,#6824,.F.);
#9376=ORIENTED_EDGE('',*,*,#6211,.T.);
#9377=ORIENTED_EDGE('',*,*,#5917,.T.);
#9378=ORIENTED_EDGE('',*,*,#6825,.F.);
#9379=ORIENTED_EDGE('',*,*,#6261,.T.);
#9380=ORIENTED_EDGE('',*,*,#6826,.F.);
#9381=ORIENTED_EDGE('',*,*,#6827,.T.);
#9382=ORIENTED_EDGE('',*,*,#6828,.F.);
#9383=ORIENTED_EDGE('',*,*,#6375,.F.);
#9384=ORIENTED_EDGE('',*,*,#6829,.F.);
#9385=ORIENTED_EDGE('',*,*,#6830,.T.);
#9386=ORIENTED_EDGE('',*,*,#6052,.T.);
#9387=ORIENTED_EDGE('',*,*,#6814,.T.);
#9388=ORIENTED_EDGE('',*,*,#6437,.F.);
#9389=ORIENTED_EDGE('',*,*,#6552,.T.);
#9390=ORIENTED_EDGE('',*,*,#6831,.F.);
#9391=ORIENTED_EDGE('',*,*,#6832,.T.);
#9392=ORIENTED_EDGE('',*,*,#5724,.F.);
#9393=ORIENTED_EDGE('',*,*,#6815,.T.);
#9394=ORIENTED_EDGE('',*,*,#6833,.T.);
#9395=ORIENTED_EDGE('',*,*,#6832,.F.);
#9396=ORIENTED_EDGE('',*,*,#6834,.F.);
#9397=ORIENTED_EDGE('',*,*,#6835,.F.);
#9398=ORIENTED_EDGE('',*,*,#6836,.F.);
#9399=ORIENTED_EDGE('',*,*,#6837,.T.);
#9400=ORIENTED_EDGE('',*,*,#6179,.F.);
#9401=ORIENTED_EDGE('',*,*,#5725,.T.);
#9402=ORIENTED_EDGE('',*,*,#6838,.T.);
#9403=ORIENTED_EDGE('',*,*,#5915,.F.);
#9404=ORIENTED_EDGE('',*,*,#6213,.F.);
#9405=ORIENTED_EDGE('',*,*,#6839,.T.);
#9406=ORIENTED_EDGE('',*,*,#6840,.F.);
#9407=ORIENTED_EDGE('',*,*,#6841,.F.);
#9408=ORIENTED_EDGE('',*,*,#6842,.F.);
#9409=ORIENTED_EDGE('',*,*,#6843,.T.);
#9410=ORIENTED_EDGE('',*,*,#6844,.F.);
#9411=ORIENTED_EDGE('',*,*,#6845,.T.);
#9412=ORIENTED_EDGE('',*,*,#6259,.F.);
#9413=ORIENTED_EDGE('',*,*,#6846,.T.);
#9414=ORIENTED_EDGE('',*,*,#6847,.F.);
#9415=ORIENTED_EDGE('',*,*,#6848,.T.);
#9416=ORIENTED_EDGE('',*,*,#6373,.T.);
#9417=ORIENTED_EDGE('',*,*,#6813,.F.);
#9418=ORIENTED_EDGE('',*,*,#6054,.T.);
#9419=ORIENTED_EDGE('',*,*,#6849,.T.);
#9420=ORIENTED_EDGE('',*,*,#6550,.F.);
#9421=ORIENTED_EDGE('',*,*,#6439,.T.);
#9422=ORIENTED_EDGE('',*,*,#6837,.F.);
#9423=ORIENTED_EDGE('',*,*,#6850,.F.);
#9424=ORIENTED_EDGE('',*,*,#6816,.T.);
#9425=ORIENTED_EDGE('',*,*,#6180,.T.);
#9426=ORIENTED_EDGE('',*,*,#6836,.T.);
#9427=ORIENTED_EDGE('',*,*,#6851,.F.);
#9428=ORIENTED_EDGE('',*,*,#6817,.F.);
#9429=ORIENTED_EDGE('',*,*,#6850,.T.);
#9430=ORIENTED_EDGE('',*,*,#6835,.T.);
#9431=ORIENTED_EDGE('',*,*,#6852,.F.);
#9432=ORIENTED_EDGE('',*,*,#6818,.F.);
#9433=ORIENTED_EDGE('',*,*,#6851,.T.);
#9434=ORIENTED_EDGE('',*,*,#6834,.T.);
#9435=ORIENTED_EDGE('',*,*,#6833,.F.);
#9436=ORIENTED_EDGE('',*,*,#6819,.F.);
#9437=ORIENTED_EDGE('',*,*,#6852,.T.);
#9438=ORIENTED_EDGE('',*,*,#6838,.F.);
#9439=ORIENTED_EDGE('',*,*,#6853,.F.);
#9440=ORIENTED_EDGE('',*,*,#6820,.T.);
#9441=ORIENTED_EDGE('',*,*,#5916,.T.);
#9442=ORIENTED_EDGE('',*,*,#6842,.T.);
#9443=ORIENTED_EDGE('',*,*,#6854,.F.);
#9444=ORIENTED_EDGE('',*,*,#6821,.F.);
#9445=ORIENTED_EDGE('',*,*,#6853,.T.);
#9446=ORIENTED_EDGE('',*,*,#6841,.T.);
#9447=ORIENTED_EDGE('',*,*,#6855,.F.);
#9448=ORIENTED_EDGE('',*,*,#6822,.F.);
#9449=ORIENTED_EDGE('',*,*,#6854,.T.);
#9450=ORIENTED_EDGE('',*,*,#6840,.T.);
#9451=ORIENTED_EDGE('',*,*,#6856,.F.);
#9452=ORIENTED_EDGE('',*,*,#6823,.F.);
#9453=ORIENTED_EDGE('',*,*,#6855,.T.);
#9454=ORIENTED_EDGE('',*,*,#6839,.F.);
#9455=ORIENTED_EDGE('',*,*,#6212,.F.);
#9456=ORIENTED_EDGE('',*,*,#6824,.T.);
#9457=ORIENTED_EDGE('',*,*,#6856,.T.);
#9458=ORIENTED_EDGE('',*,*,#6843,.F.);
#9459=ORIENTED_EDGE('',*,*,#6262,.F.);
#9460=ORIENTED_EDGE('',*,*,#6825,.T.);
#9461=ORIENTED_EDGE('',*,*,#6857,.T.);
#9462=ORIENTED_EDGE('',*,*,#6844,.T.);
#9463=ORIENTED_EDGE('',*,*,#6857,.F.);
#9464=ORIENTED_EDGE('',*,*,#6827,.F.);
#9465=ORIENTED_EDGE('',*,*,#6858,.T.);
#9466=ORIENTED_EDGE('',*,*,#6845,.F.);
#9467=ORIENTED_EDGE('',*,*,#6858,.F.);
#9468=ORIENTED_EDGE('',*,*,#6826,.T.);
#9469=ORIENTED_EDGE('',*,*,#6260,.T.);
#9470=ORIENTED_EDGE('',*,*,#6846,.F.);
#9471=ORIENTED_EDGE('',*,*,#6376,.F.);
#9472=ORIENTED_EDGE('',*,*,#6828,.T.);
#9473=ORIENTED_EDGE('',*,*,#6859,.T.);
#9474=ORIENTED_EDGE('',*,*,#6847,.T.);
#9475=ORIENTED_EDGE('',*,*,#6859,.F.);
#9476=ORIENTED_EDGE('',*,*,#6830,.F.);
#9477=ORIENTED_EDGE('',*,*,#6860,.T.);
#9478=ORIENTED_EDGE('',*,*,#6848,.F.);
#9479=ORIENTED_EDGE('',*,*,#6860,.F.);
#9480=ORIENTED_EDGE('',*,*,#6829,.T.);
#9481=ORIENTED_EDGE('',*,*,#6374,.T.);
#9482=ORIENTED_EDGE('',*,*,#6053,.F.);
#9483=ORIENTED_EDGE('',*,*,#6831,.T.);
#9484=ORIENTED_EDGE('',*,*,#6551,.T.);
#9485=ORIENTED_EDGE('',*,*,#6849,.F.);
#9486=ORIENTED_EDGE('',*,*,#6712,.T.);
#9487=ORIENTED_EDGE('',*,*,#6861,.T.);
#9488=ORIENTED_EDGE('',*,*,#6442,.F.);
#9489=ORIENTED_EDGE('',*,*,#6862,.F.);
#9490=ORIENTED_EDGE('',*,*,#6863,.F.);
#9491=ORIENTED_EDGE('',*,*,#5727,.F.);
#9492=ORIENTED_EDGE('',*,*,#6178,.T.);
#9493=ORIENTED_EDGE('',*,*,#6864,.F.);
#9494=ORIENTED_EDGE('',*,*,#6865,.T.);
#9495=ORIENTED_EDGE('',*,*,#6866,.T.);
#9496=ORIENTED_EDGE('',*,*,#6867,.T.);
#9497=ORIENTED_EDGE('',*,*,#6868,.F.);
#9498=ORIENTED_EDGE('',*,*,#6869,.T.);
#9499=ORIENTED_EDGE('',*,*,#6870,.T.);
#9500=ORIENTED_EDGE('',*,*,#6871,.T.);
#9501=ORIENTED_EDGE('',*,*,#6872,.F.);
#9502=ORIENTED_EDGE('',*,*,#6214,.T.);
#9503=ORIENTED_EDGE('',*,*,#5913,.T.);
#9504=ORIENTED_EDGE('',*,*,#6873,.F.);
#9505=ORIENTED_EDGE('',*,*,#6265,.T.);
#9506=ORIENTED_EDGE('',*,*,#6874,.F.);
#9507=ORIENTED_EDGE('',*,*,#6875,.T.);
#9508=ORIENTED_EDGE('',*,*,#6876,.F.);
#9509=ORIENTED_EDGE('',*,*,#6379,.F.);
#9510=ORIENTED_EDGE('',*,*,#6877,.F.);
#9511=ORIENTED_EDGE('',*,*,#6878,.T.);
#9512=ORIENTED_EDGE('',*,*,#6056,.T.);
#9513=ORIENTED_EDGE('',*,*,#6862,.T.);
#9514=ORIENTED_EDGE('',*,*,#6441,.F.);
#9515=ORIENTED_EDGE('',*,*,#6549,.T.);
#9516=ORIENTED_EDGE('',*,*,#6879,.F.);
#9517=ORIENTED_EDGE('',*,*,#6880,.T.);
#9518=ORIENTED_EDGE('',*,*,#5728,.F.);
#9519=ORIENTED_EDGE('',*,*,#6863,.T.);
#9520=ORIENTED_EDGE('',*,*,#6881,.T.);
#9521=ORIENTED_EDGE('',*,*,#6880,.F.);
#9522=ORIENTED_EDGE('',*,*,#6882,.F.);
#9523=ORIENTED_EDGE('',*,*,#6883,.F.);
#9524=ORIENTED_EDGE('',*,*,#6884,.F.);
#9525=ORIENTED_EDGE('',*,*,#6885,.T.);
#9526=ORIENTED_EDGE('',*,*,#6176,.F.);
#9527=ORIENTED_EDGE('',*,*,#5729,.T.);
#9528=ORIENTED_EDGE('',*,*,#6886,.T.);
#9529=ORIENTED_EDGE('',*,*,#5911,.F.);
#9530=ORIENTED_EDGE('',*,*,#6216,.F.);
#9531=ORIENTED_EDGE('',*,*,#6887,.T.);
#9532=ORIENTED_EDGE('',*,*,#6888,.F.);
#9533=ORIENTED_EDGE('',*,*,#6889,.F.);
#9534=ORIENTED_EDGE('',*,*,#6890,.F.);
#9535=ORIENTED_EDGE('',*,*,#6891,.T.);
#9536=ORIENTED_EDGE('',*,*,#6892,.F.);
#9537=ORIENTED_EDGE('',*,*,#6893,.T.);
#9538=ORIENTED_EDGE('',*,*,#6263,.F.);
#9539=ORIENTED_EDGE('',*,*,#6894,.T.);
#9540=ORIENTED_EDGE('',*,*,#6895,.F.);
#9541=ORIENTED_EDGE('',*,*,#6896,.T.);
#9542=ORIENTED_EDGE('',*,*,#6377,.T.);
#9543=ORIENTED_EDGE('',*,*,#6861,.F.);
#9544=ORIENTED_EDGE('',*,*,#6058,.T.);
#9545=ORIENTED_EDGE('',*,*,#6897,.T.);
#9546=ORIENTED_EDGE('',*,*,#6547,.F.);
#9547=ORIENTED_EDGE('',*,*,#6443,.T.);
#9548=ORIENTED_EDGE('',*,*,#6885,.F.);
#9549=ORIENTED_EDGE('',*,*,#6898,.F.);
#9550=ORIENTED_EDGE('',*,*,#6864,.T.);
#9551=ORIENTED_EDGE('',*,*,#6177,.T.);
#9552=ORIENTED_EDGE('',*,*,#6884,.T.);
#9553=ORIENTED_EDGE('',*,*,#6899,.F.);
#9554=ORIENTED_EDGE('',*,*,#6865,.F.);
#9555=ORIENTED_EDGE('',*,*,#6898,.T.);
#9556=ORIENTED_EDGE('',*,*,#6883,.T.);
#9557=ORIENTED_EDGE('',*,*,#6900,.F.);
#9558=ORIENTED_EDGE('',*,*,#6866,.F.);
#9559=ORIENTED_EDGE('',*,*,#6899,.T.);
#9560=ORIENTED_EDGE('',*,*,#6882,.T.);
#9561=ORIENTED_EDGE('',*,*,#6881,.F.);
#9562=ORIENTED_EDGE('',*,*,#6867,.F.);
#9563=ORIENTED_EDGE('',*,*,#6900,.T.);
#9564=ORIENTED_EDGE('',*,*,#6886,.F.);
#9565=ORIENTED_EDGE('',*,*,#6901,.F.);
#9566=ORIENTED_EDGE('',*,*,#6868,.T.);
#9567=ORIENTED_EDGE('',*,*,#5912,.T.);
#9568=ORIENTED_EDGE('',*,*,#6890,.T.);
#9569=ORIENTED_EDGE('',*,*,#6902,.F.);
#9570=ORIENTED_EDGE('',*,*,#6869,.F.);
#9571=ORIENTED_EDGE('',*,*,#6901,.T.);
#9572=ORIENTED_EDGE('',*,*,#6889,.T.);
#9573=ORIENTED_EDGE('',*,*,#6903,.F.);
#9574=ORIENTED_EDGE('',*,*,#6870,.F.);
#9575=ORIENTED_EDGE('',*,*,#6902,.T.);
#9576=ORIENTED_EDGE('',*,*,#6888,.T.);
#9577=ORIENTED_EDGE('',*,*,#6904,.F.);
#9578=ORIENTED_EDGE('',*,*,#6871,.F.);
#9579=ORIENTED_EDGE('',*,*,#6903,.T.);
#9580=ORIENTED_EDGE('',*,*,#6887,.F.);
#9581=ORIENTED_EDGE('',*,*,#6215,.F.);
#9582=ORIENTED_EDGE('',*,*,#6872,.T.);
#9583=ORIENTED_EDGE('',*,*,#6904,.T.);
#9584=ORIENTED_EDGE('',*,*,#6891,.F.);
#9585=ORIENTED_EDGE('',*,*,#6266,.F.);
#9586=ORIENTED_EDGE('',*,*,#6873,.T.);
#9587=ORIENTED_EDGE('',*,*,#6905,.T.);
#9588=ORIENTED_EDGE('',*,*,#6892,.T.);
#9589=ORIENTED_EDGE('',*,*,#6905,.F.);
#9590=ORIENTED_EDGE('',*,*,#6875,.F.);
#9591=ORIENTED_EDGE('',*,*,#6906,.T.);
#9592=ORIENTED_EDGE('',*,*,#6893,.F.);
#9593=ORIENTED_EDGE('',*,*,#6906,.F.);
#9594=ORIENTED_EDGE('',*,*,#6874,.T.);
#9595=ORIENTED_EDGE('',*,*,#6264,.T.);
#9596=ORIENTED_EDGE('',*,*,#6894,.F.);
#9597=ORIENTED_EDGE('',*,*,#6380,.F.);
#9598=ORIENTED_EDGE('',*,*,#6876,.T.);
#9599=ORIENTED_EDGE('',*,*,#6907,.T.);
#9600=ORIENTED_EDGE('',*,*,#6895,.T.);
#9601=ORIENTED_EDGE('',*,*,#6907,.F.);
#9602=ORIENTED_EDGE('',*,*,#6878,.F.);
#9603=ORIENTED_EDGE('',*,*,#6908,.T.);
#9604=ORIENTED_EDGE('',*,*,#6896,.F.);
#9605=ORIENTED_EDGE('',*,*,#6908,.F.);
#9606=ORIENTED_EDGE('',*,*,#6877,.T.);
#9607=ORIENTED_EDGE('',*,*,#6378,.T.);
#9608=ORIENTED_EDGE('',*,*,#6057,.F.);
#9609=ORIENTED_EDGE('',*,*,#6879,.T.);
#9610=ORIENTED_EDGE('',*,*,#6548,.T.);
#9611=ORIENTED_EDGE('',*,*,#6897,.F.);
#9612=ORIENTED_EDGE('',*,*,#6711,.T.);
#9613=ORIENTED_EDGE('',*,*,#6909,.T.);
#9614=ORIENTED_EDGE('',*,*,#6446,.F.);
#9615=ORIENTED_EDGE('',*,*,#6910,.F.);
#9616=ORIENTED_EDGE('',*,*,#6911,.F.);
#9617=ORIENTED_EDGE('',*,*,#5731,.F.);
#9618=ORIENTED_EDGE('',*,*,#6175,.T.);
#9619=ORIENTED_EDGE('',*,*,#6912,.F.);
#9620=ORIENTED_EDGE('',*,*,#6913,.T.);
#9621=ORIENTED_EDGE('',*,*,#6914,.T.);
#9622=ORIENTED_EDGE('',*,*,#6915,.T.);
#9623=ORIENTED_EDGE('',*,*,#6916,.F.);
#9624=ORIENTED_EDGE('',*,*,#6917,.T.);
#9625=ORIENTED_EDGE('',*,*,#6918,.T.);
#9626=ORIENTED_EDGE('',*,*,#6919,.T.);
#9627=ORIENTED_EDGE('',*,*,#6920,.F.);
#9628=ORIENTED_EDGE('',*,*,#6217,.T.);
#9629=ORIENTED_EDGE('',*,*,#5909,.T.);
#9630=ORIENTED_EDGE('',*,*,#6921,.F.);
#9631=ORIENTED_EDGE('',*,*,#6269,.T.);
#9632=ORIENTED_EDGE('',*,*,#6922,.F.);
#9633=ORIENTED_EDGE('',*,*,#6923,.T.);
#9634=ORIENTED_EDGE('',*,*,#6924,.F.);
#9635=ORIENTED_EDGE('',*,*,#6383,.F.);
#9636=ORIENTED_EDGE('',*,*,#6925,.F.);
#9637=ORIENTED_EDGE('',*,*,#6926,.T.);
#9638=ORIENTED_EDGE('',*,*,#6060,.T.);
#9639=ORIENTED_EDGE('',*,*,#6910,.T.);
#9640=ORIENTED_EDGE('',*,*,#6445,.F.);
#9641=ORIENTED_EDGE('',*,*,#6546,.T.);
#9642=ORIENTED_EDGE('',*,*,#6927,.F.);
#9643=ORIENTED_EDGE('',*,*,#6928,.T.);
#9644=ORIENTED_EDGE('',*,*,#5732,.F.);
#9645=ORIENTED_EDGE('',*,*,#6911,.T.);
#9646=ORIENTED_EDGE('',*,*,#6929,.T.);
#9647=ORIENTED_EDGE('',*,*,#6928,.F.);
#9648=ORIENTED_EDGE('',*,*,#6930,.F.);
#9649=ORIENTED_EDGE('',*,*,#6931,.F.);
#9650=ORIENTED_EDGE('',*,*,#6932,.F.);
#9651=ORIENTED_EDGE('',*,*,#6933,.T.);
#9652=ORIENTED_EDGE('',*,*,#6173,.F.);
#9653=ORIENTED_EDGE('',*,*,#5733,.T.);
#9654=ORIENTED_EDGE('',*,*,#6934,.T.);
#9655=ORIENTED_EDGE('',*,*,#5907,.F.);
#9656=ORIENTED_EDGE('',*,*,#6219,.F.);
#9657=ORIENTED_EDGE('',*,*,#6935,.T.);
#9658=ORIENTED_EDGE('',*,*,#6936,.F.);
#9659=ORIENTED_EDGE('',*,*,#6937,.F.);
#9660=ORIENTED_EDGE('',*,*,#6938,.F.);
#9661=ORIENTED_EDGE('',*,*,#6939,.T.);
#9662=ORIENTED_EDGE('',*,*,#6940,.F.);
#9663=ORIENTED_EDGE('',*,*,#6941,.T.);
#9664=ORIENTED_EDGE('',*,*,#6267,.F.);
#9665=ORIENTED_EDGE('',*,*,#6942,.T.);
#9666=ORIENTED_EDGE('',*,*,#6943,.F.);
#9667=ORIENTED_EDGE('',*,*,#6944,.T.);
#9668=ORIENTED_EDGE('',*,*,#6381,.T.);
#9669=ORIENTED_EDGE('',*,*,#6909,.F.);
#9670=ORIENTED_EDGE('',*,*,#6062,.T.);
#9671=ORIENTED_EDGE('',*,*,#6945,.T.);
#9672=ORIENTED_EDGE('',*,*,#6544,.F.);
#9673=ORIENTED_EDGE('',*,*,#6447,.T.);
#9674=ORIENTED_EDGE('',*,*,#6933,.F.);
#9675=ORIENTED_EDGE('',*,*,#6946,.F.);
#9676=ORIENTED_EDGE('',*,*,#6912,.T.);
#9677=ORIENTED_EDGE('',*,*,#6174,.T.);
#9678=ORIENTED_EDGE('',*,*,#6932,.T.);
#9679=ORIENTED_EDGE('',*,*,#6947,.F.);
#9680=ORIENTED_EDGE('',*,*,#6913,.F.);
#9681=ORIENTED_EDGE('',*,*,#6946,.T.);
#9682=ORIENTED_EDGE('',*,*,#6931,.T.);
#9683=ORIENTED_EDGE('',*,*,#6948,.F.);
#9684=ORIENTED_EDGE('',*,*,#6914,.F.);
#9685=ORIENTED_EDGE('',*,*,#6947,.T.);
#9686=ORIENTED_EDGE('',*,*,#6930,.T.);
#9687=ORIENTED_EDGE('',*,*,#6929,.F.);
#9688=ORIENTED_EDGE('',*,*,#6915,.F.);
#9689=ORIENTED_EDGE('',*,*,#6948,.T.);
#9690=ORIENTED_EDGE('',*,*,#6934,.F.);
#9691=ORIENTED_EDGE('',*,*,#6949,.F.);
#9692=ORIENTED_EDGE('',*,*,#6916,.T.);
#9693=ORIENTED_EDGE('',*,*,#5908,.T.);
#9694=ORIENTED_EDGE('',*,*,#6938,.T.);
#9695=ORIENTED_EDGE('',*,*,#6950,.F.);
#9696=ORIENTED_EDGE('',*,*,#6917,.F.);
#9697=ORIENTED_EDGE('',*,*,#6949,.T.);
#9698=ORIENTED_EDGE('',*,*,#6937,.T.);
#9699=ORIENTED_EDGE('',*,*,#6951,.F.);
#9700=ORIENTED_EDGE('',*,*,#6918,.F.);
#9701=ORIENTED_EDGE('',*,*,#6950,.T.);
#9702=ORIENTED_EDGE('',*,*,#6936,.T.);
#9703=ORIENTED_EDGE('',*,*,#6952,.F.);
#9704=ORIENTED_EDGE('',*,*,#6919,.F.);
#9705=ORIENTED_EDGE('',*,*,#6951,.T.);
#9706=ORIENTED_EDGE('',*,*,#6935,.F.);
#9707=ORIENTED_EDGE('',*,*,#6218,.F.);
#9708=ORIENTED_EDGE('',*,*,#6920,.T.);
#9709=ORIENTED_EDGE('',*,*,#6952,.T.);
#9710=ORIENTED_EDGE('',*,*,#6939,.F.);
#9711=ORIENTED_EDGE('',*,*,#6270,.F.);
#9712=ORIENTED_EDGE('',*,*,#6921,.T.);
#9713=ORIENTED_EDGE('',*,*,#6953,.T.);
#9714=ORIENTED_EDGE('',*,*,#6940,.T.);
#9715=ORIENTED_EDGE('',*,*,#6953,.F.);
#9716=ORIENTED_EDGE('',*,*,#6923,.F.);
#9717=ORIENTED_EDGE('',*,*,#6954,.T.);
#9718=ORIENTED_EDGE('',*,*,#6941,.F.);
#9719=ORIENTED_EDGE('',*,*,#6954,.F.);
#9720=ORIENTED_EDGE('',*,*,#6922,.T.);
#9721=ORIENTED_EDGE('',*,*,#6268,.T.);
#9722=ORIENTED_EDGE('',*,*,#6942,.F.);
#9723=ORIENTED_EDGE('',*,*,#6384,.F.);
#9724=ORIENTED_EDGE('',*,*,#6924,.T.);
#9725=ORIENTED_EDGE('',*,*,#6955,.T.);
#9726=ORIENTED_EDGE('',*,*,#6943,.T.);
#9727=ORIENTED_EDGE('',*,*,#6955,.F.);
#9728=ORIENTED_EDGE('',*,*,#6926,.F.);
#9729=ORIENTED_EDGE('',*,*,#6956,.T.);
#9730=ORIENTED_EDGE('',*,*,#6944,.F.);
#9731=ORIENTED_EDGE('',*,*,#6956,.F.);
#9732=ORIENTED_EDGE('',*,*,#6925,.T.);
#9733=ORIENTED_EDGE('',*,*,#6382,.T.);
#9734=ORIENTED_EDGE('',*,*,#6061,.F.);
#9735=ORIENTED_EDGE('',*,*,#6927,.T.);
#9736=ORIENTED_EDGE('',*,*,#6545,.T.);
#9737=ORIENTED_EDGE('',*,*,#6945,.F.);
#9738=ORIENTED_EDGE('',*,*,#6710,.T.);
#9739=ORIENTED_EDGE('',*,*,#6957,.T.);
#9740=ORIENTED_EDGE('',*,*,#6450,.F.);
#9741=ORIENTED_EDGE('',*,*,#6958,.F.);
#9742=ORIENTED_EDGE('',*,*,#6959,.F.);
#9743=ORIENTED_EDGE('',*,*,#5735,.F.);
#9744=ORIENTED_EDGE('',*,*,#6172,.T.);
#9745=ORIENTED_EDGE('',*,*,#6960,.F.);
#9746=ORIENTED_EDGE('',*,*,#6961,.T.);
#9747=ORIENTED_EDGE('',*,*,#6962,.T.);
#9748=ORIENTED_EDGE('',*,*,#6963,.T.);
#9749=ORIENTED_EDGE('',*,*,#6964,.F.);
#9750=ORIENTED_EDGE('',*,*,#6965,.T.);
#9751=ORIENTED_EDGE('',*,*,#6966,.T.);
#9752=ORIENTED_EDGE('',*,*,#6967,.T.);
#9753=ORIENTED_EDGE('',*,*,#6968,.F.);
#9754=ORIENTED_EDGE('',*,*,#6220,.T.);
#9755=ORIENTED_EDGE('',*,*,#5905,.T.);
#9756=ORIENTED_EDGE('',*,*,#6969,.F.);
#9757=ORIENTED_EDGE('',*,*,#6273,.T.);
#9758=ORIENTED_EDGE('',*,*,#6970,.F.);
#9759=ORIENTED_EDGE('',*,*,#6971,.T.);
#9760=ORIENTED_EDGE('',*,*,#6972,.F.);
#9761=ORIENTED_EDGE('',*,*,#6387,.F.);
#9762=ORIENTED_EDGE('',*,*,#6973,.F.);
#9763=ORIENTED_EDGE('',*,*,#6974,.T.);
#9764=ORIENTED_EDGE('',*,*,#6064,.T.);
#9765=ORIENTED_EDGE('',*,*,#6958,.T.);
#9766=ORIENTED_EDGE('',*,*,#6449,.F.);
#9767=ORIENTED_EDGE('',*,*,#6543,.T.);
#9768=ORIENTED_EDGE('',*,*,#6975,.F.);
#9769=ORIENTED_EDGE('',*,*,#6976,.T.);
#9770=ORIENTED_EDGE('',*,*,#5736,.F.);
#9771=ORIENTED_EDGE('',*,*,#6959,.T.);
#9772=ORIENTED_EDGE('',*,*,#6977,.T.);
#9773=ORIENTED_EDGE('',*,*,#6976,.F.);
#9774=ORIENTED_EDGE('',*,*,#6978,.F.);
#9775=ORIENTED_EDGE('',*,*,#6979,.F.);
#9776=ORIENTED_EDGE('',*,*,#6980,.F.);
#9777=ORIENTED_EDGE('',*,*,#6981,.T.);
#9778=ORIENTED_EDGE('',*,*,#6170,.F.);
#9779=ORIENTED_EDGE('',*,*,#5737,.T.);
#9780=ORIENTED_EDGE('',*,*,#6982,.T.);
#9781=ORIENTED_EDGE('',*,*,#5903,.F.);
#9782=ORIENTED_EDGE('',*,*,#6222,.F.);
#9783=ORIENTED_EDGE('',*,*,#6983,.T.);
#9784=ORIENTED_EDGE('',*,*,#6984,.F.);
#9785=ORIENTED_EDGE('',*,*,#6985,.F.);
#9786=ORIENTED_EDGE('',*,*,#6986,.F.);
#9787=ORIENTED_EDGE('',*,*,#6987,.T.);
#9788=ORIENTED_EDGE('',*,*,#6988,.F.);
#9789=ORIENTED_EDGE('',*,*,#6989,.T.);
#9790=ORIENTED_EDGE('',*,*,#6271,.F.);
#9791=ORIENTED_EDGE('',*,*,#6990,.T.);
#9792=ORIENTED_EDGE('',*,*,#6991,.F.);
#9793=ORIENTED_EDGE('',*,*,#6992,.T.);
#9794=ORIENTED_EDGE('',*,*,#6385,.T.);
#9795=ORIENTED_EDGE('',*,*,#6957,.F.);
#9796=ORIENTED_EDGE('',*,*,#6066,.T.);
#9797=ORIENTED_EDGE('',*,*,#6993,.T.);
#9798=ORIENTED_EDGE('',*,*,#6541,.F.);
#9799=ORIENTED_EDGE('',*,*,#6451,.T.);
#9800=ORIENTED_EDGE('',*,*,#6981,.F.);
#9801=ORIENTED_EDGE('',*,*,#6994,.F.);
#9802=ORIENTED_EDGE('',*,*,#6960,.T.);
#9803=ORIENTED_EDGE('',*,*,#6171,.T.);
#9804=ORIENTED_EDGE('',*,*,#6980,.T.);
#9805=ORIENTED_EDGE('',*,*,#6995,.F.);
#9806=ORIENTED_EDGE('',*,*,#6961,.F.);
#9807=ORIENTED_EDGE('',*,*,#6994,.T.);
#9808=ORIENTED_EDGE('',*,*,#6979,.T.);
#9809=ORIENTED_EDGE('',*,*,#6996,.F.);
#9810=ORIENTED_EDGE('',*,*,#6962,.F.);
#9811=ORIENTED_EDGE('',*,*,#6995,.T.);
#9812=ORIENTED_EDGE('',*,*,#6978,.T.);
#9813=ORIENTED_EDGE('',*,*,#6977,.F.);
#9814=ORIENTED_EDGE('',*,*,#6963,.F.);
#9815=ORIENTED_EDGE('',*,*,#6996,.T.);
#9816=ORIENTED_EDGE('',*,*,#6982,.F.);
#9817=ORIENTED_EDGE('',*,*,#6997,.F.);
#9818=ORIENTED_EDGE('',*,*,#6964,.T.);
#9819=ORIENTED_EDGE('',*,*,#5904,.T.);
#9820=ORIENTED_EDGE('',*,*,#6986,.T.);
#9821=ORIENTED_EDGE('',*,*,#6998,.F.);
#9822=ORIENTED_EDGE('',*,*,#6965,.F.);
#9823=ORIENTED_EDGE('',*,*,#6997,.T.);
#9824=ORIENTED_EDGE('',*,*,#6985,.T.);
#9825=ORIENTED_EDGE('',*,*,#6999,.F.);
#9826=ORIENTED_EDGE('',*,*,#6966,.F.);
#9827=ORIENTED_EDGE('',*,*,#6998,.T.);
#9828=ORIENTED_EDGE('',*,*,#6984,.T.);
#9829=ORIENTED_EDGE('',*,*,#7000,.F.);
#9830=ORIENTED_EDGE('',*,*,#6967,.F.);
#9831=ORIENTED_EDGE('',*,*,#6999,.T.);
#9832=ORIENTED_EDGE('',*,*,#6983,.F.);
#9833=ORIENTED_EDGE('',*,*,#6221,.F.);
#9834=ORIENTED_EDGE('',*,*,#6968,.T.);
#9835=ORIENTED_EDGE('',*,*,#7000,.T.);
#9836=ORIENTED_EDGE('',*,*,#6987,.F.);
#9837=ORIENTED_EDGE('',*,*,#6274,.F.);
#9838=ORIENTED_EDGE('',*,*,#6969,.T.);
#9839=ORIENTED_EDGE('',*,*,#7001,.T.);
#9840=ORIENTED_EDGE('',*,*,#6988,.T.);
#9841=ORIENTED_EDGE('',*,*,#7001,.F.);
#9842=ORIENTED_EDGE('',*,*,#6971,.F.);
#9843=ORIENTED_EDGE('',*,*,#7002,.T.);
#9844=ORIENTED_EDGE('',*,*,#6989,.F.);
#9845=ORIENTED_EDGE('',*,*,#7002,.F.);
#9846=ORIENTED_EDGE('',*,*,#6970,.T.);
#9847=ORIENTED_EDGE('',*,*,#6272,.T.);
#9848=ORIENTED_EDGE('',*,*,#6990,.F.);
#9849=ORIENTED_EDGE('',*,*,#6388,.F.);
#9850=ORIENTED_EDGE('',*,*,#6972,.T.);
#9851=ORIENTED_EDGE('',*,*,#7003,.T.);
#9852=ORIENTED_EDGE('',*,*,#6991,.T.);
#9853=ORIENTED_EDGE('',*,*,#7003,.F.);
#9854=ORIENTED_EDGE('',*,*,#6974,.F.);
#9855=ORIENTED_EDGE('',*,*,#7004,.T.);
#9856=ORIENTED_EDGE('',*,*,#6992,.F.);
#9857=ORIENTED_EDGE('',*,*,#7004,.F.);
#9858=ORIENTED_EDGE('',*,*,#6973,.T.);
#9859=ORIENTED_EDGE('',*,*,#6386,.T.);
#9860=ORIENTED_EDGE('',*,*,#6065,.F.);
#9861=ORIENTED_EDGE('',*,*,#6975,.T.);
#9862=ORIENTED_EDGE('',*,*,#6542,.T.);
#9863=ORIENTED_EDGE('',*,*,#6993,.F.);
#9864=ORIENTED_EDGE('',*,*,#6709,.T.);
#9865=ORIENTED_EDGE('',*,*,#7005,.T.);
#9866=ORIENTED_EDGE('',*,*,#6454,.F.);
#9867=ORIENTED_EDGE('',*,*,#7006,.F.);
#9868=ORIENTED_EDGE('',*,*,#7007,.F.);
#9869=ORIENTED_EDGE('',*,*,#5739,.F.);
#9870=ORIENTED_EDGE('',*,*,#6169,.T.);
#9871=ORIENTED_EDGE('',*,*,#7008,.F.);
#9872=ORIENTED_EDGE('',*,*,#7009,.T.);
#9873=ORIENTED_EDGE('',*,*,#7010,.T.);
#9874=ORIENTED_EDGE('',*,*,#7011,.T.);
#9875=ORIENTED_EDGE('',*,*,#7012,.F.);
#9876=ORIENTED_EDGE('',*,*,#7013,.T.);
#9877=ORIENTED_EDGE('',*,*,#7014,.T.);
#9878=ORIENTED_EDGE('',*,*,#7015,.T.);
#9879=ORIENTED_EDGE('',*,*,#7016,.F.);
#9880=ORIENTED_EDGE('',*,*,#6223,.T.);
#9881=ORIENTED_EDGE('',*,*,#5901,.T.);
#9882=ORIENTED_EDGE('',*,*,#7017,.F.);
#9883=ORIENTED_EDGE('',*,*,#6277,.T.);
#9884=ORIENTED_EDGE('',*,*,#7018,.F.);
#9885=ORIENTED_EDGE('',*,*,#7019,.T.);
#9886=ORIENTED_EDGE('',*,*,#7020,.F.);
#9887=ORIENTED_EDGE('',*,*,#6391,.F.);
#9888=ORIENTED_EDGE('',*,*,#7021,.F.);
#9889=ORIENTED_EDGE('',*,*,#7022,.T.);
#9890=ORIENTED_EDGE('',*,*,#6068,.T.);
#9891=ORIENTED_EDGE('',*,*,#7006,.T.);
#9892=ORIENTED_EDGE('',*,*,#6453,.F.);
#9893=ORIENTED_EDGE('',*,*,#6540,.T.);
#9894=ORIENTED_EDGE('',*,*,#7023,.F.);
#9895=ORIENTED_EDGE('',*,*,#7024,.T.);
#9896=ORIENTED_EDGE('',*,*,#5740,.F.);
#9897=ORIENTED_EDGE('',*,*,#7007,.T.);
#9898=ORIENTED_EDGE('',*,*,#7025,.T.);
#9899=ORIENTED_EDGE('',*,*,#7024,.F.);
#9900=ORIENTED_EDGE('',*,*,#7026,.F.);
#9901=ORIENTED_EDGE('',*,*,#7027,.F.);
#9902=ORIENTED_EDGE('',*,*,#7028,.F.);
#9903=ORIENTED_EDGE('',*,*,#7029,.T.);
#9904=ORIENTED_EDGE('',*,*,#6167,.F.);
#9905=ORIENTED_EDGE('',*,*,#5741,.T.);
#9906=ORIENTED_EDGE('',*,*,#7030,.T.);
#9907=ORIENTED_EDGE('',*,*,#5899,.F.);
#9908=ORIENTED_EDGE('',*,*,#6225,.F.);
#9909=ORIENTED_EDGE('',*,*,#7031,.T.);
#9910=ORIENTED_EDGE('',*,*,#7032,.F.);
#9911=ORIENTED_EDGE('',*,*,#7033,.F.);
#9912=ORIENTED_EDGE('',*,*,#7034,.F.);
#9913=ORIENTED_EDGE('',*,*,#7035,.T.);
#9914=ORIENTED_EDGE('',*,*,#7036,.F.);
#9915=ORIENTED_EDGE('',*,*,#7037,.T.);
#9916=ORIENTED_EDGE('',*,*,#6275,.F.);
#9917=ORIENTED_EDGE('',*,*,#7038,.T.);
#9918=ORIENTED_EDGE('',*,*,#7039,.F.);
#9919=ORIENTED_EDGE('',*,*,#7040,.T.);
#9920=ORIENTED_EDGE('',*,*,#6389,.T.);
#9921=ORIENTED_EDGE('',*,*,#7005,.F.);
#9922=ORIENTED_EDGE('',*,*,#6070,.T.);
#9923=ORIENTED_EDGE('',*,*,#7041,.T.);
#9924=ORIENTED_EDGE('',*,*,#6538,.F.);
#9925=ORIENTED_EDGE('',*,*,#6455,.T.);
#9926=ORIENTED_EDGE('',*,*,#7029,.F.);
#9927=ORIENTED_EDGE('',*,*,#7042,.F.);
#9928=ORIENTED_EDGE('',*,*,#7008,.T.);
#9929=ORIENTED_EDGE('',*,*,#6168,.T.);
#9930=ORIENTED_EDGE('',*,*,#7028,.T.);
#9931=ORIENTED_EDGE('',*,*,#7043,.F.);
#9932=ORIENTED_EDGE('',*,*,#7009,.F.);
#9933=ORIENTED_EDGE('',*,*,#7042,.T.);
#9934=ORIENTED_EDGE('',*,*,#7027,.T.);
#9935=ORIENTED_EDGE('',*,*,#7044,.F.);
#9936=ORIENTED_EDGE('',*,*,#7010,.F.);
#9937=ORIENTED_EDGE('',*,*,#7043,.T.);
#9938=ORIENTED_EDGE('',*,*,#7026,.T.);
#9939=ORIENTED_EDGE('',*,*,#7025,.F.);
#9940=ORIENTED_EDGE('',*,*,#7011,.F.);
#9941=ORIENTED_EDGE('',*,*,#7044,.T.);
#9942=ORIENTED_EDGE('',*,*,#7030,.F.);
#9943=ORIENTED_EDGE('',*,*,#7045,.F.);
#9944=ORIENTED_EDGE('',*,*,#7012,.T.);
#9945=ORIENTED_EDGE('',*,*,#5900,.T.);
#9946=ORIENTED_EDGE('',*,*,#7034,.T.);
#9947=ORIENTED_EDGE('',*,*,#7046,.F.);
#9948=ORIENTED_EDGE('',*,*,#7013,.F.);
#9949=ORIENTED_EDGE('',*,*,#7045,.T.);
#9950=ORIENTED_EDGE('',*,*,#7033,.T.);
#9951=ORIENTED_EDGE('',*,*,#7047,.F.);
#9952=ORIENTED_EDGE('',*,*,#7014,.F.);
#9953=ORIENTED_EDGE('',*,*,#7046,.T.);
#9954=ORIENTED_EDGE('',*,*,#7032,.T.);
#9955=ORIENTED_EDGE('',*,*,#7048,.F.);
#9956=ORIENTED_EDGE('',*,*,#7015,.F.);
#9957=ORIENTED_EDGE('',*,*,#7047,.T.);
#9958=ORIENTED_EDGE('',*,*,#7031,.F.);
#9959=ORIENTED_EDGE('',*,*,#6224,.F.);
#9960=ORIENTED_EDGE('',*,*,#7016,.T.);
#9961=ORIENTED_EDGE('',*,*,#7048,.T.);
#9962=ORIENTED_EDGE('',*,*,#7035,.F.);
#9963=ORIENTED_EDGE('',*,*,#6278,.F.);
#9964=ORIENTED_EDGE('',*,*,#7017,.T.);
#9965=ORIENTED_EDGE('',*,*,#7049,.T.);
#9966=ORIENTED_EDGE('',*,*,#7036,.T.);
#9967=ORIENTED_EDGE('',*,*,#7049,.F.);
#9968=ORIENTED_EDGE('',*,*,#7019,.F.);
#9969=ORIENTED_EDGE('',*,*,#7050,.T.);
#9970=ORIENTED_EDGE('',*,*,#7037,.F.);
#9971=ORIENTED_EDGE('',*,*,#7050,.F.);
#9972=ORIENTED_EDGE('',*,*,#7018,.T.);
#9973=ORIENTED_EDGE('',*,*,#6276,.T.);
#9974=ORIENTED_EDGE('',*,*,#7038,.F.);
#9975=ORIENTED_EDGE('',*,*,#6392,.F.);
#9976=ORIENTED_EDGE('',*,*,#7020,.T.);
#9977=ORIENTED_EDGE('',*,*,#7051,.T.);
#9978=ORIENTED_EDGE('',*,*,#7039,.T.);
#9979=ORIENTED_EDGE('',*,*,#7051,.F.);
#9980=ORIENTED_EDGE('',*,*,#7022,.F.);
#9981=ORIENTED_EDGE('',*,*,#7052,.T.);
#9982=ORIENTED_EDGE('',*,*,#7040,.F.);
#9983=ORIENTED_EDGE('',*,*,#7052,.F.);
#9984=ORIENTED_EDGE('',*,*,#7021,.T.);
#9985=ORIENTED_EDGE('',*,*,#6390,.T.);
#9986=ORIENTED_EDGE('',*,*,#6069,.F.);
#9987=ORIENTED_EDGE('',*,*,#7023,.T.);
#9988=ORIENTED_EDGE('',*,*,#6539,.T.);
#9989=ORIENTED_EDGE('',*,*,#7041,.F.);
#9990=ORIENTED_EDGE('',*,*,#6708,.T.);
#9991=ORIENTED_EDGE('',*,*,#7053,.T.);
#9992=ORIENTED_EDGE('',*,*,#6458,.F.);
#9993=ORIENTED_EDGE('',*,*,#7054,.F.);
#9994=ORIENTED_EDGE('',*,*,#7055,.F.);
#9995=ORIENTED_EDGE('',*,*,#5743,.F.);
#9996=ORIENTED_EDGE('',*,*,#6166,.T.);
#9997=ORIENTED_EDGE('',*,*,#7056,.F.);
#9998=ORIENTED_EDGE('',*,*,#7057,.T.);
#9999=ORIENTED_EDGE('',*,*,#7058,.T.);
#10000=ORIENTED_EDGE('',*,*,#7059,.T.);
#10001=ORIENTED_EDGE('',*,*,#7060,.F.);
#10002=ORIENTED_EDGE('',*,*,#7061,.T.);
#10003=ORIENTED_EDGE('',*,*,#7062,.T.);
#10004=ORIENTED_EDGE('',*,*,#7063,.T.);
#10005=ORIENTED_EDGE('',*,*,#7064,.F.);
#10006=ORIENTED_EDGE('',*,*,#6226,.T.);
#10007=ORIENTED_EDGE('',*,*,#5897,.T.);
#10008=ORIENTED_EDGE('',*,*,#7065,.F.);
#10009=ORIENTED_EDGE('',*,*,#6281,.T.);
#10010=ORIENTED_EDGE('',*,*,#7066,.F.);
#10011=ORIENTED_EDGE('',*,*,#7067,.T.);
#10012=ORIENTED_EDGE('',*,*,#7068,.F.);
#10013=ORIENTED_EDGE('',*,*,#6395,.F.);
#10014=ORIENTED_EDGE('',*,*,#7069,.F.);
#10015=ORIENTED_EDGE('',*,*,#7070,.T.);
#10016=ORIENTED_EDGE('',*,*,#6072,.T.);
#10017=ORIENTED_EDGE('',*,*,#7054,.T.);
#10018=ORIENTED_EDGE('',*,*,#6457,.F.);
#10019=ORIENTED_EDGE('',*,*,#6537,.T.);
#10020=ORIENTED_EDGE('',*,*,#7071,.F.);
#10021=ORIENTED_EDGE('',*,*,#7072,.T.);
#10022=ORIENTED_EDGE('',*,*,#5744,.F.);
#10023=ORIENTED_EDGE('',*,*,#7055,.T.);
#10024=ORIENTED_EDGE('',*,*,#7073,.T.);
#10025=ORIENTED_EDGE('',*,*,#7072,.F.);
#10026=ORIENTED_EDGE('',*,*,#7074,.F.);
#10027=ORIENTED_EDGE('',*,*,#7075,.F.);
#10028=ORIENTED_EDGE('',*,*,#7076,.F.);
#10029=ORIENTED_EDGE('',*,*,#7077,.T.);
#10030=ORIENTED_EDGE('',*,*,#6164,.F.);
#10031=ORIENTED_EDGE('',*,*,#5745,.T.);
#10032=ORIENTED_EDGE('',*,*,#7078,.T.);
#10033=ORIENTED_EDGE('',*,*,#5895,.F.);
#10034=ORIENTED_EDGE('',*,*,#6228,.F.);
#10035=ORIENTED_EDGE('',*,*,#7079,.T.);
#10036=ORIENTED_EDGE('',*,*,#7080,.F.);
#10037=ORIENTED_EDGE('',*,*,#7081,.F.);
#10038=ORIENTED_EDGE('',*,*,#7082,.F.);
#10039=ORIENTED_EDGE('',*,*,#7083,.T.);
#10040=ORIENTED_EDGE('',*,*,#7084,.F.);
#10041=ORIENTED_EDGE('',*,*,#7085,.T.);
#10042=ORIENTED_EDGE('',*,*,#6279,.F.);
#10043=ORIENTED_EDGE('',*,*,#7086,.T.);
#10044=ORIENTED_EDGE('',*,*,#7087,.F.);
#10045=ORIENTED_EDGE('',*,*,#7088,.T.);
#10046=ORIENTED_EDGE('',*,*,#6393,.T.);
#10047=ORIENTED_EDGE('',*,*,#7053,.F.);
#10048=ORIENTED_EDGE('',*,*,#6074,.T.);
#10049=ORIENTED_EDGE('',*,*,#7089,.T.);
#10050=ORIENTED_EDGE('',*,*,#6535,.F.);
#10051=ORIENTED_EDGE('',*,*,#6459,.T.);
#10052=ORIENTED_EDGE('',*,*,#7077,.F.);
#10053=ORIENTED_EDGE('',*,*,#7090,.F.);
#10054=ORIENTED_EDGE('',*,*,#7056,.T.);
#10055=ORIENTED_EDGE('',*,*,#6165,.T.);
#10056=ORIENTED_EDGE('',*,*,#7076,.T.);
#10057=ORIENTED_EDGE('',*,*,#7091,.F.);
#10058=ORIENTED_EDGE('',*,*,#7057,.F.);
#10059=ORIENTED_EDGE('',*,*,#7090,.T.);
#10060=ORIENTED_EDGE('',*,*,#7075,.T.);
#10061=ORIENTED_EDGE('',*,*,#7092,.F.);
#10062=ORIENTED_EDGE('',*,*,#7058,.F.);
#10063=ORIENTED_EDGE('',*,*,#7091,.T.);
#10064=ORIENTED_EDGE('',*,*,#7074,.T.);
#10065=ORIENTED_EDGE('',*,*,#7073,.F.);
#10066=ORIENTED_EDGE('',*,*,#7059,.F.);
#10067=ORIENTED_EDGE('',*,*,#7092,.T.);
#10068=ORIENTED_EDGE('',*,*,#7078,.F.);
#10069=ORIENTED_EDGE('',*,*,#7093,.F.);
#10070=ORIENTED_EDGE('',*,*,#7060,.T.);
#10071=ORIENTED_EDGE('',*,*,#5896,.T.);
#10072=ORIENTED_EDGE('',*,*,#7082,.T.);
#10073=ORIENTED_EDGE('',*,*,#7094,.F.);
#10074=ORIENTED_EDGE('',*,*,#7061,.F.);
#10075=ORIENTED_EDGE('',*,*,#7093,.T.);
#10076=ORIENTED_EDGE('',*,*,#7081,.T.);
#10077=ORIENTED_EDGE('',*,*,#7095,.F.);
#10078=ORIENTED_EDGE('',*,*,#7062,.F.);
#10079=ORIENTED_EDGE('',*,*,#7094,.T.);
#10080=ORIENTED_EDGE('',*,*,#7080,.T.);
#10081=ORIENTED_EDGE('',*,*,#7096,.F.);
#10082=ORIENTED_EDGE('',*,*,#7063,.F.);
#10083=ORIENTED_EDGE('',*,*,#7095,.T.);
#10084=ORIENTED_EDGE('',*,*,#7079,.F.);
#10085=ORIENTED_EDGE('',*,*,#6227,.F.);
#10086=ORIENTED_EDGE('',*,*,#7064,.T.);
#10087=ORIENTED_EDGE('',*,*,#7096,.T.);
#10088=ORIENTED_EDGE('',*,*,#7083,.F.);
#10089=ORIENTED_EDGE('',*,*,#6282,.F.);
#10090=ORIENTED_EDGE('',*,*,#7065,.T.);
#10091=ORIENTED_EDGE('',*,*,#7097,.T.);
#10092=ORIENTED_EDGE('',*,*,#7084,.T.);
#10093=ORIENTED_EDGE('',*,*,#7097,.F.);
#10094=ORIENTED_EDGE('',*,*,#7067,.F.);
#10095=ORIENTED_EDGE('',*,*,#7098,.T.);
#10096=ORIENTED_EDGE('',*,*,#7085,.F.);
#10097=ORIENTED_EDGE('',*,*,#7098,.F.);
#10098=ORIENTED_EDGE('',*,*,#7066,.T.);
#10099=ORIENTED_EDGE('',*,*,#6280,.T.);
#10100=ORIENTED_EDGE('',*,*,#7086,.F.);
#10101=ORIENTED_EDGE('',*,*,#6396,.F.);
#10102=ORIENTED_EDGE('',*,*,#7068,.T.);
#10103=ORIENTED_EDGE('',*,*,#7099,.T.);
#10104=ORIENTED_EDGE('',*,*,#7087,.T.);
#10105=ORIENTED_EDGE('',*,*,#7099,.F.);
#10106=ORIENTED_EDGE('',*,*,#7070,.F.);
#10107=ORIENTED_EDGE('',*,*,#7100,.T.);
#10108=ORIENTED_EDGE('',*,*,#7088,.F.);
#10109=ORIENTED_EDGE('',*,*,#7100,.F.);
#10110=ORIENTED_EDGE('',*,*,#7069,.T.);
#10111=ORIENTED_EDGE('',*,*,#6394,.T.);
#10112=ORIENTED_EDGE('',*,*,#6073,.F.);
#10113=ORIENTED_EDGE('',*,*,#7071,.T.);
#10114=ORIENTED_EDGE('',*,*,#6536,.T.);
#10115=ORIENTED_EDGE('',*,*,#7089,.F.);
#10116=ORIENTED_EDGE('',*,*,#6707,.T.);
#10117=ORIENTED_EDGE('',*,*,#7101,.T.);
#10118=ORIENTED_EDGE('',*,*,#6462,.F.);
#10119=ORIENTED_EDGE('',*,*,#7102,.F.);
#10120=ORIENTED_EDGE('',*,*,#7103,.F.);
#10121=ORIENTED_EDGE('',*,*,#5747,.F.);
#10122=ORIENTED_EDGE('',*,*,#6163,.T.);
#10123=ORIENTED_EDGE('',*,*,#7104,.F.);
#10124=ORIENTED_EDGE('',*,*,#7105,.T.);
#10125=ORIENTED_EDGE('',*,*,#7106,.T.);
#10126=ORIENTED_EDGE('',*,*,#7107,.T.);
#10127=ORIENTED_EDGE('',*,*,#7108,.F.);
#10128=ORIENTED_EDGE('',*,*,#7109,.T.);
#10129=ORIENTED_EDGE('',*,*,#7110,.T.);
#10130=ORIENTED_EDGE('',*,*,#7111,.T.);
#10131=ORIENTED_EDGE('',*,*,#7112,.F.);
#10132=ORIENTED_EDGE('',*,*,#6229,.T.);
#10133=ORIENTED_EDGE('',*,*,#5893,.T.);
#10134=ORIENTED_EDGE('',*,*,#7113,.F.);
#10135=ORIENTED_EDGE('',*,*,#6285,.T.);
#10136=ORIENTED_EDGE('',*,*,#7114,.F.);
#10137=ORIENTED_EDGE('',*,*,#7115,.T.);
#10138=ORIENTED_EDGE('',*,*,#7116,.F.);
#10139=ORIENTED_EDGE('',*,*,#6399,.F.);
#10140=ORIENTED_EDGE('',*,*,#7117,.F.);
#10141=ORIENTED_EDGE('',*,*,#7118,.T.);
#10142=ORIENTED_EDGE('',*,*,#6076,.T.);
#10143=ORIENTED_EDGE('',*,*,#7102,.T.);
#10144=ORIENTED_EDGE('',*,*,#6461,.F.);
#10145=ORIENTED_EDGE('',*,*,#6534,.T.);
#10146=ORIENTED_EDGE('',*,*,#7119,.F.);
#10147=ORIENTED_EDGE('',*,*,#7120,.T.);
#10148=ORIENTED_EDGE('',*,*,#5748,.F.);
#10149=ORIENTED_EDGE('',*,*,#7103,.T.);
#10150=ORIENTED_EDGE('',*,*,#7121,.T.);
#10151=ORIENTED_EDGE('',*,*,#7120,.F.);
#10152=ORIENTED_EDGE('',*,*,#7122,.F.);
#10153=ORIENTED_EDGE('',*,*,#7123,.F.);
#10154=ORIENTED_EDGE('',*,*,#7124,.F.);
#10155=ORIENTED_EDGE('',*,*,#7125,.T.);
#10156=ORIENTED_EDGE('',*,*,#6161,.F.);
#10157=ORIENTED_EDGE('',*,*,#5749,.T.);
#10158=ORIENTED_EDGE('',*,*,#7126,.T.);
#10159=ORIENTED_EDGE('',*,*,#5891,.F.);
#10160=ORIENTED_EDGE('',*,*,#6231,.F.);
#10161=ORIENTED_EDGE('',*,*,#7127,.T.);
#10162=ORIENTED_EDGE('',*,*,#7128,.F.);
#10163=ORIENTED_EDGE('',*,*,#7129,.F.);
#10164=ORIENTED_EDGE('',*,*,#7130,.F.);
#10165=ORIENTED_EDGE('',*,*,#7131,.T.);
#10166=ORIENTED_EDGE('',*,*,#7132,.F.);
#10167=ORIENTED_EDGE('',*,*,#7133,.T.);
#10168=ORIENTED_EDGE('',*,*,#6283,.F.);
#10169=ORIENTED_EDGE('',*,*,#7134,.T.);
#10170=ORIENTED_EDGE('',*,*,#7135,.F.);
#10171=ORIENTED_EDGE('',*,*,#7136,.T.);
#10172=ORIENTED_EDGE('',*,*,#6397,.T.);
#10173=ORIENTED_EDGE('',*,*,#7101,.F.);
#10174=ORIENTED_EDGE('',*,*,#6078,.T.);
#10175=ORIENTED_EDGE('',*,*,#7137,.T.);
#10176=ORIENTED_EDGE('',*,*,#6532,.F.);
#10177=ORIENTED_EDGE('',*,*,#6463,.T.);
#10178=ORIENTED_EDGE('',*,*,#7125,.F.);
#10179=ORIENTED_EDGE('',*,*,#7138,.F.);
#10180=ORIENTED_EDGE('',*,*,#7104,.T.);
#10181=ORIENTED_EDGE('',*,*,#6162,.T.);
#10182=ORIENTED_EDGE('',*,*,#7124,.T.);
#10183=ORIENTED_EDGE('',*,*,#7139,.F.);
#10184=ORIENTED_EDGE('',*,*,#7105,.F.);
#10185=ORIENTED_EDGE('',*,*,#7138,.T.);
#10186=ORIENTED_EDGE('',*,*,#7123,.T.);
#10187=ORIENTED_EDGE('',*,*,#7140,.F.);
#10188=ORIENTED_EDGE('',*,*,#7106,.F.);
#10189=ORIENTED_EDGE('',*,*,#7139,.T.);
#10190=ORIENTED_EDGE('',*,*,#7122,.T.);
#10191=ORIENTED_EDGE('',*,*,#7121,.F.);
#10192=ORIENTED_EDGE('',*,*,#7107,.F.);
#10193=ORIENTED_EDGE('',*,*,#7140,.T.);
#10194=ORIENTED_EDGE('',*,*,#7126,.F.);
#10195=ORIENTED_EDGE('',*,*,#7141,.F.);
#10196=ORIENTED_EDGE('',*,*,#7108,.T.);
#10197=ORIENTED_EDGE('',*,*,#5892,.T.);
#10198=ORIENTED_EDGE('',*,*,#7130,.T.);
#10199=ORIENTED_EDGE('',*,*,#7142,.F.);
#10200=ORIENTED_EDGE('',*,*,#7109,.F.);
#10201=ORIENTED_EDGE('',*,*,#7141,.T.);
#10202=ORIENTED_EDGE('',*,*,#7129,.T.);
#10203=ORIENTED_EDGE('',*,*,#7143,.F.);
#10204=ORIENTED_EDGE('',*,*,#7110,.F.);
#10205=ORIENTED_EDGE('',*,*,#7142,.T.);
#10206=ORIENTED_EDGE('',*,*,#7128,.T.);
#10207=ORIENTED_EDGE('',*,*,#7144,.F.);
#10208=ORIENTED_EDGE('',*,*,#7111,.F.);
#10209=ORIENTED_EDGE('',*,*,#7143,.T.);
#10210=ORIENTED_EDGE('',*,*,#7127,.F.);
#10211=ORIENTED_EDGE('',*,*,#6230,.F.);
#10212=ORIENTED_EDGE('',*,*,#7112,.T.);
#10213=ORIENTED_EDGE('',*,*,#7144,.T.);
#10214=ORIENTED_EDGE('',*,*,#7131,.F.);
#10215=ORIENTED_EDGE('',*,*,#6286,.F.);
#10216=ORIENTED_EDGE('',*,*,#7113,.T.);
#10217=ORIENTED_EDGE('',*,*,#7145,.T.);
#10218=ORIENTED_EDGE('',*,*,#7132,.T.);
#10219=ORIENTED_EDGE('',*,*,#7145,.F.);
#10220=ORIENTED_EDGE('',*,*,#7115,.F.);
#10221=ORIENTED_EDGE('',*,*,#7146,.T.);
#10222=ORIENTED_EDGE('',*,*,#7133,.F.);
#10223=ORIENTED_EDGE('',*,*,#7146,.F.);
#10224=ORIENTED_EDGE('',*,*,#7114,.T.);
#10225=ORIENTED_EDGE('',*,*,#6284,.T.);
#10226=ORIENTED_EDGE('',*,*,#7134,.F.);
#10227=ORIENTED_EDGE('',*,*,#6400,.F.);
#10228=ORIENTED_EDGE('',*,*,#7116,.T.);
#10229=ORIENTED_EDGE('',*,*,#7147,.T.);
#10230=ORIENTED_EDGE('',*,*,#7135,.T.);
#10231=ORIENTED_EDGE('',*,*,#7147,.F.);
#10232=ORIENTED_EDGE('',*,*,#7118,.F.);
#10233=ORIENTED_EDGE('',*,*,#7148,.T.);
#10234=ORIENTED_EDGE('',*,*,#7136,.F.);
#10235=ORIENTED_EDGE('',*,*,#7148,.F.);
#10236=ORIENTED_EDGE('',*,*,#7117,.T.);
#10237=ORIENTED_EDGE('',*,*,#6398,.T.);
#10238=ORIENTED_EDGE('',*,*,#6077,.F.);
#10239=ORIENTED_EDGE('',*,*,#7119,.T.);
#10240=ORIENTED_EDGE('',*,*,#6533,.T.);
#10241=ORIENTED_EDGE('',*,*,#7137,.F.);
#10242=ORIENTED_EDGE('',*,*,#6706,.T.);
#10243=ORIENTED_EDGE('',*,*,#7149,.T.);
#10244=ORIENTED_EDGE('',*,*,#6466,.F.);
#10245=ORIENTED_EDGE('',*,*,#7150,.F.);
#10246=ORIENTED_EDGE('',*,*,#7151,.F.);
#10247=ORIENTED_EDGE('',*,*,#5751,.F.);
#10248=ORIENTED_EDGE('',*,*,#6160,.T.);
#10249=ORIENTED_EDGE('',*,*,#7152,.F.);
#10250=ORIENTED_EDGE('',*,*,#7153,.T.);
#10251=ORIENTED_EDGE('',*,*,#7154,.T.);
#10252=ORIENTED_EDGE('',*,*,#7155,.T.);
#10253=ORIENTED_EDGE('',*,*,#7156,.F.);
#10254=ORIENTED_EDGE('',*,*,#7157,.T.);
#10255=ORIENTED_EDGE('',*,*,#7158,.T.);
#10256=ORIENTED_EDGE('',*,*,#7159,.T.);
#10257=ORIENTED_EDGE('',*,*,#7160,.F.);
#10258=ORIENTED_EDGE('',*,*,#6232,.T.);
#10259=ORIENTED_EDGE('',*,*,#5889,.T.);
#10260=ORIENTED_EDGE('',*,*,#7161,.F.);
#10261=ORIENTED_EDGE('',*,*,#6289,.T.);
#10262=ORIENTED_EDGE('',*,*,#7162,.F.);
#10263=ORIENTED_EDGE('',*,*,#7163,.T.);
#10264=ORIENTED_EDGE('',*,*,#7164,.F.);
#10265=ORIENTED_EDGE('',*,*,#6403,.F.);
#10266=ORIENTED_EDGE('',*,*,#7165,.F.);
#10267=ORIENTED_EDGE('',*,*,#7166,.T.);
#10268=ORIENTED_EDGE('',*,*,#6080,.T.);
#10269=ORIENTED_EDGE('',*,*,#7150,.T.);
#10270=ORIENTED_EDGE('',*,*,#6465,.F.);
#10271=ORIENTED_EDGE('',*,*,#6531,.T.);
#10272=ORIENTED_EDGE('',*,*,#7167,.F.);
#10273=ORIENTED_EDGE('',*,*,#7168,.T.);
#10274=ORIENTED_EDGE('',*,*,#5752,.F.);
#10275=ORIENTED_EDGE('',*,*,#7151,.T.);
#10276=ORIENTED_EDGE('',*,*,#7169,.T.);
#10277=ORIENTED_EDGE('',*,*,#7168,.F.);
#10278=ORIENTED_EDGE('',*,*,#7170,.F.);
#10279=ORIENTED_EDGE('',*,*,#7171,.F.);
#10280=ORIENTED_EDGE('',*,*,#7172,.F.);
#10281=ORIENTED_EDGE('',*,*,#7173,.T.);
#10282=ORIENTED_EDGE('',*,*,#6158,.F.);
#10283=ORIENTED_EDGE('',*,*,#5753,.T.);
#10284=ORIENTED_EDGE('',*,*,#7174,.T.);
#10285=ORIENTED_EDGE('',*,*,#5887,.F.);
#10286=ORIENTED_EDGE('',*,*,#6234,.F.);
#10287=ORIENTED_EDGE('',*,*,#7175,.T.);
#10288=ORIENTED_EDGE('',*,*,#7176,.F.);
#10289=ORIENTED_EDGE('',*,*,#7177,.F.);
#10290=ORIENTED_EDGE('',*,*,#7178,.F.);
#10291=ORIENTED_EDGE('',*,*,#7179,.T.);
#10292=ORIENTED_EDGE('',*,*,#7180,.F.);
#10293=ORIENTED_EDGE('',*,*,#7181,.T.);
#10294=ORIENTED_EDGE('',*,*,#6287,.F.);
#10295=ORIENTED_EDGE('',*,*,#7182,.T.);
#10296=ORIENTED_EDGE('',*,*,#7183,.F.);
#10297=ORIENTED_EDGE('',*,*,#7184,.T.);
#10298=ORIENTED_EDGE('',*,*,#6401,.T.);
#10299=ORIENTED_EDGE('',*,*,#7149,.F.);
#10300=ORIENTED_EDGE('',*,*,#6082,.T.);
#10301=ORIENTED_EDGE('',*,*,#7185,.T.);
#10302=ORIENTED_EDGE('',*,*,#6529,.F.);
#10303=ORIENTED_EDGE('',*,*,#6467,.T.);
#10304=ORIENTED_EDGE('',*,*,#7173,.F.);
#10305=ORIENTED_EDGE('',*,*,#7186,.F.);
#10306=ORIENTED_EDGE('',*,*,#7152,.T.);
#10307=ORIENTED_EDGE('',*,*,#6159,.T.);
#10308=ORIENTED_EDGE('',*,*,#7172,.T.);
#10309=ORIENTED_EDGE('',*,*,#7187,.F.);
#10310=ORIENTED_EDGE('',*,*,#7153,.F.);
#10311=ORIENTED_EDGE('',*,*,#7186,.T.);
#10312=ORIENTED_EDGE('',*,*,#7171,.T.);
#10313=ORIENTED_EDGE('',*,*,#7188,.F.);
#10314=ORIENTED_EDGE('',*,*,#7154,.F.);
#10315=ORIENTED_EDGE('',*,*,#7187,.T.);
#10316=ORIENTED_EDGE('',*,*,#7170,.T.);
#10317=ORIENTED_EDGE('',*,*,#7169,.F.);
#10318=ORIENTED_EDGE('',*,*,#7155,.F.);
#10319=ORIENTED_EDGE('',*,*,#7188,.T.);
#10320=ORIENTED_EDGE('',*,*,#7174,.F.);
#10321=ORIENTED_EDGE('',*,*,#7189,.F.);
#10322=ORIENTED_EDGE('',*,*,#7156,.T.);
#10323=ORIENTED_EDGE('',*,*,#5888,.T.);
#10324=ORIENTED_EDGE('',*,*,#7178,.T.);
#10325=ORIENTED_EDGE('',*,*,#7190,.F.);
#10326=ORIENTED_EDGE('',*,*,#7157,.F.);
#10327=ORIENTED_EDGE('',*,*,#7189,.T.);
#10328=ORIENTED_EDGE('',*,*,#7177,.T.);
#10329=ORIENTED_EDGE('',*,*,#7191,.F.);
#10330=ORIENTED_EDGE('',*,*,#7158,.F.);
#10331=ORIENTED_EDGE('',*,*,#7190,.T.);
#10332=ORIENTED_EDGE('',*,*,#7176,.T.);
#10333=ORIENTED_EDGE('',*,*,#7192,.F.);
#10334=ORIENTED_EDGE('',*,*,#7159,.F.);
#10335=ORIENTED_EDGE('',*,*,#7191,.T.);
#10336=ORIENTED_EDGE('',*,*,#7175,.F.);
#10337=ORIENTED_EDGE('',*,*,#6233,.F.);
#10338=ORIENTED_EDGE('',*,*,#7160,.T.);
#10339=ORIENTED_EDGE('',*,*,#7192,.T.);
#10340=ORIENTED_EDGE('',*,*,#7179,.F.);
#10341=ORIENTED_EDGE('',*,*,#6290,.F.);
#10342=ORIENTED_EDGE('',*,*,#7161,.T.);
#10343=ORIENTED_EDGE('',*,*,#7193,.T.);
#10344=ORIENTED_EDGE('',*,*,#7180,.T.);
#10345=ORIENTED_EDGE('',*,*,#7193,.F.);
#10346=ORIENTED_EDGE('',*,*,#7163,.F.);
#10347=ORIENTED_EDGE('',*,*,#7194,.T.);
#10348=ORIENTED_EDGE('',*,*,#7181,.F.);
#10349=ORIENTED_EDGE('',*,*,#7194,.F.);
#10350=ORIENTED_EDGE('',*,*,#7162,.T.);
#10351=ORIENTED_EDGE('',*,*,#6288,.T.);
#10352=ORIENTED_EDGE('',*,*,#7182,.F.);
#10353=ORIENTED_EDGE('',*,*,#6404,.F.);
#10354=ORIENTED_EDGE('',*,*,#7164,.T.);
#10355=ORIENTED_EDGE('',*,*,#7195,.T.);
#10356=ORIENTED_EDGE('',*,*,#7183,.T.);
#10357=ORIENTED_EDGE('',*,*,#7195,.F.);
#10358=ORIENTED_EDGE('',*,*,#7166,.F.);
#10359=ORIENTED_EDGE('',*,*,#7196,.T.);
#10360=ORIENTED_EDGE('',*,*,#7184,.F.);
#10361=ORIENTED_EDGE('',*,*,#7196,.F.);
#10362=ORIENTED_EDGE('',*,*,#7165,.T.);
#10363=ORIENTED_EDGE('',*,*,#6402,.T.);
#10364=ORIENTED_EDGE('',*,*,#6081,.F.);
#10365=ORIENTED_EDGE('',*,*,#7167,.T.);
#10366=ORIENTED_EDGE('',*,*,#6530,.T.);
#10367=ORIENTED_EDGE('',*,*,#7185,.F.);
#10368=ORIENTED_EDGE('',*,*,#6705,.T.);
#10369=ORIENTED_EDGE('',*,*,#7197,.T.);
#10370=ORIENTED_EDGE('',*,*,#6470,.F.);
#10371=ORIENTED_EDGE('',*,*,#7198,.F.);
#10372=ORIENTED_EDGE('',*,*,#7199,.F.);
#10373=ORIENTED_EDGE('',*,*,#5755,.F.);
#10374=ORIENTED_EDGE('',*,*,#6157,.T.);
#10375=ORIENTED_EDGE('',*,*,#7200,.F.);
#10376=ORIENTED_EDGE('',*,*,#7201,.T.);
#10377=ORIENTED_EDGE('',*,*,#7202,.T.);
#10378=ORIENTED_EDGE('',*,*,#7203,.T.);
#10379=ORIENTED_EDGE('',*,*,#7204,.F.);
#10380=ORIENTED_EDGE('',*,*,#7205,.T.);
#10381=ORIENTED_EDGE('',*,*,#7206,.T.);
#10382=ORIENTED_EDGE('',*,*,#7207,.T.);
#10383=ORIENTED_EDGE('',*,*,#7208,.F.);
#10384=ORIENTED_EDGE('',*,*,#6235,.T.);
#10385=ORIENTED_EDGE('',*,*,#5885,.T.);
#10386=ORIENTED_EDGE('',*,*,#7209,.F.);
#10387=ORIENTED_EDGE('',*,*,#6293,.T.);
#10388=ORIENTED_EDGE('',*,*,#7210,.F.);
#10389=ORIENTED_EDGE('',*,*,#7211,.T.);
#10390=ORIENTED_EDGE('',*,*,#7212,.F.);
#10391=ORIENTED_EDGE('',*,*,#6407,.F.);
#10392=ORIENTED_EDGE('',*,*,#7213,.F.);
#10393=ORIENTED_EDGE('',*,*,#7214,.T.);
#10394=ORIENTED_EDGE('',*,*,#6084,.T.);
#10395=ORIENTED_EDGE('',*,*,#7198,.T.);
#10396=ORIENTED_EDGE('',*,*,#6469,.F.);
#10397=ORIENTED_EDGE('',*,*,#6528,.T.);
#10398=ORIENTED_EDGE('',*,*,#7215,.F.);
#10399=ORIENTED_EDGE('',*,*,#7216,.T.);
#10400=ORIENTED_EDGE('',*,*,#5756,.F.);
#10401=ORIENTED_EDGE('',*,*,#7199,.T.);
#10402=ORIENTED_EDGE('',*,*,#7217,.T.);
#10403=ORIENTED_EDGE('',*,*,#7216,.F.);
#10404=ORIENTED_EDGE('',*,*,#7218,.F.);
#10405=ORIENTED_EDGE('',*,*,#7219,.F.);
#10406=ORIENTED_EDGE('',*,*,#7220,.F.);
#10407=ORIENTED_EDGE('',*,*,#7221,.T.);
#10408=ORIENTED_EDGE('',*,*,#6155,.F.);
#10409=ORIENTED_EDGE('',*,*,#5757,.T.);
#10410=ORIENTED_EDGE('',*,*,#7222,.T.);
#10411=ORIENTED_EDGE('',*,*,#5883,.F.);
#10412=ORIENTED_EDGE('',*,*,#6237,.F.);
#10413=ORIENTED_EDGE('',*,*,#7223,.T.);
#10414=ORIENTED_EDGE('',*,*,#7224,.F.);
#10415=ORIENTED_EDGE('',*,*,#7225,.F.);
#10416=ORIENTED_EDGE('',*,*,#7226,.F.);
#10417=ORIENTED_EDGE('',*,*,#7227,.T.);
#10418=ORIENTED_EDGE('',*,*,#7228,.F.);
#10419=ORIENTED_EDGE('',*,*,#7229,.T.);
#10420=ORIENTED_EDGE('',*,*,#6291,.F.);
#10421=ORIENTED_EDGE('',*,*,#7230,.T.);
#10422=ORIENTED_EDGE('',*,*,#7231,.F.);
#10423=ORIENTED_EDGE('',*,*,#7232,.T.);
#10424=ORIENTED_EDGE('',*,*,#6405,.T.);
#10425=ORIENTED_EDGE('',*,*,#7197,.F.);
#10426=ORIENTED_EDGE('',*,*,#6086,.T.);
#10427=ORIENTED_EDGE('',*,*,#7233,.T.);
#10428=ORIENTED_EDGE('',*,*,#6526,.F.);
#10429=ORIENTED_EDGE('',*,*,#6471,.T.);
#10430=ORIENTED_EDGE('',*,*,#7221,.F.);
#10431=ORIENTED_EDGE('',*,*,#7234,.F.);
#10432=ORIENTED_EDGE('',*,*,#7200,.T.);
#10433=ORIENTED_EDGE('',*,*,#6156,.T.);
#10434=ORIENTED_EDGE('',*,*,#7220,.T.);
#10435=ORIENTED_EDGE('',*,*,#7235,.F.);
#10436=ORIENTED_EDGE('',*,*,#7201,.F.);
#10437=ORIENTED_EDGE('',*,*,#7234,.T.);
#10438=ORIENTED_EDGE('',*,*,#7219,.T.);
#10439=ORIENTED_EDGE('',*,*,#7236,.F.);
#10440=ORIENTED_EDGE('',*,*,#7202,.F.);
#10441=ORIENTED_EDGE('',*,*,#7235,.T.);
#10442=ORIENTED_EDGE('',*,*,#7218,.T.);
#10443=ORIENTED_EDGE('',*,*,#7217,.F.);
#10444=ORIENTED_EDGE('',*,*,#7203,.F.);
#10445=ORIENTED_EDGE('',*,*,#7236,.T.);
#10446=ORIENTED_EDGE('',*,*,#7222,.F.);
#10447=ORIENTED_EDGE('',*,*,#7237,.F.);
#10448=ORIENTED_EDGE('',*,*,#7204,.T.);
#10449=ORIENTED_EDGE('',*,*,#5884,.T.);
#10450=ORIENTED_EDGE('',*,*,#7226,.T.);
#10451=ORIENTED_EDGE('',*,*,#7238,.F.);
#10452=ORIENTED_EDGE('',*,*,#7205,.F.);
#10453=ORIENTED_EDGE('',*,*,#7237,.T.);
#10454=ORIENTED_EDGE('',*,*,#7225,.T.);
#10455=ORIENTED_EDGE('',*,*,#7239,.F.);
#10456=ORIENTED_EDGE('',*,*,#7206,.F.);
#10457=ORIENTED_EDGE('',*,*,#7238,.T.);
#10458=ORIENTED_EDGE('',*,*,#7224,.T.);
#10459=ORIENTED_EDGE('',*,*,#7240,.F.);
#10460=ORIENTED_EDGE('',*,*,#7207,.F.);
#10461=ORIENTED_EDGE('',*,*,#7239,.T.);
#10462=ORIENTED_EDGE('',*,*,#7223,.F.);
#10463=ORIENTED_EDGE('',*,*,#6236,.F.);
#10464=ORIENTED_EDGE('',*,*,#7208,.T.);
#10465=ORIENTED_EDGE('',*,*,#7240,.T.);
#10466=ORIENTED_EDGE('',*,*,#7227,.F.);
#10467=ORIENTED_EDGE('',*,*,#6294,.F.);
#10468=ORIENTED_EDGE('',*,*,#7209,.T.);
#10469=ORIENTED_EDGE('',*,*,#7241,.T.);
#10470=ORIENTED_EDGE('',*,*,#7228,.T.);
#10471=ORIENTED_EDGE('',*,*,#7241,.F.);
#10472=ORIENTED_EDGE('',*,*,#7211,.F.);
#10473=ORIENTED_EDGE('',*,*,#7242,.T.);
#10474=ORIENTED_EDGE('',*,*,#7229,.F.);
#10475=ORIENTED_EDGE('',*,*,#7242,.F.);
#10476=ORIENTED_EDGE('',*,*,#7210,.T.);
#10477=ORIENTED_EDGE('',*,*,#6292,.T.);
#10478=ORIENTED_EDGE('',*,*,#7230,.F.);
#10479=ORIENTED_EDGE('',*,*,#6408,.F.);
#10480=ORIENTED_EDGE('',*,*,#7212,.T.);
#10481=ORIENTED_EDGE('',*,*,#7243,.T.);
#10482=ORIENTED_EDGE('',*,*,#7231,.T.);
#10483=ORIENTED_EDGE('',*,*,#7243,.F.);
#10484=ORIENTED_EDGE('',*,*,#7214,.F.);
#10485=ORIENTED_EDGE('',*,*,#7244,.T.);
#10486=ORIENTED_EDGE('',*,*,#7232,.F.);
#10487=ORIENTED_EDGE('',*,*,#7244,.F.);
#10488=ORIENTED_EDGE('',*,*,#7213,.T.);
#10489=ORIENTED_EDGE('',*,*,#6406,.T.);
#10490=ORIENTED_EDGE('',*,*,#6085,.F.);
#10491=ORIENTED_EDGE('',*,*,#7215,.T.);
#10492=ORIENTED_EDGE('',*,*,#6527,.T.);
#10493=ORIENTED_EDGE('',*,*,#7233,.F.);
#10494=ORIENTED_EDGE('',*,*,#6704,.T.);
#10495=ORIENTED_EDGE('',*,*,#6491,.T.);
#10496=ORIENTED_EDGE('',*,*,#6474,.F.);
#10497=ORIENTED_EDGE('',*,*,#6514,.F.);
#10498=ORIENTED_EDGE('',*,*,#5811,.T.);
#10499=ORIENTED_EDGE('',*,*,#6021,.F.);
#10500=ORIENTED_EDGE('',*,*,#6092,.F.);
#10501=ORIENTED_EDGE('',*,*,#6703,.T.);
#10502=ORIENTED_EDGE('',*,*,#6097,.F.);
#10503=ORIENTED_EDGE('',*,*,#6023,.T.);
#10504=ORIENTED_EDGE('',*,*,#5813,.F.);
#10505=ORIENTED_EDGE('',*,*,#6702,.T.);
#10506=ORIENTED_EDGE('',*,*,#6041,.F.);
#10507=ORIENTED_EDGE('',*,*,#6669,.T.);
#10508=ORIENTED_EDGE('',*,*,#6560,.T.);
#10509=ORIENTED_EDGE('',*,*,#6688,.F.);
#10510=ORIENTED_EDGE('',*,*,#6358,.F.);
#10511=ORIENTED_EDGE('',*,*,#6344,.T.);
#10512=ORIENTED_EDGE('',*,*,#7245,.T.);
#10513=ORIENTED_EDGE('',*,*,#6317,.F.);
#10514=ORIENTED_EDGE('',*,*,#6318,.T.);
#10515=ORIENTED_EDGE('',*,*,#7245,.F.);
#10516=ORIENTED_EDGE('',*,*,#6343,.F.);
#10517=ORIENTED_EDGE('',*,*,#7246,.T.);
#10518=ORIENTED_EDGE('',*,*,#6357,.T.);
#10519=ORIENTED_EDGE('',*,*,#6319,.F.);
#10520=ORIENTED_EDGE('',*,*,#7246,.F.);
#10521=ORIENTED_EDGE('',*,*,#6342,.T.);
#10522=ORIENTED_EDGE('',*,*,#6144,.F.);
#10523=ORIENTED_EDGE('',*,*,#6360,.F.);
#10524=ORIENTED_EDGE('',*,*,#6119,.T.);
#10525=ORIENTED_EDGE('',*,*,#7247,.T.);
#10526=ORIENTED_EDGE('',*,*,#6145,.T.);
#10527=ORIENTED_EDGE('',*,*,#7247,.F.);
#10528=ORIENTED_EDGE('',*,*,#6122,.F.);
#10529=ORIENTED_EDGE('',*,*,#7248,.T.);
#10530=ORIENTED_EDGE('',*,*,#6146,.F.);
#10531=ORIENTED_EDGE('',*,*,#7248,.F.);
#10532=ORIENTED_EDGE('',*,*,#6121,.T.);
#10533=ORIENTED_EDGE('',*,*,#6359,.T.);
#10534=ORIENTED_EDGE('',*,*,#6140,.F.);
#10535=ORIENTED_EDGE('',*,*,#6246,.F.);
#10536=ORIENTED_EDGE('',*,*,#6115,.T.);
#10537=ORIENTED_EDGE('',*,*,#7249,.T.);
#10538=ORIENTED_EDGE('',*,*,#6141,.T.);
#10539=ORIENTED_EDGE('',*,*,#7249,.F.);
#10540=ORIENTED_EDGE('',*,*,#6118,.F.);
#10541=ORIENTED_EDGE('',*,*,#7250,.T.);
#10542=ORIENTED_EDGE('',*,*,#6142,.F.);
#10543=ORIENTED_EDGE('',*,*,#7250,.F.);
#10544=ORIENTED_EDGE('',*,*,#6117,.T.);
#10545=ORIENTED_EDGE('',*,*,#6245,.T.);
#10546=ORIENTED_EDGE('',*,*,#6136,.F.);
#10547=ORIENTED_EDGE('',*,*,#6201,.F.);
#10548=ORIENTED_EDGE('',*,*,#6113,.T.);
#10549=ORIENTED_EDGE('',*,*,#7251,.T.);
#10550=ORIENTED_EDGE('',*,*,#6137,.T.);
#10551=ORIENTED_EDGE('',*,*,#7251,.F.);
#10552=ORIENTED_EDGE('',*,*,#6112,.F.);
#10553=ORIENTED_EDGE('',*,*,#7252,.T.);
#10554=ORIENTED_EDGE('',*,*,#6138,.T.);
#10555=ORIENTED_EDGE('',*,*,#7252,.F.);
#10556=ORIENTED_EDGE('',*,*,#6111,.F.);
#10557=ORIENTED_EDGE('',*,*,#7253,.T.);
#10558=ORIENTED_EDGE('',*,*,#6139,.T.);
#10559=ORIENTED_EDGE('',*,*,#7253,.F.);
#10560=ORIENTED_EDGE('',*,*,#6110,.F.);
#10561=ORIENTED_EDGE('',*,*,#7254,.T.);
#10562=ORIENTED_EDGE('',*,*,#6134,.F.);
#10563=ORIENTED_EDGE('',*,*,#7254,.F.);
#10564=ORIENTED_EDGE('',*,*,#6109,.T.);
#10565=ORIENTED_EDGE('',*,*,#5932,.T.);
#10566=ORIENTED_EDGE('',*,*,#6132,.F.);
#10567=ORIENTED_EDGE('',*,*,#7255,.F.);
#10568=ORIENTED_EDGE('',*,*,#6105,.T.);
#10569=ORIENTED_EDGE('',*,*,#6191,.T.);
#10570=ORIENTED_EDGE('',*,*,#6131,.T.);
#10571=ORIENTED_EDGE('',*,*,#7256,.F.);
#10572=ORIENTED_EDGE('',*,*,#6106,.F.);
#10573=ORIENTED_EDGE('',*,*,#7255,.T.);
#10574=ORIENTED_EDGE('',*,*,#6130,.T.);
#10575=ORIENTED_EDGE('',*,*,#7257,.F.);
#10576=ORIENTED_EDGE('',*,*,#6107,.F.);
#10577=ORIENTED_EDGE('',*,*,#7256,.T.);
#10578=ORIENTED_EDGE('',*,*,#6129,.T.);
#10579=ORIENTED_EDGE('',*,*,#6128,.F.);
#10580=ORIENTED_EDGE('',*,*,#6108,.F.);
#10581=ORIENTED_EDGE('',*,*,#7257,.T.);
#10582=ORIENTED_EDGE('',*,*,#5801,.F.);
#10583=ORIENTED_EDGE('',*,*,#5792,.F.);
#10584=ORIENTED_EDGE('',*,*,#5661,.F.);
#10585=ORIENTED_EDGE('',*,*,#5805,.T.);
#10586=ORIENTED_EDGE('',*,*,#5785,.T.);
#10587=ORIENTED_EDGE('',*,*,#5794,.T.);
#10588=ORIENTED_EDGE('',*,*,#7258,.F.);
#10589=ORIENTED_EDGE('',*,*,#5786,.F.);
#10590=ORIENTED_EDGE('',*,*,#5787,.T.);
#10591=ORIENTED_EDGE('',*,*,#7258,.T.);
#10592=ORIENTED_EDGE('',*,*,#5793,.T.);
#10593=PLANE('',#11694);
#10594=PLANE('',#11695);
#10595=PLANE('',#11696);
#10596=PLANE('',#11697);
#10597=PLANE('',#11698);
#10598=PLANE('',#11699);
#10599=PLANE('',#11700);
#10600=PLANE('',#11701);
#10601=PLANE('',#11702);
#10602=PLANE('',#11703);
#10603=PLANE('',#11704);
#10604=PLANE('',#11705);
#10605=PLANE('',#11706);
#10606=PLANE('',#11707);
#10607=PLANE('',#11708);
#10608=PLANE('',#11709);
#10609=PLANE('',#11712);
#10610=PLANE('',#11713);
#10611=PLANE('',#11714);
#10612=PLANE('',#11715);
#10613=PLANE('',#11716);
#10614=PLANE('',#11717);
#10615=PLANE('',#11718);
#10616=PLANE('',#11719);
#10617=PLANE('',#11720);
#10618=PLANE('',#11721);
#10619=PLANE('',#11722);
#10620=PLANE('',#11723);
#10621=PLANE('',#11724);
#10622=PLANE('',#11725);
#10623=PLANE('',#11726);
#10624=PLANE('',#11727);
#10625=PLANE('',#11728);
#10626=PLANE('',#11729);
#10627=PLANE('',#11730);
#10628=PLANE('',#11731);
#10629=PLANE('',#11732);
#10630=PLANE('',#11733);
#10631=PLANE('',#11734);
#10632=PLANE('',#11735);
#10633=PLANE('',#11741);
#10634=PLANE('',#11743);
#10635=PLANE('',#11745);
#10636=PLANE('',#11746);
#10637=PLANE('',#11748);
#10638=PLANE('',#11749);
#10639=PLANE('',#11750);
#10640=PLANE('',#11751);
#10641=PLANE('',#11753);
#10642=PLANE('',#11754);
#10643=PLANE('',#11755);
#10644=PLANE('',#11756);
#10645=PLANE('',#11758);
#10646=PLANE('',#11759);
#10647=PLANE('',#11760);
#10648=PLANE('',#11761);
#10649=PLANE('',#11763);
#10650=PLANE('',#11764);
#10651=PLANE('',#11765);
#10652=PLANE('',#11766);
#10653=PLANE('',#11767);
#10654=PLANE('',#11768);
#10655=PLANE('',#11769);
#10656=PLANE('',#11770);
#10657=PLANE('',#11771);
#10658=PLANE('',#11772);
#10659=PLANE('',#11773);
#10660=PLANE('',#11774);
#10661=PLANE('',#11775);
#10662=PLANE('',#11777);
#10663=PLANE('',#11779);
#10664=PLANE('',#11780);
#10665=PLANE('',#11781);
#10666=PLANE('',#11782);
#10667=PLANE('',#11783);
#10668=PLANE('',#11785);
#10669=PLANE('',#11787);
#10670=PLANE('',#11788);
#10671=PLANE('',#11789);
#10672=PLANE('',#11790);
#10673=PLANE('',#11791);
#10674=PLANE('',#11793);
#10675=PLANE('',#11795);
#10676=PLANE('',#11796);
#10677=PLANE('',#11797);
#10678=PLANE('',#11798);
#10679=PLANE('',#11799);
#10680=PLANE('',#11800);
#10681=PLANE('',#11801);
#10682=PLANE('',#11802);
#10683=PLANE('',#11803);
#10684=PLANE('',#11805);
#10685=PLANE('',#11807);
#10686=PLANE('',#11808);
#10687=PLANE('',#11809);
#10688=PLANE('',#11810);
#10689=PLANE('',#11811);
#10690=PLANE('',#11812);
#10691=PLANE('',#11813);
#10692=PLANE('',#11814);
#10693=PLANE('',#11815);
#10694=PLANE('',#11816);
#10695=PLANE('',#11817);
#10696=PLANE('',#11818);
#10697=PLANE('',#11819);
#10698=PLANE('',#11820);
#10699=PLANE('',#11821);
#10700=PLANE('',#11822);
#10701=PLANE('',#11824);
#10702=PLANE('',#11826);
#10703=PLANE('',#11827);
#10704=PLANE('',#11828);
#10705=PLANE('',#11829);
#10706=PLANE('',#11830);
#10707=PLANE('',#11831);
#10708=PLANE('',#11832);
#10709=PLANE('',#11833);
#10710=PLANE('',#11834);
#10711=PLANE('',#11836);
#10712=PLANE('',#11838);
#10713=PLANE('',#11839);
#10714=PLANE('',#11840);
#10715=PLANE('',#11841);
#10716=PLANE('',#11842);
#10717=PLANE('',#11843);
#10718=PLANE('',#11844);
#10719=PLANE('',#11845);
#10720=PLANE('',#11846);
#10721=PLANE('',#11848);
#10722=PLANE('',#11850);
#10723=PLANE('',#11851);
#10724=PLANE('',#11852);
#10725=PLANE('',#11853);
#10726=PLANE('',#11854);
#10727=PLANE('',#11855);
#10728=PLANE('',#11856);
#10729=PLANE('',#11857);
#10730=PLANE('',#11858);
#10731=PLANE('',#11859);
#10732=PLANE('',#11860);
#10733=PLANE('',#11861);
#10734=PLANE('',#11862);
#10735=PLANE('',#11863);
#10736=PLANE('',#11864);
#10737=PLANE('',#11865);
#10738=PLANE('',#11866);
#10739=PLANE('',#11867);
#10740=PLANE('',#11868);
#10741=PLANE('',#11869);
#10742=PLANE('',#11870);
#10743=PLANE('',#11871);
#10744=PLANE('',#11872);
#10745=PLANE('',#11873);
#10746=PLANE('',#11874);
#10747=PLANE('',#11875);
#10748=PLANE('',#11876);
#10749=PLANE('',#11877);
#10750=PLANE('',#11880);
#10751=PLANE('',#11881);
#10752=PLANE('',#11882);
#10753=PLANE('',#11883);
#10754=PLANE('',#11884);
#10755=PLANE('',#11885);
#10756=PLANE('',#11886);
#10757=PLANE('',#11887);
#10758=PLANE('',#11888);
#10759=PLANE('',#11889);
#10760=PLANE('',#11890);
#10761=PLANE('',#11891);
#10762=PLANE('',#11892);
#10763=PLANE('',#11893);
#10764=PLANE('',#11894);
#10765=PLANE('',#11895);
#10766=PLANE('',#11896);
#10767=PLANE('',#11897);
#10768=PLANE('',#11898);
#10769=PLANE('',#11899);
#10770=PLANE('',#11900);
#10771=PLANE('',#11901);
#10772=PLANE('',#11902);
#10773=PLANE('',#11903);
#10774=PLANE('',#11904);
#10775=PLANE('',#11905);
#10776=PLANE('',#11906);
#10777=PLANE('',#11907);
#10778=PLANE('',#11908);
#10779=PLANE('',#11909);
#10780=PLANE('',#11910);
#10781=PLANE('',#11911);
#10782=PLANE('',#11914);
#10783=PLANE('',#11915);
#10784=PLANE('',#11916);
#10785=PLANE('',#11917);
#10786=PLANE('',#11919);
#10787=PLANE('',#11921);
#10788=PLANE('',#11922);
#10789=PLANE('',#11923);
#10790=PLANE('',#11924);
#10791=PLANE('',#11925);
#10792=PLANE('',#11927);
#10793=PLANE('',#11929);
#10794=PLANE('',#11930);
#10795=PLANE('',#11931);
#10796=PLANE('',#11932);
#10797=PLANE('',#11933);
#10798=PLANE('',#11934);
#10799=PLANE('',#11935);
#10800=PLANE('',#11936);
#10801=PLANE('',#11937);
#10802=PLANE('',#11938);
#10803=PLANE('',#11939);
#10804=PLANE('',#11940);
#10805=PLANE('',#11941);
#10806=PLANE('',#11943);
#10807=PLANE('',#11944);
#10808=PLANE('',#11945);
#10809=PLANE('',#11946);
#10810=PLANE('',#11947);
#10811=PLANE('',#11948);
#10812=PLANE('',#11949);
#10813=PLANE('',#11950);
#10814=PLANE('',#11951);
#10815=PLANE('',#11952);
#10816=PLANE('',#11954);
#10817=PLANE('',#11956);
#10818=PLANE('',#11957);
#10819=PLANE('',#11958);
#10820=PLANE('',#11959);
#10821=PLANE('',#11960);
#10822=PLANE('',#11962);
#10823=PLANE('',#11964);
#10824=PLANE('',#11965);
#10825=PLANE('',#11966);
#10826=PLANE('',#11967);
#10827=PLANE('',#11968);
#10828=PLANE('',#11969);
#10829=PLANE('',#11970);
#10830=PLANE('',#11971);
#10831=PLANE('',#11972);
#10832=PLANE('',#11973);
#10833=PLANE('',#11974);
#10834=PLANE('',#11975);
#10835=PLANE('',#11976);
#10836=PLANE('',#11978);
#10837=PLANE('',#11980);
#10838=PLANE('',#11981);
#10839=PLANE('',#11982);
#10840=PLANE('',#11983);
#10841=PLANE('',#11984);
#10842=PLANE('',#11986);
#10843=PLANE('',#11988);
#10844=PLANE('',#11989);
#10845=PLANE('',#11990);
#10846=PLANE('',#11991);
#10847=PLANE('',#11992);
#10848=PLANE('',#11994);
#10849=PLANE('',#11996);
#10850=PLANE('',#11997);
#10851=PLANE('',#11998);
#10852=PLANE('',#11999);
#10853=PLANE('',#12000);
#10854=PLANE('',#12001);
#10855=PLANE('',#12002);
#10856=PLANE('',#12003);
#10857=PLANE('',#12004);
#10858=PLANE('',#12005);
#10859=PLANE('',#12006);
#10860=PLANE('',#12007);
#10861=PLANE('',#12008);
#10862=PLANE('',#12010);
#10863=PLANE('',#12012);
#10864=PLANE('',#12013);
#10865=PLANE('',#12014);
#10866=PLANE('',#12015);
#10867=PLANE('',#12016);
#10868=PLANE('',#12018);
#10869=PLANE('',#12020);
#10870=PLANE('',#12021);
#10871=PLANE('',#12022);
#10872=PLANE('',#12023);
#10873=PLANE('',#12024);
#10874=PLANE('',#12026);
#10875=PLANE('',#12028);
#10876=PLANE('',#12029);
#10877=PLANE('',#12030);
#10878=PLANE('',#12031);
#10879=PLANE('',#12032);
#10880=PLANE('',#12033);
#10881=PLANE('',#12034);
#10882=PLANE('',#12035);
#10883=PLANE('',#12036);
#10884=PLANE('',#12037);
#10885=PLANE('',#12038);
#10886=PLANE('',#12039);
#10887=PLANE('',#12040);
#10888=PLANE('',#12042);
#10889=PLANE('',#12044);
#10890=PLANE('',#12045);
#10891=PLANE('',#12046);
#10892=PLANE('',#12047);
#10893=PLANE('',#12048);
#10894=PLANE('',#12050);
#10895=PLANE('',#12052);
#10896=PLANE('',#12053);
#10897=PLANE('',#12054);
#10898=PLANE('',#12055);
#10899=PLANE('',#12056);
#10900=PLANE('',#12058);
#10901=PLANE('',#12060);
#10902=PLANE('',#12061);
#10903=PLANE('',#12062);
#10904=PLANE('',#12063);
#10905=PLANE('',#12064);
#10906=PLANE('',#12065);
#10907=PLANE('',#12066);
#10908=PLANE('',#12067);
#10909=PLANE('',#12068);
#10910=PLANE('',#12069);
#10911=PLANE('',#12070);
#10912=PLANE('',#12071);
#10913=PLANE('',#12072);
#10914=PLANE('',#12074);
#10915=PLANE('',#12076);
#10916=PLANE('',#12077);
#10917=PLANE('',#12078);
#10918=PLANE('',#12079);
#10919=PLANE('',#12080);
#10920=PLANE('',#12082);
#10921=PLANE('',#12084);
#10922=PLANE('',#12085);
#10923=PLANE('',#12086);
#10924=PLANE('',#12087);
#10925=PLANE('',#12088);
#10926=PLANE('',#12090);
#10927=PLANE('',#12092);
#10928=PLANE('',#12093);
#10929=PLANE('',#12094);
#10930=PLANE('',#12095);
#10931=PLANE('',#12096);
#10932=PLANE('',#12097);
#10933=PLANE('',#12098);
#10934=PLANE('',#12099);
#10935=PLANE('',#12100);
#10936=PLANE('',#12101);
#10937=PLANE('',#12102);
#10938=PLANE('',#12103);
#10939=PLANE('',#12104);
#10940=PLANE('',#12106);
#10941=PLANE('',#12108);
#10942=PLANE('',#12109);
#10943=PLANE('',#12110);
#10944=PLANE('',#12111);
#10945=PLANE('',#12112);
#10946=PLANE('',#12114);
#10947=PLANE('',#12116);
#10948=PLANE('',#12117);
#10949=PLANE('',#12118);
#10950=PLANE('',#12119);
#10951=PLANE('',#12120);
#10952=PLANE('',#12122);
#10953=PLANE('',#12124);
#10954=PLANE('',#12125);
#10955=PLANE('',#12126);
#10956=PLANE('',#12127);
#10957=PLANE('',#12128);
#10958=PLANE('',#12129);
#10959=PLANE('',#12130);
#10960=PLANE('',#12131);
#10961=PLANE('',#12132);
#10962=PLANE('',#12133);
#10963=PLANE('',#12134);
#10964=PLANE('',#12135);
#10965=PLANE('',#12136);
#10966=PLANE('',#12138);
#10967=PLANE('',#12140);
#10968=PLANE('',#12141);
#10969=PLANE('',#12142);
#10970=PLANE('',#12143);
#10971=PLANE('',#12144);
#10972=PLANE('',#12146);
#10973=PLANE('',#12148);
#10974=PLANE('',#12149);
#10975=PLANE('',#12150);
#10976=PLANE('',#12151);
#10977=PLANE('',#12152);
#10978=PLANE('',#12154);
#10979=PLANE('',#12156);
#10980=PLANE('',#12157);
#10981=PLANE('',#12158);
#10982=PLANE('',#12159);
#10983=PLANE('',#12160);
#10984=PLANE('',#12161);
#10985=PLANE('',#12162);
#10986=PLANE('',#12163);
#10987=PLANE('',#12164);
#10988=PLANE('',#12165);
#10989=PLANE('',#12166);
#10990=PLANE('',#12167);
#10991=PLANE('',#12168);
#10992=PLANE('',#12170);
#10993=PLANE('',#12172);
#10994=PLANE('',#12173);
#10995=PLANE('',#12174);
#10996=PLANE('',#12175);
#10997=PLANE('',#12176);
#10998=PLANE('',#12178);
#10999=PLANE('',#12180);
#11000=PLANE('',#12181);
#11001=PLANE('',#12182);
#11002=PLANE('',#12183);
#11003=PLANE('',#12184);
#11004=PLANE('',#12186);
#11005=PLANE('',#12188);
#11006=PLANE('',#12189);
#11007=PLANE('',#12190);
#11008=PLANE('',#12191);
#11009=PLANE('',#12192);
#11010=PLANE('',#12193);
#11011=PLANE('',#12194);
#11012=PLANE('',#12195);
#11013=PLANE('',#12196);
#11014=PLANE('',#12197);
#11015=PLANE('',#12198);
#11016=PLANE('',#12199);
#11017=PLANE('',#12200);
#11018=PLANE('',#12202);
#11019=PLANE('',#12204);
#11020=PLANE('',#12205);
#11021=PLANE('',#12206);
#11022=PLANE('',#12207);
#11023=PLANE('',#12208);
#11024=PLANE('',#12210);
#11025=PLANE('',#12212);
#11026=PLANE('',#12213);
#11027=PLANE('',#12214);
#11028=PLANE('',#12215);
#11029=PLANE('',#12216);
#11030=PLANE('',#12218);
#11031=PLANE('',#12220);
#11032=PLANE('',#12221);
#11033=PLANE('',#12222);
#11034=PLANE('',#12223);
#11035=PLANE('',#12224);
#11036=PLANE('',#12225);
#11037=PLANE('',#12226);
#11038=PLANE('',#12227);
#11039=PLANE('',#12228);
#11040=PLANE('',#12229);
#11041=PLANE('',#12230);
#11042=PLANE('',#12231);
#11043=PLANE('',#12232);
#11044=PLANE('',#12234);
#11045=PLANE('',#12236);
#11046=PLANE('',#12237);
#11047=PLANE('',#12238);
#11048=PLANE('',#12239);
#11049=PLANE('',#12240);
#11050=PLANE('',#12242);
#11051=PLANE('',#12244);
#11052=PLANE('',#12245);
#11053=PLANE('',#12246);
#11054=PLANE('',#12247);
#11055=PLANE('',#12248);
#11056=PLANE('',#12250);
#11057=PLANE('',#12252);
#11058=PLANE('',#12253);
#11059=PLANE('',#12254);
#11060=PLANE('',#12255);
#11061=PLANE('',#12256);
#11062=PLANE('',#12257);
#11063=PLANE('',#12258);
#11064=PLANE('',#12259);
#11065=PLANE('',#12260);
#11066=PLANE('',#12261);
#11067=PLANE('',#12262);
#11068=PLANE('',#12263);
#11069=PLANE('',#12264);
#11070=PLANE('',#12266);
#11071=PLANE('',#12268);
#11072=PLANE('',#12269);
#11073=PLANE('',#12270);
#11074=PLANE('',#12271);
#11075=PLANE('',#12272);
#11076=PLANE('',#12274);
#11077=PLANE('',#12276);
#11078=PLANE('',#12277);
#11079=PLANE('',#12278);
#11080=PLANE('',#12279);
#11081=PLANE('',#12280);
#11082=PLANE('',#12282);
#11083=PLANE('',#12284);
#11084=PLANE('',#12285);
#11085=PLANE('',#12286);
#11086=PLANE('',#12287);
#11087=PLANE('',#12288);
#11088=PLANE('',#12289);
#11089=PLANE('',#12290);
#11090=PLANE('',#12291);
#11091=PLANE('',#12292);
#11092=PLANE('',#12293);
#11093=PLANE('',#12294);
#11094=PLANE('',#12295);
#11095=PLANE('',#12296);
#11096=PLANE('',#12298);
#11097=PLANE('',#12300);
#11098=PLANE('',#12301);
#11099=PLANE('',#12302);
#11100=PLANE('',#12304);
#11101=PLANE('',#12306);
#11102=PLANE('',#12307);
#11103=PLANE('',#12309);
#11104=PLANE('',#12310);
#11105=PLANE('',#12311);
#11106=PLANE('',#12312);
#11107=PLANE('',#12313);
#11108=PLANE('',#12314);
#11109=PLANE('',#12315);
#11110=PLANE('',#12316);
#11111=PLANE('',#12317);
#11112=PLANE('',#12318);
#11113=PLANE('',#12319);
#11114=PLANE('',#12320);
#11115=PLANE('',#12321);
#11116=PLANE('',#12322);
#11117=PLANE('',#12323);
#11118=PLANE('',#12324);
#11119=ADVANCED_FACE('',(#150),#10593,.F.);
#11120=ADVANCED_FACE('',(#151),#10594,.F.);
#11121=ADVANCED_FACE('',(#152),#10595,.T.);
#11122=ADVANCED_FACE('',(#153),#10596,.T.);
#11123=ADVANCED_FACE('',(#154),#10597,.T.);
#11124=ADVANCED_FACE('',(#155),#10598,.T.);
#11125=ADVANCED_FACE('',(#156),#10599,.T.);
#11126=ADVANCED_FACE('',(#157),#10600,.T.);
#11127=ADVANCED_FACE('',(#158),#10601,.F.);
#11128=ADVANCED_FACE('',(#159),#10602,.F.);
#11129=ADVANCED_FACE('',(#160),#10603,.F.);
#11130=ADVANCED_FACE('',(#161),#10604,.T.);
#11131=ADVANCED_FACE('',(#162),#10605,.T.);
#11132=ADVANCED_FACE('',(#163),#10606,.T.);
#11133=ADVANCED_FACE('',(#164),#10607,.T.);
#11134=ADVANCED_FACE('',(#165),#10608,.T.);
#11135=ADVANCED_FACE('',(#166),#10609,.T.);
#11136=ADVANCED_FACE('',(#167),#10610,.T.);
#11137=ADVANCED_FACE('',(#168),#10611,.F.);
#11138=ADVANCED_FACE('',(#169),#10612,.T.);
#11139=ADVANCED_FACE('',(#170),#10613,.T.);
#11140=ADVANCED_FACE('',(#171),#10614,.T.);
#11141=ADVANCED_FACE('',(#172),#10615,.T.);
#11142=ADVANCED_FACE('',(#173),#10616,.T.);
#11143=ADVANCED_FACE('',(#174),#10617,.T.);
#11144=ADVANCED_FACE('',(#175),#10618,.T.);
#11145=ADVANCED_FACE('',(#176),#10619,.T.);
#11146=ADVANCED_FACE('',(#177),#10620,.T.);
#11147=ADVANCED_FACE('',(#178),#10621,.T.);
#11148=ADVANCED_FACE('',(#179),#10622,.T.);
#11149=ADVANCED_FACE('',(#180),#10623,.T.);
#11150=ADVANCED_FACE('',(#181),#10624,.T.);
#11151=ADVANCED_FACE('',(#182),#10625,.T.);
#11152=ADVANCED_FACE('',(#183),#10626,.T.);
#11153=ADVANCED_FACE('',(#184),#10627,.T.);
#11154=ADVANCED_FACE('',(#185),#10628,.T.);
#11155=ADVANCED_FACE('',(#186),#10629,.T.);
#11156=ADVANCED_FACE('',(#187),#10630,.F.);
#11157=ADVANCED_FACE('',(#188),#10631,.F.);
#11158=ADVANCED_FACE('',(#189),#10632,.F.);
#11159=ADVANCED_FACE('',(#190),#47,.F.);
#11160=ADVANCED_FACE('',(#191),#48,.F.);
#11161=ADVANCED_FACE('',(#192),#10633,.T.);
#11162=ADVANCED_FACE('',(#193),#10634,.F.);
#11163=ADVANCED_FACE('',(#194),#10635,.T.);
#11164=ADVANCED_FACE('',(#195),#10636,.F.);
#11165=ADVANCED_FACE('',(#196),#10637,.F.);
#11166=ADVANCED_FACE('',(#197),#10638,.F.);
#11167=ADVANCED_FACE('',(#198),#10639,.F.);
#11168=ADVANCED_FACE('',(#199),#10640,.T.);
#11169=ADVANCED_FACE('',(#200),#10641,.T.);
#11170=ADVANCED_FACE('',(#201),#10642,.F.);
#11171=ADVANCED_FACE('',(#202),#10643,.F.);
#11172=ADVANCED_FACE('',(#203),#10644,.F.);
#11173=ADVANCED_FACE('',(#204),#10645,.F.);
#11174=ADVANCED_FACE('',(#205),#10646,.F.);
#11175=ADVANCED_FACE('',(#206),#10647,.F.);
#11176=ADVANCED_FACE('',(#207),#10648,.T.);
#11177=ADVANCED_FACE('',(#208),#49,.T.);
#11178=ADVANCED_FACE('',(#209),#10649,.T.);
#11179=ADVANCED_FACE('',(#210),#10650,.T.);
#11180=ADVANCED_FACE('',(#211),#10651,.F.);
#11181=ADVANCED_FACE('',(#212),#10652,.T.);
#11182=ADVANCED_FACE('',(#213),#10653,.T.);
#11183=ADVANCED_FACE('',(#214),#10654,.T.);
#11184=ADVANCED_FACE('',(#215),#10655,.T.);
#11185=ADVANCED_FACE('',(#216),#10656,.F.);
#11186=ADVANCED_FACE('',(#217),#10657,.T.);
#11187=ADVANCED_FACE('',(#218),#10658,.F.);
#11188=ADVANCED_FACE('',(#219),#10659,.F.);
#11189=ADVANCED_FACE('',(#220),#10660,.F.);
#11190=ADVANCED_FACE('',(#221),#10661,.F.);
#11191=ADVANCED_FACE('',(#222),#10662,.F.);
#11192=ADVANCED_FACE('',(#223),#10663,.T.);
#11193=ADVANCED_FACE('',(#224),#10664,.T.);
#11194=ADVANCED_FACE('',(#225),#10665,.T.);
#11195=ADVANCED_FACE('',(#226),#10666,.T.);
#11196=ADVANCED_FACE('',(#227),#10667,.T.);
#11197=ADVANCED_FACE('',(#228),#10668,.T.);
#11198=ADVANCED_FACE('',(#229,#15,#16,#17,#18,#19,#20,#21,#22,#23,#24,#25,
#26,#27,#28,#29),#10669,.T.);
#11199=ADVANCED_FACE('',(#230),#10670,.T.);
#11200=ADVANCED_FACE('',(#231),#10671,.T.);
#11201=ADVANCED_FACE('',(#232),#10672,.T.);
#11202=ADVANCED_FACE('',(#233),#10673,.T.);
#11203=ADVANCED_FACE('',(#234),#10674,.T.);
#11204=ADVANCED_FACE('',(#235),#10675,.T.);
#11205=ADVANCED_FACE('',(#236),#10676,.T.);
#11206=ADVANCED_FACE('',(#237),#10677,.T.);
#11207=ADVANCED_FACE('',(#238),#10678,.T.);
#11208=ADVANCED_FACE('',(#239),#10679,.T.);
#11209=ADVANCED_FACE('',(#240),#10680,.F.);
#11210=ADVANCED_FACE('',(#241),#10681,.F.);
#11211=ADVANCED_FACE('',(#242),#10682,.F.);
#11212=ADVANCED_FACE('',(#243),#10683,.F.);
#11213=ADVANCED_FACE('',(#244),#10684,.F.);
#11214=ADVANCED_FACE('',(#245),#10685,.T.);
#11215=ADVANCED_FACE('',(#246),#10686,.T.);
#11216=ADVANCED_FACE('',(#247),#10687,.T.);
#11217=ADVANCED_FACE('',(#248),#10688,.T.);
#11218=ADVANCED_FACE('',(#249),#10689,.T.);
#11219=ADVANCED_FACE('',(#250),#10690,.T.);
#11220=ADVANCED_FACE('',(#251),#10691,.T.);
#11221=ADVANCED_FACE('',(#252),#10692,.T.);
#11222=ADVANCED_FACE('',(#253,#30,#31,#32,#33,#34,#35,#36,#37,#38,#39,#40,
#41,#42,#43,#44),#10693,.F.);
#11223=ADVANCED_FACE('',(#254),#10694,.F.);
#11224=ADVANCED_FACE('',(#255),#10695,.F.);
#11225=ADVANCED_FACE('',(#256),#10696,.F.);
#11226=ADVANCED_FACE('',(#257),#10697,.T.);
#11227=ADVANCED_FACE('',(#258),#10698,.T.);
#11228=ADVANCED_FACE('',(#259),#10699,.T.);
#11229=ADVANCED_FACE('',(#260),#10700,.T.);
#11230=ADVANCED_FACE('',(#261),#10701,.T.);
#11231=ADVANCED_FACE('',(#262),#10702,.T.);
#11232=ADVANCED_FACE('',(#263),#10703,.T.);
#11233=ADVANCED_FACE('',(#264),#10704,.T.);
#11234=ADVANCED_FACE('',(#265),#10705,.T.);
#11235=ADVANCED_FACE('',(#266),#10706,.T.);
#11236=ADVANCED_FACE('',(#267),#10707,.F.);
#11237=ADVANCED_FACE('',(#268),#10708,.F.);
#11238=ADVANCED_FACE('',(#269),#10709,.F.);
#11239=ADVANCED_FACE('',(#270),#10710,.F.);
#11240=ADVANCED_FACE('',(#271),#10711,.F.);
#11241=ADVANCED_FACE('',(#272),#10712,.T.);
#11242=ADVANCED_FACE('',(#273),#10713,.T.);
#11243=ADVANCED_FACE('',(#274),#10714,.T.);
#11244=ADVANCED_FACE('',(#275),#10715,.T.);
#11245=ADVANCED_FACE('',(#276),#10716,.T.);
#11246=ADVANCED_FACE('',(#277),#10717,.T.);
#11247=ADVANCED_FACE('',(#278),#10718,.T.);
#11248=ADVANCED_FACE('',(#279),#10719,.T.);
#11249=ADVANCED_FACE('',(#280),#10720,.T.);
#11250=ADVANCED_FACE('',(#281),#50,.T.);
#11251=ADVANCED_FACE('',(#282),#10721,.T.);
#11252=ADVANCED_FACE('',(#283),#51,.T.);
#11253=ADVANCED_FACE('',(#284),#10722,.T.);
#11254=ADVANCED_FACE('',(#285),#10723,.T.);
#11255=ADVANCED_FACE('',(#286),#10724,.T.);
#11256=ADVANCED_FACE('',(#287),#10725,.F.);
#11257=ADVANCED_FACE('',(#288),#10726,.T.);
#11258=ADVANCED_FACE('',(#289),#10727,.T.);
#11259=ADVANCED_FACE('',(#290),#10728,.F.);
#11260=ADVANCED_FACE('',(#291),#10729,.T.);
#11261=ADVANCED_FACE('',(#292),#10730,.T.);
#11262=ADVANCED_FACE('',(#293),#10731,.T.);
#11263=ADVANCED_FACE('',(#294),#10732,.T.);
#11264=ADVANCED_FACE('',(#295),#10733,.F.);
#11265=ADVANCED_FACE('',(#296),#10734,.F.);
#11266=ADVANCED_FACE('',(#297),#10735,.T.);
#11267=ADVANCED_FACE('',(#298),#10736,.T.);
#11268=ADVANCED_FACE('',(#299),#10737,.F.);
#11269=ADVANCED_FACE('',(#300),#10738,.F.);
#11270=ADVANCED_FACE('',(#301),#10739,.T.);
#11271=ADVANCED_FACE('',(#302),#10740,.T.);
#11272=ADVANCED_FACE('',(#303),#10741,.F.);
#11273=ADVANCED_FACE('',(#304),#10742,.F.);
#11274=ADVANCED_FACE('',(#305),#10743,.T.);
#11275=ADVANCED_FACE('',(#306),#10744,.T.);
#11276=ADVANCED_FACE('',(#307),#10745,.F.);
#11277=ADVANCED_FACE('',(#308),#10746,.F.);
#11278=ADVANCED_FACE('',(#309),#10747,.T.);
#11279=ADVANCED_FACE('',(#310),#10748,.F.);
#11280=ADVANCED_FACE('',(#311),#10749,.F.);
#11281=ADVANCED_FACE('',(#312),#52,.F.);
#11282=ADVANCED_FACE('',(#313),#53,.F.);
#11283=ADVANCED_FACE('',(#314),#10750,.T.);
#11284=ADVANCED_FACE('',(#315),#10751,.T.);
#11285=ADVANCED_FACE('',(#316),#10752,.T.);
#11286=ADVANCED_FACE('',(#317),#10753,.T.);
#11287=ADVANCED_FACE('',(#318),#10754,.T.);
#11288=ADVANCED_FACE('',(#319),#10755,.T.);
#11289=ADVANCED_FACE('',(#320),#10756,.T.);
#11290=ADVANCED_FACE('',(#321),#10757,.T.);
#11291=ADVANCED_FACE('',(#322),#10758,.T.);
#11292=ADVANCED_FACE('',(#323),#10759,.T.);
#11293=ADVANCED_FACE('',(#324),#10760,.T.);
#11294=ADVANCED_FACE('',(#325),#10761,.T.);
#11295=ADVANCED_FACE('',(#326),#10762,.T.);
#11296=ADVANCED_FACE('',(#327),#10763,.T.);
#11297=ADVANCED_FACE('',(#328),#10764,.T.);
#11298=ADVANCED_FACE('',(#329),#10765,.T.);
#11299=ADVANCED_FACE('',(#330),#10766,.T.);
#11300=ADVANCED_FACE('',(#331),#10767,.T.);
#11301=ADVANCED_FACE('',(#332),#10768,.T.);
#11302=ADVANCED_FACE('',(#333),#10769,.T.);
#11303=ADVANCED_FACE('',(#334),#10770,.T.);
#11304=ADVANCED_FACE('',(#335),#10771,.T.);
#11305=ADVANCED_FACE('',(#336),#10772,.T.);
#11306=ADVANCED_FACE('',(#337),#10773,.T.);
#11307=ADVANCED_FACE('',(#338),#10774,.T.);
#11308=ADVANCED_FACE('',(#339),#10775,.T.);
#11309=ADVANCED_FACE('',(#340),#10776,.T.);
#11310=ADVANCED_FACE('',(#341),#10777,.T.);
#11311=ADVANCED_FACE('',(#342),#10778,.T.);
#11312=ADVANCED_FACE('',(#343),#10779,.T.);
#11313=ADVANCED_FACE('',(#344),#10780,.T.);
#11314=ADVANCED_FACE('',(#345),#10781,.T.);
#11315=ADVANCED_FACE('',(#346),#54,.T.);
#11316=ADVANCED_FACE('',(#347),#55,.T.);
#11317=ADVANCED_FACE('',(#348),#10782,.F.);
#11318=ADVANCED_FACE('',(#349),#10783,.F.);
#11319=ADVANCED_FACE('',(#350),#10784,.F.);
#11320=ADVANCED_FACE('',(#351),#10785,.F.);
#11321=ADVANCED_FACE('',(#352),#10786,.F.);
#11322=ADVANCED_FACE('',(#353),#10787,.T.);
#11323=ADVANCED_FACE('',(#354),#10788,.T.);
#11324=ADVANCED_FACE('',(#355),#10789,.T.);
#11325=ADVANCED_FACE('',(#356),#10790,.T.);
#11326=ADVANCED_FACE('',(#357),#10791,.T.);
#11327=ADVANCED_FACE('',(#358),#10792,.T.);
#11328=ADVANCED_FACE('',(#359),#10793,.T.);
#11329=ADVANCED_FACE('',(#360),#10794,.T.);
#11330=ADVANCED_FACE('',(#361),#10795,.T.);
#11331=ADVANCED_FACE('',(#362),#10796,.T.);
#11332=ADVANCED_FACE('',(#363),#10797,.T.);
#11333=ADVANCED_FACE('',(#364),#10798,.T.);
#11334=ADVANCED_FACE('',(#365),#10799,.T.);
#11335=ADVANCED_FACE('',(#366),#10800,.T.);
#11336=ADVANCED_FACE('',(#367),#10801,.T.);
#11337=ADVANCED_FACE('',(#368),#10802,.T.);
#11338=ADVANCED_FACE('',(#369),#10803,.T.);
#11339=ADVANCED_FACE('',(#370),#10804,.T.);
#11340=ADVANCED_FACE('',(#371),#10805,.T.);
#11341=ADVANCED_FACE('',(#372),#56,.T.);
#11342=ADVANCED_FACE('',(#373),#10806,.T.);
#11343=ADVANCED_FACE('',(#374),#10807,.T.);
#11344=ADVANCED_FACE('',(#375),#10808,.T.);
#11345=ADVANCED_FACE('',(#376),#10809,.T.);
#11346=ADVANCED_FACE('',(#377),#10810,.T.);
#11347=ADVANCED_FACE('',(#378),#10811,.T.);
#11348=ADVANCED_FACE('',(#379),#10812,.F.);
#11349=ADVANCED_FACE('',(#380),#10813,.F.);
#11350=ADVANCED_FACE('',(#381),#10814,.F.);
#11351=ADVANCED_FACE('',(#382),#10815,.F.);
#11352=ADVANCED_FACE('',(#383),#10816,.F.);
#11353=ADVANCED_FACE('',(#384),#10817,.T.);
#11354=ADVANCED_FACE('',(#385),#10818,.T.);
#11355=ADVANCED_FACE('',(#386),#10819,.T.);
#11356=ADVANCED_FACE('',(#387),#10820,.T.);
#11357=ADVANCED_FACE('',(#388),#10821,.T.);
#11358=ADVANCED_FACE('',(#389),#10822,.T.);
#11359=ADVANCED_FACE('',(#390),#10823,.T.);
#11360=ADVANCED_FACE('',(#391),#10824,.T.);
#11361=ADVANCED_FACE('',(#392),#10825,.T.);
#11362=ADVANCED_FACE('',(#393),#10826,.T.);
#11363=ADVANCED_FACE('',(#394),#10827,.T.);
#11364=ADVANCED_FACE('',(#395),#10828,.T.);
#11365=ADVANCED_FACE('',(#396),#10829,.T.);
#11366=ADVANCED_FACE('',(#397),#10830,.T.);
#11367=ADVANCED_FACE('',(#398),#10831,.T.);
#11368=ADVANCED_FACE('',(#399),#10832,.T.);
#11369=ADVANCED_FACE('',(#400),#10833,.T.);
#11370=ADVANCED_FACE('',(#401),#10834,.T.);
#11371=ADVANCED_FACE('',(#402),#10835,.T.);
#11372=ADVANCED_FACE('',(#403),#57,.T.);
#11373=ADVANCED_FACE('',(#404),#10836,.T.);
#11374=ADVANCED_FACE('',(#405),#58,.T.);
#11375=ADVANCED_FACE('',(#406),#10837,.T.);
#11376=ADVANCED_FACE('',(#407),#10838,.F.);
#11377=ADVANCED_FACE('',(#408),#10839,.F.);
#11378=ADVANCED_FACE('',(#409),#10840,.F.);
#11379=ADVANCED_FACE('',(#410),#10841,.F.);
#11380=ADVANCED_FACE('',(#411),#10842,.F.);
#11381=ADVANCED_FACE('',(#412),#10843,.T.);
#11382=ADVANCED_FACE('',(#413),#10844,.T.);
#11383=ADVANCED_FACE('',(#414),#10845,.T.);
#11384=ADVANCED_FACE('',(#415),#10846,.T.);
#11385=ADVANCED_FACE('',(#416),#10847,.T.);
#11386=ADVANCED_FACE('',(#417),#10848,.T.);
#11387=ADVANCED_FACE('',(#418),#10849,.T.);
#11388=ADVANCED_FACE('',(#419),#10850,.T.);
#11389=ADVANCED_FACE('',(#420),#10851,.T.);
#11390=ADVANCED_FACE('',(#421),#10852,.T.);
#11391=ADVANCED_FACE('',(#422),#10853,.T.);
#11392=ADVANCED_FACE('',(#423),#10854,.T.);
#11393=ADVANCED_FACE('',(#424),#10855,.T.);
#11394=ADVANCED_FACE('',(#425),#10856,.T.);
#11395=ADVANCED_FACE('',(#426),#10857,.T.);
#11396=ADVANCED_FACE('',(#427),#10858,.T.);
#11397=ADVANCED_FACE('',(#428),#10859,.T.);
#11398=ADVANCED_FACE('',(#429),#10860,.T.);
#11399=ADVANCED_FACE('',(#430),#10861,.T.);
#11400=ADVANCED_FACE('',(#431),#59,.T.);
#11401=ADVANCED_FACE('',(#432),#10862,.T.);
#11402=ADVANCED_FACE('',(#433),#60,.T.);
#11403=ADVANCED_FACE('',(#434),#10863,.T.);
#11404=ADVANCED_FACE('',(#435),#10864,.F.);
#11405=ADVANCED_FACE('',(#436),#10865,.F.);
#11406=ADVANCED_FACE('',(#437),#10866,.F.);
#11407=ADVANCED_FACE('',(#438),#10867,.F.);
#11408=ADVANCED_FACE('',(#439),#10868,.F.);
#11409=ADVANCED_FACE('',(#440),#10869,.T.);
#11410=ADVANCED_FACE('',(#441),#10870,.T.);
#11411=ADVANCED_FACE('',(#442),#10871,.T.);
#11412=ADVANCED_FACE('',(#443),#10872,.T.);
#11413=ADVANCED_FACE('',(#444),#10873,.T.);
#11414=ADVANCED_FACE('',(#445),#10874,.T.);
#11415=ADVANCED_FACE('',(#446),#10875,.T.);
#11416=ADVANCED_FACE('',(#447),#10876,.T.);
#11417=ADVANCED_FACE('',(#448),#10877,.T.);
#11418=ADVANCED_FACE('',(#449),#10878,.T.);
#11419=ADVANCED_FACE('',(#450),#10879,.T.);
#11420=ADVANCED_FACE('',(#451),#10880,.T.);
#11421=ADVANCED_FACE('',(#452),#10881,.T.);
#11422=ADVANCED_FACE('',(#453),#10882,.T.);
#11423=ADVANCED_FACE('',(#454),#10883,.T.);
#11424=ADVANCED_FACE('',(#455),#10884,.T.);
#11425=ADVANCED_FACE('',(#456),#10885,.T.);
#11426=ADVANCED_FACE('',(#457),#10886,.T.);
#11427=ADVANCED_FACE('',(#458),#10887,.T.);
#11428=ADVANCED_FACE('',(#459),#61,.T.);
#11429=ADVANCED_FACE('',(#460),#10888,.T.);
#11430=ADVANCED_FACE('',(#461),#62,.T.);
#11431=ADVANCED_FACE('',(#462),#10889,.T.);
#11432=ADVANCED_FACE('',(#463),#10890,.F.);
#11433=ADVANCED_FACE('',(#464),#10891,.F.);
#11434=ADVANCED_FACE('',(#465),#10892,.F.);
#11435=ADVANCED_FACE('',(#466),#10893,.F.);
#11436=ADVANCED_FACE('',(#467),#10894,.F.);
#11437=ADVANCED_FACE('',(#468),#10895,.T.);
#11438=ADVANCED_FACE('',(#469),#10896,.T.);
#11439=ADVANCED_FACE('',(#470),#10897,.T.);
#11440=ADVANCED_FACE('',(#471),#10898,.T.);
#11441=ADVANCED_FACE('',(#472),#10899,.T.);
#11442=ADVANCED_FACE('',(#473),#10900,.T.);
#11443=ADVANCED_FACE('',(#474),#10901,.T.);
#11444=ADVANCED_FACE('',(#475),#10902,.T.);
#11445=ADVANCED_FACE('',(#476),#10903,.T.);
#11446=ADVANCED_FACE('',(#477),#10904,.T.);
#11447=ADVANCED_FACE('',(#478),#10905,.T.);
#11448=ADVANCED_FACE('',(#479),#10906,.T.);
#11449=ADVANCED_FACE('',(#480),#10907,.T.);
#11450=ADVANCED_FACE('',(#481),#10908,.T.);
#11451=ADVANCED_FACE('',(#482),#10909,.T.);
#11452=ADVANCED_FACE('',(#483),#10910,.T.);
#11453=ADVANCED_FACE('',(#484),#10911,.T.);
#11454=ADVANCED_FACE('',(#485),#10912,.T.);
#11455=ADVANCED_FACE('',(#486),#10913,.T.);
#11456=ADVANCED_FACE('',(#487),#63,.T.);
#11457=ADVANCED_FACE('',(#488),#10914,.T.);
#11458=ADVANCED_FACE('',(#489),#64,.T.);
#11459=ADVANCED_FACE('',(#490),#10915,.T.);
#11460=ADVANCED_FACE('',(#491),#10916,.F.);
#11461=ADVANCED_FACE('',(#492),#10917,.F.);
#11462=ADVANCED_FACE('',(#493),#10918,.F.);
#11463=ADVANCED_FACE('',(#494),#10919,.F.);
#11464=ADVANCED_FACE('',(#495),#10920,.F.);
#11465=ADVANCED_FACE('',(#496),#10921,.T.);
#11466=ADVANCED_FACE('',(#497),#10922,.T.);
#11467=ADVANCED_FACE('',(#498),#10923,.T.);
#11468=ADVANCED_FACE('',(#499),#10924,.T.);
#11469=ADVANCED_FACE('',(#500),#10925,.T.);
#11470=ADVANCED_FACE('',(#501),#10926,.T.);
#11471=ADVANCED_FACE('',(#502),#10927,.T.);
#11472=ADVANCED_FACE('',(#503),#10928,.T.);
#11473=ADVANCED_FACE('',(#504),#10929,.T.);
#11474=ADVANCED_FACE('',(#505),#10930,.T.);
#11475=ADVANCED_FACE('',(#506),#10931,.T.);
#11476=ADVANCED_FACE('',(#507),#10932,.T.);
#11477=ADVANCED_FACE('',(#508),#10933,.T.);
#11478=ADVANCED_FACE('',(#509),#10934,.T.);
#11479=ADVANCED_FACE('',(#510),#10935,.T.);
#11480=ADVANCED_FACE('',(#511),#10936,.T.);
#11481=ADVANCED_FACE('',(#512),#10937,.T.);
#11482=ADVANCED_FACE('',(#513),#10938,.T.);
#11483=ADVANCED_FACE('',(#514),#10939,.T.);
#11484=ADVANCED_FACE('',(#515),#65,.T.);
#11485=ADVANCED_FACE('',(#516),#10940,.T.);
#11486=ADVANCED_FACE('',(#517),#66,.T.);
#11487=ADVANCED_FACE('',(#518),#10941,.T.);
#11488=ADVANCED_FACE('',(#519),#10942,.F.);
#11489=ADVANCED_FACE('',(#520),#10943,.F.);
#11490=ADVANCED_FACE('',(#521),#10944,.F.);
#11491=ADVANCED_FACE('',(#522),#10945,.F.);
#11492=ADVANCED_FACE('',(#523),#10946,.F.);
#11493=ADVANCED_FACE('',(#524),#10947,.T.);
#11494=ADVANCED_FACE('',(#525),#10948,.T.);
#11495=ADVANCED_FACE('',(#526),#10949,.T.);
#11496=ADVANCED_FACE('',(#527),#10950,.T.);
#11497=ADVANCED_FACE('',(#528),#10951,.T.);
#11498=ADVANCED_FACE('',(#529),#10952,.T.);
#11499=ADVANCED_FACE('',(#530),#10953,.T.);
#11500=ADVANCED_FACE('',(#531),#10954,.T.);
#11501=ADVANCED_FACE('',(#532),#10955,.T.);
#11502=ADVANCED_FACE('',(#533),#10956,.T.);
#11503=ADVANCED_FACE('',(#534),#10957,.T.);
#11504=ADVANCED_FACE('',(#535),#10958,.T.);
#11505=ADVANCED_FACE('',(#536),#10959,.T.);
#11506=ADVANCED_FACE('',(#537),#10960,.T.);
#11507=ADVANCED_FACE('',(#538),#10961,.T.);
#11508=ADVANCED_FACE('',(#539),#10962,.T.);
#11509=ADVANCED_FACE('',(#540),#10963,.T.);
#11510=ADVANCED_FACE('',(#541),#10964,.T.);
#11511=ADVANCED_FACE('',(#542),#10965,.T.);
#11512=ADVANCED_FACE('',(#543),#67,.T.);
#11513=ADVANCED_FACE('',(#544),#10966,.T.);
#11514=ADVANCED_FACE('',(#545),#68,.T.);
#11515=ADVANCED_FACE('',(#546),#10967,.T.);
#11516=ADVANCED_FACE('',(#547),#10968,.F.);
#11517=ADVANCED_FACE('',(#548),#10969,.F.);
#11518=ADVANCED_FACE('',(#549),#10970,.F.);
#11519=ADVANCED_FACE('',(#550),#10971,.F.);
#11520=ADVANCED_FACE('',(#551),#10972,.F.);
#11521=ADVANCED_FACE('',(#552),#10973,.T.);
#11522=ADVANCED_FACE('',(#553),#10974,.T.);
#11523=ADVANCED_FACE('',(#554),#10975,.T.);
#11524=ADVANCED_FACE('',(#555),#10976,.T.);
#11525=ADVANCED_FACE('',(#556),#10977,.T.);
#11526=ADVANCED_FACE('',(#557),#10978,.T.);
#11527=ADVANCED_FACE('',(#558),#10979,.T.);
#11528=ADVANCED_FACE('',(#559),#10980,.T.);
#11529=ADVANCED_FACE('',(#560),#10981,.T.);
#11530=ADVANCED_FACE('',(#561),#10982,.T.);
#11531=ADVANCED_FACE('',(#562),#10983,.T.);
#11532=ADVANCED_FACE('',(#563),#10984,.T.);
#11533=ADVANCED_FACE('',(#564),#10985,.T.);
#11534=ADVANCED_FACE('',(#565),#10986,.T.);
#11535=ADVANCED_FACE('',(#566),#10987,.T.);
#11536=ADVANCED_FACE('',(#567),#10988,.T.);
#11537=ADVANCED_FACE('',(#568),#10989,.T.);
#11538=ADVANCED_FACE('',(#569),#10990,.T.);
#11539=ADVANCED_FACE('',(#570),#10991,.T.);
#11540=ADVANCED_FACE('',(#571),#69,.T.);
#11541=ADVANCED_FACE('',(#572),#10992,.T.);
#11542=ADVANCED_FACE('',(#573),#70,.T.);
#11543=ADVANCED_FACE('',(#574),#10993,.T.);
#11544=ADVANCED_FACE('',(#575),#10994,.F.);
#11545=ADVANCED_FACE('',(#576),#10995,.F.);
#11546=ADVANCED_FACE('',(#577),#10996,.F.);
#11547=ADVANCED_FACE('',(#578),#10997,.F.);
#11548=ADVANCED_FACE('',(#579),#10998,.F.);
#11549=ADVANCED_FACE('',(#580),#10999,.T.);
#11550=ADVANCED_FACE('',(#581),#11000,.T.);
#11551=ADVANCED_FACE('',(#582),#11001,.T.);
#11552=ADVANCED_FACE('',(#583),#11002,.T.);
#11553=ADVANCED_FACE('',(#584),#11003,.T.);
#11554=ADVANCED_FACE('',(#585),#11004,.T.);
#11555=ADVANCED_FACE('',(#586),#11005,.T.);
#11556=ADVANCED_FACE('',(#587),#11006,.T.);
#11557=ADVANCED_FACE('',(#588),#11007,.T.);
#11558=ADVANCED_FACE('',(#589),#11008,.T.);
#11559=ADVANCED_FACE('',(#590),#11009,.T.);
#11560=ADVANCED_FACE('',(#591),#11010,.T.);
#11561=ADVANCED_FACE('',(#592),#11011,.T.);
#11562=ADVANCED_FACE('',(#593),#11012,.T.);
#11563=ADVANCED_FACE('',(#594),#11013,.T.);
#11564=ADVANCED_FACE('',(#595),#11014,.T.);
#11565=ADVANCED_FACE('',(#596),#11015,.T.);
#11566=ADVANCED_FACE('',(#597),#11016,.T.);
#11567=ADVANCED_FACE('',(#598),#11017,.T.);
#11568=ADVANCED_FACE('',(#599),#71,.T.);
#11569=ADVANCED_FACE('',(#600),#11018,.T.);
#11570=ADVANCED_FACE('',(#601),#72,.T.);
#11571=ADVANCED_FACE('',(#602),#11019,.T.);
#11572=ADVANCED_FACE('',(#603),#11020,.F.);
#11573=ADVANCED_FACE('',(#604),#11021,.F.);
#11574=ADVANCED_FACE('',(#605),#11022,.F.);
#11575=ADVANCED_FACE('',(#606),#11023,.F.);
#11576=ADVANCED_FACE('',(#607),#11024,.F.);
#11577=ADVANCED_FACE('',(#608),#11025,.T.);
#11578=ADVANCED_FACE('',(#609),#11026,.T.);
#11579=ADVANCED_FACE('',(#610),#11027,.T.);
#11580=ADVANCED_FACE('',(#611),#11028,.T.);
#11581=ADVANCED_FACE('',(#612),#11029,.T.);
#11582=ADVANCED_FACE('',(#613),#11030,.T.);
#11583=ADVANCED_FACE('',(#614),#11031,.T.);
#11584=ADVANCED_FACE('',(#615),#11032,.T.);
#11585=ADVANCED_FACE('',(#616),#11033,.T.);
#11586=ADVANCED_FACE('',(#617),#11034,.T.);
#11587=ADVANCED_FACE('',(#618),#11035,.T.);
#11588=ADVANCED_FACE('',(#619),#11036,.T.);
#11589=ADVANCED_FACE('',(#620),#11037,.T.);
#11590=ADVANCED_FACE('',(#621),#11038,.T.);
#11591=ADVANCED_FACE('',(#622),#11039,.T.);
#11592=ADVANCED_FACE('',(#623),#11040,.T.);
#11593=ADVANCED_FACE('',(#624),#11041,.T.);
#11594=ADVANCED_FACE('',(#625),#11042,.T.);
#11595=ADVANCED_FACE('',(#626),#11043,.T.);
#11596=ADVANCED_FACE('',(#627),#73,.T.);
#11597=ADVANCED_FACE('',(#628),#11044,.T.);
#11598=ADVANCED_FACE('',(#629),#74,.T.);
#11599=ADVANCED_FACE('',(#630),#11045,.T.);
#11600=ADVANCED_FACE('',(#631),#11046,.F.);
#11601=ADVANCED_FACE('',(#632),#11047,.F.);
#11602=ADVANCED_FACE('',(#633),#11048,.F.);
#11603=ADVANCED_FACE('',(#634),#11049,.F.);
#11604=ADVANCED_FACE('',(#635),#11050,.F.);
#11605=ADVANCED_FACE('',(#636),#11051,.T.);
#11606=ADVANCED_FACE('',(#637),#11052,.T.);
#11607=ADVANCED_FACE('',(#638),#11053,.T.);
#11608=ADVANCED_FACE('',(#639),#11054,.T.);
#11609=ADVANCED_FACE('',(#640),#11055,.T.);
#11610=ADVANCED_FACE('',(#641),#11056,.T.);
#11611=ADVANCED_FACE('',(#642),#11057,.T.);
#11612=ADVANCED_FACE('',(#643),#11058,.T.);
#11613=ADVANCED_FACE('',(#644),#11059,.T.);
#11614=ADVANCED_FACE('',(#645),#11060,.T.);
#11615=ADVANCED_FACE('',(#646),#11061,.T.);
#11616=ADVANCED_FACE('',(#647),#11062,.T.);
#11617=ADVANCED_FACE('',(#648),#11063,.T.);
#11618=ADVANCED_FACE('',(#649),#11064,.T.);
#11619=ADVANCED_FACE('',(#650),#11065,.T.);
#11620=ADVANCED_FACE('',(#651),#11066,.T.);
#11621=ADVANCED_FACE('',(#652),#11067,.T.);
#11622=ADVANCED_FACE('',(#653),#11068,.T.);
#11623=ADVANCED_FACE('',(#654),#11069,.T.);
#11624=ADVANCED_FACE('',(#655),#75,.T.);
#11625=ADVANCED_FACE('',(#656),#11070,.T.);
#11626=ADVANCED_FACE('',(#657),#76,.T.);
#11627=ADVANCED_FACE('',(#658),#11071,.T.);
#11628=ADVANCED_FACE('',(#659),#11072,.F.);
#11629=ADVANCED_FACE('',(#660),#11073,.F.);
#11630=ADVANCED_FACE('',(#661),#11074,.F.);
#11631=ADVANCED_FACE('',(#662),#11075,.F.);
#11632=ADVANCED_FACE('',(#663),#11076,.F.);
#11633=ADVANCED_FACE('',(#664),#11077,.T.);
#11634=ADVANCED_FACE('',(#665),#11078,.T.);
#11635=ADVANCED_FACE('',(#666),#11079,.T.);
#11636=ADVANCED_FACE('',(#667),#11080,.T.);
#11637=ADVANCED_FACE('',(#668),#11081,.T.);
#11638=ADVANCED_FACE('',(#669),#11082,.T.);
#11639=ADVANCED_FACE('',(#670),#11083,.T.);
#11640=ADVANCED_FACE('',(#671),#11084,.T.);
#11641=ADVANCED_FACE('',(#672),#11085,.T.);
#11642=ADVANCED_FACE('',(#673),#11086,.T.);
#11643=ADVANCED_FACE('',(#674),#11087,.T.);
#11644=ADVANCED_FACE('',(#675),#11088,.T.);
#11645=ADVANCED_FACE('',(#676),#11089,.T.);
#11646=ADVANCED_FACE('',(#677),#11090,.T.);
#11647=ADVANCED_FACE('',(#678),#11091,.T.);
#11648=ADVANCED_FACE('',(#679),#11092,.T.);
#11649=ADVANCED_FACE('',(#680),#11093,.T.);
#11650=ADVANCED_FACE('',(#681),#11094,.T.);
#11651=ADVANCED_FACE('',(#682),#11095,.T.);
#11652=ADVANCED_FACE('',(#683),#77,.T.);
#11653=ADVANCED_FACE('',(#684),#11096,.T.);
#11654=ADVANCED_FACE('',(#685),#78,.T.);
#11655=ADVANCED_FACE('',(#686),#11097,.T.);
#11656=ADVANCED_FACE('',(#687),#11098,.T.);
#11657=ADVANCED_FACE('',(#688),#11099,.T.);
#11658=ADVANCED_FACE('',(#689),#79,.T.);
#11659=ADVANCED_FACE('',(#690),#11100,.T.);
#11660=ADVANCED_FACE('',(#691),#80,.T.);
#11661=ADVANCED_FACE('',(#692),#11101,.T.);
#11662=ADVANCED_FACE('',(#693),#11102,.T.);
#11663=ADVANCED_FACE('',(#694),#81,.T.);
#11664=ADVANCED_FACE('',(#695),#11103,.T.);
#11665=ADVANCED_FACE('',(#696),#11104,.T.);
#11666=ADVANCED_FACE('',(#697),#11105,.T.);
#11667=ADVANCED_FACE('',(#698),#11106,.T.);
#11668=ADVANCED_FACE('',(#699),#11107,.T.);
#11669=ADVANCED_FACE('',(#700),#11108,.T.);
#11670=ADVANCED_FACE('',(#701),#11109,.T.);
#11671=ADVANCED_FACE('',(#702),#11110,.T.);
#11672=ADVANCED_FACE('',(#703),#11111,.T.);
#11673=ADVANCED_FACE('',(#704),#11112,.T.);
#11674=ADVANCED_FACE('',(#705),#11113,.T.);
#11675=ADVANCED_FACE('',(#706),#11114,.T.);
#11676=ADVANCED_FACE('',(#707),#11115,.T.);
#11677=ADVANCED_FACE('',(#708),#11116,.T.);
#11678=ADVANCED_FACE('',(#709),#11117,.F.);
#11679=ADVANCED_FACE('',(#710),#11118,.T.);
#11680=CLOSED_SHELL('',(#11119,#11120,#11121,#11122,#11123,#11124,#11125,
#11126,#11127,#11128,#11129,#11130,#11131,#11132,#11133,#11134,#11135,#11136,
#11137,#11138,#11139,#11140,#11141,#11142,#11143,#11144,#11145,#11146,#11147,
#11148,#11149,#11150,#11151,#11152,#11153,#11154,#11155,#11156,#11157,#11158,
#11159,#11160,#11161,#11162,#11163,#11164,#11165,#11166,#11167,#11168,#11169,
#11170,#11171,#11172,#11173,#11174,#11175,#11176,#11177,#11178,#11179,#11180,
#11181,#11182,#11183,#11184,#11185,#11186,#11187,#11188,#11189,#11190,#11191,
#11192,#11193,#11194,#11195,#11196,#11197,#11198,#11199,#11200,#11201,#11202,
#11203,#11204,#11205,#11206,#11207,#11208,#11209,#11210,#11211,#11212,#11213,
#11214,#11215,#11216,#11217,#11218,#11219,#11220,#11221,#11222,#11223,#11224,
#11225,#11226,#11227,#11228,#11229,#11230,#11231,#11232,#11233,#11234,#11235,
#11236,#11237,#11238,#11239,#11240,#11241,#11242,#11243,#11244,#11245,#11246,
#11247,#11248,#11249,#11250,#11251,#11252,#11253,#11254,#11255,#11256,#11257,
#11258,#11259,#11260,#11261,#11262,#11263,#11264,#11265,#11266,#11267,#11268,
#11269,#11270,#11271,#11272,#11273,#11274,#11275,#11276,#11277,#11278,#11279,
#11280,#11281,#11282,#11283,#11284,#11285,#11286,#11287,#11288,#11289,#11290,
#11291,#11292,#11293,#11294,#11295,#11296,#11297,#11298,#11299,#11300,#11301,
#11302,#11303,#11304,#11305,#11306,#11307,#11308,#11309,#11310,#11311,#11312,
#11313,#11314,#11315,#11316,#11317,#11318,#11319,#11320,#11321,#11322,#11323,
#11324,#11325,#11326,#11327,#11328,#11329,#11330,#11331,#11332,#11333,#11334,
#11335,#11336,#11337,#11338,#11339,#11340,#11341,#11342,#11343,#11344,#11345,
#11346,#11347,#11348,#11349,#11350,#11351,#11352,#11353,#11354,#11355,#11356,
#11357,#11358,#11359,#11360,#11361,#11362,#11363,#11364,#11365,#11366,#11367,
#11368,#11369,#11370,#11371,#11372,#11373,#11374,#11375,#11376,#11377,#11378,
#11379,#11380,#11381,#11382,#11383,#11384,#11385,#11386,#11387,#11388,#11389,
#11390,#11391,#11392,#11393,#11394,#11395,#11396,#11397,#11398,#11399,#11400,
#11401,#11402,#11403,#11404,#11405,#11406,#11407,#11408,#11409,#11410,#11411,
#11412,#11413,#11414,#11415,#11416,#11417,#11418,#11419,#11420,#11421,#11422,
#11423,#11424,#11425,#11426,#11427,#11428,#11429,#11430,#11431,#11432,#11433,
#11434,#11435,#11436,#11437,#11438,#11439,#11440,#11441,#11442,#11443,#11444,
#11445,#11446,#11447,#11448,#11449,#11450,#11451,#11452,#11453,#11454,#11455,
#11456,#11457,#11458,#11459,#11460,#11461,#11462,#11463,#11464,#11465,#11466,
#11467,#11468,#11469,#11470,#11471,#11472,#11473,#11474,#11475,#11476,#11477,
#11478,#11479,#11480,#11481,#11482,#11483,#11484,#11485,#11486,#11487,#11488,
#11489,#11490,#11491,#11492,#11493,#11494,#11495,#11496,#11497,#11498,#11499,
#11500,#11501,#11502,#11503,#11504,#11505,#11506,#11507,#11508,#11509,#11510,
#11511,#11512,#11513,#11514,#11515,#11516,#11517,#11518,#11519,#11520,#11521,
#11522,#11523,#11524,#11525,#11526,#11527,#11528,#11529,#11530,#11531,#11532,
#11533,#11534,#11535,#11536,#11537,#11538,#11539,#11540,#11541,#11542,#11543,
#11544,#11545,#11546,#11547,#11548,#11549,#11550,#11551,#11552,#11553,#11554,
#11555,#11556,#11557,#11558,#11559,#11560,#11561,#11562,#11563,#11564,#11565,
#11566,#11567,#11568,#11569,#11570,#11571,#11572,#11573,#11574,#11575,#11576,
#11577,#11578,#11579,#11580,#11581,#11582,#11583,#11584,#11585,#11586,#11587,
#11588,#11589,#11590,#11591,#11592,#11593,#11594,#11595,#11596,#11597,#11598,
#11599,#11600,#11601,#11602,#11603,#11604,#11605,#11606,#11607,#11608,#11609,
#11610,#11611,#11612,#11613,#11614,#11615,#11616,#11617,#11618,#11619,#11620,
#11621,#11622,#11623,#11624,#11625,#11626,#11627,#11628,#11629,#11630,#11631,
#11632,#11633,#11634,#11635,#11636,#11637,#11638,#11639,#11640,#11641,#11642,
#11643,#11644,#11645,#11646,#11647,#11648,#11649,#11650,#11651,#11652,#11653,
#11654,#11655,#11656,#11657,#11658,#11659,#11660,#11661,#11662,#11663,#11664,
#11665,#11666,#11667,#11668,#11669,#11670,#11671,#11672,#11673,#11674,#11675,
#11676,#11677,#11678,#11679));
#11681=DERIVED_UNIT_ELEMENT(#11683,1.);
#11682=DERIVED_UNIT_ELEMENT(#18516,-3.);
#11683=(
MASS_UNIT()
NAMED_UNIT(*)
SI_UNIT(.KILO.,.GRAM.)
);
#11684=DERIVED_UNIT((#11681,#11682));
#11685=MEASURE_REPRESENTATION_ITEM('density measure',
POSITIVE_RATIO_MEASURE(7850.),#11684);
#11686=PROPERTY_DEFINITION_REPRESENTATION(#11691,#11688);
#11687=PROPERTY_DEFINITION_REPRESENTATION(#11692,#11689);
#11688=REPRESENTATION('material name',(#11690),#18513);
#11689=REPRESENTATION('density',(#11685),#18513);
#11690=DESCRIPTIVE_REPRESENTATION_ITEM('Steel','Steel');
#11691=PROPERTY_DEFINITION('material property','material name',#18523);
#11692=PROPERTY_DEFINITION('material property','density of part',#18523);
#11693=AXIS2_PLACEMENT_3D('',#15186,#12325,#12326);
#11694=AXIS2_PLACEMENT_3D('',#15187,#12327,#12328);
#11695=AXIS2_PLACEMENT_3D('',#15204,#12337,#12338);
#11696=AXIS2_PLACEMENT_3D('',#15218,#12346,#12347);
#11697=AXIS2_PLACEMENT_3D('',#15251,#12364,#12365);
#11698=AXIS2_PLACEMENT_3D('',#15281,#12381,#12382);
#11699=AXIS2_PLACEMENT_3D('',#15295,#12390,#12391);
#11700=AXIS2_PLACEMENT_3D('',#15301,#12395,#12396);
#11701=AXIS2_PLACEMENT_3D('',#15307,#12400,#12401);
#11702=AXIS2_PLACEMENT_3D('',#15323,#12410,#12411);
#11703=AXIS2_PLACEMENT_3D('',#15331,#12416,#12417);
#11704=AXIS2_PLACEMENT_3D('',#15359,#12432,#12433);
#11705=AXIS2_PLACEMENT_3D('',#15369,#12439,#12440);
#11706=AXIS2_PLACEMENT_3D('',#15373,#12443,#12444);
#11707=AXIS2_PLACEMENT_3D('',#15377,#12447,#12448);
#11708=AXIS2_PLACEMENT_3D('',#15381,#12451,#12452);
#11709=AXIS2_PLACEMENT_3D('',#15385,#12455,#12456);
#11710=AXIS2_PLACEMENT_3D('',#15401,#12464,#12465);
#11711=AXIS2_PLACEMENT_3D('',#15544,#12537,#12538);
#11712=AXIS2_PLACEMENT_3D('',#15547,#12541,#12542);
#11713=AXIS2_PLACEMENT_3D('',#15553,#12546,#12547);
#11714=AXIS2_PLACEMENT_3D('',#15575,#12559,#12560);
#11715=AXIS2_PLACEMENT_3D('',#15581,#12564,#12565);
#11716=AXIS2_PLACEMENT_3D('',#15588,#12570,#12571);
#11717=AXIS2_PLACEMENT_3D('',#15602,#12580,#12581);
#11718=AXIS2_PLACEMENT_3D('',#15606,#12584,#12585);
#11719=AXIS2_PLACEMENT_3D('',#15610,#12588,#12589);
#11720=AXIS2_PLACEMENT_3D('',#15640,#12606,#12607);
#11721=AXIS2_PLACEMENT_3D('',#15642,#12609,#12610);
#11722=AXIS2_PLACEMENT_3D('',#15643,#12611,#12612);
#11723=AXIS2_PLACEMENT_3D('',#15650,#12617,#12618);
#11724=AXIS2_PLACEMENT_3D('',#15656,#12622,#12623);
#11725=AXIS2_PLACEMENT_3D('',#15662,#12627,#12628);
#11726=AXIS2_PLACEMENT_3D('',#15668,#12632,#12633);
#11727=AXIS2_PLACEMENT_3D('',#15676,#12638,#12639);
#11728=AXIS2_PLACEMENT_3D('',#15682,#12643,#12644);
#11729=AXIS2_PLACEMENT_3D('',#15686,#12647,#12648);
#11730=AXIS2_PLACEMENT_3D('',#15689,#12651,#12652);
#11731=AXIS2_PLACEMENT_3D('',#15699,#12659,#12660);
#11732=AXIS2_PLACEMENT_3D('',#15701,#12662,#12663);
#11733=AXIS2_PLACEMENT_3D('',#15702,#12664,#12665);
#11734=AXIS2_PLACEMENT_3D('',#15709,#12670,#12671);
#11735=AXIS2_PLACEMENT_3D('',#15715,#12675,#12676);
#11736=AXIS2_PLACEMENT_3D('',#15723,#12681,#12682);
#11737=AXIS2_PLACEMENT_3D('',#15725,#12683,#12684);
#11738=AXIS2_PLACEMENT_3D('',#15728,#12686,#12687);
#11739=AXIS2_PLACEMENT_3D('',#15729,#12688,#12689);
#11740=AXIS2_PLACEMENT_3D('',#15731,#12690,#12691);
#11741=AXIS2_PLACEMENT_3D('',#15733,#12693,#12694);
#11742=AXIS2_PLACEMENT_3D('',#15882,#12769,#12770);
#11743=AXIS2_PLACEMENT_3D('',#15886,#12773,#12774);
#11744=AXIS2_PLACEMENT_3D('',#15892,#12777,#12778);
#11745=AXIS2_PLACEMENT_3D('',#15894,#12780,#12781);
#11746=AXIS2_PLACEMENT_3D('',#15898,#12784,#12785);
#11747=AXIS2_PLACEMENT_3D('',#15900,#12786,#12787);
#11748=AXIS2_PLACEMENT_3D('',#15904,#12790,#12791);
#11749=AXIS2_PLACEMENT_3D('',#15908,#12794,#12795);
#11750=AXIS2_PLACEMENT_3D('',#15920,#12802,#12803);
#11751=AXIS2_PLACEMENT_3D('',#15922,#12805,#12806);
#11752=AXIS2_PLACEMENT_3D('',#15938,#12814,#12815);
#11753=AXIS2_PLACEMENT_3D('',#15942,#12818,#12819);
#11754=AXIS2_PLACEMENT_3D('',#15958,#12828,#12829);
#11755=AXIS2_PLACEMENT_3D('',#15962,#12832,#12833);
#11756=AXIS2_PLACEMENT_3D('',#15964,#12835,#12836);
#11757=AXIS2_PLACEMENT_3D('',#15973,#12841,#12842);
#11758=AXIS2_PLACEMENT_3D('',#15975,#12844,#12845);
#11759=AXIS2_PLACEMENT_3D('',#15988,#12853,#12854);
#11760=AXIS2_PLACEMENT_3D('',#15990,#12856,#12857);
#11761=AXIS2_PLACEMENT_3D('',#15992,#12859,#12860);
#11762=AXIS2_PLACEMENT_3D('',#15999,#12865,#12866);
#11763=AXIS2_PLACEMENT_3D('',#16000,#12867,#12868);
#11764=AXIS2_PLACEMENT_3D('',#16004,#12871,#12872);
#11765=AXIS2_PLACEMENT_3D('',#16008,#12875,#12876);
#11766=AXIS2_PLACEMENT_3D('',#16025,#12886,#12887);
#11767=AXIS2_PLACEMENT_3D('',#16029,#12890,#12891);
#11768=AXIS2_PLACEMENT_3D('',#16033,#12894,#12895);
#11769=AXIS2_PLACEMENT_3D('',#16037,#12898,#12899);
#11770=AXIS2_PLACEMENT_3D('',#16043,#12903,#12904);
#11771=AXIS2_PLACEMENT_3D('',#16061,#12915,#12916);
#11772=AXIS2_PLACEMENT_3D('',#16193,#12984,#12985);
#11773=AXIS2_PLACEMENT_3D('',#16205,#12992,#12993);
#11774=AXIS2_PLACEMENT_3D('',#16217,#13000,#13001);
#11775=AXIS2_PLACEMENT_3D('',#16226,#13006,#13007);
#11776=AXIS2_PLACEMENT_3D('',#16234,#13011,#13012);
#11777=AXIS2_PLACEMENT_3D('',#16235,#13013,#13014);
#11778=AXIS2_PLACEMENT_3D('',#16242,#13018,#13019);
#11779=AXIS2_PLACEMENT_3D('',#16243,#13020,#13021);
#11780=AXIS2_PLACEMENT_3D('',#16247,#13024,#13025);
#11781=AXIS2_PLACEMENT_3D('',#16257,#13031,#13032);
#11782=AXIS2_PLACEMENT_3D('',#16269,#13039,#13040);
#11783=AXIS2_PLACEMENT_3D('',#16278,#13045,#13046);
#11784=AXIS2_PLACEMENT_3D('',#16283,#13048,#13049);
#11785=AXIS2_PLACEMENT_3D('',#16287,#13052,#13053);
#11786=AXIS2_PLACEMENT_3D('',#16291,#13055,#13056);
#11787=AXIS2_PLACEMENT_3D('',#16295,#13059,#13060);
#11788=AXIS2_PLACEMENT_3D('',#16562,#13212,#13213);
#11789=AXIS2_PLACEMENT_3D('',#16572,#13219,#13220);
#11790=AXIS2_PLACEMENT_3D('',#16582,#13226,#13227);
#11791=AXIS2_PLACEMENT_3D('',#16588,#13231,#13232);
#11792=AXIS2_PLACEMENT_3D('',#16595,#13235,#13236);
#11793=AXIS2_PLACEMENT_3D('',#16597,#13238,#13239);
#11794=AXIS2_PLACEMENT_3D('',#16601,#13241,#13242);
#11795=AXIS2_PLACEMENT_3D('',#16605,#13245,#13246);
#11796=AXIS2_PLACEMENT_3D('',#16609,#13249,#13250);
#11797=AXIS2_PLACEMENT_3D('',#16613,#13253,#13254);
#11798=AXIS2_PLACEMENT_3D('',#16617,#13257,#13258);
#11799=AXIS2_PLACEMENT_3D('',#16621,#13261,#13262);
#11800=AXIS2_PLACEMENT_3D('',#16623,#13264,#13265);
#11801=AXIS2_PLACEMENT_3D('',#16624,#13266,#13267);
#11802=AXIS2_PLACEMENT_3D('',#16634,#13273,#13274);
#11803=AXIS2_PLACEMENT_3D('',#16640,#13278,#13279);
#11804=AXIS2_PLACEMENT_3D('',#16647,#13282,#13283);
#11805=AXIS2_PLACEMENT_3D('',#16649,#13285,#13286);
#11806=AXIS2_PLACEMENT_3D('',#16656,#13290,#13291);
#11807=AXIS2_PLACEMENT_3D('',#16657,#13292,#13293);
#11808=AXIS2_PLACEMENT_3D('',#16659,#13295,#13296);
#11809=AXIS2_PLACEMENT_3D('',#16661,#13298,#13299);
#11810=AXIS2_PLACEMENT_3D('',#16663,#13301,#13302);
#11811=AXIS2_PLACEMENT_3D('',#16665,#13304,#13305);
#11812=AXIS2_PLACEMENT_3D('',#16666,#13306,#13307);
#11813=AXIS2_PLACEMENT_3D('',#16668,#13309,#13310);
#11814=AXIS2_PLACEMENT_3D('',#16670,#13312,#13313);
#11815=AXIS2_PLACEMENT_3D('',#16671,#13314,#13315);
#11816=AXIS2_PLACEMENT_3D('',#16783,#13374,#13375);
#11817=AXIS2_PLACEMENT_3D('',#16787,#13378,#13379);
#11818=AXIS2_PLACEMENT_3D('',#16791,#13382,#13383);
#11819=AXIS2_PLACEMENT_3D('',#16903,#13442,#13443);
#11820=AXIS2_PLACEMENT_3D('',#16913,#13449,#13450);
#11821=AXIS2_PLACEMENT_3D('',#16923,#13456,#13457);
#11822=AXIS2_PLACEMENT_3D('',#16929,#13461,#13462);
#11823=AXIS2_PLACEMENT_3D('',#16933,#13464,#13465);
#11824=AXIS2_PLACEMENT_3D('',#16935,#13467,#13468);
#11825=AXIS2_PLACEMENT_3D('',#16938,#13470,#13471);
#11826=AXIS2_PLACEMENT_3D('',#16940,#13473,#13474);
#11827=AXIS2_PLACEMENT_3D('',#16944,#13477,#13478);
#11828=AXIS2_PLACEMENT_3D('',#16948,#13481,#13482);
#11829=AXIS2_PLACEMENT_3D('',#16952,#13485,#13486);
#11830=AXIS2_PLACEMENT_3D('',#16956,#13489,#13490);
#11831=AXIS2_PLACEMENT_3D('',#16958,#13492,#13493);
#11832=AXIS2_PLACEMENT_3D('',#16959,#13494,#13495);
#11833=AXIS2_PLACEMENT_3D('',#16969,#13501,#13502);
#11834=AXIS2_PLACEMENT_3D('',#16975,#13506,#13507);
#11835=AXIS2_PLACEMENT_3D('',#16980,#13510,#13511);
#11836=AXIS2_PLACEMENT_3D('',#16981,#13512,#13513);
#11837=AXIS2_PLACEMENT_3D('',#16985,#13516,#13517);
#11838=AXIS2_PLACEMENT_3D('',#16986,#13518,#13519);
#11839=AXIS2_PLACEMENT_3D('',#16988,#13521,#13522);
#11840=AXIS2_PLACEMENT_3D('',#16990,#13524,#13525);
#11841=AXIS2_PLACEMENT_3D('',#16992,#13527,#13528);
#11842=AXIS2_PLACEMENT_3D('',#16994,#13530,#13531);
#11843=AXIS2_PLACEMENT_3D('',#16995,#13532,#13533);
#11844=AXIS2_PLACEMENT_3D('',#16997,#13535,#13536);
#11845=AXIS2_PLACEMENT_3D('',#16999,#13538,#13539);
#11846=AXIS2_PLACEMENT_3D('',#17000,#13540,#13541);
#11847=AXIS2_PLACEMENT_3D('',#17002,#13543,#13544);
#11848=AXIS2_PLACEMENT_3D('',#17004,#13546,#13547);
#11849=AXIS2_PLACEMENT_3D('',#17005,#13548,#13549);
#11850=AXIS2_PLACEMENT_3D('',#17007,#13551,#13552);
#11851=AXIS2_PLACEMENT_3D('',#17078,#13596,#13597);
#11852=AXIS2_PLACEMENT_3D('',#17080,#13599,#13600);
#11853=AXIS2_PLACEMENT_3D('',#17082,#13602,#13603);
#11854=AXIS2_PLACEMENT_3D('',#17094,#13611,#13612);
#11855=AXIS2_PLACEMENT_3D('',#17097,#13615,#13616);
#11856=AXIS2_PLACEMENT_3D('',#17099,#13618,#13619);
#11857=AXIS2_PLACEMENT_3D('',#17101,#13621,#13622);
#11858=AXIS2_PLACEMENT_3D('',#17103,#13624,#13625);
#11859=AXIS2_PLACEMENT_3D('',#17104,#13626,#13627);
#11860=AXIS2_PLACEMENT_3D('',#17108,#13630,#13631);
#11861=AXIS2_PLACEMENT_3D('',#17115,#13636,#13637);
#11862=AXIS2_PLACEMENT_3D('',#17116,#13638,#13639);
#11863=AXIS2_PLACEMENT_3D('',#17122,#13643,#13644);
#11864=AXIS2_PLACEMENT_3D('',#17126,#13647,#13648);
#11865=AXIS2_PLACEMENT_3D('',#17131,#13652,#13653);
#11866=AXIS2_PLACEMENT_3D('',#17133,#13655,#13656);
#11867=AXIS2_PLACEMENT_3D('',#17135,#13658,#13659);
#11868=AXIS2_PLACEMENT_3D('',#17136,#13660,#13661);
#11869=AXIS2_PLACEMENT_3D('',#17138,#13663,#13664);
#11870=AXIS2_PLACEMENT_3D('',#17139,#13665,#13666);
#11871=AXIS2_PLACEMENT_3D('',#17141,#13668,#13669);
#11872=AXIS2_PLACEMENT_3D('',#17142,#13670,#13671);
#11873=AXIS2_PLACEMENT_3D('',#17144,#13673,#13674);
#11874=AXIS2_PLACEMENT_3D('',#17146,#13676,#13677);
#11875=AXIS2_PLACEMENT_3D('',#17148,#13679,#13680);
#11876=AXIS2_PLACEMENT_3D('',#17149,#13681,#13682);
#11877=AXIS2_PLACEMENT_3D('',#17151,#13684,#13685);
#11878=AXIS2_PLACEMENT_3D('',#17154,#13688,#13689);
#11879=AXIS2_PLACEMENT_3D('',#17155,#13690,#13691);
#11880=AXIS2_PLACEMENT_3D('',#17156,#13692,#13693);
#11881=AXIS2_PLACEMENT_3D('',#17165,#13699,#13700);
#11882=AXIS2_PLACEMENT_3D('',#17167,#13702,#13703);
#11883=AXIS2_PLACEMENT_3D('',#17171,#13706,#13707);
#11884=AXIS2_PLACEMENT_3D('',#17175,#13710,#13711);
#11885=AXIS2_PLACEMENT_3D('',#17179,#13714,#13715);
#11886=AXIS2_PLACEMENT_3D('',#17183,#13718,#13719);
#11887=AXIS2_PLACEMENT_3D('',#17185,#13721,#13722);
#11888=AXIS2_PLACEMENT_3D('',#17192,#13727,#13728);
#11889=AXIS2_PLACEMENT_3D('',#17198,#13733,#13734);
#11890=AXIS2_PLACEMENT_3D('',#17200,#13736,#13737);
#11891=AXIS2_PLACEMENT_3D('',#17201,#13738,#13739);
#11892=AXIS2_PLACEMENT_3D('',#17203,#13741,#13742);
#11893=AXIS2_PLACEMENT_3D('',#17205,#13744,#13745);
#11894=AXIS2_PLACEMENT_3D('',#17206,#13746,#13747);
#11895=AXIS2_PLACEMENT_3D('',#17207,#13748,#13749);
#11896=AXIS2_PLACEMENT_3D('',#17213,#13753,#13754);
#11897=AXIS2_PLACEMENT_3D('',#17219,#13758,#13759);
#11898=AXIS2_PLACEMENT_3D('',#17225,#13763,#13764);
#11899=AXIS2_PLACEMENT_3D('',#17226,#13765,#13766);
#11900=AXIS2_PLACEMENT_3D('',#17228,#13768,#13769);
#11901=AXIS2_PLACEMENT_3D('',#17230,#13771,#13772);
#11902=AXIS2_PLACEMENT_3D('',#17231,#13773,#13774);
#11903=AXIS2_PLACEMENT_3D('',#17233,#13776,#13777);
#11904=AXIS2_PLACEMENT_3D('',#17235,#13779,#13780);
#11905=AXIS2_PLACEMENT_3D('',#17236,#13781,#13782);
#11906=AXIS2_PLACEMENT_3D('',#17243,#13787,#13788);
#11907=AXIS2_PLACEMENT_3D('',#17246,#13791,#13792);
#11908=AXIS2_PLACEMENT_3D('',#17247,#13793,#13794);
#11909=AXIS2_PLACEMENT_3D('',#17248,#13795,#13796);
#11910=AXIS2_PLACEMENT_3D('',#17249,#13797,#13798);
#11911=AXIS2_PLACEMENT_3D('',#17250,#13799,#13800);
#11912=AXIS2_PLACEMENT_3D('',#17251,#13801,#13802);
#11913=AXIS2_PLACEMENT_3D('',#17252,#13803,#13804);
#11914=AXIS2_PLACEMENT_3D('',#17253,#13805,#13806);
#11915=AXIS2_PLACEMENT_3D('',#17263,#13812,#13813);
#11916=AXIS2_PLACEMENT_3D('',#17273,#13819,#13820);
#11917=AXIS2_PLACEMENT_3D('',#17279,#13824,#13825);
#11918=AXIS2_PLACEMENT_3D('',#17284,#13828,#13829);
#11919=AXIS2_PLACEMENT_3D('',#17285,#13830,#13831);
#11920=AXIS2_PLACEMENT_3D('',#17287,#13833,#13834);
#11921=AXIS2_PLACEMENT_3D('',#17288,#13835,#13836);
#11922=AXIS2_PLACEMENT_3D('',#17292,#13839,#13840);
#11923=AXIS2_PLACEMENT_3D('',#17300,#13845,#13846);
#11924=AXIS2_PLACEMENT_3D('',#17310,#13852,#13853);
#11925=AXIS2_PLACEMENT_3D('',#17316,#13857,#13858);
#11926=AXIS2_PLACEMENT_3D('',#17320,#13860,#13861);
#11927=AXIS2_PLACEMENT_3D('',#17322,#13863,#13864);
#11928=AXIS2_PLACEMENT_3D('',#17324,#13866,#13867);
#11929=AXIS2_PLACEMENT_3D('',#17325,#13868,#13869);
#11930=AXIS2_PLACEMENT_3D('',#17327,#13871,#13872);
#11931=AXIS2_PLACEMENT_3D('',#17329,#13874,#13875);
#11932=AXIS2_PLACEMENT_3D('',#17331,#13877,#13878);
#11933=AXIS2_PLACEMENT_3D('',#17332,#13879,#13880);
#11934=AXIS2_PLACEMENT_3D('',#17334,#13882,#13883);
#11935=AXIS2_PLACEMENT_3D('',#17336,#13885,#13886);
#11936=AXIS2_PLACEMENT_3D('',#17338,#13888,#13889);
#11937=AXIS2_PLACEMENT_3D('',#17340,#13891,#13892);
#11938=AXIS2_PLACEMENT_3D('',#17341,#13893,#13894);
#11939=AXIS2_PLACEMENT_3D('',#17343,#13896,#13897);
#11940=AXIS2_PLACEMENT_3D('',#17345,#13899,#13900);
#11941=AXIS2_PLACEMENT_3D('',#17346,#13901,#13902);
#11942=AXIS2_PLACEMENT_3D('',#17348,#13904,#13905);
#11943=AXIS2_PLACEMENT_3D('',#17350,#13907,#13908);
#11944=AXIS2_PLACEMENT_3D('',#17351,#13909,#13910);
#11945=AXIS2_PLACEMENT_3D('',#17353,#13912,#13913);
#11946=AXIS2_PLACEMENT_3D('',#17370,#13930,#13931);
#11947=AXIS2_PLACEMENT_3D('',#17371,#13932,#13933);
#11948=AXIS2_PLACEMENT_3D('',#17372,#13934,#13935);
#11949=AXIS2_PLACEMENT_3D('',#17375,#13938,#13939);
#11950=AXIS2_PLACEMENT_3D('',#17385,#13945,#13946);
#11951=AXIS2_PLACEMENT_3D('',#17395,#13952,#13953);
#11952=AXIS2_PLACEMENT_3D('',#17401,#13957,#13958);
#11953=AXIS2_PLACEMENT_3D('',#17406,#13961,#13962);
#11954=AXIS2_PLACEMENT_3D('',#17407,#13963,#13964);
#11955=AXIS2_PLACEMENT_3D('',#17408,#13965,#13966);
#11956=AXIS2_PLACEMENT_3D('',#17409,#13967,#13968);
#11957=AXIS2_PLACEMENT_3D('',#17413,#13971,#13972);
#11958=AXIS2_PLACEMENT_3D('',#17421,#13977,#13978);
#11959=AXIS2_PLACEMENT_3D('',#17431,#13984,#13985);
#11960=AXIS2_PLACEMENT_3D('',#17437,#13989,#13990);
#11961=AXIS2_PLACEMENT_3D('',#17441,#13992,#13993);
#11962=AXIS2_PLACEMENT_3D('',#17443,#13995,#13996);
#11963=AXIS2_PLACEMENT_3D('',#17444,#13997,#13998);
#11964=AXIS2_PLACEMENT_3D('',#17445,#13999,#14000);
#11965=AXIS2_PLACEMENT_3D('',#17447,#14002,#14003);
#11966=AXIS2_PLACEMENT_3D('',#17449,#14005,#14006);
#11967=AXIS2_PLACEMENT_3D('',#17451,#14008,#14009);
#11968=AXIS2_PLACEMENT_3D('',#17452,#14010,#14011);
#11969=AXIS2_PLACEMENT_3D('',#17454,#14013,#14014);
#11970=AXIS2_PLACEMENT_3D('',#17456,#14016,#14017);
#11971=AXIS2_PLACEMENT_3D('',#17458,#14019,#14020);
#11972=AXIS2_PLACEMENT_3D('',#17460,#14022,#14023);
#11973=AXIS2_PLACEMENT_3D('',#17461,#14024,#14025);
#11974=AXIS2_PLACEMENT_3D('',#17463,#14027,#14028);
#11975=AXIS2_PLACEMENT_3D('',#17465,#14030,#14031);
#11976=AXIS2_PLACEMENT_3D('',#17466,#14032,#14033);
#11977=AXIS2_PLACEMENT_3D('',#17468,#14035,#14036);
#11978=AXIS2_PLACEMENT_3D('',#17470,#14038,#14039);
#11979=AXIS2_PLACEMENT_3D('',#17471,#14040,#14041);
#11980=AXIS2_PLACEMENT_3D('',#17472,#14042,#14043);
#11981=AXIS2_PLACEMENT_3D('',#17475,#14046,#14047);
#11982=AXIS2_PLACEMENT_3D('',#17485,#14053,#14054);
#11983=AXIS2_PLACEMENT_3D('',#17495,#14060,#14061);
#11984=AXIS2_PLACEMENT_3D('',#17501,#14065,#14066);
#11985=AXIS2_PLACEMENT_3D('',#17506,#14069,#14070);
#11986=AXIS2_PLACEMENT_3D('',#17507,#14071,#14072);
#11987=AXIS2_PLACEMENT_3D('',#17508,#14073,#14074);
#11988=AXIS2_PLACEMENT_3D('',#17509,#14075,#14076);
#11989=AXIS2_PLACEMENT_3D('',#17513,#14079,#14080);
#11990=AXIS2_PLACEMENT_3D('',#17521,#14085,#14086);
#11991=AXIS2_PLACEMENT_3D('',#17531,#14092,#14093);
#11992=AXIS2_PLACEMENT_3D('',#17537,#14097,#14098);
#11993=AXIS2_PLACEMENT_3D('',#17541,#14100,#14101);
#11994=AXIS2_PLACEMENT_3D('',#17543,#14103,#14104);
#11995=AXIS2_PLACEMENT_3D('',#17544,#14105,#14106);
#11996=AXIS2_PLACEMENT_3D('',#17545,#14107,#14108);
#11997=AXIS2_PLACEMENT_3D('',#17547,#14110,#14111);
#11998=AXIS2_PLACEMENT_3D('',#17549,#14113,#14114);
#11999=AXIS2_PLACEMENT_3D('',#17551,#14116,#14117);
#12000=AXIS2_PLACEMENT_3D('',#17552,#14118,#14119);
#12001=AXIS2_PLACEMENT_3D('',#17554,#14121,#14122);
#12002=AXIS2_PLACEMENT_3D('',#17556,#14124,#14125);
#12003=AXIS2_PLACEMENT_3D('',#17558,#14127,#14128);
#12004=AXIS2_PLACEMENT_3D('',#17560,#14130,#14131);
#12005=AXIS2_PLACEMENT_3D('',#17561,#14132,#14133);
#12006=AXIS2_PLACEMENT_3D('',#17563,#14135,#14136);
#12007=AXIS2_PLACEMENT_3D('',#17565,#14138,#14139);
#12008=AXIS2_PLACEMENT_3D('',#17566,#14140,#14141);
#12009=AXIS2_PLACEMENT_3D('',#17568,#14143,#14144);
#12010=AXIS2_PLACEMENT_3D('',#17570,#14146,#14147);
#12011=AXIS2_PLACEMENT_3D('',#17571,#14148,#14149);
#12012=AXIS2_PLACEMENT_3D('',#17572,#14150,#14151);
#12013=AXIS2_PLACEMENT_3D('',#17575,#14154,#14155);
#12014=AXIS2_PLACEMENT_3D('',#17585,#14161,#14162);
#12015=AXIS2_PLACEMENT_3D('',#17595,#14168,#14169);
#12016=AXIS2_PLACEMENT_3D('',#17601,#14173,#14174);
#12017=AXIS2_PLACEMENT_3D('',#17606,#14177,#14178);
#12018=AXIS2_PLACEMENT_3D('',#17607,#14179,#14180);
#12019=AXIS2_PLACEMENT_3D('',#17608,#14181,#14182);
#12020=AXIS2_PLACEMENT_3D('',#17609,#14183,#14184);
#12021=AXIS2_PLACEMENT_3D('',#17613,#14187,#14188);
#12022=AXIS2_PLACEMENT_3D('',#17621,#14193,#14194);
#12023=AXIS2_PLACEMENT_3D('',#17631,#14200,#14201);
#12024=AXIS2_PLACEMENT_3D('',#17637,#14205,#14206);
#12025=AXIS2_PLACEMENT_3D('',#17641,#14208,#14209);
#12026=AXIS2_PLACEMENT_3D('',#17643,#14211,#14212);
#12027=AXIS2_PLACEMENT_3D('',#17644,#14213,#14214);
#12028=AXIS2_PLACEMENT_3D('',#17645,#14215,#14216);
#12029=AXIS2_PLACEMENT_3D('',#17647,#14218,#14219);
#12030=AXIS2_PLACEMENT_3D('',#17649,#14221,#14222);
#12031=AXIS2_PLACEMENT_3D('',#17651,#14224,#14225);
#12032=AXIS2_PLACEMENT_3D('',#17652,#14226,#14227);
#12033=AXIS2_PLACEMENT_3D('',#17654,#14229,#14230);
#12034=AXIS2_PLACEMENT_3D('',#17656,#14232,#14233);
#12035=AXIS2_PLACEMENT_3D('',#17658,#14235,#14236);
#12036=AXIS2_PLACEMENT_3D('',#17660,#14238,#14239);
#12037=AXIS2_PLACEMENT_3D('',#17661,#14240,#14241);
#12038=AXIS2_PLACEMENT_3D('',#17663,#14243,#14244);
#12039=AXIS2_PLACEMENT_3D('',#17665,#14246,#14247);
#12040=AXIS2_PLACEMENT_3D('',#17666,#14248,#14249);
#12041=AXIS2_PLACEMENT_3D('',#17668,#14251,#14252);
#12042=AXIS2_PLACEMENT_3D('',#17670,#14254,#14255);
#12043=AXIS2_PLACEMENT_3D('',#17671,#14256,#14257);
#12044=AXIS2_PLACEMENT_3D('',#17672,#14258,#14259);
#12045=AXIS2_PLACEMENT_3D('',#17675,#14262,#14263);
#12046=AXIS2_PLACEMENT_3D('',#17685,#14269,#14270);
#12047=AXIS2_PLACEMENT_3D('',#17695,#14276,#14277);
#12048=AXIS2_PLACEMENT_3D('',#17701,#14281,#14282);
#12049=AXIS2_PLACEMENT_3D('',#17706,#14285,#14286);
#12050=AXIS2_PLACEMENT_3D('',#17707,#14287,#14288);
#12051=AXIS2_PLACEMENT_3D('',#17708,#14289,#14290);
#12052=AXIS2_PLACEMENT_3D('',#17709,#14291,#14292);
#12053=AXIS2_PLACEMENT_3D('',#17713,#14295,#14296);
#12054=AXIS2_PLACEMENT_3D('',#17721,#14301,#14302);
#12055=AXIS2_PLACEMENT_3D('',#17731,#14308,#14309);
#12056=AXIS2_PLACEMENT_3D('',#17737,#14313,#14314);
#12057=AXIS2_PLACEMENT_3D('',#17741,#14316,#14317);
#12058=AXIS2_PLACEMENT_3D('',#17743,#14319,#14320);
#12059=AXIS2_PLACEMENT_3D('',#17744,#14321,#14322);
#12060=AXIS2_PLACEMENT_3D('',#17745,#14323,#14324);
#12061=AXIS2_PLACEMENT_3D('',#17747,#14326,#14327);
#12062=AXIS2_PLACEMENT_3D('',#17749,#14329,#14330);
#12063=AXIS2_PLACEMENT_3D('',#17751,#14332,#14333);
#12064=AXIS2_PLACEMENT_3D('',#17752,#14334,#14335);
#12065=AXIS2_PLACEMENT_3D('',#17754,#14337,#14338);
#12066=AXIS2_PLACEMENT_3D('',#17756,#14340,#14341);
#12067=AXIS2_PLACEMENT_3D('',#17758,#14343,#14344);
#12068=AXIS2_PLACEMENT_3D('',#17760,#14346,#14347);
#12069=AXIS2_PLACEMENT_3D('',#17761,#14348,#14349);
#12070=AXIS2_PLACEMENT_3D('',#17763,#14351,#14352);
#12071=AXIS2_PLACEMENT_3D('',#17765,#14354,#14355);
#12072=AXIS2_PLACEMENT_3D('',#17766,#14356,#14357);
#12073=AXIS2_PLACEMENT_3D('',#17768,#14359,#14360);
#12074=AXIS2_PLACEMENT_3D('',#17770,#14362,#14363);
#12075=AXIS2_PLACEMENT_3D('',#17771,#14364,#14365);
#12076=AXIS2_PLACEMENT_3D('',#17772,#14366,#14367);
#12077=AXIS2_PLACEMENT_3D('',#17775,#14370,#14371);
#12078=AXIS2_PLACEMENT_3D('',#17785,#14377,#14378);
#12079=AXIS2_PLACEMENT_3D('',#17795,#14384,#14385);
#12080=AXIS2_PLACEMENT_3D('',#17801,#14389,#14390);
#12081=AXIS2_PLACEMENT_3D('',#17806,#14393,#14394);
#12082=AXIS2_PLACEMENT_3D('',#17807,#14395,#14396);
#12083=AXIS2_PLACEMENT_3D('',#17808,#14397,#14398);
#12084=AXIS2_PLACEMENT_3D('',#17809,#14399,#14400);
#12085=AXIS2_PLACEMENT_3D('',#17813,#14403,#14404);
#12086=AXIS2_PLACEMENT_3D('',#17821,#14409,#14410);
#12087=AXIS2_PLACEMENT_3D('',#17831,#14416,#14417);
#12088=AXIS2_PLACEMENT_3D('',#17837,#14421,#14422);
#12089=AXIS2_PLACEMENT_3D('',#17841,#14424,#14425);
#12090=AXIS2_PLACEMENT_3D('',#17843,#14427,#14428);
#12091=AXIS2_PLACEMENT_3D('',#17844,#14429,#14430);
#12092=AXIS2_PLACEMENT_3D('',#17845,#14431,#14432);
#12093=AXIS2_PLACEMENT_3D('',#17847,#14434,#14435);
#12094=AXIS2_PLACEMENT_3D('',#17849,#14437,#14438);
#12095=AXIS2_PLACEMENT_3D('',#17851,#14440,#14441);
#12096=AXIS2_PLACEMENT_3D('',#17852,#14442,#14443);
#12097=AXIS2_PLACEMENT_3D('',#17854,#14445,#14446);
#12098=AXIS2_PLACEMENT_3D('',#17856,#14448,#14449);
#12099=AXIS2_PLACEMENT_3D('',#17858,#14451,#14452);
#12100=AXIS2_PLACEMENT_3D('',#17860,#14454,#14455);
#12101=AXIS2_PLACEMENT_3D('',#17861,#14456,#14457);
#12102=AXIS2_PLACEMENT_3D('',#17863,#14459,#14460);
#12103=AXIS2_PLACEMENT_3D('',#17865,#14462,#14463);
#12104=AXIS2_PLACEMENT_3D('',#17866,#14464,#14465);
#12105=AXIS2_PLACEMENT_3D('',#17868,#14467,#14468);
#12106=AXIS2_PLACEMENT_3D('',#17870,#14470,#14471);
#12107=AXIS2_PLACEMENT_3D('',#17871,#14472,#14473);
#12108=AXIS2_PLACEMENT_3D('',#17872,#14474,#14475);
#12109=AXIS2_PLACEMENT_3D('',#17875,#14478,#14479);
#12110=AXIS2_PLACEMENT_3D('',#17885,#14485,#14486);
#12111=AXIS2_PLACEMENT_3D('',#17895,#14492,#14493);
#12112=AXIS2_PLACEMENT_3D('',#17901,#14497,#14498);
#12113=AXIS2_PLACEMENT_3D('',#17906,#14501,#14502);
#12114=AXIS2_PLACEMENT_3D('',#17907,#14503,#14504);
#12115=AXIS2_PLACEMENT_3D('',#17908,#14505,#14506);
#12116=AXIS2_PLACEMENT_3D('',#17909,#14507,#14508);
#12117=AXIS2_PLACEMENT_3D('',#17913,#14511,#14512);
#12118=AXIS2_PLACEMENT_3D('',#17921,#14517,#14518);
#12119=AXIS2_PLACEMENT_3D('',#17931,#14524,#14525);
#12120=AXIS2_PLACEMENT_3D('',#17937,#14529,#14530);
#12121=AXIS2_PLACEMENT_3D('',#17941,#14532,#14533);
#12122=AXIS2_PLACEMENT_3D('',#17943,#14535,#14536);
#12123=AXIS2_PLACEMENT_3D('',#17944,#14537,#14538);
#12124=AXIS2_PLACEMENT_3D('',#17945,#14539,#14540);
#12125=AXIS2_PLACEMENT_3D('',#17947,#14542,#14543);
#12126=AXIS2_PLACEMENT_3D('',#17949,#14545,#14546);
#12127=AXIS2_PLACEMENT_3D('',#17951,#14548,#14549);
#12128=AXIS2_PLACEMENT_3D('',#17952,#14550,#14551);
#12129=AXIS2_PLACEMENT_3D('',#17954,#14553,#14554);
#12130=AXIS2_PLACEMENT_3D('',#17956,#14556,#14557);
#12131=AXIS2_PLACEMENT_3D('',#17958,#14559,#14560);
#12132=AXIS2_PLACEMENT_3D('',#17960,#14562,#14563);
#12133=AXIS2_PLACEMENT_3D('',#17961,#14564,#14565);
#12134=AXIS2_PLACEMENT_3D('',#17963,#14567,#14568);
#12135=AXIS2_PLACEMENT_3D('',#17965,#14570,#14571);
#12136=AXIS2_PLACEMENT_3D('',#17966,#14572,#14573);
#12137=AXIS2_PLACEMENT_3D('',#17968,#14575,#14576);
#12138=AXIS2_PLACEMENT_3D('',#17970,#14578,#14579);
#12139=AXIS2_PLACEMENT_3D('',#17971,#14580,#14581);
#12140=AXIS2_PLACEMENT_3D('',#17972,#14582,#14583);
#12141=AXIS2_PLACEMENT_3D('',#17975,#14586,#14587);
#12142=AXIS2_PLACEMENT_3D('',#17985,#14593,#14594);
#12143=AXIS2_PLACEMENT_3D('',#17995,#14600,#14601);
#12144=AXIS2_PLACEMENT_3D('',#18001,#14605,#14606);
#12145=AXIS2_PLACEMENT_3D('',#18006,#14609,#14610);
#12146=AXIS2_PLACEMENT_3D('',#18007,#14611,#14612);
#12147=AXIS2_PLACEMENT_3D('',#18008,#14613,#14614);
#12148=AXIS2_PLACEMENT_3D('',#18009,#14615,#14616);
#12149=AXIS2_PLACEMENT_3D('',#18013,#14619,#14620);
#12150=AXIS2_PLACEMENT_3D('',#18021,#14625,#14626);
#12151=AXIS2_PLACEMENT_3D('',#18031,#14632,#14633);
#12152=AXIS2_PLACEMENT_3D('',#18037,#14637,#14638);
#12153=AXIS2_PLACEMENT_3D('',#18041,#14640,#14641);
#12154=AXIS2_PLACEMENT_3D('',#18043,#14643,#14644);
#12155=AXIS2_PLACEMENT_3D('',#18044,#14645,#14646);
#12156=AXIS2_PLACEMENT_3D('',#18045,#14647,#14648);
#12157=AXIS2_PLACEMENT_3D('',#18047,#14650,#14651);
#12158=AXIS2_PLACEMENT_3D('',#18049,#14653,#14654);
#12159=AXIS2_PLACEMENT_3D('',#18051,#14656,#14657);
#12160=AXIS2_PLACEMENT_3D('',#18052,#14658,#14659);
#12161=AXIS2_PLACEMENT_3D('',#18054,#14661,#14662);
#12162=AXIS2_PLACEMENT_3D('',#18056,#14664,#14665);
#12163=AXIS2_PLACEMENT_3D('',#18058,#14667,#14668);
#12164=AXIS2_PLACEMENT_3D('',#18060,#14670,#14671);
#12165=AXIS2_PLACEMENT_3D('',#18061,#14672,#14673);
#12166=AXIS2_PLACEMENT_3D('',#18063,#14675,#14676);
#12167=AXIS2_PLACEMENT_3D('',#18065,#14678,#14679);
#12168=AXIS2_PLACEMENT_3D('',#18066,#14680,#14681);
#12169=AXIS2_PLACEMENT_3D('',#18068,#14683,#14684);
#12170=AXIS2_PLACEMENT_3D('',#18070,#14686,#14687);
#12171=AXIS2_PLACEMENT_3D('',#18071,#14688,#14689);
#12172=AXIS2_PLACEMENT_3D('',#18072,#14690,#14691);
#12173=AXIS2_PLACEMENT_3D('',#18075,#14694,#14695);
#12174=AXIS2_PLACEMENT_3D('',#18085,#14701,#14702);
#12175=AXIS2_PLACEMENT_3D('',#18095,#14708,#14709);
#12176=AXIS2_PLACEMENT_3D('',#18101,#14713,#14714);
#12177=AXIS2_PLACEMENT_3D('',#18106,#14717,#14718);
#12178=AXIS2_PLACEMENT_3D('',#18107,#14719,#14720);
#12179=AXIS2_PLACEMENT_3D('',#18108,#14721,#14722);
#12180=AXIS2_PLACEMENT_3D('',#18109,#14723,#14724);
#12181=AXIS2_PLACEMENT_3D('',#18113,#14727,#14728);
#12182=AXIS2_PLACEMENT_3D('',#18121,#14733,#14734);
#12183=AXIS2_PLACEMENT_3D('',#18131,#14740,#14741);
#12184=AXIS2_PLACEMENT_3D('',#18137,#14745,#14746);
#12185=AXIS2_PLACEMENT_3D('',#18141,#14748,#14749);
#12186=AXIS2_PLACEMENT_3D('',#18143,#14751,#14752);
#12187=AXIS2_PLACEMENT_3D('',#18144,#14753,#14754);
#12188=AXIS2_PLACEMENT_3D('',#18145,#14755,#14756);
#12189=AXIS2_PLACEMENT_3D('',#18147,#14758,#14759);
#12190=AXIS2_PLACEMENT_3D('',#18149,#14761,#14762);
#12191=AXIS2_PLACEMENT_3D('',#18151,#14764,#14765);
#12192=AXIS2_PLACEMENT_3D('',#18152,#14766,#14767);
#12193=AXIS2_PLACEMENT_3D('',#18154,#14769,#14770);
#12194=AXIS2_PLACEMENT_3D('',#18156,#14772,#14773);
#12195=AXIS2_PLACEMENT_3D('',#18158,#14775,#14776);
#12196=AXIS2_PLACEMENT_3D('',#18160,#14778,#14779);
#12197=AXIS2_PLACEMENT_3D('',#18161,#14780,#14781);
#12198=AXIS2_PLACEMENT_3D('',#18163,#14783,#14784);
#12199=AXIS2_PLACEMENT_3D('',#18165,#14786,#14787);
#12200=AXIS2_PLACEMENT_3D('',#18166,#14788,#14789);
#12201=AXIS2_PLACEMENT_3D('',#18168,#14791,#14792);
#12202=AXIS2_PLACEMENT_3D('',#18170,#14794,#14795);
#12203=AXIS2_PLACEMENT_3D('',#18171,#14796,#14797);
#12204=AXIS2_PLACEMENT_3D('',#18172,#14798,#14799);
#12205=AXIS2_PLACEMENT_3D('',#18175,#14802,#14803);
#12206=AXIS2_PLACEMENT_3D('',#18185,#14809,#14810);
#12207=AXIS2_PLACEMENT_3D('',#18195,#14816,#14817);
#12208=AXIS2_PLACEMENT_3D('',#18201,#14821,#14822);
#12209=AXIS2_PLACEMENT_3D('',#18206,#14825,#14826);
#12210=AXIS2_PLACEMENT_3D('',#18207,#14827,#14828);
#12211=AXIS2_PLACEMENT_3D('',#18208,#14829,#14830);
#12212=AXIS2_PLACEMENT_3D('',#18209,#14831,#14832);
#12213=AXIS2_PLACEMENT_3D('',#18213,#14835,#14836);
#12214=AXIS2_PLACEMENT_3D('',#18221,#14841,#14842);
#12215=AXIS2_PLACEMENT_3D('',#18231,#14848,#14849);
#12216=AXIS2_PLACEMENT_3D('',#18237,#14853,#14854);
#12217=AXIS2_PLACEMENT_3D('',#18241,#14856,#14857);
#12218=AXIS2_PLACEMENT_3D('',#18243,#14859,#14860);
#12219=AXIS2_PLACEMENT_3D('',#18244,#14861,#14862);
#12220=AXIS2_PLACEMENT_3D('',#18245,#14863,#14864);
#12221=AXIS2_PLACEMENT_3D('',#18247,#14866,#14867);
#12222=AXIS2_PLACEMENT_3D('',#18249,#14869,#14870);
#12223=AXIS2_PLACEMENT_3D('',#18251,#14872,#14873);
#12224=AXIS2_PLACEMENT_3D('',#18252,#14874,#14875);
#12225=AXIS2_PLACEMENT_3D('',#18254,#14877,#14878);
#12226=AXIS2_PLACEMENT_3D('',#18256,#14880,#14881);
#12227=AXIS2_PLACEMENT_3D('',#18258,#14883,#14884);
#12228=AXIS2_PLACEMENT_3D('',#18260,#14886,#14887);
#12229=AXIS2_PLACEMENT_3D('',#18261,#14888,#14889);
#12230=AXIS2_PLACEMENT_3D('',#18263,#14891,#14892);
#12231=AXIS2_PLACEMENT_3D('',#18265,#14894,#14895);
#12232=AXIS2_PLACEMENT_3D('',#18266,#14896,#14897);
#12233=AXIS2_PLACEMENT_3D('',#18268,#14899,#14900);
#12234=AXIS2_PLACEMENT_3D('',#18270,#14902,#14903);
#12235=AXIS2_PLACEMENT_3D('',#18271,#14904,#14905);
#12236=AXIS2_PLACEMENT_3D('',#18272,#14906,#14907);
#12237=AXIS2_PLACEMENT_3D('',#18275,#14910,#14911);
#12238=AXIS2_PLACEMENT_3D('',#18285,#14917,#14918);
#12239=AXIS2_PLACEMENT_3D('',#18295,#14924,#14925);
#12240=AXIS2_PLACEMENT_3D('',#18301,#14929,#14930);
#12241=AXIS2_PLACEMENT_3D('',#18306,#14933,#14934);
#12242=AXIS2_PLACEMENT_3D('',#18307,#14935,#14936);
#12243=AXIS2_PLACEMENT_3D('',#18308,#14937,#14938);
#12244=AXIS2_PLACEMENT_3D('',#18309,#14939,#14940);
#12245=AXIS2_PLACEMENT_3D('',#18313,#14943,#14944);
#12246=AXIS2_PLACEMENT_3D('',#18321,#14949,#14950);
#12247=AXIS2_PLACEMENT_3D('',#18331,#14956,#14957);
#12248=AXIS2_PLACEMENT_3D('',#18337,#14961,#14962);
#12249=AXIS2_PLACEMENT_3D('',#18341,#14964,#14965);
#12250=AXIS2_PLACEMENT_3D('',#18343,#14967,#14968);
#12251=AXIS2_PLACEMENT_3D('',#18344,#14969,#14970);
#12252=AXIS2_PLACEMENT_3D('',#18345,#14971,#14972);
#12253=AXIS2_PLACEMENT_3D('',#18347,#14974,#14975);
#12254=AXIS2_PLACEMENT_3D('',#18349,#14977,#14978);
#12255=AXIS2_PLACEMENT_3D('',#18351,#14980,#14981);
#12256=AXIS2_PLACEMENT_3D('',#18352,#14982,#14983);
#12257=AXIS2_PLACEMENT_3D('',#18354,#14985,#14986);
#12258=AXIS2_PLACEMENT_3D('',#18356,#14988,#14989);
#12259=AXIS2_PLACEMENT_3D('',#18358,#14991,#14992);
#12260=AXIS2_PLACEMENT_3D('',#18360,#14994,#14995);
#12261=AXIS2_PLACEMENT_3D('',#18361,#14996,#14997);
#12262=AXIS2_PLACEMENT_3D('',#18363,#14999,#15000);
#12263=AXIS2_PLACEMENT_3D('',#18365,#15002,#15003);
#12264=AXIS2_PLACEMENT_3D('',#18366,#15004,#15005);
#12265=AXIS2_PLACEMENT_3D('',#18368,#15007,#15008);
#12266=AXIS2_PLACEMENT_3D('',#18370,#15010,#15011);
#12267=AXIS2_PLACEMENT_3D('',#18371,#15012,#15013);
#12268=AXIS2_PLACEMENT_3D('',#18372,#15014,#15015);
#12269=AXIS2_PLACEMENT_3D('',#18375,#15018,#15019);
#12270=AXIS2_PLACEMENT_3D('',#18385,#15025,#15026);
#12271=AXIS2_PLACEMENT_3D('',#18395,#15032,#15033);
#12272=AXIS2_PLACEMENT_3D('',#18401,#15037,#15038);
#12273=AXIS2_PLACEMENT_3D('',#18406,#15041,#15042);
#12274=AXIS2_PLACEMENT_3D('',#18407,#15043,#15044);
#12275=AXIS2_PLACEMENT_3D('',#18408,#15045,#15046);
#12276=AXIS2_PLACEMENT_3D('',#18409,#15047,#15048);
#12277=AXIS2_PLACEMENT_3D('',#18413,#15051,#15052);
#12278=AXIS2_PLACEMENT_3D('',#18421,#15057,#15058);
#12279=AXIS2_PLACEMENT_3D('',#18431,#15064,#15065);
#12280=AXIS2_PLACEMENT_3D('',#18437,#15069,#15070);
#12281=AXIS2_PLACEMENT_3D('',#18441,#15072,#15073);
#12282=AXIS2_PLACEMENT_3D('',#18443,#15075,#15076);
#12283=AXIS2_PLACEMENT_3D('',#18444,#15077,#15078);
#12284=AXIS2_PLACEMENT_3D('',#18445,#15079,#15080);
#12285=AXIS2_PLACEMENT_3D('',#18447,#15082,#15083);
#12286=AXIS2_PLACEMENT_3D('',#18449,#15085,#15086);
#12287=AXIS2_PLACEMENT_3D('',#18451,#15088,#15089);
#12288=AXIS2_PLACEMENT_3D('',#18452,#15090,#15091);
#12289=AXIS2_PLACEMENT_3D('',#18454,#15093,#15094);
#12290=AXIS2_PLACEMENT_3D('',#18456,#15096,#15097);
#12291=AXIS2_PLACEMENT_3D('',#18458,#15099,#15100);
#12292=AXIS2_PLACEMENT_3D('',#18460,#15102,#15103);
#12293=AXIS2_PLACEMENT_3D('',#18461,#15104,#15105);
#12294=AXIS2_PLACEMENT_3D('',#18463,#15107,#15108);
#12295=AXIS2_PLACEMENT_3D('',#18465,#15110,#15111);
#12296=AXIS2_PLACEMENT_3D('',#18466,#15112,#15113);
#12297=AXIS2_PLACEMENT_3D('',#18468,#15115,#15116);
#12298=AXIS2_PLACEMENT_3D('',#18470,#15118,#15119);
#12299=AXIS2_PLACEMENT_3D('',#18471,#15120,#15121);
#12300=AXIS2_PLACEMENT_3D('',#18472,#15122,#15123);
#12301=AXIS2_PLACEMENT_3D('',#18473,#15124,#15125);
#12302=AXIS2_PLACEMENT_3D('',#18474,#15126,#15127);
#12303=AXIS2_PLACEMENT_3D('',#18475,#15128,#15129);
#12304=AXIS2_PLACEMENT_3D('',#18476,#15130,#15131);
#12305=AXIS2_PLACEMENT_3D('',#18478,#15133,#15134);
#12306=AXIS2_PLACEMENT_3D('',#18480,#15136,#15137);
#12307=AXIS2_PLACEMENT_3D('',#18481,#15138,#15139);
#12308=AXIS2_PLACEMENT_3D('',#18483,#15141,#15142);
#12309=AXIS2_PLACEMENT_3D('',#18485,#15144,#15145);
#12310=AXIS2_PLACEMENT_3D('',#18486,#15146,#15147);
#12311=AXIS2_PLACEMENT_3D('',#18488,#15149,#15150);
#12312=AXIS2_PLACEMENT_3D('',#18490,#15152,#15153);
#12313=AXIS2_PLACEMENT_3D('',#18491,#15154,#15155);
#12314=AXIS2_PLACEMENT_3D('',#18493,#15157,#15158);
#12315=AXIS2_PLACEMENT_3D('',#18495,#15160,#15161);
#12316=AXIS2_PLACEMENT_3D('',#18497,#15163,#15164);
#12317=AXIS2_PLACEMENT_3D('',#18499,#15166,#15167);
#12318=AXIS2_PLACEMENT_3D('',#18500,#15168,#15169);
#12319=AXIS2_PLACEMENT_3D('',#18502,#15171,#15172);
#12320=AXIS2_PLACEMENT_3D('',#18504,#15174,#15175);
#12321=AXIS2_PLACEMENT_3D('',#18506,#15177,#15178);
#12322=AXIS2_PLACEMENT_3D('',#18507,#15179,#15180);
#12323=AXIS2_PLACEMENT_3D('',#18508,#15181,#15182);
#12324=AXIS2_PLACEMENT_3D('',#18510,#15184,#15185);
#12325=DIRECTION('axis',(0.,0.,1.));
#12326=DIRECTION('refdir',(1.,0.,0.));
#12327=DIRECTION('center_axis',(1.,0.,0.));
#12328=DIRECTION('ref_axis',(0.,-1.,0.));
#12329=DIRECTION('',(0.,0.,-1.));
#12330=DIRECTION('',(0.,1.,0.));
#12331=DIRECTION('',(0.,0.,-1.));
#12332=DIRECTION('',(0.,1.,0.));
#12333=DIRECTION('',(0.,0.,-1.));
#12334=DIRECTION('',(0.,1.,0.));
#12335=DIRECTION('',(0.,0.,-1.));
#12336=DIRECTION('',(0.,-1.,0.));
#12337=DIRECTION('center_axis',(0.,-1.,0.));
#12338=DIRECTION('ref_axis',(1.,0.,0.));
#12339=DIRECTION('',(-1.,0.,0.));
#12340=DIRECTION('',(0.,0.,-1.));
#12341=DIRECTION('',(1.,0.,0.));
#12342=DIRECTION('',(1.,0.,0.));
#12343=DIRECTION('',(0.,0.,-1.));
#12344=DIRECTION('',(-1.,0.,0.));
#12345=DIRECTION('',(0.,0.,-1.));
#12346=DIRECTION('center_axis',(0.,0.,-1.));
#12347=DIRECTION('ref_axis',(1.,0.,0.));
#12348=DIRECTION('',(0.,1.,0.));
#12349=DIRECTION('',(1.,0.,0.));
#12350=DIRECTION('',(-0.707106781186598,0.707106781186498,0.));
#12351=DIRECTION('',(0.,1.,0.));
#12352=DIRECTION('',(0.,1.,0.));
#12353=DIRECTION('',(1.,3.552713678801E-14,0.));
#12354=DIRECTION('',(0.,1.,0.));
#12355=DIRECTION('',(1.,0.,0.));
#12356=DIRECTION('',(0.,-1.,0.));
#12357=DIRECTION('',(-0.500000000000017,0.866025403784429,0.));
#12358=DIRECTION('',(0.,1.,0.));
#12359=DIRECTION('',(0.707106781186498,0.707106781186598,0.));
#12360=DIRECTION('',(0.,-1.,0.));
#12361=DIRECTION('',(-1.,0.,0.));
#12362=DIRECTION('',(0.124034734589196,0.992277876713669,0.));
#12363=DIRECTION('',(-1.,0.,0.));
#12364=DIRECTION('center_axis',(0.,0.,-1.));
#12365=DIRECTION('ref_axis',(1.,0.,0.));
#12366=DIRECTION('',(0.,1.,0.));
#12367=DIRECTION('',(-1.,0.,0.));
#12368=DIRECTION('',(0.124034734589196,-0.992277876713669,0.));
#12369=DIRECTION('',(-1.,0.,0.));
#12370=DIRECTION('',(0.,-1.,0.));
#12371=DIRECTION('',(0.707106781186547,-0.707106781186547,0.));
#12372=DIRECTION('',(0.,-1.,0.));
#12373=DIRECTION('',(-0.500000000000017,-0.866025403784429,0.));
#12374=DIRECTION('',(0.,-1.,0.));
#12375=DIRECTION('',(1.,0.,0.));
#12376=DIRECTION('',(0.,-1.,0.));
#12377=DIRECTION('',(0.,1.,0.));
#12378=DIRECTION('',(0.,-1.,0.));
#12379=DIRECTION('',(-0.707106781186547,-0.707106781186547,0.));
#12380=DIRECTION('',(1.,0.,0.));
#12381=DIRECTION('center_axis',(-1.,0.,0.));
#12382=DIRECTION('ref_axis',(0.,0.,-1.));
#12383=DIRECTION('',(0.,0.,-1.));
#12384=DIRECTION('',(0.,1.,0.));
#12385=DIRECTION('',(0.,0.,-1.));
#12386=DIRECTION('',(0.,-1.,0.));
#12387=DIRECTION('',(0.,0.,-1.));
#12388=DIRECTION('',(0.,-1.,0.));
#12389=DIRECTION('',(0.,0.,-1.));
#12390=DIRECTION('center_axis',(-0.832050294337844,-0.554700196225229,0.));
#12391=DIRECTION('ref_axis',(-0.554700196225229,0.832050294337844,0.));
#12392=DIRECTION('',(0.485071250072684,-0.727606875108975,0.485071250072684));
#12393=DIRECTION('',(0.,0.,-1.));
#12394=DIRECTION('',(0.485071250072684,-0.727606875108975,-0.485071250072684));
#12395=DIRECTION('center_axis',(0.,-0.554700196225229,0.832050294337844));
#12396=DIRECTION('ref_axis',(0.,0.832050294337844,0.554700196225229));
#12397=DIRECTION('',(-1.,0.,0.));
#12398=DIRECTION('',(-1.,0.,0.));
#12399=DIRECTION('',(-0.485071250072684,-0.727606875108975,-0.485071250072684));
#12400=DIRECTION('center_axis',(0.,0.,1.));
#12401=DIRECTION('ref_axis',(-1.,0.,0.));
#12402=DIRECTION('',(0.,-1.,0.));
#12403=DIRECTION('',(-1.,0.,0.));
#12404=DIRECTION('',(0.,1.,0.));
#12405=DIRECTION('',(1.,0.,0.));
#12406=DIRECTION('',(1.7763568394E-14,1.,0.));
#12407=DIRECTION('',(0.,1.,0.));
#12408=DIRECTION('',(-0.707106781186598,0.707106781186498,0.));
#12409=DIRECTION('',(-1.,0.,0.));
#12410=DIRECTION('center_axis',(0.,1.,0.));
#12411=DIRECTION('ref_axis',(-1.,0.,0.));
#12412=DIRECTION('',(0.,0.,1.));
#12413=DIRECTION('',(1.,0.,0.));
#12414=DIRECTION('',(0.,0.,-1.));
#12415=DIRECTION('',(1.,0.,0.));
#12416=DIRECTION('center_axis',(0.,1.,0.));
#12417=DIRECTION('ref_axis',(-1.,0.,0.));
#12418=DIRECTION('',(0.,0.,1.));
#12419=DIRECTION('',(1.,0.,0.));
#12420=DIRECTION('',(0.,0.,1.));
#12421=DIRECTION('',(-1.,0.,0.));
#12422=DIRECTION('',(0.,0.,-1.));
#12423=DIRECTION('',(1.,0.,0.));
#12424=DIRECTION('',(0.,0.,1.));
#12425=DIRECTION('',(1.,0.,0.));
#12426=DIRECTION('',(0.,0.,1.));
#12427=DIRECTION('',(1.,0.,0.));
#12428=DIRECTION('',(0.,0.,1.));
#12429=DIRECTION('',(-1.,0.,0.));
#12430=DIRECTION('',(0.,0.,1.));
#12431=DIRECTION('',(-1.,0.,0.));
#12432=DIRECTION('center_axis',(0.,1.,0.));
#12433=DIRECTION('ref_axis',(-1.,0.,0.));
#12434=DIRECTION('',(0.,0.,1.));
#12435=DIRECTION('',(1.,0.,0.));
#12436=DIRECTION('',(0.,0.,1.));
#12437=DIRECTION('',(1.,0.,0.));
#12438=DIRECTION('',(-1.973729821556E-14,0.,1.));
#12439=DIRECTION('center_axis',(-0.707106781186498,-0.707106781186598,0.));
#12440=DIRECTION('ref_axis',(-0.707106781186598,0.707106781186498,0.));
#12441=DIRECTION('',(-0.707106781186598,0.707106781186498,0.));
#12442=DIRECTION('',(0.,0.,1.));
#12443=DIRECTION('center_axis',(-0.707106781186498,-0.707106781186598,0.));
#12444=DIRECTION('ref_axis',(-0.707106781186598,0.707106781186498,0.));
#12445=DIRECTION('',(0.,0.,1.));
#12446=DIRECTION('',(-0.707106781186598,0.707106781186498,0.));
#12447=DIRECTION('center_axis',(-1.,0.,0.));
#12448=DIRECTION('ref_axis',(0.,1.,0.));
#12449=DIRECTION('',(0.,0.,1.));
#12450=DIRECTION('',(0.,1.,0.));
#12451=DIRECTION('center_axis',(-1.,0.,0.));
#12452=DIRECTION('ref_axis',(0.,1.,0.));
#12453=DIRECTION('',(0.,1.,0.));
#12454=DIRECTION('',(0.,0.,1.));
#12455=DIRECTION('center_axis',(0.,0.,1.));
#12456=DIRECTION('ref_axis',(1.,0.,0.));
#12457=DIRECTION('',(0.,1.,0.));
#12458=DIRECTION('',(-1.,0.,0.));
#12459=DIRECTION('',(0.,-1.,0.));
#12460=DIRECTION('',(-1.,0.,0.));
#12461=DIRECTION('',(0.,-1.,0.));
#12462=DIRECTION('',(-0.707106781186547,-0.707106781186547,0.));
#12463=DIRECTION('',(0.,-1.,0.));
#12464=DIRECTION('center_axis',(0.,0.,1.));
#12465=DIRECTION('ref_axis',(-1.,0.,0.));
#12466=DIRECTION('',(0.,-1.,0.));
#12467=DIRECTION('',(-0.980580675690916,0.196116135138203,0.));
#12468=DIRECTION('',(1.,0.,0.));
#12469=DIRECTION('',(0.,1.,0.));
#12470=DIRECTION('',(-1.,0.,0.));
#12471=DIRECTION('',(0.,-1.,0.));
#12472=DIRECTION('',(1.,0.,0.));
#12473=DIRECTION('',(0.,-1.,0.));
#12474=DIRECTION('',(-1.,0.,0.));
#12475=DIRECTION('',(0.,1.,0.));
#12476=DIRECTION('',(1.,0.,0.));
#12477=DIRECTION('',(0.,1.,0.));
#12478=DIRECTION('',(-1.,0.,0.));
#12479=DIRECTION('',(0.,1.,0.));
#12480=DIRECTION('',(1.,0.,0.));
#12481=DIRECTION('',(0.,1.,0.));
#12482=DIRECTION('',(-1.,0.,0.));
#12483=DIRECTION('',(0.,1.,0.));
#12484=DIRECTION('',(1.,0.,0.));
#12485=DIRECTION('',(0.,1.,0.));
#12486=DIRECTION('',(-1.,0.,0.));
#12487=DIRECTION('',(0.,1.,0.));
#12488=DIRECTION('',(1.,0.,0.));
#12489=DIRECTION('',(0.,1.,0.));
#12490=DIRECTION('',(-1.,0.,0.));
#12491=DIRECTION('',(0.,1.,0.));
#12492=DIRECTION('',(1.,0.,0.));
#12493=DIRECTION('',(0.,1.,0.));
#12494=DIRECTION('',(-1.,0.,0.));
#12495=DIRECTION('',(0.,1.,0.));
#12496=DIRECTION('',(1.,0.,0.));
#12497=DIRECTION('',(0.,1.,0.));
#12498=DIRECTION('',(-1.,0.,0.));
#12499=DIRECTION('',(0.,1.,0.));
#12500=DIRECTION('',(1.,0.,0.));
#12501=DIRECTION('',(0.,1.,0.));
#12502=DIRECTION('',(-1.,0.,0.));
#12503=DIRECTION('',(0.,1.,0.));
#12504=DIRECTION('',(1.,0.,0.));
#12505=DIRECTION('',(0.,1.,0.));
#12506=DIRECTION('',(-1.,0.,0.));
#12507=DIRECTION('',(0.,1.,0.));
#12508=DIRECTION('',(1.,0.,0.));
#12509=DIRECTION('',(0.,1.,0.));
#12510=DIRECTION('',(-1.,0.,0.));
#12511=DIRECTION('',(0.,1.,0.));
#12512=DIRECTION('',(1.,0.,0.));
#12513=DIRECTION('',(0.,1.,0.));
#12514=DIRECTION('',(-1.,0.,0.));
#12515=DIRECTION('',(0.,1.,0.));
#12516=DIRECTION('',(1.,0.,0.));
#12517=DIRECTION('',(0.,1.,0.));
#12518=DIRECTION('',(-1.,0.,0.));
#12519=DIRECTION('',(0.,1.,0.));
#12520=DIRECTION('',(1.,0.,0.));
#12521=DIRECTION('',(0.,1.,0.));
#12522=DIRECTION('',(-1.,0.,0.));
#12523=DIRECTION('',(0.,1.,0.));
#12524=DIRECTION('',(1.,0.,0.));
#12525=DIRECTION('',(0.,1.,0.));
#12526=DIRECTION('',(-1.,0.,0.));
#12527=DIRECTION('',(0.,1.,0.));
#12528=DIRECTION('',(1.,0.,0.));
#12529=DIRECTION('',(0.,1.,0.));
#12530=DIRECTION('',(-1.,0.,0.));
#12531=DIRECTION('',(0.,1.,0.));
#12532=DIRECTION('',(1.,0.,0.));
#12533=DIRECTION('',(-0.980580675690916,-0.196116135138203,0.));
#12534=DIRECTION('',(0.,-1.,0.));
#12535=DIRECTION('',(-1.,0.,0.));
#12536=DIRECTION('',(0.,1.,0.));
#12537=DIRECTION('center_axis',(0.,0.,1.));
#12538=DIRECTION('ref_axis',(-1.,-1.576516694968E-13,0.));
#12539=DIRECTION('',(0.,-1.,0.));
#12540=DIRECTION('',(-1.,0.,0.));
#12541=DIRECTION('center_axis',(0.707106781186548,0.,0.707106781186548));
#12542=DIRECTION('ref_axis',(0.707106781186548,0.,-0.707106781186548));
#12543=DIRECTION('',(0.707106781186548,0.,-0.707106781186548));
#12544=DIRECTION('',(-0.707106781186548,0.,0.707106781186548));
#12545=DIRECTION('',(0.,1.,0.));
#12546=DIRECTION('center_axis',(0.,1.,0.));
#12547=DIRECTION('ref_axis',(-1.,0.,0.));
#12548=DIRECTION('',(0.500000000000017,0.,0.866025403784429));
#12549=DIRECTION('',(1.,0.,0.));
#12550=DIRECTION('',(0.,0.,-1.));
#12551=DIRECTION('',(0.707106781186548,0.,0.707106781186548));
#12552=DIRECTION('',(0.,0.,1.));
#12553=DIRECTION('',(1.,0.,0.));
#12554=DIRECTION('',(0.,0.,1.));
#12555=DIRECTION('',(-1.,0.,0.));
#12556=DIRECTION('',(0.,0.,-1.));
#12557=DIRECTION('',(1.,0.,0.));
#12558=DIRECTION('',(0.500000000000017,0.,-0.866025403784429));
#12559=DIRECTION('center_axis',(-0.866025403784429,0.,0.500000000000017));
#12560=DIRECTION('ref_axis',(0.500000000000017,0.,0.866025403784429));
#12561=DIRECTION('',(0.,-1.,0.));
#12562=DIRECTION('',(0.500000000000017,0.,0.866025403784429));
#12563=DIRECTION('',(-3.552713678801E-14,-1.,0.));
#12564=DIRECTION('center_axis',(0.,0.,-1.));
#12565=DIRECTION('ref_axis',(-1.,0.,0.));
#12566=DIRECTION('',(0.707106781186548,0.707106781186548,0.));
#12567=DIRECTION('',(0.,-1.,0.));
#12568=DIRECTION('',(-1.,0.,0.));
#12569=DIRECTION('',(0.,1.,0.));
#12570=DIRECTION('center_axis',(0.,0.,-1.));
#12571=DIRECTION('ref_axis',(-1.,0.,0.));
#12572=DIRECTION('',(-1.,0.,0.));
#12573=DIRECTION('',(0.,-1.,0.));
#12574=DIRECTION('',(0.707106781186548,-0.707106781186548,0.));
#12575=DIRECTION('',(0.,1.,0.));
#12576=DIRECTION('',(-0.707106781186547,-0.707106781186547,0.));
#12577=DIRECTION('',(0.,-1.,0.));
#12578=DIRECTION('',(-1.,0.,0.));
#12579=DIRECTION('',(0.,1.,0.));
#12580=DIRECTION('center_axis',(-0.707106781186548,0.707106781186548,0.));
#12581=DIRECTION('ref_axis',(-0.707106781186548,-0.707106781186548,0.));
#12582=DIRECTION('',(0.,0.,1.));
#12583=DIRECTION('',(0.577350269189626,0.577350269189626,0.577350269189626));
#12584=DIRECTION('center_axis',(0.,0.707106781186548,-0.707106781186548));
#12585=DIRECTION('ref_axis',(0.,-0.707106781186548,-0.707106781186548));
#12586=DIRECTION('',(-1.,0.,0.));
#12587=DIRECTION('',(-0.577350269189626,0.577350269189626,0.577350269189626));
#12588=DIRECTION('center_axis',(0.,0.,-1.));
#12589=DIRECTION('ref_axis',(-1.,0.,0.));
#12590=DIRECTION('',(0.,1.,0.));
#12591=DIRECTION('',(1.,0.,0.));
#12592=DIRECTION('',(0.,-1.,0.));
#12593=DIRECTION('',(1.,0.,0.));
#12594=DIRECTION('',(0.,-1.,0.));
#12595=DIRECTION('',(1.,0.,0.));
#12596=DIRECTION('',(0.,1.,0.));
#12597=DIRECTION('',(-1.,0.,0.));
#12598=DIRECTION('',(0.,1.,0.));
#12599=DIRECTION('',(1.,0.,0.));
#12600=DIRECTION('',(0.,-1.,0.));
#12601=DIRECTION('',(1.,0.,0.));
#12602=DIRECTION('',(0.,-1.,0.));
#12603=DIRECTION('',(1.,0.,0.));
#12604=DIRECTION('',(0.,-1.,0.));
#12605=DIRECTION('',(0.,1.,0.));
#12606=DIRECTION('center_axis',(1.,0.,0.));
#12607=DIRECTION('ref_axis',(0.,0.,-1.));
#12608=DIRECTION('',(0.,0.,-1.));
#12609=DIRECTION('center_axis',(0.707106781186548,0.707106781186548,0.));
#12610=DIRECTION('ref_axis',(0.707106781186548,-0.707106781186548,0.));
#12611=DIRECTION('center_axis',(1.,0.,0.));
#12612=DIRECTION('ref_axis',(0.,0.,1.));
#12613=DIRECTION('',(0.,0.,1.));
#12614=DIRECTION('',(0.,0.,-1.));
#12615=DIRECTION('',(0.,-1.,0.));
#12616=DIRECTION('',(0.,1.,0.));
#12617=DIRECTION('center_axis',(0.832050294337844,-0.554700196225229,0.));
#12618=DIRECTION('ref_axis',(0.554700196225229,0.832050294337844,0.));
#12619=DIRECTION('',(-0.485071250072684,-0.727606875108975,-0.485071250072684));
#12620=DIRECTION('',(0.,0.,1.));
#12621=DIRECTION('',(-0.485071250072684,-0.727606875108975,0.485071250072684));
#12622=DIRECTION('center_axis',(0.,-0.554700196225229,-0.832050294337844));
#12623=DIRECTION('ref_axis',(0.,-0.832050294337844,0.554700196225229));
#12624=DIRECTION('',(0.514516806143289,-0.713466731786784,0.47564448785789));
#12625=DIRECTION('',(0.103448275862106,-0.827586206896549,0.551724137931032));
#12626=DIRECTION('',(-1.,0.,0.));
#12627=DIRECTION('center_axis',(-0.811091664803293,-0.584919063876895,0.));
#12628=DIRECTION('ref_axis',(-0.584919063876895,0.811091664803293,0.));
#12629=DIRECTION('',(0.,0.,-1.));
#12630=DIRECTION('',(0.514516806143289,-0.713466731786784,-0.47564448785789));
#12631=DIRECTION('',(0.,0.,-1.));
#12632=DIRECTION('center_axis',(0.,-1.,0.));
#12633=DIRECTION('ref_axis',(-1.,0.,0.));
#12634=DIRECTION('',(-1.,0.,0.));
#12635=DIRECTION('',(0.,0.,-1.));
#12636=DIRECTION('',(1.,0.,0.));
#12637=DIRECTION('',(0.,0.,1.));
#12638=DIRECTION('center_axis',(0.,-1.,0.));
#12639=DIRECTION('ref_axis',(-1.,0.,0.));
#12640=DIRECTION('',(-1.,0.,0.));
#12641=DIRECTION('',(0.,0.,-1.));
#12642=DIRECTION('',(1.,0.,0.));
#12643=DIRECTION('center_axis',(0.832050294337844,-0.554700196225229,0.));
#12644=DIRECTION('ref_axis',(0.554700196225229,0.832050294337844,0.));
#12645=DIRECTION('',(0.,0.,1.));
#12646=DIRECTION('',(-0.485071250072684,-0.727606875108975,-0.485071250072684));
#12647=DIRECTION('center_axis',(1.,0.,0.));
#12648=DIRECTION('ref_axis',(0.,0.,1.));
#12649=DIRECTION('',(0.,0.,1.));
#12650=DIRECTION('',(0.,0.,1.));
#12651=DIRECTION('center_axis',(1.,0.,0.));
#12652=DIRECTION('ref_axis',(0.,0.,1.));
#12653=DIRECTION('',(0.,1.,0.));
#12654=DIRECTION('',(0.,0.,-1.));
#12655=DIRECTION('',(0.,0.,-1.));
#12656=DIRECTION('',(0.,1.,0.));
#12657=DIRECTION('',(0.,0.,-1.));
#12658=DIRECTION('',(0.,0.,1.));
#12659=DIRECTION('center_axis',(0.,-1.,0.));
#12660=DIRECTION('ref_axis',(-1.,0.,0.));
#12661=DIRECTION('',(0.,0.,1.));
#12662=DIRECTION('center_axis',(1.,0.,0.));
#12663=DIRECTION('ref_axis',(0.,0.,-1.));
#12664=DIRECTION('center_axis',(0.,-1.,0.));
#12665=DIRECTION('ref_axis',(1.,0.,0.));
#12666=DIRECTION('',(0.,0.,-1.));
#12667=DIRECTION('',(0.,0.,-1.));
#12668=DIRECTION('',(-1.,0.,0.));
#12669=DIRECTION('',(0.,0.,-1.));
#12670=DIRECTION('center_axis',(1.,0.,0.));
#12671=DIRECTION('ref_axis',(0.,1.,0.));
#12672=DIRECTION('',(0.,0.,-1.));
#12673=DIRECTION('',(0.,-1.,0.));
#12674=DIRECTION('',(0.,0.,-1.));
#12675=DIRECTION('center_axis',(1.,0.,0.));
#12676=DIRECTION('ref_axis',(0.,1.,0.));
#12677=DIRECTION('',(0.,1.,0.));
#12678=DIRECTION('',(0.,0.,-1.));
#12679=DIRECTION('',(0.,-1.,0.));
#12680=DIRECTION('',(0.,0.,-1.));
#12681=DIRECTION('center_axis',(0.,0.,1.));
#12682=DIRECTION('ref_axis',(1.,0.,0.));
#12683=DIRECTION('center_axis',(0.,0.,1.));
#12684=DIRECTION('ref_axis',(-1.,-1.576516694968E-13,0.));
#12685=DIRECTION('',(0.,0.,-1.));
#12686=DIRECTION('center_axis',(0.,0.,1.));
#12687=DIRECTION('ref_axis',(-1.,-1.576516694968E-13,0.));
#12688=DIRECTION('center_axis',(0.,0.,1.));
#12689=DIRECTION('ref_axis',(1.,0.,0.));
#12690=DIRECTION('center_axis',(0.,0.,1.));
#12691=DIRECTION('ref_axis',(-1.,-8.38218383592E-14,0.));
#12692=DIRECTION('',(0.,0.,-1.));
#12693=DIRECTION('center_axis',(0.,0.,-1.));
#12694=DIRECTION('ref_axis',(0.,1.,0.));
#12695=DIRECTION('',(-0.205070828400099,-0.978747135545896,0.));
#12696=DIRECTION('',(1.,0.,0.));
#12697=DIRECTION('',(-0.205070828400099,0.978747135545896,0.));
#12698=DIRECTION('',(-1.,0.,0.));
#12699=DIRECTION('',(0.,-1.,0.));
#12700=DIRECTION('',(0.,1.,0.));
#12701=DIRECTION('',(-0.980580675690916,-0.196116135138203,0.));
#12702=DIRECTION('',(1.,0.,0.));
#12703=DIRECTION('',(0.,1.,0.));
#12704=DIRECTION('',(-1.,0.,0.));
#12705=DIRECTION('',(0.,1.,0.));
#12706=DIRECTION('',(1.,0.,0.));
#12707=DIRECTION('',(0.,1.,0.));
#12708=DIRECTION('',(-1.,0.,0.));
#12709=DIRECTION('',(0.,1.,0.));
#12710=DIRECTION('',(1.,0.,0.));
#12711=DIRECTION('',(0.,1.,0.));
#12712=DIRECTION('',(-1.,0.,0.));
#12713=DIRECTION('',(0.,1.,0.));
#12714=DIRECTION('',(1.,0.,0.));
#12715=DIRECTION('',(0.,1.,0.));
#12716=DIRECTION('',(-1.,0.,0.));
#12717=DIRECTION('',(0.,1.,0.));
#12718=DIRECTION('',(1.,0.,0.));
#12719=DIRECTION('',(0.,1.,0.));
#12720=DIRECTION('',(-1.,0.,0.));
#12721=DIRECTION('',(0.,1.,0.));
#12722=DIRECTION('',(1.,0.,0.));
#12723=DIRECTION('',(0.,1.,0.));
#12724=DIRECTION('',(-1.,0.,0.));
#12725=DIRECTION('',(0.,1.,0.));
#12726=DIRECTION('',(1.,0.,0.));
#12727=DIRECTION('',(0.,1.,0.));
#12728=DIRECTION('',(-1.,0.,0.));
#12729=DIRECTION('',(0.,1.,0.));
#12730=DIRECTION('',(1.,0.,0.));
#12731=DIRECTION('',(0.,1.,0.));
#12732=DIRECTION('',(-1.,0.,0.));
#12733=DIRECTION('',(0.,1.,0.));
#12734=DIRECTION('',(1.,0.,0.));
#12735=DIRECTION('',(0.,1.,0.));
#12736=DIRECTION('',(-1.,0.,0.));
#12737=DIRECTION('',(0.,1.,0.));
#12738=DIRECTION('',(1.,0.,0.));
#12739=DIRECTION('',(0.,1.,0.));
#12740=DIRECTION('',(-1.,0.,0.));
#12741=DIRECTION('',(0.,1.,0.));
#12742=DIRECTION('',(1.,0.,0.));
#12743=DIRECTION('',(0.,1.,0.));
#12744=DIRECTION('',(-1.,0.,0.));
#12745=DIRECTION('',(0.,1.,0.));
#12746=DIRECTION('',(1.,0.,0.));
#12747=DIRECTION('',(0.,1.,0.));
#12748=DIRECTION('',(-1.,0.,0.));
#12749=DIRECTION('',(0.,1.,0.));
#12750=DIRECTION('',(1.,0.,0.));
#12751=DIRECTION('',(0.,1.,0.));
#12752=DIRECTION('',(-1.,0.,0.));
#12753=DIRECTION('',(0.,1.,0.));
#12754=DIRECTION('',(1.,0.,0.));
#12755=DIRECTION('',(0.,1.,0.));
#12756=DIRECTION('',(-1.,0.,0.));
#12757=DIRECTION('',(0.,1.,0.));
#12758=DIRECTION('',(1.,0.,0.));
#12759=DIRECTION('',(0.,1.,0.));
#12760=DIRECTION('',(-1.,0.,0.));
#12761=DIRECTION('',(0.,-1.,0.));
#12762=DIRECTION('',(1.,0.,0.));
#12763=DIRECTION('',(0.,-1.,0.));
#12764=DIRECTION('',(-1.,0.,0.));
#12765=DIRECTION('',(0.,1.,0.));
#12766=DIRECTION('',(1.,0.,0.));
#12767=DIRECTION('',(-0.980580675690916,0.196116135138203,0.));
#12768=DIRECTION('',(0.,-1.,0.));
#12769=DIRECTION('center_axis',(0.,0.,1.));
#12770=DIRECTION('ref_axis',(-1.,0.,0.));
#12771=DIRECTION('',(0.,1.,0.));
#12772=DIRECTION('',(-1.,0.,0.));
#12773=DIRECTION('center_axis',(0.978747135545896,-0.205070828400099,0.));
#12774=DIRECTION('ref_axis',(-0.205070828400099,-0.978747135545896,0.));
#12775=DIRECTION('',(0.,0.,1.));
#12776=DIRECTION('',(-0.200178145666502,-0.95539569522651,0.217135385278802));
#12777=DIRECTION('center_axis',(0.978747135545896,-0.205070828400099,0.));
#12778=DIRECTION('ref_axis',(-0.205070828400099,-0.978747135545896,0.));
#12779=DIRECTION('',(0.,0.,1.));
#12780=DIRECTION('center_axis',(0.,1.,0.));
#12781=DIRECTION('ref_axis',(0.,0.,1.));
#12782=DIRECTION('',(1.,0.,0.));
#12783=DIRECTION('',(0.,0.,1.));
#12784=DIRECTION('center_axis',(-0.978747135545896,-0.205070828400099,0.));
#12785=DIRECTION('ref_axis',(-0.205070828400099,0.978747135545896,0.));
#12786=DIRECTION('center_axis',(0.978747135545896,0.205070828400099,0.));
#12787=DIRECTION('ref_axis',(0.205070828400099,-0.978747135545896,0.));
#12788=DIRECTION('',(0.200178145666502,-0.95539569522651,0.217135385278802));
#12789=DIRECTION('',(0.,0.,1.));
#12790=DIRECTION('center_axis',(0.,-1.,0.));
#12791=DIRECTION('ref_axis',(-1.,0.,0.));
#12792=DIRECTION('',(-1.,0.,0.));
#12793=DIRECTION('',(0.,0.,1.));
#12794=DIRECTION('center_axis',(-1.,0.,0.));
#12795=DIRECTION('ref_axis',(0.,-1.,0.));
#12796=DIRECTION('',(0.,-0.975132855791455,0.22162110358899));
#12797=DIRECTION('',(0.,0.,1.));
#12798=DIRECTION('',(0.,0.472221412515397,-0.881479970028794));
#12799=DIRECTION('',(0.,1.,0.));
#12800=DIRECTION('',(0.,0.,-1.));
#12801=DIRECTION('',(0.,-1.,0.));
#12802=DIRECTION('center_axis',(-1.,0.,0.));
#12803=DIRECTION('ref_axis',(0.,-1.,0.));
#12804=DIRECTION('',(0.,1.,0.));
#12805=DIRECTION('center_axis',(0.,0.,1.));
#12806=DIRECTION('ref_axis',(0.,-1.,0.));
#12807=DIRECTION('',(-0.980580675690916,0.196116135138203,0.));
#12808=DIRECTION('',(1.,0.,0.));
#12809=DIRECTION('',(0.,-1.,0.));
#12810=DIRECTION('',(1.,0.,0.));
#12811=DIRECTION('',(0.,1.,0.));
#12812=DIRECTION('',(1.,0.,0.));
#12813=DIRECTION('',(0.,-1.,0.));
#12814=DIRECTION('center_axis',(0.,0.,1.));
#12815=DIRECTION('ref_axis',(-1.,0.,0.));
#12816=DIRECTION('',(0.,-1.,0.));
#12817=DIRECTION('',(1.,0.,0.));
#12818=DIRECTION('center_axis',(0.,0.,1.));
#12819=DIRECTION('ref_axis',(0.,-1.,0.));
#12820=DIRECTION('',(-0.980580675690916,-0.196116135138203,0.));
#12821=DIRECTION('',(0.,-1.,0.));
#12822=DIRECTION('',(1.,0.,0.));
#12823=DIRECTION('',(1.,0.,0.));
#12824=DIRECTION('',(0.,1.,0.));
#12825=DIRECTION('',(1.,0.,0.));
#12826=DIRECTION('',(0.,-1.,0.));
#12827=DIRECTION('',(1.,0.,0.));
#12828=DIRECTION('center_axis',(0.196116135138203,0.980580675690916,0.));
#12829=DIRECTION('ref_axis',(-0.980580675690916,0.196116135138203,0.));
#12830=DIRECTION('',(-0.980580675690916,0.196116135138203,0.));
#12831=DIRECTION('',(0.,0.,-1.));
#12832=DIRECTION('center_axis',(0.196116135138203,0.980580675690916,0.));
#12833=DIRECTION('ref_axis',(-0.980580675690916,0.196116135138203,0.));
#12834=DIRECTION('',(0.,0.,-1.));
#12835=DIRECTION('center_axis',(0.,0.,1.));
#12836=DIRECTION('ref_axis',(-1.,0.,0.));
#12837=DIRECTION('',(0.,-1.,0.));
#12838=DIRECTION('',(-1.,0.,0.));
#12839=DIRECTION('',(-1.,0.,0.));
#12840=DIRECTION('',(0.,-1.,0.));
#12841=DIRECTION('center_axis',(0.,0.,1.));
#12842=DIRECTION('ref_axis',(-1.,0.,0.));
#12843=DIRECTION('',(0.,-1.,0.));
#12844=DIRECTION('center_axis',(1.,0.,0.));
#12845=DIRECTION('ref_axis',(0.,1.,0.));
#12846=DIRECTION('',(0.,0.,1.));
#12847=DIRECTION('',(0.,0.,-1.));
#12848=DIRECTION('',(0.,0.,-1.));
#12849=DIRECTION('',(0.,1.,0.));
#12850=DIRECTION('',(0.,0.472221412515397,-0.881479970028794));
#12851=DIRECTION('',(0.,0.,1.));
#12852=DIRECTION('',(0.,-0.975132855791455,0.22162110358899));
#12853=DIRECTION('center_axis',(1.,0.,0.));
#12854=DIRECTION('ref_axis',(0.,1.,0.));
#12855=DIRECTION('',(0.,0.,-1.));
#12856=DIRECTION('center_axis',(0.,-1.,0.));
#12857=DIRECTION('ref_axis',(-1.,0.,0.));
#12858=DIRECTION('',(1.,0.,0.));
#12859=DIRECTION('center_axis',(0.,0.22162110358899,0.975132855791455));
#12860=DIRECTION('ref_axis',(0.,-0.975132855791455,0.22162110358899));
#12861=DIRECTION('',(1.,0.,0.));
#12862=DIRECTION('',(1.,0.,0.));
#12863=DIRECTION('',(1.,0.,0.));
#12864=DIRECTION('',(1.,0.,0.));
#12865=DIRECTION('center_axis',(1.,0.,0.));
#12866=DIRECTION('ref_axis',(0.,-1.,0.));
#12867=DIRECTION('center_axis',(0.,1.,0.));
#12868=DIRECTION('ref_axis',(0.,0.,1.));
#12869=DIRECTION('',(0.,0.,1.));
#12870=DIRECTION('',(1.,0.,0.));
#12871=DIRECTION('center_axis',(0.,1.,0.));
#12872=DIRECTION('ref_axis',(0.,0.,1.));
#12873=DIRECTION('',(1.7763568394E-14,0.,1.));
#12874=DIRECTION('',(1.,0.,0.));
#12875=DIRECTION('center_axis',(1.,0.,0.));
#12876=DIRECTION('ref_axis',(0.,-1.,0.));
#12877=DIRECTION('',(0.,0.,-1.));
#12878=DIRECTION('',(-1.25265837884399E-14,-0.472221412515397,0.881479970028794));
#12879=DIRECTION('',(0.,0.999444906979154,-0.0333148302326385));
#12880=DIRECTION('',(0.,0.,-1.));
#12881=DIRECTION('',(0.,-0.755689082789831,-0.654930538417827));
#12882=DIRECTION('',(0.,0.,-1.));
#12883=DIRECTION('',(0.,-1.,0.));
#12884=DIRECTION('',(1.973729821556E-14,0.,1.));
#12885=DIRECTION('',(0.,-1.,0.));
#12886=DIRECTION('center_axis',(0.,-1.,0.));
#12887=DIRECTION('ref_axis',(-1.,0.,0.));
#12888=DIRECTION('',(0.,0.,-1.));
#12889=DIRECTION('',(-1.,0.,0.));
#12890=DIRECTION('center_axis',(0.,-1.,0.));
#12891=DIRECTION('ref_axis',(-1.,0.,0.));
#12892=DIRECTION('',(0.,0.,-1.));
#12893=DIRECTION('',(-1.,0.,0.));
#12894=DIRECTION('center_axis',(0.,-1.,0.));
#12895=DIRECTION('ref_axis',(-1.,0.,0.));
#12896=DIRECTION('',(0.,0.,-1.));
#12897=DIRECTION('',(-1.,0.,0.));
#12898=DIRECTION('center_axis',(0.,-1.,0.));
#12899=DIRECTION('ref_axis',(-1.,0.,0.));
#12900=DIRECTION('',(0.,0.,-1.));
#12901=DIRECTION('',(-1.,0.,0.));
#12902=DIRECTION('',(0.,0.,-1.));
#12903=DIRECTION('center_axis',(1.,0.,0.));
#12904=DIRECTION('ref_axis',(0.,0.,1.));
#12905=DIRECTION('',(0.,0.472221412515397,-0.881479970028794));
#12906=DIRECTION('',(0.,-1.,0.));
#12907=DIRECTION('',(0.,0.,1.));
#12908=DIRECTION('',(0.,0.,-1.));
#12909=DIRECTION('',(0.,1.,0.));
#12910=DIRECTION('',(0.,0.,1.));
#12911=DIRECTION('',(0.,0.707106781186547,0.707106781186547));
#12912=DIRECTION('',(0.,1.,0.));
#12913=DIRECTION('',(1.973729821556E-14,0.,1.));
#12914=DIRECTION('',(0.,-1.,0.));
#12915=DIRECTION('center_axis',(0.,0.,1.));
#12916=DIRECTION('ref_axis',(-1.,0.,0.));
#12917=DIRECTION('',(0.,-1.,0.));
#12918=DIRECTION('',(1.,0.,0.));
#12919=DIRECTION('',(0.,1.,0.));
#12920=DIRECTION('',(-1.,0.,0.));
#12921=DIRECTION('',(0.,-1.,0.));
#12922=DIRECTION('',(1.,0.,0.));
#12923=DIRECTION('',(0.,1.,0.));
#12924=DIRECTION('',(-1.,0.,0.));
#12925=DIRECTION('',(0.,-1.,0.));
#12926=DIRECTION('',(1.,0.,0.));
#12927=DIRECTION('',(0.,1.,0.));
#12928=DIRECTION('',(-1.,0.,0.));
#12929=DIRECTION('',(0.,-1.,0.));
#12930=DIRECTION('',(1.,0.,0.));
#12931=DIRECTION('',(0.,1.,0.));
#12932=DIRECTION('',(-1.,0.,0.));
#12933=DIRECTION('',(0.,-1.,0.));
#12934=DIRECTION('',(1.,0.,0.));
#12935=DIRECTION('',(0.,1.,0.));
#12936=DIRECTION('',(-1.,0.,0.));
#12937=DIRECTION('',(0.,-1.,0.));
#12938=DIRECTION('',(1.,0.,0.));
#12939=DIRECTION('',(0.,1.,0.));
#12940=DIRECTION('',(-1.,0.,0.));
#12941=DIRECTION('',(0.,-1.,0.));
#12942=DIRECTION('',(1.,0.,0.));
#12943=DIRECTION('',(0.,1.,0.));
#12944=DIRECTION('',(-1.,0.,0.));
#12945=DIRECTION('',(0.,-1.,0.));
#12946=DIRECTION('',(1.,0.,0.));
#12947=DIRECTION('',(0.,1.,0.));
#12948=DIRECTION('',(-1.,0.,0.));
#12949=DIRECTION('',(0.,-1.,0.));
#12950=DIRECTION('',(1.,0.,0.));
#12951=DIRECTION('',(0.,1.,0.));
#12952=DIRECTION('',(-1.,0.,0.));
#12953=DIRECTION('',(0.,-1.,0.));
#12954=DIRECTION('',(1.,0.,0.));
#12955=DIRECTION('',(0.,1.,0.));
#12956=DIRECTION('',(-1.,0.,0.));
#12957=DIRECTION('',(0.,-1.,0.));
#12958=DIRECTION('',(1.,0.,0.));
#12959=DIRECTION('',(0.,1.,0.));
#12960=DIRECTION('',(-1.,0.,0.));
#12961=DIRECTION('',(0.,-1.,0.));
#12962=DIRECTION('',(1.,0.,0.));
#12963=DIRECTION('',(0.,1.,0.));
#12964=DIRECTION('',(-1.,0.,0.));
#12965=DIRECTION('',(0.,-1.,0.));
#12966=DIRECTION('',(1.,0.,0.));
#12967=DIRECTION('',(0.,1.,0.));
#12968=DIRECTION('',(-1.,0.,0.));
#12969=DIRECTION('',(0.,-1.,0.));
#12970=DIRECTION('',(1.,0.,0.));
#12971=DIRECTION('',(0.,1.,0.));
#12972=DIRECTION('',(-1.,0.,0.));
#12973=DIRECTION('',(0.,1.,0.));
#12974=DIRECTION('',(1.,0.,0.));
#12975=DIRECTION('',(0.,-1.,0.));
#12976=DIRECTION('',(1.,0.,0.));
#12977=DIRECTION('',(0.,-1.,0.));
#12978=DIRECTION('',(0.,-1.,0.));
#12979=DIRECTION('',(-1.,0.,0.));
#12980=DIRECTION('',(0.,-1.,0.));
#12981=DIRECTION('',(1.,0.,0.));
#12982=DIRECTION('',(0.,1.,0.));
#12983=DIRECTION('',(-1.,0.,0.));
#12984=DIRECTION('center_axis',(1.,0.,0.));
#12985=DIRECTION('ref_axis',(0.,-1.,0.));
#12986=DIRECTION('',(0.,0.,1.));
#12987=DIRECTION('',(0.,0.,-1.));
#12988=DIRECTION('',(0.,1.,0.));
#12989=DIRECTION('',(0.,0.,1.));
#12990=DIRECTION('',(0.,0.707106781186547,0.707106781186547));
#12991=DIRECTION('',(0.,1.,0.));
#12992=DIRECTION('center_axis',(1.,0.,0.));
#12993=DIRECTION('ref_axis',(0.,-1.,0.));
#12994=DIRECTION('',(0.,0.,1.));
#12995=DIRECTION('',(0.,-1.,0.));
#12996=DIRECTION('',(0.,-0.707106781186498,0.707106781186598));
#12997=DIRECTION('',(0.,0.,1.));
#12998=DIRECTION('',(0.,-0.707106781186548,-0.707106781186548));
#12999=DIRECTION('',(0.,0.,-1.));
#13000=DIRECTION('center_axis',(1.,0.,0.));
#13001=DIRECTION('ref_axis',(0.,-1.,0.));
#13002=DIRECTION('',(0.,-1.,0.));
#13003=DIRECTION('',(0.,0.,-1.));
#13004=DIRECTION('',(0.,1.,0.));
#13005=DIRECTION('',(0.,0.,1.));
#13006=DIRECTION('center_axis',(1.,0.,0.));
#13007=DIRECTION('ref_axis',(0.,-1.,0.));
#13008=DIRECTION('',(0.,-0.8,0.6));
#13009=DIRECTION('',(0.,0.999444906979154,-0.0333148302326385));
#13010=DIRECTION('',(0.,-0.229909083394708,-0.973212111192933));
#13011=DIRECTION('center_axis',(-1.,0.,0.));
#13012=DIRECTION('ref_axis',(0.,-0.973212111192933,0.229909083394708));
#13013=DIRECTION('center_axis',(1.,0.,0.));
#13014=DIRECTION('ref_axis',(0.,-1.,0.));
#13015=DIRECTION('',(0.,-1.,0.));
#13016=DIRECTION('',(0.,0.,-1.));
#13017=DIRECTION('',(0.,1.,0.));
#13018=DIRECTION('center_axis',(1.,0.,0.));
#13019=DIRECTION('ref_axis',(0.,0.,-1.));
#13020=DIRECTION('center_axis',(0.,1.,0.));
#13021=DIRECTION('ref_axis',(0.,0.,1.));
#13022=DIRECTION('',(0.,0.,-1.));
#13023=DIRECTION('',(1.,0.,0.));
#13024=DIRECTION('center_axis',(1.,0.,0.));
#13025=DIRECTION('ref_axis',(0.,-1.,0.));
#13026=DIRECTION('',(0.,1.,0.));
#13027=DIRECTION('',(0.,0.707106781186547,0.707106781186547));
#13028=DIRECTION('',(0.,0.,1.));
#13029=DIRECTION('',(0.,1.,0.));
#13030=DIRECTION('',(0.,0.,-1.));
#13031=DIRECTION('center_axis',(1.,0.,0.));
#13032=DIRECTION('ref_axis',(0.,-1.,0.));
#13033=DIRECTION('',(0.,0.,1.));
#13034=DIRECTION('',(0.,0.,-1.));
#13035=DIRECTION('',(0.,-0.707106781186548,-0.707106781186548));
#13036=DIRECTION('',(0.,0.,1.));
#13037=DIRECTION('',(0.,-0.707106781186498,0.707106781186598));
#13038=DIRECTION('',(0.,-1.,0.));
#13039=DIRECTION('center_axis',(1.,0.,0.));
#13040=DIRECTION('ref_axis',(0.,-1.,0.));
#13041=DIRECTION('',(0.,-1.,0.));
#13042=DIRECTION('',(0.,0.,1.));
#13043=DIRECTION('',(0.,1.,0.));
#13044=DIRECTION('',(0.,0.,-1.));
#13045=DIRECTION('center_axis',(1.,0.,0.));
#13046=DIRECTION('ref_axis',(0.,-1.,0.));
#13047=DIRECTION('',(0.,-0.8,0.6));
#13048=DIRECTION('center_axis',(-1.,0.,0.));
#13049=DIRECTION('ref_axis',(0.,-0.973212111192933,0.229909083394708));
#13050=DIRECTION('',(0.,-0.229909083394708,-0.973212111192933));
#13051=DIRECTION('',(0.,0.999444906979154,-0.0333148302326385));
#13052=DIRECTION('center_axis',(1.,0.,0.));
#13053=DIRECTION('ref_axis',(0.,-1.,0.));
#13054=DIRECTION('',(0.,-1.,0.));
#13055=DIRECTION('center_axis',(1.,0.,0.));
#13056=DIRECTION('ref_axis',(0.,0.,-1.));
#13057=DIRECTION('',(0.,1.,0.));
#13058=DIRECTION('',(0.,0.,-1.));
#13059=DIRECTION('center_axis',(0.,-1.,0.));
#13060=DIRECTION('ref_axis',(0.,0.,-1.));
#13061=DIRECTION('',(0.,0.,-1.));
#13062=DIRECTION('',(1.,0.,0.));
#13063=DIRECTION('',(0.,0.,-1.));
#13064=DIRECTION('',(0.,0.,-1.));
#13065=DIRECTION('',(1.,0.,0.));
#13066=DIRECTION('',(0.,0.,-1.));
#13067=DIRECTION('',(0.,0.,-1.));
#13068=DIRECTION('',(1.,0.,0.));
#13069=DIRECTION('',(0.,0.,-1.));
#13070=DIRECTION('',(0.,0.,-1.));
#13071=DIRECTION('',(1.,0.,0.));
#13072=DIRECTION('',(0.,0.,-1.));
#13073=DIRECTION('',(0.,0.,-1.));
#13074=DIRECTION('',(1.,0.,0.));
#13075=DIRECTION('',(0.,0.,-1.));
#13076=DIRECTION('',(0.,0.,-1.));
#13077=DIRECTION('',(1.,0.,0.));
#13078=DIRECTION('',(0.,0.,-1.));
#13079=DIRECTION('',(0.,0.,-1.));
#13080=DIRECTION('',(1.,0.,0.));
#13081=DIRECTION('',(0.,0.,-1.));
#13082=DIRECTION('',(0.,0.,-1.));
#13083=DIRECTION('',(1.,0.,0.));
#13084=DIRECTION('',(0.,0.,-1.));
#13085=DIRECTION('',(0.,0.,-1.));
#13086=DIRECTION('',(1.,0.,0.));
#13087=DIRECTION('',(0.,0.,-1.));
#13088=DIRECTION('',(0.,0.,-1.));
#13089=DIRECTION('',(1.,0.,0.));
#13090=DIRECTION('',(0.,0.,-1.));
#13091=DIRECTION('',(0.,0.,-1.));
#13092=DIRECTION('',(1.,0.,0.));
#13093=DIRECTION('',(0.,0.,-1.));
#13094=DIRECTION('',(0.,0.,-1.));
#13095=DIRECTION('',(1.,0.,0.));
#13096=DIRECTION('',(0.,0.,-1.));
#13097=DIRECTION('',(0.,0.,-1.));
#13098=DIRECTION('',(1.,0.,0.));
#13099=DIRECTION('',(0.,0.,-1.));
#13100=DIRECTION('',(1.,0.,0.));
#13101=DIRECTION('',(0.,0.,-1.));
#13102=DIRECTION('',(1.,0.,0.));
#13103=DIRECTION('',(0.,0.,-1.));
#13104=DIRECTION('',(0.,0.,-1.));
#13105=DIRECTION('',(1.,0.,0.));
#13106=DIRECTION('',(0.,0.,-1.));
#13107=DIRECTION('',(0.,0.,-1.));
#13108=DIRECTION('',(1.,0.,0.));
#13109=DIRECTION('',(0.,0.,-1.));
#13110=DIRECTION('',(1.,0.,0.));
#13111=DIRECTION('',(0.,0.,-1.));
#13112=DIRECTION('',(1.,0.,0.));
#13113=DIRECTION('',(0.,0.,-1.));
#13114=DIRECTION('',(0.,0.,-1.));
#13115=DIRECTION('',(1.,0.,0.));
#13116=DIRECTION('',(0.,0.,-1.));
#13117=DIRECTION('',(0.,0.,-1.));
#13118=DIRECTION('',(1.,0.,0.));
#13119=DIRECTION('',(0.,0.,-1.));
#13120=DIRECTION('',(0.,0.,-1.));
#13121=DIRECTION('',(1.,0.,0.));
#13122=DIRECTION('',(0.,0.,-1.));
#13123=DIRECTION('',(0.,0.,-1.));
#13124=DIRECTION('',(1.,0.,0.));
#13125=DIRECTION('',(0.,0.,-1.));
#13126=DIRECTION('',(0.,0.,-1.));
#13127=DIRECTION('',(1.,0.,0.));
#13128=DIRECTION('',(0.,0.,-1.));
#13129=DIRECTION('',(0.,0.,-1.));
#13130=DIRECTION('',(1.,0.,0.));
#13131=DIRECTION('',(0.,0.,-1.));
#13132=DIRECTION('',(0.,0.,-1.));
#13133=DIRECTION('',(1.,0.,0.));
#13134=DIRECTION('',(0.,0.,-1.));
#13135=DIRECTION('',(0.,0.,-1.));
#13136=DIRECTION('',(1.,0.,0.));
#13137=DIRECTION('',(0.,0.,-1.));
#13138=DIRECTION('',(0.,0.,-1.));
#13139=DIRECTION('',(1.,0.,0.));
#13140=DIRECTION('',(0.,0.,-1.));
#13141=DIRECTION('',(0.,0.,-1.));
#13142=DIRECTION('',(1.,0.,0.));
#13143=DIRECTION('',(0.,0.,-1.));
#13144=DIRECTION('',(0.,0.,-1.));
#13145=DIRECTION('',(1.,0.,0.));
#13146=DIRECTION('',(0.,0.,-1.));
#13147=DIRECTION('',(0.,0.,-1.));
#13148=DIRECTION('',(1.,0.,0.));
#13149=DIRECTION('',(0.,0.,-1.));
#13150=DIRECTION('',(0.,0.,-1.));
#13151=DIRECTION('',(0.,0.,-1.));
#13152=DIRECTION('',(1.,0.,0.));
#13153=DIRECTION('',(0.,0.,-1.));
#13154=DIRECTION('',(1.,0.,0.));
#13155=DIRECTION('',(1.,0.,0.));
#13156=DIRECTION('',(0.,0.,-1.));
#13157=DIRECTION('',(1.,0.,0.));
#13158=DIRECTION('',(0.,0.,-1.));
#13159=DIRECTION('',(1.,0.,0.));
#13160=DIRECTION('',(0.,0.,-1.));
#13161=DIRECTION('',(1.,0.,0.));
#13162=DIRECTION('',(0.,0.,-1.));
#13163=DIRECTION('',(1.,0.,0.));
#13164=DIRECTION('',(0.,0.,-1.));
#13165=DIRECTION('',(1.,0.,0.));
#13166=DIRECTION('',(0.,0.,-1.));
#13167=DIRECTION('',(1.,0.,0.));
#13168=DIRECTION('',(0.,0.,-1.));
#13169=DIRECTION('',(1.,0.,0.));
#13170=DIRECTION('',(0.,0.,-1.));
#13171=DIRECTION('',(1.,0.,0.));
#13172=DIRECTION('',(0.,0.,-1.));
#13173=DIRECTION('',(1.,0.,0.));
#13174=DIRECTION('',(0.,0.,-1.));
#13175=DIRECTION('',(1.,0.,0.));
#13176=DIRECTION('',(0.,0.,-1.));
#13177=DIRECTION('',(1.,0.,0.));
#13178=DIRECTION('',(0.,0.,-1.));
#13179=DIRECTION('',(1.,0.,0.));
#13180=DIRECTION('',(0.,0.,-1.));
#13181=DIRECTION('',(1.,0.,0.));
#13182=DIRECTION('',(0.,0.,-1.));
#13183=DIRECTION('',(1.,0.,0.));
#13184=DIRECTION('',(0.,0.,-1.));
#13185=DIRECTION('',(1.,0.,0.));
#13186=DIRECTION('',(0.,0.,-1.));
#13187=DIRECTION('',(1.,0.,0.));
#13188=DIRECTION('',(0.,0.,-1.));
#13189=DIRECTION('',(1.,0.,0.));
#13190=DIRECTION('',(0.,0.,-1.));
#13191=DIRECTION('',(1.,0.,0.));
#13192=DIRECTION('',(0.,0.,-1.));
#13193=DIRECTION('',(1.,0.,0.));
#13194=DIRECTION('',(0.,0.,-1.));
#13195=DIRECTION('',(1.,0.,0.));
#13196=DIRECTION('',(0.,0.,-1.));
#13197=DIRECTION('',(1.,0.,0.));
#13198=DIRECTION('',(0.,0.,-1.));
#13199=DIRECTION('',(1.,0.,0.));
#13200=DIRECTION('',(0.,0.,-1.));
#13201=DIRECTION('',(1.,0.,0.));
#13202=DIRECTION('',(0.,0.,-1.));
#13203=DIRECTION('',(1.,0.,0.));
#13204=DIRECTION('',(0.,0.,-1.));
#13205=DIRECTION('',(1.,0.,0.));
#13206=DIRECTION('',(0.,0.,-1.));
#13207=DIRECTION('',(1.,0.,0.));
#13208=DIRECTION('',(0.,0.,-1.));
#13209=DIRECTION('',(1.,0.,0.));
#13210=DIRECTION('',(0.,0.,-1.));
#13211=DIRECTION('',(1.,0.,0.));
#13212=DIRECTION('center_axis',(1.,0.,0.));
#13213=DIRECTION('ref_axis',(0.,-1.,0.));
#13214=DIRECTION('',(0.,0.,-1.));
#13215=DIRECTION('',(0.,1.,0.));
#13216=DIRECTION('',(0.,0.707106781186547,0.707106781186547));
#13217=DIRECTION('',(0.,0.,1.));
#13218=DIRECTION('',(0.,1.,0.));
#13219=DIRECTION('center_axis',(1.,0.,0.));
#13220=DIRECTION('ref_axis',(0.,-1.,0.));
#13221=DIRECTION('',(0.,0.,1.));
#13222=DIRECTION('',(0.,-0.707106781186548,-0.707106781186548));
#13223=DIRECTION('',(0.,0.,1.));
#13224=DIRECTION('',(0.,-0.707106781186498,0.707106781186598));
#13225=DIRECTION('',(0.,-1.,0.));
#13226=DIRECTION('center_axis',(1.,0.,0.));
#13227=DIRECTION('ref_axis',(0.,-1.,0.));
#13228=DIRECTION('',(0.,-1.,0.));
#13229=DIRECTION('',(0.,0.,1.));
#13230=DIRECTION('',(0.,1.,0.));
#13231=DIRECTION('center_axis',(1.,0.,0.));
#13232=DIRECTION('ref_axis',(0.,-1.,0.));
#13233=DIRECTION('',(0.,0.999444906979154,-0.0333148302326385));
#13234=DIRECTION('',(0.,-0.8,0.6));
#13235=DIRECTION('center_axis',(-1.,0.,0.));
#13236=DIRECTION('ref_axis',(0.,-0.973212111192933,0.229909083394708));
#13237=DIRECTION('',(0.,-0.229909083394708,-0.973212111192933));
#13238=DIRECTION('center_axis',(1.,0.,0.));
#13239=DIRECTION('ref_axis',(0.,-1.,0.));
#13240=DIRECTION('',(0.,-1.,0.));
#13241=DIRECTION('center_axis',(1.,0.,0.));
#13242=DIRECTION('ref_axis',(0.,0.,-1.));
#13243=DIRECTION('',(0.,1.,0.));
#13244=DIRECTION('',(0.,0.,-1.));
#13245=DIRECTION('center_axis',(0.,1.,0.));
#13246=DIRECTION('ref_axis',(0.,0.,1.));
#13247=DIRECTION('',(0.,0.,1.));
#13248=DIRECTION('',(1.,0.,0.));
#13249=DIRECTION('center_axis',(0.,0.,1.));
#13250=DIRECTION('ref_axis',(0.,-1.,0.));
#13251=DIRECTION('',(0.,1.,0.));
#13252=DIRECTION('',(1.,0.,0.));
#13253=DIRECTION('center_axis',(0.,-0.707106781186548,0.707106781186548));
#13254=DIRECTION('ref_axis',(0.,-0.707106781186548,-0.707106781186548));
#13255=DIRECTION('',(0.,0.707106781186547,0.707106781186547));
#13256=DIRECTION('',(1.,0.,0.));
#13257=DIRECTION('center_axis',(0.,-1.,0.));
#13258=DIRECTION('ref_axis',(0.,0.,-1.));
#13259=DIRECTION('',(0.,0.,1.));
#13260=DIRECTION('',(1.,0.,0.));
#13261=DIRECTION('center_axis',(0.,0.,-1.));
#13262=DIRECTION('ref_axis',(0.,1.,0.));
#13263=DIRECTION('',(0.,1.,0.));
#13264=DIRECTION('center_axis',(1.,0.,0.));
#13265=DIRECTION('ref_axis',(0.,-1.,0.));
#13266=DIRECTION('center_axis',(1.,0.,0.));
#13267=DIRECTION('ref_axis',(0.,-1.,0.));
#13268=DIRECTION('',(0.,0.,1.));
#13269=DIRECTION('',(0.,-1.,0.));
#13270=DIRECTION('',(0.,-0.707106781186498,0.707106781186598));
#13271=DIRECTION('',(0.,0.,1.));
#13272=DIRECTION('',(0.,-0.707106781186548,-0.707106781186548));
#13273=DIRECTION('center_axis',(1.,0.,0.));
#13274=DIRECTION('ref_axis',(0.,-1.,0.));
#13275=DIRECTION('',(0.,1.,0.));
#13276=DIRECTION('',(0.,0.,1.));
#13277=DIRECTION('',(0.,-1.,0.));
#13278=DIRECTION('center_axis',(1.,0.,0.));
#13279=DIRECTION('ref_axis',(0.,-1.,0.));
#13280=DIRECTION('',(0.,0.999444906979154,-0.0333148302326385));
#13281=DIRECTION('',(0.,-0.229909083394708,-0.973212111192933));
#13282=DIRECTION('center_axis',(-1.,0.,0.));
#13283=DIRECTION('ref_axis',(0.,-0.973212111192933,0.229909083394708));
#13284=DIRECTION('',(0.,-0.8,0.6));
#13285=DIRECTION('center_axis',(1.,0.,0.));
#13286=DIRECTION('ref_axis',(0.,-1.,0.));
#13287=DIRECTION('',(0.,-1.,0.));
#13288=DIRECTION('',(0.,0.,-1.));
#13289=DIRECTION('',(0.,1.,0.));
#13290=DIRECTION('center_axis',(1.,0.,0.));
#13291=DIRECTION('ref_axis',(0.,0.,-1.));
#13292=DIRECTION('center_axis',(0.,1.,0.));
#13293=DIRECTION('ref_axis',(0.,0.,1.));
#13294=DIRECTION('',(1.,0.,0.));
#13295=DIRECTION('center_axis',(0.,0.,-1.));
#13296=DIRECTION('ref_axis',(0.,1.,0.));
#13297=DIRECTION('',(1.,0.,0.));
#13298=DIRECTION('center_axis',(0.,-0.707106781186598,-0.707106781186498));
#13299=DIRECTION('ref_axis',(0.,0.707106781186498,-0.707106781186598));
#13300=DIRECTION('',(1.,0.,0.));
#13301=DIRECTION('center_axis',(0.,-1.,0.));
#13302=DIRECTION('ref_axis',(0.,0.,-1.));
#13303=DIRECTION('',(1.,0.,0.));
#13304=DIRECTION('center_axis',(0.,-0.707106781186548,0.707106781186548));
#13305=DIRECTION('ref_axis',(0.,-0.707106781186548,-0.707106781186548));
#13306=DIRECTION('center_axis',(0.,0.,1.));
#13307=DIRECTION('ref_axis',(0.,-1.,0.));
#13308=DIRECTION('',(1.,0.,0.));
#13309=DIRECTION('center_axis',(0.,-1.,0.));
#13310=DIRECTION('ref_axis',(0.,0.,-1.));
#13311=DIRECTION('',(1.,0.,0.));
#13312=DIRECTION('center_axis',(0.,0.,-1.));
#13313=DIRECTION('ref_axis',(0.,1.,0.));
#13314=DIRECTION('center_axis',(0.,-0.0333148302326385,-0.999444906979154));
#13315=DIRECTION('ref_axis',(0.,0.999444906979154,-0.0333148302326385));
#13316=DIRECTION('',(0.,0.999444906979154,-0.0333148302326385));
#13317=DIRECTION('',(-1.,0.,0.));
#13318=DIRECTION('',(1.,0.,0.));
#13319=DIRECTION('',(1.,0.,0.));
#13320=DIRECTION('',(1.,0.,0.));
#13321=DIRECTION('',(1.,0.,0.));
#13322=DIRECTION('',(0.,0.999444906979154,-0.0333148302326385));
#13323=DIRECTION('',(1.,0.,0.));
#13324=DIRECTION('',(0.,0.999444906979154,-0.0333148302326385));
#13325=DIRECTION('',(1.,0.,0.));
#13326=DIRECTION('',(0.,0.999444906979154,-0.0333148302326385));
#13327=DIRECTION('',(1.,0.,0.));
#13328=DIRECTION('',(0.,0.999444906979154,-0.0333148302326385));
#13329=DIRECTION('',(1.,0.,0.));
#13330=DIRECTION('',(0.,0.999444906979154,-0.0333148302326385));
#13331=DIRECTION('',(1.,0.,0.));
#13332=DIRECTION('',(0.,0.999444906979154,-0.0333148302326385));
#13333=DIRECTION('',(1.,0.,0.));
#13334=DIRECTION('',(0.,0.999444906979154,-0.0333148302326385));
#13335=DIRECTION('',(1.,0.,0.));
#13336=DIRECTION('',(0.,0.999444906979154,-0.0333148302326385));
#13337=DIRECTION('',(1.,0.,0.));
#13338=DIRECTION('',(0.,0.999444906979154,-0.0333148302326385));
#13339=DIRECTION('',(1.,0.,0.));
#13340=DIRECTION('',(0.,0.999444906979154,-0.0333148302326385));
#13341=DIRECTION('',(1.,0.,0.));
#13342=DIRECTION('',(0.,0.999444906979154,-0.0333148302326385));
#13343=DIRECTION('',(1.,0.,0.));
#13344=DIRECTION('',(0.,0.999444906979154,-0.0333148302326385));
#13345=DIRECTION('',(1.,0.,0.));
#13346=DIRECTION('',(0.,0.999444906979154,-0.0333148302326385));
#13347=DIRECTION('',(1.,0.,0.));
#13348=DIRECTION('',(0.,0.999444906979154,-0.0333148302326385));
#13349=DIRECTION('',(1.,0.,0.));
#13350=DIRECTION('',(0.,0.999444906979154,-0.0333148302326385));
#13351=DIRECTION('',(1.,0.,0.));
#13352=DIRECTION('',(0.,0.999444906979154,-0.0333148302326385));
#13353=DIRECTION('',(1.,0.,0.));
#13354=DIRECTION('',(0.,0.999444906979154,-0.0333148302326385));
#13355=DIRECTION('',(1.,0.,0.));
#13356=DIRECTION('',(0.,0.999444906979154,-0.0333148302326385));
#13357=DIRECTION('',(1.,0.,0.));
#13358=DIRECTION('',(0.,0.999444906979154,-0.0333148302326385));
#13359=DIRECTION('',(1.,0.,0.));
#13360=DIRECTION('',(0.,0.999444906979154,-0.0333148302326385));
#13361=DIRECTION('',(1.,0.,0.));
#13362=DIRECTION('',(0.,0.999444906979154,-0.0333148302326385));
#13363=DIRECTION('',(1.,0.,0.));
#13364=DIRECTION('',(0.,0.999444906979154,-0.0333148302326385));
#13365=DIRECTION('',(1.,0.,0.));
#13366=DIRECTION('',(0.,0.999444906979154,-0.0333148302326385));
#13367=DIRECTION('',(1.,0.,0.));
#13368=DIRECTION('',(0.,0.999444906979154,-0.0333148302326385));
#13369=DIRECTION('',(1.,0.,0.));
#13370=DIRECTION('',(0.,0.999444906979154,-0.0333148302326385));
#13371=DIRECTION('',(1.,0.,0.));
#13372=DIRECTION('',(0.,0.999444906979154,-0.0333148302326385));
#13373=DIRECTION('',(1.,0.,0.));
#13374=DIRECTION('center_axis',(0.,-1.,0.));
#13375=DIRECTION('ref_axis',(0.,0.,-1.));
#13376=DIRECTION('',(0.,0.,-1.));
#13377=DIRECTION('',(-1.,0.,0.));
#13378=DIRECTION('center_axis',(0.,-0.654930538417827,0.755689082789831));
#13379=DIRECTION('ref_axis',(0.,-0.755689082789831,-0.654930538417827));
#13380=DIRECTION('',(0.,-0.755689082789831,-0.654930538417827));
#13381=DIRECTION('',(-1.,0.,0.));
#13382=DIRECTION('center_axis',(0.,-1.,0.));
#13383=DIRECTION('ref_axis',(0.,0.,-1.));
#13384=DIRECTION('',(0.,0.,-1.));
#13385=DIRECTION('',(-1.,0.,0.));
#13386=DIRECTION('',(0.,0.,-1.));
#13387=DIRECTION('',(-1.,0.,0.));
#13388=DIRECTION('',(1.,0.,0.));
#13389=DIRECTION('',(-1.,0.,0.));
#13390=DIRECTION('',(1.,0.,0.));
#13391=DIRECTION('',(-1.,0.,0.));
#13392=DIRECTION('',(0.,0.,-1.));
#13393=DIRECTION('',(1.,0.,0.));
#13394=DIRECTION('',(0.,0.,-1.));
#13395=DIRECTION('',(-1.,0.,0.));
#13396=DIRECTION('',(0.,0.,-1.));
#13397=DIRECTION('',(1.,0.,0.));
#13398=DIRECTION('',(0.,0.,-1.));
#13399=DIRECTION('',(-1.,0.,0.));
#13400=DIRECTION('',(0.,0.,-1.));
#13401=DIRECTION('',(1.,0.,0.));
#13402=DIRECTION('',(0.,0.,-1.));
#13403=DIRECTION('',(-1.,0.,0.));
#13404=DIRECTION('',(0.,0.,-1.));
#13405=DIRECTION('',(1.,0.,0.));
#13406=DIRECTION('',(0.,0.,-1.));
#13407=DIRECTION('',(-1.,0.,0.));
#13408=DIRECTION('',(0.,0.,-1.));
#13409=DIRECTION('',(1.,0.,0.));
#13410=DIRECTION('',(0.,0.,-1.));
#13411=DIRECTION('',(-1.,0.,0.));
#13412=DIRECTION('',(0.,0.,-1.));
#13413=DIRECTION('',(1.,0.,0.));
#13414=DIRECTION('',(0.,0.,-1.));
#13415=DIRECTION('',(-1.,0.,0.));
#13416=DIRECTION('',(0.,0.,-1.));
#13417=DIRECTION('',(1.,0.,0.));
#13418=DIRECTION('',(0.,0.,-1.));
#13419=DIRECTION('',(-1.,0.,0.));
#13420=DIRECTION('',(0.,0.,-1.));
#13421=DIRECTION('',(1.,0.,0.));
#13422=DIRECTION('',(0.,0.,-1.));
#13423=DIRECTION('',(-1.,0.,0.));
#13424=DIRECTION('',(0.,0.,-1.));
#13425=DIRECTION('',(1.,0.,0.));
#13426=DIRECTION('',(0.,0.,-1.));
#13427=DIRECTION('',(-1.,0.,0.));
#13428=DIRECTION('',(0.,0.,-1.));
#13429=DIRECTION('',(1.,0.,0.));
#13430=DIRECTION('',(0.,0.,-1.));
#13431=DIRECTION('',(-1.,0.,0.));
#13432=DIRECTION('',(0.,0.,-1.));
#13433=DIRECTION('',(1.,0.,0.));
#13434=DIRECTION('',(0.,0.,-1.));
#13435=DIRECTION('',(-1.,0.,0.));
#13436=DIRECTION('',(0.,0.,-1.));
#13437=DIRECTION('',(1.,0.,0.));
#13438=DIRECTION('',(0.,0.,-1.));
#13439=DIRECTION('',(-1.,0.,0.));
#13440=DIRECTION('',(0.,0.,-1.));
#13441=DIRECTION('',(1.,0.,0.));
#13442=DIRECTION('center_axis',(1.,0.,0.));
#13443=DIRECTION('ref_axis',(0.,-1.,0.));
#13444=DIRECTION('',(0.,0.,-1.));
#13445=DIRECTION('',(0.,1.,0.));
#13446=DIRECTION('',(0.,0.707106781186547,0.707106781186547));
#13447=DIRECTION('',(0.,0.,1.));
#13448=DIRECTION('',(0.,1.,0.));
#13449=DIRECTION('center_axis',(1.,0.,0.));
#13450=DIRECTION('ref_axis',(0.,-1.,0.));
#13451=DIRECTION('',(0.,0.,1.));
#13452=DIRECTION('',(0.,-0.707106781186548,-0.707106781186548));
#13453=DIRECTION('',(0.,0.,1.));
#13454=DIRECTION('',(0.,-0.707106781186498,0.707106781186598));
#13455=DIRECTION('',(0.,-1.,0.));
#13456=DIRECTION('center_axis',(1.,0.,0.));
#13457=DIRECTION('ref_axis',(0.,-1.,0.));
#13458=DIRECTION('',(0.,-1.,0.));
#13459=DIRECTION('',(0.,0.,1.));
#13460=DIRECTION('',(0.,1.,0.));
#13461=DIRECTION('center_axis',(1.,0.,0.));
#13462=DIRECTION('ref_axis',(0.,-1.,0.));
#13463=DIRECTION('',(0.,-0.8,0.6));
#13464=DIRECTION('center_axis',(-1.,0.,0.));
#13465=DIRECTION('ref_axis',(0.,-0.973212111192933,0.229909083394708));
#13466=DIRECTION('',(0.,-0.229909083394708,-0.973212111192933));
#13467=DIRECTION('center_axis',(1.,0.,0.));
#13468=DIRECTION('ref_axis',(0.,-1.,0.));
#13469=DIRECTION('',(0.,-1.,0.));
#13470=DIRECTION('center_axis',(1.,0.,0.));
#13471=DIRECTION('ref_axis',(0.,0.,-1.));
#13472=DIRECTION('',(0.,1.,0.));
#13473=DIRECTION('center_axis',(0.,1.,0.));
#13474=DIRECTION('ref_axis',(0.,0.,1.));
#13475=DIRECTION('',(0.,0.,1.));
#13476=DIRECTION('',(1.,0.,0.));
#13477=DIRECTION('center_axis',(0.,0.,1.));
#13478=DIRECTION('ref_axis',(0.,-1.,0.));
#13479=DIRECTION('',(0.,1.,0.));
#13480=DIRECTION('',(1.,0.,0.));
#13481=DIRECTION('center_axis',(0.,-0.707106781186548,0.707106781186548));
#13482=DIRECTION('ref_axis',(0.,-0.707106781186548,-0.707106781186548));
#13483=DIRECTION('',(0.,0.707106781186547,0.707106781186547));
#13484=DIRECTION('',(1.,0.,0.));
#13485=DIRECTION('center_axis',(0.,-1.,0.));
#13486=DIRECTION('ref_axis',(0.,0.,-1.));
#13487=DIRECTION('',(0.,0.,1.));
#13488=DIRECTION('',(1.,0.,0.));
#13489=DIRECTION('center_axis',(0.,0.,-1.));
#13490=DIRECTION('ref_axis',(0.,1.,0.));
#13491=DIRECTION('',(0.,1.,0.));
#13492=DIRECTION('center_axis',(1.,0.,0.));
#13493=DIRECTION('ref_axis',(0.,-1.,0.));
#13494=DIRECTION('center_axis',(1.,0.,0.));
#13495=DIRECTION('ref_axis',(0.,-1.,0.));
#13496=DIRECTION('',(0.,0.,1.));
#13497=DIRECTION('',(0.,-1.,0.));
#13498=DIRECTION('',(0.,-0.707106781186498,0.707106781186598));
#13499=DIRECTION('',(0.,0.,1.));
#13500=DIRECTION('',(0.,-0.707106781186548,-0.707106781186548));
#13501=DIRECTION('center_axis',(1.,0.,0.));
#13502=DIRECTION('ref_axis',(0.,-1.,0.));
#13503=DIRECTION('',(0.,-1.,0.));
#13504=DIRECTION('',(0.,1.,0.));
#13505=DIRECTION('',(0.,0.,1.));
#13506=DIRECTION('center_axis',(1.,0.,0.));
#13507=DIRECTION('ref_axis',(0.,-1.,0.));
#13508=DIRECTION('',(0.,-0.8,0.6));
#13509=DIRECTION('',(0.,-0.229909083394708,-0.973212111192933));
#13510=DIRECTION('center_axis',(-1.,0.,0.));
#13511=DIRECTION('ref_axis',(0.,-0.973212111192933,0.229909083394708));
#13512=DIRECTION('center_axis',(1.,0.,0.));
#13513=DIRECTION('ref_axis',(0.,-1.,0.));
#13514=DIRECTION('',(0.,-1.,0.));
#13515=DIRECTION('',(0.,1.,0.));
#13516=DIRECTION('center_axis',(1.,0.,0.));
#13517=DIRECTION('ref_axis',(0.,0.,-1.));
#13518=DIRECTION('center_axis',(0.,1.,0.));
#13519=DIRECTION('ref_axis',(0.,0.,1.));
#13520=DIRECTION('',(1.,0.,0.));
#13521=DIRECTION('center_axis',(0.,0.,-1.));
#13522=DIRECTION('ref_axis',(0.,1.,0.));
#13523=DIRECTION('',(1.,0.,0.));
#13524=DIRECTION('center_axis',(0.,-0.707106781186598,-0.707106781186498));
#13525=DIRECTION('ref_axis',(0.,0.707106781186498,-0.707106781186598));
#13526=DIRECTION('',(1.,0.,0.));
#13527=DIRECTION('center_axis',(0.,-1.,0.));
#13528=DIRECTION('ref_axis',(0.,0.,-1.));
#13529=DIRECTION('',(1.,0.,0.));
#13530=DIRECTION('center_axis',(0.,-0.707106781186548,0.707106781186548));
#13531=DIRECTION('ref_axis',(0.,-0.707106781186548,-0.707106781186548));
#13532=DIRECTION('center_axis',(0.,0.,1.));
#13533=DIRECTION('ref_axis',(0.,-1.,0.));
#13534=DIRECTION('',(1.,0.,0.));
#13535=DIRECTION('center_axis',(0.,-1.,0.));
#13536=DIRECTION('ref_axis',(0.,0.,-1.));
#13537=DIRECTION('',(1.,0.,0.));
#13538=DIRECTION('center_axis',(0.,0.,-1.));
#13539=DIRECTION('ref_axis',(0.,1.,0.));
#13540=DIRECTION('center_axis',(0.,0.6,0.8));
#13541=DIRECTION('ref_axis',(0.,-0.8,0.6));
#13542=DIRECTION('',(1.,0.,0.));
#13543=DIRECTION('center_axis',(1.,0.,0.));
#13544=DIRECTION('ref_axis',(0.,-1.,0.));
#13545=DIRECTION('',(1.,0.,0.));
#13546=DIRECTION('center_axis',(0.,-0.973212111192933,0.229909083394708));
#13547=DIRECTION('ref_axis',(0.,-0.229909083394708,-0.973212111192933));
#13548=DIRECTION('center_axis',(1.,0.,0.));
#13549=DIRECTION('ref_axis',(0.,-1.,0.));
#13550=DIRECTION('',(1.,0.,0.));
#13551=DIRECTION('center_axis',(0.,0.,-1.));
#13552=DIRECTION('ref_axis',(0.,1.,0.));
#13553=DIRECTION('',(0.,1.,0.));
#13554=DIRECTION('',(1.,0.,0.));
#13555=DIRECTION('',(0.,1.,0.));
#13556=DIRECTION('',(0.,1.,0.));
#13557=DIRECTION('',(1.,0.,0.));
#13558=DIRECTION('',(0.,1.,0.));
#13559=DIRECTION('',(0.,1.,0.));
#13560=DIRECTION('',(1.,0.,0.));
#13561=DIRECTION('',(0.,1.,0.));
#13562=DIRECTION('',(0.,1.,0.));
#13563=DIRECTION('',(1.,0.,0.));
#13564=DIRECTION('',(0.,1.,0.));
#13565=DIRECTION('',(0.,1.,0.));
#13566=DIRECTION('',(1.,0.,0.));
#13567=DIRECTION('',(0.,1.,0.));
#13568=DIRECTION('',(0.,1.,0.));
#13569=DIRECTION('',(1.,0.,0.));
#13570=DIRECTION('',(0.,1.,0.));
#13571=DIRECTION('',(0.,1.,0.));
#13572=DIRECTION('',(1.,0.,0.));
#13573=DIRECTION('',(0.,1.,0.));
#13574=DIRECTION('',(0.,1.,0.));
#13575=DIRECTION('',(1.,0.,0.));
#13576=DIRECTION('',(0.,1.,0.));
#13577=DIRECTION('',(0.,1.,0.));
#13578=DIRECTION('',(1.,0.,0.));
#13579=DIRECTION('',(0.,1.,0.));
#13580=DIRECTION('',(0.,1.,0.));
#13581=DIRECTION('',(1.,0.,0.));
#13582=DIRECTION('',(0.,1.,0.));
#13583=DIRECTION('',(0.,1.,0.));
#13584=DIRECTION('',(1.,0.,0.));
#13585=DIRECTION('',(0.,1.,0.));
#13586=DIRECTION('',(0.,1.,0.));
#13587=DIRECTION('',(1.,0.,0.));
#13588=DIRECTION('',(0.,1.,0.));
#13589=DIRECTION('',(1.,0.,0.));
#13590=DIRECTION('',(1.,0.,0.));
#13591=DIRECTION('',(0.,-1.,0.));
#13592=DIRECTION('',(1.,0.,0.));
#13593=DIRECTION('',(1.,0.,0.));
#13594=DIRECTION('',(0.,1.,0.));
#13595=DIRECTION('',(1.,0.,0.));
#13596=DIRECTION('center_axis',(0.,1.,0.));
#13597=DIRECTION('ref_axis',(0.,0.,1.));
#13598=DIRECTION('',(0.,0.,1.));
#13599=DIRECTION('center_axis',(0.,1.,0.));
#13600=DIRECTION('ref_axis',(0.,0.,1.));
#13601=DIRECTION('',(0.,0.,1.));
#13602=DIRECTION('center_axis',(-1.,0.,0.));
#13603=DIRECTION('ref_axis',(0.,0.,-1.));
#13604=DIRECTION('',(0.,0.707106781186547,0.707106781186547));
#13605=DIRECTION('',(0.,-1.,0.));
#13606=DIRECTION('',(0.,0.,1.));
#13607=DIRECTION('',(0.,1.,0.));
#13608=DIRECTION('',(0.,0.,-1.));
#13609=DIRECTION('',(0.,-1.,0.));
#13610=DIRECTION('',(0.,0.472221412515397,-0.881479970028794));
#13611=DIRECTION('center_axis',(0.,0.881479970028794,0.472221412515397));
#13612=DIRECTION('ref_axis',(0.,-0.472221412515397,0.881479970028794));
#13613=DIRECTION('',(0.,-0.472221412515397,0.881479970028794));
#13614=DIRECTION('',(1.,0.,0.));
#13615=DIRECTION('center_axis',(0.,0.881479970028794,0.472221412515397));
#13616=DIRECTION('ref_axis',(0.,-0.472221412515397,0.881479970028794));
#13617=DIRECTION('',(-1.,0.,0.));
#13618=DIRECTION('center_axis',(0.,0.,-1.));
#13619=DIRECTION('ref_axis',(-1.,0.,0.));
#13620=DIRECTION('',(-1.,0.,0.));
#13621=DIRECTION('center_axis',(0.,-1.,0.));
#13622=DIRECTION('ref_axis',(-1.,0.,0.));
#13623=DIRECTION('',(1.,0.,0.));
#13624=DIRECTION('center_axis',(0.,-1.,0.));
#13625=DIRECTION('ref_axis',(-1.,0.,0.));
#13626=DIRECTION('center_axis',(0.,-1.,0.));
#13627=DIRECTION('ref_axis',(-1.,0.,0.));
#13628=DIRECTION('',(0.,0.,-1.));
#13629=DIRECTION('',(-1.,0.,0.));
#13630=DIRECTION('center_axis',(0.,-1.,0.));
#13631=DIRECTION('ref_axis',(-1.,0.,0.));
#13632=DIRECTION('',(0.,0.,-1.));
#13633=DIRECTION('',(-1.,0.,0.));
#13634=DIRECTION('',(0.,0.,-1.));
#13635=DIRECTION('',(0.,0.,-1.));
#13636=DIRECTION('center_axis',(0.,0.,-1.));
#13637=DIRECTION('ref_axis',(-1.,0.,0.));
#13638=DIRECTION('center_axis',(0.,0.,1.));
#13639=DIRECTION('ref_axis',(-1.,0.,0.));
#13640=DIRECTION('',(0.,1.,0.));
#13641=DIRECTION('',(-0.980580675690916,-0.196116135138203,0.));
#13642=DIRECTION('',(-1.,0.,0.));
#13643=DIRECTION('center_axis',(0.,-1.,0.));
#13644=DIRECTION('ref_axis',(0.,0.,-1.));
#13645=DIRECTION('',(1.,0.,0.));
#13646=DIRECTION('',(0.,0.,-1.));
#13647=DIRECTION('center_axis',(0.,-1.,0.));
#13648=DIRECTION('ref_axis',(0.,0.,-1.));
#13649=DIRECTION('',(0.,0.,-1.));
#13650=DIRECTION('',(0.,0.,-1.));
#13651=DIRECTION('',(1.,0.,0.));
#13652=DIRECTION('center_axis',(-1.,0.,0.));
#13653=DIRECTION('ref_axis',(0.,-1.,0.));
#13654=DIRECTION('',(0.,1.,0.));
#13655=DIRECTION('center_axis',(-1.,0.,0.));
#13656=DIRECTION('ref_axis',(0.,-1.,0.));
#13657=DIRECTION('',(0.,0.,-1.));
#13658=DIRECTION('center_axis',(0.,0.,-1.));
#13659=DIRECTION('ref_axis',(0.,1.,0.));
#13660=DIRECTION('center_axis',(0.,0.,-1.));
#13661=DIRECTION('ref_axis',(0.,1.,0.));
#13662=DIRECTION('',(0.,1.,0.));
#13663=DIRECTION('center_axis',(1.,0.,0.));
#13664=DIRECTION('ref_axis',(0.,1.,0.));
#13665=DIRECTION('center_axis',(1.,0.,0.));
#13666=DIRECTION('ref_axis',(0.,1.,0.));
#13667=DIRECTION('',(0.,0.,-1.));
#13668=DIRECTION('center_axis',(0.,-1.,0.));
#13669=DIRECTION('ref_axis',(0.,0.,-1.));
#13670=DIRECTION('center_axis',(0.,-1.,0.));
#13671=DIRECTION('ref_axis',(0.,0.,-1.));
#13672=DIRECTION('',(0.,0.,-1.));
#13673=DIRECTION('center_axis',(-0.196116135138203,0.980580675690916,0.));
#13674=DIRECTION('ref_axis',(-0.980580675690916,-0.196116135138203,0.));
#13675=DIRECTION('',(0.,0.,-1.));
#13676=DIRECTION('center_axis',(-0.196116135138203,0.980580675690916,0.));
#13677=DIRECTION('ref_axis',(-0.980580675690916,-0.196116135138203,0.));
#13678=DIRECTION('',(0.,0.,-1.));
#13679=DIRECTION('center_axis',(1.,0.,0.));
#13680=DIRECTION('ref_axis',(0.,-1.,0.));
#13681=DIRECTION('center_axis',(-1.,0.,0.));
#13682=DIRECTION('ref_axis',(0.,-1.,0.));
#13683=DIRECTION('',(0.,0.,-1.));
#13684=DIRECTION('center_axis',(-1.,0.,0.));
#13685=DIRECTION('ref_axis',(0.,-1.,0.));
#13686=DIRECTION('',(0.,-1.,0.));
#13687=DIRECTION('',(0.,0.,-1.));
#13688=DIRECTION('center_axis',(0.,0.,1.));
#13689=DIRECTION('ref_axis',(1.,0.,0.));
#13690=DIRECTION('center_axis',(0.,0.,1.));
#13691=DIRECTION('ref_axis',(1.,0.,0.));
#13692=DIRECTION('center_axis',(0.,0.,1.));
#13693=DIRECTION('ref_axis',(-1.,0.,0.));
#13694=DIRECTION('',(-1.,0.,0.));
#13695=DIRECTION('',(-0.707106781186547,-0.707106781186547,0.));
#13696=DIRECTION('',(0.,-1.,0.));
#13697=DIRECTION('',(0.,1.,0.));
#13698=DIRECTION('',(0.,-1.,0.));
#13699=DIRECTION('center_axis',(0.,-0.554700196225229,0.832050294337844));
#13700=DIRECTION('ref_axis',(0.,0.832050294337844,0.554700196225229));
#13701=DIRECTION('',(0.485071250072684,-0.727606875108975,-0.485071250072684));
#13702=DIRECTION('center_axis',(-0.832050294337844,-0.554700196225229,0.));
#13703=DIRECTION('ref_axis',(-0.554700196225229,0.832050294337844,0.));
#13704=DIRECTION('',(0.,0.,-1.));
#13705=DIRECTION('',(0.485071250072684,-0.727606875108975,-0.485071250072684));
#13706=DIRECTION('center_axis',(0.,-0.554700196225229,0.832050294337844));
#13707=DIRECTION('ref_axis',(0.,-0.832050294337844,-0.554700196225229));
#13708=DIRECTION('',(1.,0.,0.));
#13709=DIRECTION('',(-0.103448275861999,0.827586206896588,0.551724137930992));
#13710=DIRECTION('center_axis',(-0.992277876713669,-0.124034734589196,0.));
#13711=DIRECTION('ref_axis',(0.124034734589196,-0.992277876713669,0.));
#13712=DIRECTION('',(0.124034734589196,-0.992277876713669,0.));
#13713=DIRECTION('',(0.,0.,-1.));
#13714=DIRECTION('center_axis',(0.,1.,0.));
#13715=DIRECTION('ref_axis',(-1.,0.,0.));
#13716=DIRECTION('',(0.,0.,-1.));
#13717=DIRECTION('',(-1.,0.,0.));
#13718=DIRECTION('center_axis',(-1.,0.,0.));
#13719=DIRECTION('ref_axis',(0.,0.,-1.));
#13720=DIRECTION('',(0.,0.,-1.));
#13721=DIRECTION('center_axis',(-1.,0.,0.));
#13722=DIRECTION('ref_axis',(0.,0.,-1.));
#13723=DIRECTION('',(0.,0.,-1.));
#13724=DIRECTION('',(0.,1.,0.));
#13725=DIRECTION('',(0.,0.,-1.));
#13726=DIRECTION('',(0.,1.,0.));
#13727=DIRECTION('center_axis',(0.,-1.,0.));
#13728=DIRECTION('ref_axis',(-1.,0.,0.));
#13729=DIRECTION('',(-0.707106781186548,0.,-0.707106781186548));
#13730=DIRECTION('',(0.,0.,1.));
#13731=DIRECTION('',(0.,0.,1.));
#13732=DIRECTION('',(0.,0.,1.));
#13733=DIRECTION('center_axis',(-0.707106781186548,0.,0.707106781186548));
#13734=DIRECTION('ref_axis',(-0.707106781186548,0.,-0.707106781186548));
#13735=DIRECTION('',(0.,-1.,0.));
#13736=DIRECTION('center_axis',(-1.,0.,0.));
#13737=DIRECTION('ref_axis',(0.,0.,1.));
#13738=DIRECTION('center_axis',(1.,0.,0.));
#13739=DIRECTION('ref_axis',(0.,-1.,0.));
#13740=DIRECTION('',(0.,0.,1.));
#13741=DIRECTION('center_axis',(1.,0.,0.));
#13742=DIRECTION('ref_axis',(0.,-1.,0.));
#13743=DIRECTION('',(0.,0.,1.));
#13744=DIRECTION('center_axis',(0.707106781186498,-0.707106781186598,0.));
#13745=DIRECTION('ref_axis',(-0.707106781186598,-0.707106781186498,0.));
#13746=DIRECTION('center_axis',(0.707106781186498,-0.707106781186598,0.));
#13747=DIRECTION('ref_axis',(-0.707106781186598,-0.707106781186498,0.));
#13748=DIRECTION('center_axis',(0.,0.,1.));
#13749=DIRECTION('ref_axis',(-1.,0.,0.));
#13750=DIRECTION('',(0.707106781186498,0.707106781186598,0.));
#13751=DIRECTION('',(0.,1.,0.));
#13752=DIRECTION('',(-0.500000000000017,0.866025403784429,0.));
#13753=DIRECTION('center_axis',(0.,0.,1.));
#13754=DIRECTION('ref_axis',(-1.,0.,0.));
#13755=DIRECTION('',(-0.500000000000017,-0.866025403784429,0.));
#13756=DIRECTION('',(0.,-1.,0.));
#13757=DIRECTION('',(0.707106781186498,-0.707106781186598,0.));
#13758=DIRECTION('center_axis',(0.,0.,1.));
#13759=DIRECTION('ref_axis',(-1.,0.,0.));
#13760=DIRECTION('',(0.124034734589196,0.992277876713669,0.));
#13761=DIRECTION('',(-1.,0.,0.));
#13762=DIRECTION('',(1.,0.,0.));
#13763=DIRECTION('center_axis',(0.,0.,1.));
#13764=DIRECTION('ref_axis',(-1.,0.,0.));
#13765=DIRECTION('center_axis',(0.707106781186548,-0.707106781186548,0.));
#13766=DIRECTION('ref_axis',(0.707106781186548,0.707106781186548,0.));
#13767=DIRECTION('',(0.,0.,-1.));
#13768=DIRECTION('center_axis',(1.,1.08763340579E-14,0.));
#13769=DIRECTION('ref_axis',(-1.08763340579E-14,1.,0.));
#13770=DIRECTION('',(0.,0.,-1.));
#13771=DIRECTION('center_axis',(0.866025403784429,0.500000000000017,0.));
#13772=DIRECTION('ref_axis',(-0.500000000000017,0.866025403784429,0.));
#13773=DIRECTION('center_axis',(-0.866025403784429,0.500000000000017,0.));
#13774=DIRECTION('ref_axis',(-0.500000000000017,-0.866025403784429,0.));
#13775=DIRECTION('',(0.,0.,-1.));
#13776=DIRECTION('center_axis',(-1.,0.,0.));
#13777=DIRECTION('ref_axis',(0.,-1.,0.));
#13778=DIRECTION('',(0.,0.,-1.));
#13779=DIRECTION('center_axis',(-0.707106781186548,-0.707106781186548,0.));
#13780=DIRECTION('ref_axis',(0.707106781186548,-0.707106781186548,0.));
#13781=DIRECTION('center_axis',(0.992277876713669,-0.124034734589196,0.));
#13782=DIRECTION('ref_axis',(0.124034734589196,0.992277876713669,0.));
#13783=DIRECTION('',(0.,0.,-1.));
#13784=DIRECTION('',(0.103448275862098,0.82758620689658,-0.551724137930987));
#13785=DIRECTION('',(0.,0.,-1.));
#13786=DIRECTION('',(-0.103448275862098,-0.82758620689658,-0.551724137930987));
#13787=DIRECTION('center_axis',(0.811091664803293,-0.584919063876895,0.));
#13788=DIRECTION('ref_axis',(-0.584919063876895,-0.811091664803293,0.));
#13789=DIRECTION('',(-0.514516806143289,-0.713466731786784,-0.47564448785789));
#13790=DIRECTION('',(-0.514516806143289,-0.713466731786784,0.47564448785789));
#13791=DIRECTION('center_axis',(0.,-0.554700196225229,0.832050294337844));
#13792=DIRECTION('ref_axis',(0.,-0.832050294337844,-0.554700196225229));
#13793=DIRECTION('center_axis',(0.,-0.554700196225229,-0.832050294337844));
#13794=DIRECTION('ref_axis',(0.,-0.832050294337844,0.554700196225229));
#13795=DIRECTION('center_axis',(0.,1.,0.));
#13796=DIRECTION('ref_axis',(-1.,0.,0.));
#13797=DIRECTION('center_axis',(1.,0.,0.));
#13798=DIRECTION('ref_axis',(0.,-1.,0.));
#13799=DIRECTION('center_axis',(0.,0.707106781186548,-0.707106781186548));
#13800=DIRECTION('ref_axis',(0.,0.707106781186548,0.707106781186548));
#13801=DIRECTION('center_axis',(1.,0.,0.));
#13802=DIRECTION('ref_axis',(0.,-1.,0.));
#13803=DIRECTION('center_axis',(1.,0.,0.));
#13804=DIRECTION('ref_axis',(0.,-1.,0.));
#13805=DIRECTION('center_axis',(1.,0.,0.));
#13806=DIRECTION('ref_axis',(0.,-1.,0.));
#13807=DIRECTION('',(0.,0.,1.));
#13808=DIRECTION('',(0.,1.,0.));
#13809=DIRECTION('',(0.,0.,1.));
#13810=DIRECTION('',(0.,0.707106781186547,0.707106781186547));
#13811=DIRECTION('',(0.,1.,0.));
#13812=DIRECTION('center_axis',(1.,0.,0.));
#13813=DIRECTION('ref_axis',(0.,-1.,0.));
#13814=DIRECTION('',(0.,0.,1.));
#13815=DIRECTION('',(0.,-1.,0.));
#13816=DIRECTION('',(0.,-0.707106781186498,0.707106781186598));
#13817=DIRECTION('',(0.,0.,1.));
#13818=DIRECTION('',(0.,-0.707106781186548,-0.707106781186548));
#13819=DIRECTION('center_axis',(1.,0.,0.));
#13820=DIRECTION('ref_axis',(0.,-1.,0.));
#13821=DIRECTION('',(0.,-1.,0.));
#13822=DIRECTION('',(0.,1.,0.));
#13823=DIRECTION('',(0.,0.,1.));
#13824=DIRECTION('center_axis',(1.,0.,0.));
#13825=DIRECTION('ref_axis',(0.,-1.,0.));
#13826=DIRECTION('',(0.,-0.8,0.6));
#13827=DIRECTION('',(0.,-0.229909083394708,-0.973212111192933));
#13828=DIRECTION('center_axis',(-1.,0.,0.));
#13829=DIRECTION('ref_axis',(0.,-0.973212111192933,0.229909083394708));
#13830=DIRECTION('center_axis',(1.,0.,0.));
#13831=DIRECTION('ref_axis',(0.,-1.,0.));
#13832=DIRECTION('',(0.,-1.,0.));
#13833=DIRECTION('center_axis',(1.,0.,0.));
#13834=DIRECTION('ref_axis',(0.,0.,-1.));
#13835=DIRECTION('center_axis',(0.,1.,0.));
#13836=DIRECTION('ref_axis',(0.,0.,1.));
#13837=DIRECTION('',(0.,0.,-1.));
#13838=DIRECTION('',(1.,0.,0.));
#13839=DIRECTION('center_axis',(1.,0.,0.));
#13840=DIRECTION('ref_axis',(0.,-1.,0.));
#13841=DIRECTION('',(0.,1.,0.));
#13842=DIRECTION('',(0.,0.707106781186547,0.707106781186547));
#13843=DIRECTION('',(0.,0.,1.));
#13844=DIRECTION('',(0.,1.,0.));
#13845=DIRECTION('center_axis',(1.,0.,0.));
#13846=DIRECTION('ref_axis',(0.,-1.,0.));
#13847=DIRECTION('',(0.,0.,1.));
#13848=DIRECTION('',(0.,-0.707106781186548,-0.707106781186548));
#13849=DIRECTION('',(0.,0.,1.));
#13850=DIRECTION('',(0.,-0.707106781186498,0.707106781186598));
#13851=DIRECTION('',(0.,-1.,0.));
#13852=DIRECTION('center_axis',(1.,0.,0.));
#13853=DIRECTION('ref_axis',(0.,-1.,0.));
#13854=DIRECTION('',(0.,-1.,0.));
#13855=DIRECTION('',(0.,0.,1.));
#13856=DIRECTION('',(0.,1.,0.));
#13857=DIRECTION('center_axis',(1.,0.,0.));
#13858=DIRECTION('ref_axis',(0.,-1.,0.));
#13859=DIRECTION('',(0.,-0.8,0.6));
#13860=DIRECTION('center_axis',(-1.,0.,0.));
#13861=DIRECTION('ref_axis',(0.,-0.973212111192933,0.229909083394708));
#13862=DIRECTION('',(0.,-0.229909083394708,-0.973212111192933));
#13863=DIRECTION('center_axis',(1.,0.,0.));
#13864=DIRECTION('ref_axis',(0.,-1.,0.));
#13865=DIRECTION('',(1.33226762955E-14,-1.,0.));
#13866=DIRECTION('center_axis',(1.,0.,0.));
#13867=DIRECTION('ref_axis',(0.,0.,-1.));
#13868=DIRECTION('center_axis',(0.,0.,-1.));
#13869=DIRECTION('ref_axis',(0.,1.,0.));
#13870=DIRECTION('',(1.,0.,0.));
#13871=DIRECTION('center_axis',(0.,-1.,0.));
#13872=DIRECTION('ref_axis',(0.,0.,-1.));
#13873=DIRECTION('',(1.,0.,0.));
#13874=DIRECTION('center_axis',(0.,-0.707106781186548,0.707106781186548));
#13875=DIRECTION('ref_axis',(0.,-0.707106781186548,-0.707106781186548));
#13876=DIRECTION('',(1.,0.,0.));
#13877=DIRECTION('center_axis',(0.,0.,1.));
#13878=DIRECTION('ref_axis',(0.,-1.,0.));
#13879=DIRECTION('center_axis',(0.,1.,0.));
#13880=DIRECTION('ref_axis',(0.,0.,1.));
#13881=DIRECTION('',(1.,0.,0.));
#13882=DIRECTION('center_axis',(0.,0.,-1.));
#13883=DIRECTION('ref_axis',(0.,1.,0.));
#13884=DIRECTION('',(1.,0.,0.));
#13885=DIRECTION('center_axis',(0.,-0.707106781186598,-0.707106781186498));
#13886=DIRECTION('ref_axis',(0.,0.707106781186498,-0.707106781186598));
#13887=DIRECTION('',(1.,0.,0.));
#13888=DIRECTION('center_axis',(0.,-1.,0.));
#13889=DIRECTION('ref_axis',(0.,0.,-1.));
#13890=DIRECTION('',(1.,0.,0.));
#13891=DIRECTION('center_axis',(0.,-0.707106781186548,0.707106781186548));
#13892=DIRECTION('ref_axis',(0.,-0.707106781186548,-0.707106781186548));
#13893=DIRECTION('center_axis',(0.,0.,1.));
#13894=DIRECTION('ref_axis',(0.,-1.,0.));
#13895=DIRECTION('',(1.,0.,0.));
#13896=DIRECTION('center_axis',(0.,-1.,0.));
#13897=DIRECTION('ref_axis',(0.,0.,-1.));
#13898=DIRECTION('',(1.,0.,0.));
#13899=DIRECTION('center_axis',(0.,0.,-1.));
#13900=DIRECTION('ref_axis',(0.,1.,0.));
#13901=DIRECTION('center_axis',(0.,0.6,0.8));
#13902=DIRECTION('ref_axis',(0.,-0.8,0.6));
#13903=DIRECTION('',(1.,0.,0.));
#13904=DIRECTION('center_axis',(1.,0.,0.));
#13905=DIRECTION('ref_axis',(0.,-1.,0.));
#13906=DIRECTION('',(1.,0.,0.));
#13907=DIRECTION('center_axis',(0.,-0.973212111192933,0.229909083394708));
#13908=DIRECTION('ref_axis',(0.,-0.229909083394708,-0.973212111192933));
#13909=DIRECTION('center_axis',(0.,0.,-1.));
#13910=DIRECTION('ref_axis',(0.,1.,0.));
#13911=DIRECTION('',(1.,0.,0.));
#13912=DIRECTION('center_axis',(0.,-1.,0.));
#13913=DIRECTION('ref_axis',(-1.,0.,0.));
#13914=DIRECTION('',(1.,0.,0.));
#13915=DIRECTION('',(0.,0.,1.));
#13916=DIRECTION('',(0.,0.,-1.));
#13917=DIRECTION('',(1.,0.,0.));
#13918=DIRECTION('',(1.,0.,0.));
#13919=DIRECTION('',(1.,0.,0.));
#13920=DIRECTION('',(1.,0.,0.));
#13921=DIRECTION('',(1.,0.,0.));
#13922=DIRECTION('',(1.,0.,0.));
#13923=DIRECTION('',(1.,0.,0.));
#13924=DIRECTION('',(1.,0.,0.));
#13925=DIRECTION('',(1.,0.,0.));
#13926=DIRECTION('',(1.,0.,0.));
#13927=DIRECTION('',(1.,0.,0.));
#13928=DIRECTION('',(1.,0.,0.));
#13929=DIRECTION('',(1.,0.,0.));
#13930=DIRECTION('center_axis',(0.,0.,-1.));
#13931=DIRECTION('ref_axis',(0.,1.,0.));
#13932=DIRECTION('center_axis',(0.,0.,-1.));
#13933=DIRECTION('ref_axis',(0.,1.,0.));
#13934=DIRECTION('center_axis',(0.,0.,-1.));
#13935=DIRECTION('ref_axis',(0.,1.,0.));
#13936=DIRECTION('',(0.,-1.,0.));
#13937=DIRECTION('',(0.,-1.,0.));
#13938=DIRECTION('center_axis',(1.,0.,0.));
#13939=DIRECTION('ref_axis',(0.,-1.,0.));
#13940=DIRECTION('',(0.,0.,1.));
#13941=DIRECTION('',(0.,1.,0.));
#13942=DIRECTION('',(0.,0.,1.));
#13943=DIRECTION('',(0.,0.707106781186547,0.707106781186547));
#13944=DIRECTION('',(0.,1.,0.));
#13945=DIRECTION('center_axis',(1.,0.,0.));
#13946=DIRECTION('ref_axis',(0.,-1.,0.));
#13947=DIRECTION('',(0.,0.,1.));
#13948=DIRECTION('',(0.,-1.,0.));
#13949=DIRECTION('',(0.,-0.707106781186498,0.707106781186598));
#13950=DIRECTION('',(0.,0.,1.));
#13951=DIRECTION('',(0.,-0.707106781186548,-0.707106781186548));
#13952=DIRECTION('center_axis',(1.,0.,0.));
#13953=DIRECTION('ref_axis',(0.,-1.,0.));
#13954=DIRECTION('',(0.,-1.,0.));
#13955=DIRECTION('',(0.,1.,0.));
#13956=DIRECTION('',(0.,0.,1.));
#13957=DIRECTION('center_axis',(1.,0.,0.));
#13958=DIRECTION('ref_axis',(0.,-1.,0.));
#13959=DIRECTION('',(0.,-0.8,0.6));
#13960=DIRECTION('',(0.,-0.229909083394708,-0.973212111192933));
#13961=DIRECTION('center_axis',(-1.,0.,0.));
#13962=DIRECTION('ref_axis',(0.,-0.973212111192933,0.229909083394708));
#13963=DIRECTION('center_axis',(1.,0.,0.));
#13964=DIRECTION('ref_axis',(0.,-1.,0.));
#13965=DIRECTION('center_axis',(1.,0.,0.));
#13966=DIRECTION('ref_axis',(0.,0.,-1.));
#13967=DIRECTION('center_axis',(0.,1.,0.));
#13968=DIRECTION('ref_axis',(0.,0.,1.));
#13969=DIRECTION('',(0.,0.,-1.));
#13970=DIRECTION('',(1.,0.,0.));
#13971=DIRECTION('center_axis',(1.,0.,0.));
#13972=DIRECTION('ref_axis',(0.,-1.,0.));
#13973=DIRECTION('',(0.,1.,0.));
#13974=DIRECTION('',(0.,0.707106781186547,0.707106781186547));
#13975=DIRECTION('',(0.,0.,1.));
#13976=DIRECTION('',(0.,1.,0.));
#13977=DIRECTION('center_axis',(1.,0.,0.));
#13978=DIRECTION('ref_axis',(0.,-1.,0.));
#13979=DIRECTION('',(0.,0.,1.));
#13980=DIRECTION('',(0.,-0.707106781186548,-0.707106781186548));
#13981=DIRECTION('',(0.,0.,1.));
#13982=DIRECTION('',(0.,-0.707106781186498,0.707106781186598));
#13983=DIRECTION('',(0.,-1.,0.));
#13984=DIRECTION('center_axis',(1.,0.,0.));
#13985=DIRECTION('ref_axis',(0.,-1.,0.));
#13986=DIRECTION('',(0.,-1.,0.));
#13987=DIRECTION('',(0.,0.,1.));
#13988=DIRECTION('',(0.,1.,0.));
#13989=DIRECTION('center_axis',(1.,0.,0.));
#13990=DIRECTION('ref_axis',(0.,-1.,0.));
#13991=DIRECTION('',(0.,-0.8,0.6));
#13992=DIRECTION('center_axis',(-1.,0.,0.));
#13993=DIRECTION('ref_axis',(0.,-0.973212111192933,0.229909083394708));
#13994=DIRECTION('',(0.,-0.229909083394708,-0.973212111192933));
#13995=DIRECTION('center_axis',(1.,0.,0.));
#13996=DIRECTION('ref_axis',(0.,-1.,0.));
#13997=DIRECTION('center_axis',(1.,0.,0.));
#13998=DIRECTION('ref_axis',(0.,0.,-1.));
#13999=DIRECTION('center_axis',(0.,0.,-1.));
#14000=DIRECTION('ref_axis',(0.,1.,0.));
#14001=DIRECTION('',(1.,0.,0.));
#14002=DIRECTION('center_axis',(0.,-1.,0.));
#14003=DIRECTION('ref_axis',(0.,0.,-1.));
#14004=DIRECTION('',(1.,0.,0.));
#14005=DIRECTION('center_axis',(0.,-0.707106781186548,0.707106781186548));
#14006=DIRECTION('ref_axis',(0.,-0.707106781186548,-0.707106781186548));
#14007=DIRECTION('',(1.,0.,0.));
#14008=DIRECTION('center_axis',(0.,0.,1.));
#14009=DIRECTION('ref_axis',(0.,-1.,0.));
#14010=DIRECTION('center_axis',(0.,1.,0.));
#14011=DIRECTION('ref_axis',(0.,0.,1.));
#14012=DIRECTION('',(1.,0.,0.));
#14013=DIRECTION('center_axis',(0.,0.,-1.));
#14014=DIRECTION('ref_axis',(0.,1.,0.));
#14015=DIRECTION('',(1.,0.,0.));
#14016=DIRECTION('center_axis',(0.,-0.707106781186598,-0.707106781186498));
#14017=DIRECTION('ref_axis',(0.,0.707106781186498,-0.707106781186598));
#14018=DIRECTION('',(1.,0.,0.));
#14019=DIRECTION('center_axis',(0.,-1.,0.));
#14020=DIRECTION('ref_axis',(0.,0.,-1.));
#14021=DIRECTION('',(1.,0.,0.));
#14022=DIRECTION('center_axis',(0.,-0.707106781186548,0.707106781186548));
#14023=DIRECTION('ref_axis',(0.,-0.707106781186548,-0.707106781186548));
#14024=DIRECTION('center_axis',(0.,0.,1.));
#14025=DIRECTION('ref_axis',(0.,-1.,0.));
#14026=DIRECTION('',(1.,0.,0.));
#14027=DIRECTION('center_axis',(0.,-1.,0.));
#14028=DIRECTION('ref_axis',(0.,0.,-1.));
#14029=DIRECTION('',(1.,0.,0.));
#14030=DIRECTION('center_axis',(0.,0.,-1.));
#14031=DIRECTION('ref_axis',(0.,1.,0.));
#14032=DIRECTION('center_axis',(0.,0.6,0.8));
#14033=DIRECTION('ref_axis',(0.,-0.8,0.6));
#14034=DIRECTION('',(1.,0.,0.));
#14035=DIRECTION('center_axis',(1.,0.,0.));
#14036=DIRECTION('ref_axis',(0.,-1.,0.));
#14037=DIRECTION('',(1.,0.,0.));
#14038=DIRECTION('center_axis',(0.,-0.973212111192933,0.229909083394708));
#14039=DIRECTION('ref_axis',(0.,-0.229909083394708,-0.973212111192933));
#14040=DIRECTION('center_axis',(1.,0.,0.));
#14041=DIRECTION('ref_axis',(0.,-1.,0.));
#14042=DIRECTION('center_axis',(0.,0.,-1.));
#14043=DIRECTION('ref_axis',(0.,1.,0.));
#14044=DIRECTION('',(0.,-1.,0.));
#14045=DIRECTION('',(0.,-1.,0.));
#14046=DIRECTION('center_axis',(1.,0.,0.));
#14047=DIRECTION('ref_axis',(0.,-1.,0.));
#14048=DIRECTION('',(0.,0.,1.));
#14049=DIRECTION('',(0.,1.,0.));
#14050=DIRECTION('',(0.,0.,1.));
#14051=DIRECTION('',(0.,0.707106781186547,0.707106781186547));
#14052=DIRECTION('',(0.,1.,0.));
#14053=DIRECTION('center_axis',(1.,0.,0.));
#14054=DIRECTION('ref_axis',(0.,-1.,0.));
#14055=DIRECTION('',(0.,0.,1.));
#14056=DIRECTION('',(0.,-1.,0.));
#14057=DIRECTION('',(0.,-0.707106781186498,0.707106781186598));
#14058=DIRECTION('',(0.,0.,1.));
#14059=DIRECTION('',(0.,-0.707106781186548,-0.707106781186548));
#14060=DIRECTION('center_axis',(1.,0.,0.));
#14061=DIRECTION('ref_axis',(0.,-1.,0.));
#14062=DIRECTION('',(0.,-1.,0.));
#14063=DIRECTION('',(0.,1.,0.));
#14064=DIRECTION('',(0.,0.,1.));
#14065=DIRECTION('center_axis',(1.,0.,0.));
#14066=DIRECTION('ref_axis',(0.,-1.,0.));
#14067=DIRECTION('',(0.,-0.8,0.6));
#14068=DIRECTION('',(0.,-0.229909083394708,-0.973212111192933));
#14069=DIRECTION('center_axis',(-1.,0.,0.));
#14070=DIRECTION('ref_axis',(0.,-0.973212111192933,0.229909083394708));
#14071=DIRECTION('center_axis',(1.,0.,0.));
#14072=DIRECTION('ref_axis',(0.,-1.,0.));
#14073=DIRECTION('center_axis',(1.,0.,0.));
#14074=DIRECTION('ref_axis',(0.,0.,-1.));
#14075=DIRECTION('center_axis',(0.,1.,0.));
#14076=DIRECTION('ref_axis',(0.,0.,1.));
#14077=DIRECTION('',(0.,0.,-1.));
#14078=DIRECTION('',(1.,0.,0.));
#14079=DIRECTION('center_axis',(1.,0.,0.));
#14080=DIRECTION('ref_axis',(0.,-1.,0.));
#14081=DIRECTION('',(0.,1.,0.));
#14082=DIRECTION('',(0.,0.707106781186547,0.707106781186547));
#14083=DIRECTION('',(0.,0.,1.));
#14084=DIRECTION('',(0.,1.,0.));
#14085=DIRECTION('center_axis',(1.,0.,0.));
#14086=DIRECTION('ref_axis',(0.,-1.,0.));
#14087=DIRECTION('',(0.,0.,1.));
#14088=DIRECTION('',(0.,-0.707106781186548,-0.707106781186548));
#14089=DIRECTION('',(0.,0.,1.));
#14090=DIRECTION('',(0.,-0.707106781186498,0.707106781186598));
#14091=DIRECTION('',(0.,-1.,0.));
#14092=DIRECTION('center_axis',(1.,0.,0.));
#14093=DIRECTION('ref_axis',(0.,-1.,0.));
#14094=DIRECTION('',(0.,-1.,0.));
#14095=DIRECTION('',(0.,0.,1.));
#14096=DIRECTION('',(0.,1.,0.));
#14097=DIRECTION('center_axis',(1.,0.,0.));
#14098=DIRECTION('ref_axis',(0.,-1.,0.));
#14099=DIRECTION('',(0.,-0.8,0.6));
#14100=DIRECTION('center_axis',(-1.,0.,0.));
#14101=DIRECTION('ref_axis',(0.,-0.973212111192933,0.229909083394708));
#14102=DIRECTION('',(0.,-0.229909083394708,-0.973212111192933));
#14103=DIRECTION('center_axis',(1.,0.,0.));
#14104=DIRECTION('ref_axis',(0.,-1.,0.));
#14105=DIRECTION('center_axis',(1.,0.,0.));
#14106=DIRECTION('ref_axis',(0.,0.,-1.));
#14107=DIRECTION('center_axis',(0.,0.,-1.));
#14108=DIRECTION('ref_axis',(0.,1.,0.));
#14109=DIRECTION('',(1.,0.,0.));
#14110=DIRECTION('center_axis',(0.,-1.,0.));
#14111=DIRECTION('ref_axis',(0.,0.,-1.));
#14112=DIRECTION('',(1.,0.,0.));
#14113=DIRECTION('center_axis',(0.,-0.707106781186548,0.707106781186548));
#14114=DIRECTION('ref_axis',(0.,-0.707106781186548,-0.707106781186548));
#14115=DIRECTION('',(1.,0.,0.));
#14116=DIRECTION('center_axis',(0.,0.,1.));
#14117=DIRECTION('ref_axis',(0.,-1.,0.));
#14118=DIRECTION('center_axis',(0.,1.,0.));
#14119=DIRECTION('ref_axis',(0.,0.,1.));
#14120=DIRECTION('',(1.,0.,0.));
#14121=DIRECTION('center_axis',(0.,0.,-1.));
#14122=DIRECTION('ref_axis',(0.,1.,0.));
#14123=DIRECTION('',(1.,0.,0.));
#14124=DIRECTION('center_axis',(0.,-0.707106781186598,-0.707106781186498));
#14125=DIRECTION('ref_axis',(0.,0.707106781186498,-0.707106781186598));
#14126=DIRECTION('',(1.,0.,0.));
#14127=DIRECTION('center_axis',(0.,-1.,0.));
#14128=DIRECTION('ref_axis',(0.,0.,-1.));
#14129=DIRECTION('',(1.,0.,0.));
#14130=DIRECTION('center_axis',(0.,-0.707106781186548,0.707106781186548));
#14131=DIRECTION('ref_axis',(0.,-0.707106781186548,-0.707106781186548));
#14132=DIRECTION('center_axis',(0.,0.,1.));
#14133=DIRECTION('ref_axis',(0.,-1.,0.));
#14134=DIRECTION('',(1.,0.,0.));
#14135=DIRECTION('center_axis',(0.,-1.,0.));
#14136=DIRECTION('ref_axis',(0.,0.,-1.));
#14137=DIRECTION('',(1.,0.,0.));
#14138=DIRECTION('center_axis',(0.,0.,-1.));
#14139=DIRECTION('ref_axis',(0.,1.,0.));
#14140=DIRECTION('center_axis',(0.,0.6,0.8));
#14141=DIRECTION('ref_axis',(0.,-0.8,0.6));
#14142=DIRECTION('',(1.,0.,0.));
#14143=DIRECTION('center_axis',(1.,0.,0.));
#14144=DIRECTION('ref_axis',(0.,-1.,0.));
#14145=DIRECTION('',(1.,0.,0.));
#14146=DIRECTION('center_axis',(0.,-0.973212111192933,0.229909083394708));
#14147=DIRECTION('ref_axis',(0.,-0.229909083394708,-0.973212111192933));
#14148=DIRECTION('center_axis',(1.,0.,0.));
#14149=DIRECTION('ref_axis',(0.,-1.,0.));
#14150=DIRECTION('center_axis',(0.,0.,-1.));
#14151=DIRECTION('ref_axis',(0.,1.,0.));
#14152=DIRECTION('',(0.,-1.,0.));
#14153=DIRECTION('',(0.,-1.,0.));
#14154=DIRECTION('center_axis',(1.,0.,0.));
#14155=DIRECTION('ref_axis',(0.,-1.,0.));
#14156=DIRECTION('',(0.,0.,1.));
#14157=DIRECTION('',(0.,1.,0.));
#14158=DIRECTION('',(0.,0.,1.));
#14159=DIRECTION('',(0.,0.707106781186547,0.707106781186547));
#14160=DIRECTION('',(0.,1.,0.));
#14161=DIRECTION('center_axis',(1.,0.,0.));
#14162=DIRECTION('ref_axis',(0.,-1.,0.));
#14163=DIRECTION('',(0.,0.,1.));
#14164=DIRECTION('',(0.,-1.,0.));
#14165=DIRECTION('',(0.,-0.707106781186498,0.707106781186598));
#14166=DIRECTION('',(0.,0.,1.));
#14167=DIRECTION('',(0.,-0.707106781186548,-0.707106781186548));
#14168=DIRECTION('center_axis',(1.,0.,0.));
#14169=DIRECTION('ref_axis',(0.,-1.,0.));
#14170=DIRECTION('',(0.,-1.,0.));
#14171=DIRECTION('',(0.,1.,0.));
#14172=DIRECTION('',(0.,0.,1.));
#14173=DIRECTION('center_axis',(1.,0.,0.));
#14174=DIRECTION('ref_axis',(0.,-1.,0.));
#14175=DIRECTION('',(0.,-0.8,0.6));
#14176=DIRECTION('',(0.,-0.229909083394708,-0.973212111192933));
#14177=DIRECTION('center_axis',(-1.,0.,0.));
#14178=DIRECTION('ref_axis',(0.,-0.973212111192933,0.229909083394708));
#14179=DIRECTION('center_axis',(1.,0.,0.));
#14180=DIRECTION('ref_axis',(0.,-1.,0.));
#14181=DIRECTION('center_axis',(1.,0.,0.));
#14182=DIRECTION('ref_axis',(0.,0.,-1.));
#14183=DIRECTION('center_axis',(0.,1.,0.));
#14184=DIRECTION('ref_axis',(0.,0.,1.));
#14185=DIRECTION('',(0.,0.,-1.));
#14186=DIRECTION('',(1.,0.,0.));
#14187=DIRECTION('center_axis',(1.,0.,0.));
#14188=DIRECTION('ref_axis',(0.,-1.,0.));
#14189=DIRECTION('',(0.,1.,0.));
#14190=DIRECTION('',(0.,0.707106781186547,0.707106781186547));
#14191=DIRECTION('',(0.,0.,1.));
#14192=DIRECTION('',(0.,1.,0.));
#14193=DIRECTION('center_axis',(1.,0.,0.));
#14194=DIRECTION('ref_axis',(0.,-1.,0.));
#14195=DIRECTION('',(0.,0.,1.));
#14196=DIRECTION('',(0.,-0.707106781186548,-0.707106781186548));
#14197=DIRECTION('',(0.,0.,1.));
#14198=DIRECTION('',(0.,-0.707106781186498,0.707106781186598));
#14199=DIRECTION('',(0.,-1.,0.));
#14200=DIRECTION('center_axis',(1.,0.,0.));
#14201=DIRECTION('ref_axis',(0.,-1.,0.));
#14202=DIRECTION('',(0.,-1.,0.));
#14203=DIRECTION('',(0.,0.,1.));
#14204=DIRECTION('',(0.,1.,0.));
#14205=DIRECTION('center_axis',(1.,0.,0.));
#14206=DIRECTION('ref_axis',(0.,-1.,0.));
#14207=DIRECTION('',(0.,-0.8,0.6));
#14208=DIRECTION('center_axis',(-1.,0.,0.));
#14209=DIRECTION('ref_axis',(0.,-0.973212111192933,0.229909083394708));
#14210=DIRECTION('',(0.,-0.229909083394708,-0.973212111192933));
#14211=DIRECTION('center_axis',(1.,0.,0.));
#14212=DIRECTION('ref_axis',(0.,-1.,0.));
#14213=DIRECTION('center_axis',(1.,0.,0.));
#14214=DIRECTION('ref_axis',(0.,0.,-1.));
#14215=DIRECTION('center_axis',(0.,0.,-1.));
#14216=DIRECTION('ref_axis',(0.,1.,0.));
#14217=DIRECTION('',(1.,0.,0.));
#14218=DIRECTION('center_axis',(0.,-1.,0.));
#14219=DIRECTION('ref_axis',(0.,0.,-1.));
#14220=DIRECTION('',(1.,0.,0.));
#14221=DIRECTION('center_axis',(0.,-0.707106781186548,0.707106781186548));
#14222=DIRECTION('ref_axis',(0.,-0.707106781186548,-0.707106781186548));
#14223=DIRECTION('',(1.,0.,0.));
#14224=DIRECTION('center_axis',(0.,0.,1.));
#14225=DIRECTION('ref_axis',(0.,-1.,0.));
#14226=DIRECTION('center_axis',(0.,1.,0.));
#14227=DIRECTION('ref_axis',(0.,0.,1.));
#14228=DIRECTION('',(1.,0.,0.));
#14229=DIRECTION('center_axis',(0.,0.,-1.));
#14230=DIRECTION('ref_axis',(0.,1.,0.));
#14231=DIRECTION('',(1.,0.,0.));
#14232=DIRECTION('center_axis',(0.,-0.707106781186598,-0.707106781186498));
#14233=DIRECTION('ref_axis',(0.,0.707106781186498,-0.707106781186598));
#14234=DIRECTION('',(1.,0.,0.));
#14235=DIRECTION('center_axis',(0.,-1.,0.));
#14236=DIRECTION('ref_axis',(0.,0.,-1.));
#14237=DIRECTION('',(1.,0.,0.));
#14238=DIRECTION('center_axis',(0.,-0.707106781186548,0.707106781186548));
#14239=DIRECTION('ref_axis',(0.,-0.707106781186548,-0.707106781186548));
#14240=DIRECTION('center_axis',(0.,0.,1.));
#14241=DIRECTION('ref_axis',(0.,-1.,0.));
#14242=DIRECTION('',(1.,0.,0.));
#14243=DIRECTION('center_axis',(0.,-1.,0.));
#14244=DIRECTION('ref_axis',(0.,0.,-1.));
#14245=DIRECTION('',(1.,0.,0.));
#14246=DIRECTION('center_axis',(0.,0.,-1.));
#14247=DIRECTION('ref_axis',(0.,1.,0.));
#14248=DIRECTION('center_axis',(0.,0.6,0.8));
#14249=DIRECTION('ref_axis',(0.,-0.8,0.6));
#14250=DIRECTION('',(1.,0.,0.));
#14251=DIRECTION('center_axis',(1.,0.,0.));
#14252=DIRECTION('ref_axis',(0.,-1.,0.));
#14253=DIRECTION('',(1.,0.,0.));
#14254=DIRECTION('center_axis',(0.,-0.973212111192933,0.229909083394708));
#14255=DIRECTION('ref_axis',(0.,-0.229909083394708,-0.973212111192933));
#14256=DIRECTION('center_axis',(1.,0.,0.));
#14257=DIRECTION('ref_axis',(0.,-1.,0.));
#14258=DIRECTION('center_axis',(0.,0.,-1.));
#14259=DIRECTION('ref_axis',(0.,1.,0.));
#14260=DIRECTION('',(0.,-1.,0.));
#14261=DIRECTION('',(0.,-1.,0.));
#14262=DIRECTION('center_axis',(1.,0.,0.));
#14263=DIRECTION('ref_axis',(0.,-1.,0.));
#14264=DIRECTION('',(0.,0.,1.));
#14265=DIRECTION('',(0.,1.,0.));
#14266=DIRECTION('',(0.,0.,1.));
#14267=DIRECTION('',(0.,0.707106781186547,0.707106781186547));
#14268=DIRECTION('',(0.,1.,0.));
#14269=DIRECTION('center_axis',(1.,0.,0.));
#14270=DIRECTION('ref_axis',(0.,-1.,0.));
#14271=DIRECTION('',(0.,0.,1.));
#14272=DIRECTION('',(0.,-1.,0.));
#14273=DIRECTION('',(0.,-0.707106781186498,0.707106781186598));
#14274=DIRECTION('',(0.,0.,1.));
#14275=DIRECTION('',(0.,-0.707106781186548,-0.707106781186548));
#14276=DIRECTION('center_axis',(1.,0.,0.));
#14277=DIRECTION('ref_axis',(0.,-1.,0.));
#14278=DIRECTION('',(0.,-1.,0.));
#14279=DIRECTION('',(0.,1.,0.));
#14280=DIRECTION('',(0.,0.,1.));
#14281=DIRECTION('center_axis',(1.,0.,0.));
#14282=DIRECTION('ref_axis',(0.,-1.,0.));
#14283=DIRECTION('',(0.,-0.8,0.6));
#14284=DIRECTION('',(0.,-0.229909083394708,-0.973212111192933));
#14285=DIRECTION('center_axis',(-1.,0.,0.));
#14286=DIRECTION('ref_axis',(0.,-0.973212111192933,0.229909083394708));
#14287=DIRECTION('center_axis',(1.,0.,0.));
#14288=DIRECTION('ref_axis',(0.,-1.,0.));
#14289=DIRECTION('center_axis',(1.,0.,0.));
#14290=DIRECTION('ref_axis',(0.,0.,-1.));
#14291=DIRECTION('center_axis',(0.,1.,0.));
#14292=DIRECTION('ref_axis',(0.,0.,1.));
#14293=DIRECTION('',(0.,0.,-1.));
#14294=DIRECTION('',(1.,0.,0.));
#14295=DIRECTION('center_axis',(1.,0.,0.));
#14296=DIRECTION('ref_axis',(0.,-1.,0.));
#14297=DIRECTION('',(0.,1.,0.));
#14298=DIRECTION('',(0.,0.707106781186547,0.707106781186547));
#14299=DIRECTION('',(0.,0.,1.));
#14300=DIRECTION('',(0.,1.,0.));
#14301=DIRECTION('center_axis',(1.,0.,0.));
#14302=DIRECTION('ref_axis',(0.,-1.,0.));
#14303=DIRECTION('',(0.,0.,1.));
#14304=DIRECTION('',(0.,-0.707106781186548,-0.707106781186548));
#14305=DIRECTION('',(0.,0.,1.));
#14306=DIRECTION('',(0.,-0.707106781186498,0.707106781186598));
#14307=DIRECTION('',(0.,-1.,0.));
#14308=DIRECTION('center_axis',(1.,0.,0.));
#14309=DIRECTION('ref_axis',(0.,-1.,0.));
#14310=DIRECTION('',(0.,-1.,0.));
#14311=DIRECTION('',(0.,0.,1.));
#14312=DIRECTION('',(0.,1.,0.));
#14313=DIRECTION('center_axis',(1.,0.,0.));
#14314=DIRECTION('ref_axis',(0.,-1.,0.));
#14315=DIRECTION('',(0.,-0.8,0.6));
#14316=DIRECTION('center_axis',(-1.,0.,0.));
#14317=DIRECTION('ref_axis',(0.,-0.973212111192933,0.229909083394708));
#14318=DIRECTION('',(0.,-0.229909083394708,-0.973212111192933));
#14319=DIRECTION('center_axis',(1.,0.,0.));
#14320=DIRECTION('ref_axis',(0.,-1.,0.));
#14321=DIRECTION('center_axis',(1.,0.,0.));
#14322=DIRECTION('ref_axis',(0.,0.,-1.));
#14323=DIRECTION('center_axis',(0.,0.,-1.));
#14324=DIRECTION('ref_axis',(0.,1.,0.));
#14325=DIRECTION('',(1.,0.,0.));
#14326=DIRECTION('center_axis',(0.,-1.,0.));
#14327=DIRECTION('ref_axis',(0.,0.,-1.));
#14328=DIRECTION('',(1.,0.,0.));
#14329=DIRECTION('center_axis',(0.,-0.707106781186548,0.707106781186548));
#14330=DIRECTION('ref_axis',(0.,-0.707106781186548,-0.707106781186548));
#14331=DIRECTION('',(1.,0.,0.));
#14332=DIRECTION('center_axis',(0.,0.,1.));
#14333=DIRECTION('ref_axis',(0.,-1.,0.));
#14334=DIRECTION('center_axis',(0.,1.,0.));
#14335=DIRECTION('ref_axis',(0.,0.,1.));
#14336=DIRECTION('',(1.,0.,0.));
#14337=DIRECTION('center_axis',(0.,0.,-1.));
#14338=DIRECTION('ref_axis',(0.,1.,0.));
#14339=DIRECTION('',(1.,0.,0.));
#14340=DIRECTION('center_axis',(0.,-0.707106781186598,-0.707106781186498));
#14341=DIRECTION('ref_axis',(0.,0.707106781186498,-0.707106781186598));
#14342=DIRECTION('',(1.,0.,0.));
#14343=DIRECTION('center_axis',(0.,-1.,0.));
#14344=DIRECTION('ref_axis',(0.,0.,-1.));
#14345=DIRECTION('',(1.,0.,0.));
#14346=DIRECTION('center_axis',(0.,-0.707106781186548,0.707106781186548));
#14347=DIRECTION('ref_axis',(0.,-0.707106781186548,-0.707106781186548));
#14348=DIRECTION('center_axis',(0.,0.,1.));
#14349=DIRECTION('ref_axis',(0.,-1.,0.));
#14350=DIRECTION('',(1.,0.,0.));
#14351=DIRECTION('center_axis',(0.,-1.,0.));
#14352=DIRECTION('ref_axis',(0.,0.,-1.));
#14353=DIRECTION('',(1.,0.,0.));
#14354=DIRECTION('center_axis',(0.,0.,-1.));
#14355=DIRECTION('ref_axis',(0.,1.,0.));
#14356=DIRECTION('center_axis',(0.,0.6,0.8));
#14357=DIRECTION('ref_axis',(0.,-0.8,0.6));
#14358=DIRECTION('',(1.,0.,0.));
#14359=DIRECTION('center_axis',(1.,0.,0.));
#14360=DIRECTION('ref_axis',(0.,-1.,0.));
#14361=DIRECTION('',(1.,0.,0.));
#14362=DIRECTION('center_axis',(0.,-0.973212111192933,0.229909083394708));
#14363=DIRECTION('ref_axis',(0.,-0.229909083394708,-0.973212111192933));
#14364=DIRECTION('center_axis',(1.,0.,0.));
#14365=DIRECTION('ref_axis',(0.,-1.,0.));
#14366=DIRECTION('center_axis',(0.,0.,-1.));
#14367=DIRECTION('ref_axis',(0.,1.,0.));
#14368=DIRECTION('',(0.,-1.,0.));
#14369=DIRECTION('',(0.,-1.,0.));
#14370=DIRECTION('center_axis',(1.,0.,0.));
#14371=DIRECTION('ref_axis',(0.,-1.,0.));
#14372=DIRECTION('',(0.,0.,1.));
#14373=DIRECTION('',(0.,1.,0.));
#14374=DIRECTION('',(0.,0.,1.));
#14375=DIRECTION('',(0.,0.707106781186547,0.707106781186547));
#14376=DIRECTION('',(0.,1.,0.));
#14377=DIRECTION('center_axis',(1.,0.,0.));
#14378=DIRECTION('ref_axis',(0.,-1.,0.));
#14379=DIRECTION('',(0.,0.,1.));
#14380=DIRECTION('',(0.,-1.,0.));
#14381=DIRECTION('',(0.,-0.707106781186498,0.707106781186598));
#14382=DIRECTION('',(0.,0.,1.));
#14383=DIRECTION('',(0.,-0.707106781186548,-0.707106781186548));
#14384=DIRECTION('center_axis',(1.,0.,0.));
#14385=DIRECTION('ref_axis',(0.,-1.,0.));
#14386=DIRECTION('',(0.,-1.,0.));
#14387=DIRECTION('',(0.,1.,0.));
#14388=DIRECTION('',(0.,0.,1.));
#14389=DIRECTION('center_axis',(1.,0.,0.));
#14390=DIRECTION('ref_axis',(0.,-1.,0.));
#14391=DIRECTION('',(0.,-0.8,0.6));
#14392=DIRECTION('',(0.,-0.229909083394708,-0.973212111192933));
#14393=DIRECTION('center_axis',(-1.,0.,0.));
#14394=DIRECTION('ref_axis',(0.,-0.973212111192933,0.229909083394708));
#14395=DIRECTION('center_axis',(1.,0.,0.));
#14396=DIRECTION('ref_axis',(0.,-1.,0.));
#14397=DIRECTION('center_axis',(1.,0.,0.));
#14398=DIRECTION('ref_axis',(0.,0.,-1.));
#14399=DIRECTION('center_axis',(0.,1.,0.));
#14400=DIRECTION('ref_axis',(0.,0.,1.));
#14401=DIRECTION('',(0.,0.,-1.));
#14402=DIRECTION('',(1.,0.,0.));
#14403=DIRECTION('center_axis',(1.,0.,0.));
#14404=DIRECTION('ref_axis',(0.,-1.,0.));
#14405=DIRECTION('',(0.,1.,0.));
#14406=DIRECTION('',(0.,0.707106781186547,0.707106781186547));
#14407=DIRECTION('',(0.,0.,1.));
#14408=DIRECTION('',(0.,1.,0.));
#14409=DIRECTION('center_axis',(1.,0.,0.));
#14410=DIRECTION('ref_axis',(0.,-1.,0.));
#14411=DIRECTION('',(0.,0.,1.));
#14412=DIRECTION('',(0.,-0.707106781186548,-0.707106781186548));
#14413=DIRECTION('',(0.,0.,1.));
#14414=DIRECTION('',(0.,-0.707106781186498,0.707106781186598));
#14415=DIRECTION('',(0.,-1.,0.));
#14416=DIRECTION('center_axis',(1.,0.,0.));
#14417=DIRECTION('ref_axis',(0.,-1.,0.));
#14418=DIRECTION('',(0.,-1.,0.));
#14419=DIRECTION('',(0.,0.,1.));
#14420=DIRECTION('',(0.,1.,0.));
#14421=DIRECTION('center_axis',(1.,0.,0.));
#14422=DIRECTION('ref_axis',(0.,-1.,0.));
#14423=DIRECTION('',(0.,-0.8,0.6));
#14424=DIRECTION('center_axis',(-1.,0.,0.));
#14425=DIRECTION('ref_axis',(0.,-0.973212111192933,0.229909083394708));
#14426=DIRECTION('',(0.,-0.229909083394708,-0.973212111192933));
#14427=DIRECTION('center_axis',(1.,0.,0.));
#14428=DIRECTION('ref_axis',(0.,-1.,0.));
#14429=DIRECTION('center_axis',(1.,0.,0.));
#14430=DIRECTION('ref_axis',(0.,0.,-1.));
#14431=DIRECTION('center_axis',(0.,0.,-1.));
#14432=DIRECTION('ref_axis',(0.,1.,0.));
#14433=DIRECTION('',(1.,0.,0.));
#14434=DIRECTION('center_axis',(0.,-1.,0.));
#14435=DIRECTION('ref_axis',(0.,0.,-1.));
#14436=DIRECTION('',(1.,0.,0.));
#14437=DIRECTION('center_axis',(0.,-0.707106781186548,0.707106781186548));
#14438=DIRECTION('ref_axis',(0.,-0.707106781186548,-0.707106781186548));
#14439=DIRECTION('',(1.,0.,0.));
#14440=DIRECTION('center_axis',(0.,0.,1.));
#14441=DIRECTION('ref_axis',(0.,-1.,0.));
#14442=DIRECTION('center_axis',(0.,1.,0.));
#14443=DIRECTION('ref_axis',(0.,0.,1.));
#14444=DIRECTION('',(1.,0.,0.));
#14445=DIRECTION('center_axis',(0.,0.,-1.));
#14446=DIRECTION('ref_axis',(0.,1.,0.));
#14447=DIRECTION('',(1.,0.,0.));
#14448=DIRECTION('center_axis',(0.,-0.707106781186598,-0.707106781186498));
#14449=DIRECTION('ref_axis',(0.,0.707106781186498,-0.707106781186598));
#14450=DIRECTION('',(1.,0.,0.));
#14451=DIRECTION('center_axis',(0.,-1.,0.));
#14452=DIRECTION('ref_axis',(0.,0.,-1.));
#14453=DIRECTION('',(1.,0.,0.));
#14454=DIRECTION('center_axis',(0.,-0.707106781186548,0.707106781186548));
#14455=DIRECTION('ref_axis',(0.,-0.707106781186548,-0.707106781186548));
#14456=DIRECTION('center_axis',(0.,0.,1.));
#14457=DIRECTION('ref_axis',(0.,-1.,0.));
#14458=DIRECTION('',(1.,0.,0.));
#14459=DIRECTION('center_axis',(0.,-1.,0.));
#14460=DIRECTION('ref_axis',(0.,0.,-1.));
#14461=DIRECTION('',(1.,0.,0.));
#14462=DIRECTION('center_axis',(0.,0.,-1.));
#14463=DIRECTION('ref_axis',(0.,1.,0.));
#14464=DIRECTION('center_axis',(0.,0.6,0.8));
#14465=DIRECTION('ref_axis',(0.,-0.8,0.6));
#14466=DIRECTION('',(1.,0.,0.));
#14467=DIRECTION('center_axis',(1.,0.,0.));
#14468=DIRECTION('ref_axis',(0.,-1.,0.));
#14469=DIRECTION('',(1.,0.,0.));
#14470=DIRECTION('center_axis',(0.,-0.973212111192933,0.229909083394708));
#14471=DIRECTION('ref_axis',(0.,-0.229909083394708,-0.973212111192933));
#14472=DIRECTION('center_axis',(1.,0.,0.));
#14473=DIRECTION('ref_axis',(0.,-1.,0.));
#14474=DIRECTION('center_axis',(0.,0.,-1.));
#14475=DIRECTION('ref_axis',(0.,1.,0.));
#14476=DIRECTION('',(0.,-1.,0.));
#14477=DIRECTION('',(0.,-1.,0.));
#14478=DIRECTION('center_axis',(1.,0.,0.));
#14479=DIRECTION('ref_axis',(0.,-1.,0.));
#14480=DIRECTION('',(0.,0.,1.));
#14481=DIRECTION('',(0.,1.,0.));
#14482=DIRECTION('',(0.,0.,1.));
#14483=DIRECTION('',(0.,0.707106781186547,0.707106781186547));
#14484=DIRECTION('',(0.,1.,0.));
#14485=DIRECTION('center_axis',(1.,0.,0.));
#14486=DIRECTION('ref_axis',(0.,-1.,0.));
#14487=DIRECTION('',(0.,0.,1.));
#14488=DIRECTION('',(0.,-1.,0.));
#14489=DIRECTION('',(0.,-0.707106781186498,0.707106781186598));
#14490=DIRECTION('',(0.,0.,1.));
#14491=DIRECTION('',(0.,-0.707106781186548,-0.707106781186548));
#14492=DIRECTION('center_axis',(1.,0.,0.));
#14493=DIRECTION('ref_axis',(0.,-1.,0.));
#14494=DIRECTION('',(0.,-1.,0.));
#14495=DIRECTION('',(0.,1.,0.));
#14496=DIRECTION('',(0.,0.,1.));
#14497=DIRECTION('center_axis',(1.,0.,0.));
#14498=DIRECTION('ref_axis',(0.,-1.,0.));
#14499=DIRECTION('',(0.,-0.8,0.6));
#14500=DIRECTION('',(0.,-0.229909083394708,-0.973212111192933));
#14501=DIRECTION('center_axis',(-1.,0.,0.));
#14502=DIRECTION('ref_axis',(0.,-0.973212111192933,0.229909083394708));
#14503=DIRECTION('center_axis',(1.,0.,0.));
#14504=DIRECTION('ref_axis',(0.,-1.,0.));
#14505=DIRECTION('center_axis',(1.,0.,0.));
#14506=DIRECTION('ref_axis',(0.,0.,-1.));
#14507=DIRECTION('center_axis',(0.,1.,0.));
#14508=DIRECTION('ref_axis',(0.,0.,1.));
#14509=DIRECTION('',(0.,0.,-1.));
#14510=DIRECTION('',(1.,0.,0.));
#14511=DIRECTION('center_axis',(1.,0.,0.));
#14512=DIRECTION('ref_axis',(0.,-1.,0.));
#14513=DIRECTION('',(0.,1.,0.));
#14514=DIRECTION('',(0.,0.707106781186547,0.707106781186547));
#14515=DIRECTION('',(0.,0.,1.));
#14516=DIRECTION('',(0.,1.,0.));
#14517=DIRECTION('center_axis',(1.,0.,0.));
#14518=DIRECTION('ref_axis',(0.,-1.,0.));
#14519=DIRECTION('',(0.,0.,1.));
#14520=DIRECTION('',(0.,-0.707106781186548,-0.707106781186548));
#14521=DIRECTION('',(0.,0.,1.));
#14522=DIRECTION('',(0.,-0.707106781186498,0.707106781186598));
#14523=DIRECTION('',(0.,-1.,0.));
#14524=DIRECTION('center_axis',(1.,0.,0.));
#14525=DIRECTION('ref_axis',(0.,-1.,0.));
#14526=DIRECTION('',(0.,-1.,0.));
#14527=DIRECTION('',(0.,0.,1.));
#14528=DIRECTION('',(0.,1.,0.));
#14529=DIRECTION('center_axis',(1.,0.,0.));
#14530=DIRECTION('ref_axis',(0.,-1.,0.));
#14531=DIRECTION('',(0.,-0.8,0.6));
#14532=DIRECTION('center_axis',(-1.,0.,0.));
#14533=DIRECTION('ref_axis',(0.,-0.973212111192933,0.229909083394708));
#14534=DIRECTION('',(0.,-0.229909083394708,-0.973212111192933));
#14535=DIRECTION('center_axis',(1.,0.,0.));
#14536=DIRECTION('ref_axis',(0.,-1.,0.));
#14537=DIRECTION('center_axis',(1.,0.,0.));
#14538=DIRECTION('ref_axis',(0.,0.,-1.));
#14539=DIRECTION('center_axis',(0.,0.,-1.));
#14540=DIRECTION('ref_axis',(0.,1.,0.));
#14541=DIRECTION('',(1.,0.,0.));
#14542=DIRECTION('center_axis',(0.,-1.,0.));
#14543=DIRECTION('ref_axis',(0.,0.,-1.));
#14544=DIRECTION('',(1.,0.,0.));
#14545=DIRECTION('center_axis',(0.,-0.707106781186548,0.707106781186548));
#14546=DIRECTION('ref_axis',(0.,-0.707106781186548,-0.707106781186548));
#14547=DIRECTION('',(1.,0.,0.));
#14548=DIRECTION('center_axis',(0.,0.,1.));
#14549=DIRECTION('ref_axis',(0.,-1.,0.));
#14550=DIRECTION('center_axis',(0.,1.,0.));
#14551=DIRECTION('ref_axis',(0.,0.,1.));
#14552=DIRECTION('',(1.,0.,0.));
#14553=DIRECTION('center_axis',(0.,0.,-1.));
#14554=DIRECTION('ref_axis',(0.,1.,0.));
#14555=DIRECTION('',(1.,0.,0.));
#14556=DIRECTION('center_axis',(0.,-0.707106781186598,-0.707106781186498));
#14557=DIRECTION('ref_axis',(0.,0.707106781186498,-0.707106781186598));
#14558=DIRECTION('',(1.,0.,0.));
#14559=DIRECTION('center_axis',(0.,-1.,0.));
#14560=DIRECTION('ref_axis',(0.,0.,-1.));
#14561=DIRECTION('',(1.,0.,0.));
#14562=DIRECTION('center_axis',(0.,-0.707106781186548,0.707106781186548));
#14563=DIRECTION('ref_axis',(0.,-0.707106781186548,-0.707106781186548));
#14564=DIRECTION('center_axis',(0.,0.,1.));
#14565=DIRECTION('ref_axis',(0.,-1.,0.));
#14566=DIRECTION('',(1.,0.,0.));
#14567=DIRECTION('center_axis',(0.,-1.,0.));
#14568=DIRECTION('ref_axis',(0.,0.,-1.));
#14569=DIRECTION('',(1.,0.,0.));
#14570=DIRECTION('center_axis',(0.,0.,-1.));
#14571=DIRECTION('ref_axis',(0.,1.,0.));
#14572=DIRECTION('center_axis',(0.,0.6,0.8));
#14573=DIRECTION('ref_axis',(0.,-0.8,0.6));
#14574=DIRECTION('',(1.,0.,0.));
#14575=DIRECTION('center_axis',(1.,0.,0.));
#14576=DIRECTION('ref_axis',(0.,-1.,0.));
#14577=DIRECTION('',(1.,0.,0.));
#14578=DIRECTION('center_axis',(0.,-0.973212111192933,0.229909083394708));
#14579=DIRECTION('ref_axis',(0.,-0.229909083394708,-0.973212111192933));
#14580=DIRECTION('center_axis',(1.,0.,0.));
#14581=DIRECTION('ref_axis',(0.,-1.,0.));
#14582=DIRECTION('center_axis',(0.,0.,-1.));
#14583=DIRECTION('ref_axis',(0.,1.,0.));
#14584=DIRECTION('',(0.,-1.,0.));
#14585=DIRECTION('',(0.,-1.,0.));
#14586=DIRECTION('center_axis',(1.,0.,0.));
#14587=DIRECTION('ref_axis',(0.,-1.,0.));
#14588=DIRECTION('',(0.,0.,1.));
#14589=DIRECTION('',(0.,1.,0.));
#14590=DIRECTION('',(0.,0.,1.));
#14591=DIRECTION('',(0.,0.707106781186547,0.707106781186547));
#14592=DIRECTION('',(0.,1.,0.));
#14593=DIRECTION('center_axis',(1.,0.,0.));
#14594=DIRECTION('ref_axis',(0.,-1.,0.));
#14595=DIRECTION('',(0.,0.,1.));
#14596=DIRECTION('',(0.,-1.,0.));
#14597=DIRECTION('',(0.,-0.707106781186498,0.707106781186598));
#14598=DIRECTION('',(0.,0.,1.));
#14599=DIRECTION('',(0.,-0.707106781186548,-0.707106781186548));
#14600=DIRECTION('center_axis',(1.,0.,0.));
#14601=DIRECTION('ref_axis',(0.,-1.,0.));
#14602=DIRECTION('',(0.,-1.,0.));
#14603=DIRECTION('',(0.,1.,0.));
#14604=DIRECTION('',(0.,0.,1.));
#14605=DIRECTION('center_axis',(1.,0.,0.));
#14606=DIRECTION('ref_axis',(0.,-1.,0.));
#14607=DIRECTION('',(0.,-0.8,0.6));
#14608=DIRECTION('',(0.,-0.229909083394708,-0.973212111192933));
#14609=DIRECTION('center_axis',(-1.,0.,0.));
#14610=DIRECTION('ref_axis',(0.,-0.973212111192933,0.229909083394708));
#14611=DIRECTION('center_axis',(1.,0.,0.));
#14612=DIRECTION('ref_axis',(0.,-1.,0.));
#14613=DIRECTION('center_axis',(1.,0.,0.));
#14614=DIRECTION('ref_axis',(0.,0.,-1.));
#14615=DIRECTION('center_axis',(0.,1.,0.));
#14616=DIRECTION('ref_axis',(0.,0.,1.));
#14617=DIRECTION('',(0.,0.,-1.));
#14618=DIRECTION('',(1.,0.,0.));
#14619=DIRECTION('center_axis',(1.,0.,0.));
#14620=DIRECTION('ref_axis',(0.,-1.,0.));
#14621=DIRECTION('',(0.,1.,0.));
#14622=DIRECTION('',(0.,0.707106781186547,0.707106781186547));
#14623=DIRECTION('',(0.,0.,1.));
#14624=DIRECTION('',(0.,1.,0.));
#14625=DIRECTION('center_axis',(1.,0.,0.));
#14626=DIRECTION('ref_axis',(0.,-1.,0.));
#14627=DIRECTION('',(0.,0.,1.));
#14628=DIRECTION('',(0.,-0.707106781186548,-0.707106781186548));
#14629=DIRECTION('',(0.,0.,1.));
#14630=DIRECTION('',(0.,-0.707106781186498,0.707106781186598));
#14631=DIRECTION('',(0.,-1.,0.));
#14632=DIRECTION('center_axis',(1.,0.,0.));
#14633=DIRECTION('ref_axis',(0.,-1.,0.));
#14634=DIRECTION('',(0.,-1.,0.));
#14635=DIRECTION('',(0.,0.,1.));
#14636=DIRECTION('',(0.,1.,0.));
#14637=DIRECTION('center_axis',(1.,0.,0.));
#14638=DIRECTION('ref_axis',(0.,-1.,0.));
#14639=DIRECTION('',(0.,-0.8,0.6));
#14640=DIRECTION('center_axis',(-1.,0.,0.));
#14641=DIRECTION('ref_axis',(0.,-0.973212111192933,0.229909083394708));
#14642=DIRECTION('',(0.,-0.229909083394708,-0.973212111192933));
#14643=DIRECTION('center_axis',(1.,0.,0.));
#14644=DIRECTION('ref_axis',(0.,-1.,0.));
#14645=DIRECTION('center_axis',(1.,0.,0.));
#14646=DIRECTION('ref_axis',(0.,0.,-1.));
#14647=DIRECTION('center_axis',(0.,0.,-1.));
#14648=DIRECTION('ref_axis',(0.,1.,0.));
#14649=DIRECTION('',(1.,0.,0.));
#14650=DIRECTION('center_axis',(0.,-1.,0.));
#14651=DIRECTION('ref_axis',(0.,0.,-1.));
#14652=DIRECTION('',(1.,0.,0.));
#14653=DIRECTION('center_axis',(0.,-0.707106781186548,0.707106781186548));
#14654=DIRECTION('ref_axis',(0.,-0.707106781186548,-0.707106781186548));
#14655=DIRECTION('',(1.,0.,0.));
#14656=DIRECTION('center_axis',(0.,0.,1.));
#14657=DIRECTION('ref_axis',(0.,-1.,0.));
#14658=DIRECTION('center_axis',(0.,1.,0.));
#14659=DIRECTION('ref_axis',(0.,0.,1.));
#14660=DIRECTION('',(1.,0.,0.));
#14661=DIRECTION('center_axis',(0.,0.,-1.));
#14662=DIRECTION('ref_axis',(0.,1.,0.));
#14663=DIRECTION('',(1.,0.,0.));
#14664=DIRECTION('center_axis',(0.,-0.707106781186598,-0.707106781186498));
#14665=DIRECTION('ref_axis',(0.,0.707106781186498,-0.707106781186598));
#14666=DIRECTION('',(1.,0.,0.));
#14667=DIRECTION('center_axis',(0.,-1.,0.));
#14668=DIRECTION('ref_axis',(0.,0.,-1.));
#14669=DIRECTION('',(1.,0.,0.));
#14670=DIRECTION('center_axis',(0.,-0.707106781186548,0.707106781186548));
#14671=DIRECTION('ref_axis',(0.,-0.707106781186548,-0.707106781186548));
#14672=DIRECTION('center_axis',(0.,0.,1.));
#14673=DIRECTION('ref_axis',(0.,-1.,0.));
#14674=DIRECTION('',(1.,0.,0.));
#14675=DIRECTION('center_axis',(0.,-1.,0.));
#14676=DIRECTION('ref_axis',(0.,0.,-1.));
#14677=DIRECTION('',(1.,0.,0.));
#14678=DIRECTION('center_axis',(0.,0.,-1.));
#14679=DIRECTION('ref_axis',(0.,1.,0.));
#14680=DIRECTION('center_axis',(0.,0.6,0.8));
#14681=DIRECTION('ref_axis',(0.,-0.8,0.6));
#14682=DIRECTION('',(1.,0.,0.));
#14683=DIRECTION('center_axis',(1.,0.,0.));
#14684=DIRECTION('ref_axis',(0.,-1.,0.));
#14685=DIRECTION('',(1.,0.,0.));
#14686=DIRECTION('center_axis',(0.,-0.973212111192933,0.229909083394708));
#14687=DIRECTION('ref_axis',(0.,-0.229909083394708,-0.973212111192933));
#14688=DIRECTION('center_axis',(1.,0.,0.));
#14689=DIRECTION('ref_axis',(0.,-1.,0.));
#14690=DIRECTION('center_axis',(0.,0.,-1.));
#14691=DIRECTION('ref_axis',(0.,1.,0.));
#14692=DIRECTION('',(0.,-1.,0.));
#14693=DIRECTION('',(0.,-1.,0.));
#14694=DIRECTION('center_axis',(1.,0.,0.));
#14695=DIRECTION('ref_axis',(0.,-1.,0.));
#14696=DIRECTION('',(0.,0.,1.));
#14697=DIRECTION('',(0.,1.,0.));
#14698=DIRECTION('',(0.,0.,1.));
#14699=DIRECTION('',(0.,0.707106781186547,0.707106781186547));
#14700=DIRECTION('',(0.,1.,0.));
#14701=DIRECTION('center_axis',(1.,0.,0.));
#14702=DIRECTION('ref_axis',(0.,-1.,0.));
#14703=DIRECTION('',(0.,0.,1.));
#14704=DIRECTION('',(0.,-1.,0.));
#14705=DIRECTION('',(0.,-0.707106781186498,0.707106781186598));
#14706=DIRECTION('',(0.,0.,1.));
#14707=DIRECTION('',(0.,-0.707106781186548,-0.707106781186548));
#14708=DIRECTION('center_axis',(1.,0.,0.));
#14709=DIRECTION('ref_axis',(0.,-1.,0.));
#14710=DIRECTION('',(0.,-1.,0.));
#14711=DIRECTION('',(0.,1.,0.));
#14712=DIRECTION('',(0.,0.,1.));
#14713=DIRECTION('center_axis',(1.,0.,0.));
#14714=DIRECTION('ref_axis',(0.,-1.,0.));
#14715=DIRECTION('',(0.,-0.8,0.6));
#14716=DIRECTION('',(0.,-0.229909083394708,-0.973212111192933));
#14717=DIRECTION('center_axis',(-1.,0.,0.));
#14718=DIRECTION('ref_axis',(0.,-0.973212111192933,0.229909083394708));
#14719=DIRECTION('center_axis',(1.,0.,0.));
#14720=DIRECTION('ref_axis',(0.,-1.,0.));
#14721=DIRECTION('center_axis',(1.,0.,0.));
#14722=DIRECTION('ref_axis',(0.,0.,-1.));
#14723=DIRECTION('center_axis',(0.,1.,0.));
#14724=DIRECTION('ref_axis',(0.,0.,1.));
#14725=DIRECTION('',(0.,0.,-1.));
#14726=DIRECTION('',(1.,0.,0.));
#14727=DIRECTION('center_axis',(1.,0.,0.));
#14728=DIRECTION('ref_axis',(0.,-1.,0.));
#14729=DIRECTION('',(0.,1.,0.));
#14730=DIRECTION('',(0.,0.707106781186547,0.707106781186547));
#14731=DIRECTION('',(0.,0.,1.));
#14732=DIRECTION('',(0.,1.,0.));
#14733=DIRECTION('center_axis',(1.,0.,0.));
#14734=DIRECTION('ref_axis',(0.,-1.,0.));
#14735=DIRECTION('',(0.,0.,1.));
#14736=DIRECTION('',(0.,-0.707106781186548,-0.707106781186548));
#14737=DIRECTION('',(0.,0.,1.));
#14738=DIRECTION('',(0.,-0.707106781186498,0.707106781186598));
#14739=DIRECTION('',(0.,-1.,0.));
#14740=DIRECTION('center_axis',(1.,0.,0.));
#14741=DIRECTION('ref_axis',(0.,-1.,0.));
#14742=DIRECTION('',(0.,-1.,0.));
#14743=DIRECTION('',(0.,0.,1.));
#14744=DIRECTION('',(0.,1.,0.));
#14745=DIRECTION('center_axis',(1.,0.,0.));
#14746=DIRECTION('ref_axis',(0.,-1.,0.));
#14747=DIRECTION('',(0.,-0.8,0.6));
#14748=DIRECTION('center_axis',(-1.,0.,0.));
#14749=DIRECTION('ref_axis',(0.,-0.973212111192933,0.229909083394708));
#14750=DIRECTION('',(0.,-0.229909083394708,-0.973212111192933));
#14751=DIRECTION('center_axis',(1.,0.,0.));
#14752=DIRECTION('ref_axis',(0.,-1.,0.));
#14753=DIRECTION('center_axis',(1.,0.,0.));
#14754=DIRECTION('ref_axis',(0.,0.,-1.));
#14755=DIRECTION('center_axis',(0.,0.,-1.));
#14756=DIRECTION('ref_axis',(0.,1.,0.));
#14757=DIRECTION('',(1.,0.,0.));
#14758=DIRECTION('center_axis',(0.,-1.,0.));
#14759=DIRECTION('ref_axis',(0.,0.,-1.));
#14760=DIRECTION('',(1.,0.,0.));
#14761=DIRECTION('center_axis',(0.,-0.707106781186548,0.707106781186548));
#14762=DIRECTION('ref_axis',(0.,-0.707106781186548,-0.707106781186548));
#14763=DIRECTION('',(1.,0.,0.));
#14764=DIRECTION('center_axis',(0.,0.,1.));
#14765=DIRECTION('ref_axis',(0.,-1.,0.));
#14766=DIRECTION('center_axis',(0.,1.,0.));
#14767=DIRECTION('ref_axis',(0.,0.,1.));
#14768=DIRECTION('',(1.,0.,0.));
#14769=DIRECTION('center_axis',(0.,0.,-1.));
#14770=DIRECTION('ref_axis',(0.,1.,0.));
#14771=DIRECTION('',(1.,0.,0.));
#14772=DIRECTION('center_axis',(0.,-0.707106781186598,-0.707106781186498));
#14773=DIRECTION('ref_axis',(0.,0.707106781186498,-0.707106781186598));
#14774=DIRECTION('',(1.,0.,0.));
#14775=DIRECTION('center_axis',(0.,-1.,0.));
#14776=DIRECTION('ref_axis',(0.,0.,-1.));
#14777=DIRECTION('',(1.,0.,0.));
#14778=DIRECTION('center_axis',(0.,-0.707106781186548,0.707106781186548));
#14779=DIRECTION('ref_axis',(0.,-0.707106781186548,-0.707106781186548));
#14780=DIRECTION('center_axis',(0.,0.,1.));
#14781=DIRECTION('ref_axis',(0.,-1.,0.));
#14782=DIRECTION('',(1.,0.,0.));
#14783=DIRECTION('center_axis',(0.,-1.,0.));
#14784=DIRECTION('ref_axis',(0.,0.,-1.));
#14785=DIRECTION('',(1.,0.,0.));
#14786=DIRECTION('center_axis',(0.,0.,-1.));
#14787=DIRECTION('ref_axis',(0.,1.,0.));
#14788=DIRECTION('center_axis',(0.,0.6,0.8));
#14789=DIRECTION('ref_axis',(0.,-0.8,0.6));
#14790=DIRECTION('',(1.,0.,0.));
#14791=DIRECTION('center_axis',(1.,0.,0.));
#14792=DIRECTION('ref_axis',(0.,-1.,0.));
#14793=DIRECTION('',(1.,0.,0.));
#14794=DIRECTION('center_axis',(0.,-0.973212111192933,0.229909083394708));
#14795=DIRECTION('ref_axis',(0.,-0.229909083394708,-0.973212111192933));
#14796=DIRECTION('center_axis',(1.,0.,0.));
#14797=DIRECTION('ref_axis',(0.,-1.,0.));
#14798=DIRECTION('center_axis',(0.,0.,-1.));
#14799=DIRECTION('ref_axis',(0.,1.,0.));
#14800=DIRECTION('',(0.,-1.,0.));
#14801=DIRECTION('',(0.,-1.,0.));
#14802=DIRECTION('center_axis',(1.,0.,0.));
#14803=DIRECTION('ref_axis',(0.,-1.,0.));
#14804=DIRECTION('',(0.,0.,1.));
#14805=DIRECTION('',(0.,1.,0.));
#14806=DIRECTION('',(0.,0.,1.));
#14807=DIRECTION('',(0.,0.707106781186547,0.707106781186547));
#14808=DIRECTION('',(0.,1.,0.));
#14809=DIRECTION('center_axis',(1.,0.,0.));
#14810=DIRECTION('ref_axis',(0.,-1.,0.));
#14811=DIRECTION('',(0.,0.,1.));
#14812=DIRECTION('',(0.,-1.,0.));
#14813=DIRECTION('',(0.,-0.707106781186498,0.707106781186598));
#14814=DIRECTION('',(0.,0.,1.));
#14815=DIRECTION('',(0.,-0.707106781186548,-0.707106781186548));
#14816=DIRECTION('center_axis',(1.,0.,0.));
#14817=DIRECTION('ref_axis',(0.,-1.,0.));
#14818=DIRECTION('',(0.,-1.,0.));
#14819=DIRECTION('',(0.,1.,0.));
#14820=DIRECTION('',(0.,0.,1.));
#14821=DIRECTION('center_axis',(1.,0.,0.));
#14822=DIRECTION('ref_axis',(0.,-1.,0.));
#14823=DIRECTION('',(0.,-0.8,0.6));
#14824=DIRECTION('',(0.,-0.229909083394708,-0.973212111192933));
#14825=DIRECTION('center_axis',(-1.,0.,0.));
#14826=DIRECTION('ref_axis',(0.,-0.973212111192933,0.229909083394708));
#14827=DIRECTION('center_axis',(1.,0.,0.));
#14828=DIRECTION('ref_axis',(0.,-1.,0.));
#14829=DIRECTION('center_axis',(1.,0.,0.));
#14830=DIRECTION('ref_axis',(0.,0.,-1.));
#14831=DIRECTION('center_axis',(0.,1.,0.));
#14832=DIRECTION('ref_axis',(0.,0.,1.));
#14833=DIRECTION('',(0.,0.,-1.));
#14834=DIRECTION('',(1.,0.,0.));
#14835=DIRECTION('center_axis',(1.,0.,0.));
#14836=DIRECTION('ref_axis',(0.,-1.,0.));
#14837=DIRECTION('',(0.,1.,0.));
#14838=DIRECTION('',(0.,0.707106781186547,0.707106781186547));
#14839=DIRECTION('',(0.,0.,1.));
#14840=DIRECTION('',(0.,1.,0.));
#14841=DIRECTION('center_axis',(1.,0.,0.));
#14842=DIRECTION('ref_axis',(0.,-1.,0.));
#14843=DIRECTION('',(0.,0.,1.));
#14844=DIRECTION('',(0.,-0.707106781186548,-0.707106781186548));
#14845=DIRECTION('',(0.,0.,1.));
#14846=DIRECTION('',(0.,-0.707106781186498,0.707106781186598));
#14847=DIRECTION('',(0.,-1.,0.));
#14848=DIRECTION('center_axis',(1.,0.,0.));
#14849=DIRECTION('ref_axis',(0.,-1.,0.));
#14850=DIRECTION('',(0.,-1.,0.));
#14851=DIRECTION('',(0.,0.,1.));
#14852=DIRECTION('',(0.,1.,0.));
#14853=DIRECTION('center_axis',(1.,0.,0.));
#14854=DIRECTION('ref_axis',(0.,-1.,0.));
#14855=DIRECTION('',(0.,-0.8,0.6));
#14856=DIRECTION('center_axis',(-1.,0.,0.));
#14857=DIRECTION('ref_axis',(0.,-0.973212111192933,0.229909083394708));
#14858=DIRECTION('',(0.,-0.229909083394708,-0.973212111192933));
#14859=DIRECTION('center_axis',(1.,0.,0.));
#14860=DIRECTION('ref_axis',(0.,-1.,0.));
#14861=DIRECTION('center_axis',(1.,0.,0.));
#14862=DIRECTION('ref_axis',(0.,0.,-1.));
#14863=DIRECTION('center_axis',(0.,0.,-1.));
#14864=DIRECTION('ref_axis',(0.,1.,0.));
#14865=DIRECTION('',(1.,0.,0.));
#14866=DIRECTION('center_axis',(0.,-1.,0.));
#14867=DIRECTION('ref_axis',(0.,0.,-1.));
#14868=DIRECTION('',(1.,0.,0.));
#14869=DIRECTION('center_axis',(0.,-0.707106781186548,0.707106781186548));
#14870=DIRECTION('ref_axis',(0.,-0.707106781186548,-0.707106781186548));
#14871=DIRECTION('',(1.,0.,0.));
#14872=DIRECTION('center_axis',(0.,0.,1.));
#14873=DIRECTION('ref_axis',(0.,-1.,0.));
#14874=DIRECTION('center_axis',(0.,1.,0.));
#14875=DIRECTION('ref_axis',(0.,0.,1.));
#14876=DIRECTION('',(1.,0.,0.));
#14877=DIRECTION('center_axis',(0.,0.,-1.));
#14878=DIRECTION('ref_axis',(0.,1.,0.));
#14879=DIRECTION('',(1.,0.,0.));
#14880=DIRECTION('center_axis',(0.,-0.707106781186598,-0.707106781186498));
#14881=DIRECTION('ref_axis',(0.,0.707106781186498,-0.707106781186598));
#14882=DIRECTION('',(1.,0.,0.));
#14883=DIRECTION('center_axis',(0.,-1.,0.));
#14884=DIRECTION('ref_axis',(0.,0.,-1.));
#14885=DIRECTION('',(1.,0.,0.));
#14886=DIRECTION('center_axis',(0.,-0.707106781186548,0.707106781186548));
#14887=DIRECTION('ref_axis',(0.,-0.707106781186548,-0.707106781186548));
#14888=DIRECTION('center_axis',(0.,0.,1.));
#14889=DIRECTION('ref_axis',(0.,-1.,0.));
#14890=DIRECTION('',(1.,0.,0.));
#14891=DIRECTION('center_axis',(0.,-1.,0.));
#14892=DIRECTION('ref_axis',(0.,0.,-1.));
#14893=DIRECTION('',(1.,0.,0.));
#14894=DIRECTION('center_axis',(0.,0.,-1.));
#14895=DIRECTION('ref_axis',(0.,1.,0.));
#14896=DIRECTION('center_axis',(0.,0.6,0.8));
#14897=DIRECTION('ref_axis',(0.,-0.8,0.6));
#14898=DIRECTION('',(1.,0.,0.));
#14899=DIRECTION('center_axis',(1.,0.,0.));
#14900=DIRECTION('ref_axis',(0.,-1.,0.));
#14901=DIRECTION('',(1.,0.,0.));
#14902=DIRECTION('center_axis',(0.,-0.973212111192933,0.229909083394708));
#14903=DIRECTION('ref_axis',(0.,-0.229909083394708,-0.973212111192933));
#14904=DIRECTION('center_axis',(1.,0.,0.));
#14905=DIRECTION('ref_axis',(0.,-1.,0.));
#14906=DIRECTION('center_axis',(0.,0.,-1.));
#14907=DIRECTION('ref_axis',(0.,1.,0.));
#14908=DIRECTION('',(0.,-1.,0.));
#14909=DIRECTION('',(0.,-1.,0.));
#14910=DIRECTION('center_axis',(1.,0.,0.));
#14911=DIRECTION('ref_axis',(0.,-1.,0.));
#14912=DIRECTION('',(0.,0.,1.));
#14913=DIRECTION('',(0.,1.,0.));
#14914=DIRECTION('',(0.,0.,1.));
#14915=DIRECTION('',(0.,0.707106781186547,0.707106781186547));
#14916=DIRECTION('',(0.,1.,0.));
#14917=DIRECTION('center_axis',(1.,0.,0.));
#14918=DIRECTION('ref_axis',(0.,-1.,0.));
#14919=DIRECTION('',(0.,0.,1.));
#14920=DIRECTION('',(0.,-1.,0.));
#14921=DIRECTION('',(0.,-0.707106781186498,0.707106781186598));
#14922=DIRECTION('',(0.,0.,1.));
#14923=DIRECTION('',(0.,-0.707106781186548,-0.707106781186548));
#14924=DIRECTION('center_axis',(1.,0.,0.));
#14925=DIRECTION('ref_axis',(0.,-1.,0.));
#14926=DIRECTION('',(0.,-1.,0.));
#14927=DIRECTION('',(0.,1.,0.));
#14928=DIRECTION('',(0.,0.,1.));
#14929=DIRECTION('center_axis',(1.,0.,0.));
#14930=DIRECTION('ref_axis',(0.,-1.,0.));
#14931=DIRECTION('',(0.,-0.8,0.6));
#14932=DIRECTION('',(0.,-0.229909083394708,-0.973212111192933));
#14933=DIRECTION('center_axis',(-1.,0.,0.));
#14934=DIRECTION('ref_axis',(0.,-0.973212111192933,0.229909083394708));
#14935=DIRECTION('center_axis',(1.,0.,0.));
#14936=DIRECTION('ref_axis',(0.,-1.,0.));
#14937=DIRECTION('center_axis',(1.,0.,0.));
#14938=DIRECTION('ref_axis',(0.,0.,-1.));
#14939=DIRECTION('center_axis',(0.,1.,0.));
#14940=DIRECTION('ref_axis',(0.,0.,1.));
#14941=DIRECTION('',(0.,0.,-1.));
#14942=DIRECTION('',(1.,0.,0.));
#14943=DIRECTION('center_axis',(1.,0.,0.));
#14944=DIRECTION('ref_axis',(0.,-1.,0.));
#14945=DIRECTION('',(0.,1.,0.));
#14946=DIRECTION('',(0.,0.707106781186547,0.707106781186547));
#14947=DIRECTION('',(0.,0.,1.));
#14948=DIRECTION('',(0.,1.,0.));
#14949=DIRECTION('center_axis',(1.,0.,0.));
#14950=DIRECTION('ref_axis',(0.,-1.,0.));
#14951=DIRECTION('',(0.,0.,1.));
#14952=DIRECTION('',(0.,-0.707106781186548,-0.707106781186548));
#14953=DIRECTION('',(0.,0.,1.));
#14954=DIRECTION('',(0.,-0.707106781186498,0.707106781186598));
#14955=DIRECTION('',(0.,-1.,0.));
#14956=DIRECTION('center_axis',(1.,0.,0.));
#14957=DIRECTION('ref_axis',(0.,-1.,0.));
#14958=DIRECTION('',(0.,-1.,0.));
#14959=DIRECTION('',(0.,0.,1.));
#14960=DIRECTION('',(0.,1.,0.));
#14961=DIRECTION('center_axis',(1.,0.,0.));
#14962=DIRECTION('ref_axis',(0.,-1.,0.));
#14963=DIRECTION('',(0.,-0.8,0.6));
#14964=DIRECTION('center_axis',(-1.,0.,0.));
#14965=DIRECTION('ref_axis',(0.,-0.973212111192933,0.229909083394708));
#14966=DIRECTION('',(0.,-0.229909083394708,-0.973212111192933));
#14967=DIRECTION('center_axis',(1.,0.,0.));
#14968=DIRECTION('ref_axis',(0.,-1.,0.));
#14969=DIRECTION('center_axis',(1.,0.,0.));
#14970=DIRECTION('ref_axis',(0.,0.,-1.));
#14971=DIRECTION('center_axis',(0.,0.,-1.));
#14972=DIRECTION('ref_axis',(0.,1.,0.));
#14973=DIRECTION('',(1.,0.,0.));
#14974=DIRECTION('center_axis',(0.,-1.,0.));
#14975=DIRECTION('ref_axis',(0.,0.,-1.));
#14976=DIRECTION('',(1.,0.,0.));
#14977=DIRECTION('center_axis',(0.,-0.707106781186548,0.707106781186548));
#14978=DIRECTION('ref_axis',(0.,-0.707106781186548,-0.707106781186548));
#14979=DIRECTION('',(1.,0.,0.));
#14980=DIRECTION('center_axis',(0.,0.,1.));
#14981=DIRECTION('ref_axis',(0.,-1.,0.));
#14982=DIRECTION('center_axis',(0.,1.,0.));
#14983=DIRECTION('ref_axis',(0.,0.,1.));
#14984=DIRECTION('',(1.,0.,0.));
#14985=DIRECTION('center_axis',(0.,0.,-1.));
#14986=DIRECTION('ref_axis',(0.,1.,0.));
#14987=DIRECTION('',(1.,0.,0.));
#14988=DIRECTION('center_axis',(0.,-0.707106781186598,-0.707106781186498));
#14989=DIRECTION('ref_axis',(0.,0.707106781186498,-0.707106781186598));
#14990=DIRECTION('',(1.,0.,0.));
#14991=DIRECTION('center_axis',(0.,-1.,0.));
#14992=DIRECTION('ref_axis',(0.,0.,-1.));
#14993=DIRECTION('',(1.,0.,0.));
#14994=DIRECTION('center_axis',(0.,-0.707106781186548,0.707106781186548));
#14995=DIRECTION('ref_axis',(0.,-0.707106781186548,-0.707106781186548));
#14996=DIRECTION('center_axis',(0.,0.,1.));
#14997=DIRECTION('ref_axis',(0.,-1.,0.));
#14998=DIRECTION('',(1.,0.,0.));
#14999=DIRECTION('center_axis',(0.,-1.,0.));
#15000=DIRECTION('ref_axis',(0.,0.,-1.));
#15001=DIRECTION('',(1.,0.,0.));
#15002=DIRECTION('center_axis',(0.,0.,-1.));
#15003=DIRECTION('ref_axis',(0.,1.,0.));
#15004=DIRECTION('center_axis',(0.,0.6,0.8));
#15005=DIRECTION('ref_axis',(0.,-0.8,0.6));
#15006=DIRECTION('',(1.,0.,0.));
#15007=DIRECTION('center_axis',(1.,0.,0.));
#15008=DIRECTION('ref_axis',(0.,-1.,0.));
#15009=DIRECTION('',(1.,0.,0.));
#15010=DIRECTION('center_axis',(0.,-0.973212111192933,0.229909083394708));
#15011=DIRECTION('ref_axis',(0.,-0.229909083394708,-0.973212111192933));
#15012=DIRECTION('center_axis',(1.,0.,0.));
#15013=DIRECTION('ref_axis',(0.,-1.,0.));
#15014=DIRECTION('center_axis',(0.,0.,-1.));
#15015=DIRECTION('ref_axis',(0.,1.,0.));
#15016=DIRECTION('',(0.,-1.,0.));
#15017=DIRECTION('',(0.,-1.,0.));
#15018=DIRECTION('center_axis',(1.,0.,0.));
#15019=DIRECTION('ref_axis',(0.,-1.,0.));
#15020=DIRECTION('',(0.,0.,1.));
#15021=DIRECTION('',(0.,1.,0.));
#15022=DIRECTION('',(0.,0.,1.));
#15023=DIRECTION('',(0.,0.707106781186547,0.707106781186547));
#15024=DIRECTION('',(0.,1.,0.));
#15025=DIRECTION('center_axis',(1.,0.,0.));
#15026=DIRECTION('ref_axis',(0.,-1.,0.));
#15027=DIRECTION('',(0.,0.,1.));
#15028=DIRECTION('',(0.,-1.,0.));
#15029=DIRECTION('',(0.,-0.707106781186498,0.707106781186598));
#15030=DIRECTION('',(0.,0.,1.));
#15031=DIRECTION('',(0.,-0.707106781186548,-0.707106781186548));
#15032=DIRECTION('center_axis',(1.,0.,0.));
#15033=DIRECTION('ref_axis',(0.,-1.,0.));
#15034=DIRECTION('',(0.,-1.,0.));
#15035=DIRECTION('',(0.,1.,0.));
#15036=DIRECTION('',(0.,0.,1.));
#15037=DIRECTION('center_axis',(1.,0.,0.));
#15038=DIRECTION('ref_axis',(0.,-1.,0.));
#15039=DIRECTION('',(0.,-0.8,0.6));
#15040=DIRECTION('',(0.,-0.229909083394708,-0.973212111192933));
#15041=DIRECTION('center_axis',(-1.,0.,0.));
#15042=DIRECTION('ref_axis',(0.,-0.973212111192933,0.229909083394708));
#15043=DIRECTION('center_axis',(1.,0.,0.));
#15044=DIRECTION('ref_axis',(0.,-1.,0.));
#15045=DIRECTION('center_axis',(1.,0.,0.));
#15046=DIRECTION('ref_axis',(0.,0.,-1.));
#15047=DIRECTION('center_axis',(0.,1.,0.));
#15048=DIRECTION('ref_axis',(0.,0.,1.));
#15049=DIRECTION('',(0.,0.,-1.));
#15050=DIRECTION('',(1.,0.,0.));
#15051=DIRECTION('center_axis',(1.,0.,0.));
#15052=DIRECTION('ref_axis',(0.,-1.,0.));
#15053=DIRECTION('',(0.,1.,0.));
#15054=DIRECTION('',(0.,0.707106781186547,0.707106781186547));
#15055=DIRECTION('',(0.,0.,1.));
#15056=DIRECTION('',(0.,1.,0.));
#15057=DIRECTION('center_axis',(1.,0.,0.));
#15058=DIRECTION('ref_axis',(0.,-1.,0.));
#15059=DIRECTION('',(0.,0.,1.));
#15060=DIRECTION('',(0.,-0.707106781186548,-0.707106781186548));
#15061=DIRECTION('',(0.,0.,1.));
#15062=DIRECTION('',(0.,-0.707106781186498,0.707106781186598));
#15063=DIRECTION('',(0.,-1.,0.));
#15064=DIRECTION('center_axis',(1.,0.,0.));
#15065=DIRECTION('ref_axis',(0.,-1.,0.));
#15066=DIRECTION('',(0.,-1.,0.));
#15067=DIRECTION('',(0.,0.,1.));
#15068=DIRECTION('',(0.,1.,0.));
#15069=DIRECTION('center_axis',(1.,0.,0.));
#15070=DIRECTION('ref_axis',(0.,-1.,0.));
#15071=DIRECTION('',(0.,-0.8,0.6));
#15072=DIRECTION('center_axis',(-1.,0.,0.));
#15073=DIRECTION('ref_axis',(0.,-0.973212111192933,0.229909083394708));
#15074=DIRECTION('',(0.,-0.229909083394708,-0.973212111192933));
#15075=DIRECTION('center_axis',(1.,0.,0.));
#15076=DIRECTION('ref_axis',(0.,-1.,0.));
#15077=DIRECTION('center_axis',(1.,0.,0.));
#15078=DIRECTION('ref_axis',(0.,0.,-1.));
#15079=DIRECTION('center_axis',(0.,0.,-1.));
#15080=DIRECTION('ref_axis',(0.,1.,0.));
#15081=DIRECTION('',(1.,0.,0.));
#15082=DIRECTION('center_axis',(0.,-1.,0.));
#15083=DIRECTION('ref_axis',(0.,0.,-1.));
#15084=DIRECTION('',(1.,0.,0.));
#15085=DIRECTION('center_axis',(0.,-0.707106781186548,0.707106781186548));
#15086=DIRECTION('ref_axis',(0.,-0.707106781186548,-0.707106781186548));
#15087=DIRECTION('',(1.,0.,0.));
#15088=DIRECTION('center_axis',(0.,0.,1.));
#15089=DIRECTION('ref_axis',(0.,-1.,0.));
#15090=DIRECTION('center_axis',(0.,1.,0.));
#15091=DIRECTION('ref_axis',(0.,0.,1.));
#15092=DIRECTION('',(1.,0.,0.));
#15093=DIRECTION('center_axis',(0.,0.,-1.));
#15094=DIRECTION('ref_axis',(0.,1.,0.));
#15095=DIRECTION('',(1.,0.,0.));
#15096=DIRECTION('center_axis',(0.,-0.707106781186598,-0.707106781186498));
#15097=DIRECTION('ref_axis',(0.,0.707106781186498,-0.707106781186598));
#15098=DIRECTION('',(1.,0.,0.));
#15099=DIRECTION('center_axis',(0.,-1.,0.));
#15100=DIRECTION('ref_axis',(0.,0.,-1.));
#15101=DIRECTION('',(1.,0.,0.));
#15102=DIRECTION('center_axis',(0.,-0.707106781186548,0.707106781186548));
#15103=DIRECTION('ref_axis',(0.,-0.707106781186548,-0.707106781186548));
#15104=DIRECTION('center_axis',(0.,0.,1.));
#15105=DIRECTION('ref_axis',(0.,-1.,0.));
#15106=DIRECTION('',(1.,0.,0.));
#15107=DIRECTION('center_axis',(0.,-1.,0.));
#15108=DIRECTION('ref_axis',(0.,0.,-1.));
#15109=DIRECTION('',(1.,0.,0.));
#15110=DIRECTION('center_axis',(0.,0.,-1.));
#15111=DIRECTION('ref_axis',(0.,1.,0.));
#15112=DIRECTION('center_axis',(0.,0.6,0.8));
#15113=DIRECTION('ref_axis',(0.,-0.8,0.6));
#15114=DIRECTION('',(1.,0.,0.));
#15115=DIRECTION('center_axis',(1.,0.,0.));
#15116=DIRECTION('ref_axis',(0.,-1.,0.));
#15117=DIRECTION('',(1.,0.,0.));
#15118=DIRECTION('center_axis',(0.,-0.973212111192933,0.229909083394708));
#15119=DIRECTION('ref_axis',(0.,-0.229909083394708,-0.973212111192933));
#15120=DIRECTION('center_axis',(1.,0.,0.));
#15121=DIRECTION('ref_axis',(0.,-1.,0.));
#15122=DIRECTION('center_axis',(0.,0.,-1.));
#15123=DIRECTION('ref_axis',(0.,1.,0.));
#15124=DIRECTION('center_axis',(1.,0.,0.));
#15125=DIRECTION('ref_axis',(0.,0.,1.));
#15126=DIRECTION('center_axis',(-1.,0.,0.));
#15127=DIRECTION('ref_axis',(0.,0.,-1.));
#15128=DIRECTION('center_axis',(1.,0.,0.));
#15129=DIRECTION('ref_axis',(0.,-1.,0.));
#15130=DIRECTION('center_axis',(0.,0.6,0.8));
#15131=DIRECTION('ref_axis',(0.,-0.8,0.6));
#15132=DIRECTION('',(1.,0.,0.));
#15133=DIRECTION('center_axis',(1.,0.,0.));
#15134=DIRECTION('ref_axis',(0.,-1.,0.));
#15135=DIRECTION('',(1.,0.,0.));
#15136=DIRECTION('center_axis',(0.,-0.973212111192933,0.229909083394708));
#15137=DIRECTION('ref_axis',(0.,-0.229909083394708,-0.973212111192933));
#15138=DIRECTION('center_axis',(0.,0.6,0.8));
#15139=DIRECTION('ref_axis',(0.,-0.8,0.6));
#15140=DIRECTION('',(1.,0.,0.));
#15141=DIRECTION('center_axis',(1.,0.,0.));
#15142=DIRECTION('ref_axis',(0.,-1.,0.));
#15143=DIRECTION('',(1.,0.,0.));
#15144=DIRECTION('center_axis',(0.,-0.973212111192933,0.229909083394708));
#15145=DIRECTION('ref_axis',(0.,-0.229909083394708,-0.973212111192933));
#15146=DIRECTION('center_axis',(0.,0.,1.));
#15147=DIRECTION('ref_axis',(0.,-1.,0.));
#15148=DIRECTION('',(1.,0.,0.));
#15149=DIRECTION('center_axis',(0.,-1.,0.));
#15150=DIRECTION('ref_axis',(0.,0.,-1.));
#15151=DIRECTION('',(1.,0.,0.));
#15152=DIRECTION('center_axis',(0.,0.,-1.));
#15153=DIRECTION('ref_axis',(0.,1.,0.));
#15154=DIRECTION('center_axis',(0.,-0.707106781186548,0.707106781186548));
#15155=DIRECTION('ref_axis',(0.,-0.707106781186548,-0.707106781186548));
#15156=DIRECTION('',(1.,0.,0.));
#15157=DIRECTION('center_axis',(0.,-1.,0.));
#15158=DIRECTION('ref_axis',(0.,0.,-1.));
#15159=DIRECTION('',(1.,0.,0.));
#15160=DIRECTION('center_axis',(0.,-0.707106781186598,-0.707106781186498));
#15161=DIRECTION('ref_axis',(0.,0.707106781186498,-0.707106781186598));
#15162=DIRECTION('',(1.,0.,0.));
#15163=DIRECTION('center_axis',(0.,0.,-1.));
#15164=DIRECTION('ref_axis',(0.,1.,0.));
#15165=DIRECTION('',(1.,0.,0.));
#15166=DIRECTION('center_axis',(0.,1.,0.));
#15167=DIRECTION('ref_axis',(0.,0.,1.));
#15168=DIRECTION('center_axis',(0.,0.,-1.));
#15169=DIRECTION('ref_axis',(0.,1.,0.));
#15170=DIRECTION('',(1.,0.,0.));
#15171=DIRECTION('center_axis',(0.,-1.,0.));
#15172=DIRECTION('ref_axis',(0.,0.,-1.));
#15173=DIRECTION('',(1.,0.,0.));
#15174=DIRECTION('center_axis',(0.,-0.707106781186548,0.707106781186548));
#15175=DIRECTION('ref_axis',(0.,-0.707106781186548,-0.707106781186548));
#15176=DIRECTION('',(1.,0.,0.));
#15177=DIRECTION('center_axis',(0.,0.,1.));
#15178=DIRECTION('ref_axis',(0.,-1.,0.));
#15179=DIRECTION('center_axis',(-1.,0.,0.));
#15180=DIRECTION('ref_axis',(0.,0.,1.));
#15181=DIRECTION('center_axis',(0.866025403784429,0.,0.500000000000017));
#15182=DIRECTION('ref_axis',(0.500000000000017,0.,-0.866025403784429));
#15183=DIRECTION('',(0.500000000000017,0.,-0.866025403784429));
#15184=DIRECTION('center_axis',(0.,1.,0.));
#15185=DIRECTION('ref_axis',(-1.,0.,0.));
#15186=CARTESIAN_POINT('',(0.,0.,0.));
#15187=CARTESIAN_POINT('Origin',(-9.925,0.,0.));
#15188=CARTESIAN_POINT('',(-9.925,4.3,1.8));
#15189=CARTESIAN_POINT('',(-9.925,4.3,-1.8));
#15190=CARTESIAN_POINT('',(-9.925,4.3,1.8));
#15191=CARTESIAN_POINT('',(-9.925,0.15,-1.8));
#15192=CARTESIAN_POINT('',(-9.925,0.15,-1.8));
#15193=CARTESIAN_POINT('',(-9.925,0.15,-0.8));
#15194=CARTESIAN_POINT('',(-9.925,0.15,-0.8));
#15195=CARTESIAN_POINT('',(-9.925,3.35,-0.8));
#15196=CARTESIAN_POINT('',(-9.925,0.15,-0.8));
#15197=CARTESIAN_POINT('',(-9.925,3.35,1.1));
#15198=CARTESIAN_POINT('',(-9.925,3.35,1.1));
#15199=CARTESIAN_POINT('',(-9.925,0.15,1.1));
#15200=CARTESIAN_POINT('',(-9.925,0.15,1.1));
#15201=CARTESIAN_POINT('',(-9.925,0.15,1.8));
#15202=CARTESIAN_POINT('',(-9.925,0.15,1.8));
#15203=CARTESIAN_POINT('',(-9.925,4.3,1.8));
#15204=CARTESIAN_POINT('Origin',(-9.925,4.3,1.8));
#15205=CARTESIAN_POINT('',(-9.375,4.3,-0.34));
#15206=CARTESIAN_POINT('',(-9.4,4.3,-0.34));
#15207=CARTESIAN_POINT('',(-9.375,4.3,-0.34));
#15208=CARTESIAN_POINT('',(-9.375,4.3,-1.8));
#15209=CARTESIAN_POINT('',(-9.375,4.3,-0.34));
#15210=CARTESIAN_POINT('',(-9.925,4.3,-1.8));
#15211=CARTESIAN_POINT('',(-9.375,4.3,1.8));
#15212=CARTESIAN_POINT('',(-9.925,4.3,1.8));
#15213=CARTESIAN_POINT('',(-9.375,4.3,1.06));
#15214=CARTESIAN_POINT('',(-9.375,4.3,1.8));
#15215=CARTESIAN_POINT('',(-9.4,4.3,1.06));
#15216=CARTESIAN_POINT('',(-9.375,4.3,1.06));
#15217=CARTESIAN_POINT('',(-9.4,4.3,1.06));
#15218=CARTESIAN_POINT('Origin',(8.675,4.8,-0.34));
#15219=CARTESIAN_POINT('',(8.675,0.95,-0.34));
#15220=CARTESIAN_POINT('',(8.675,4.8,-0.34));
#15221=CARTESIAN_POINT('',(8.675,0.95,-0.34));
#15222=CARTESIAN_POINT('',(9.2,4.8,-0.34));
#15223=CARTESIAN_POINT('',(8.675,4.8,-0.34));
#15224=CARTESIAN_POINT('',(9.4,4.6,-0.34));
#15225=CARTESIAN_POINT('',(9.4,4.6,-0.34));
#15226=CARTESIAN_POINT('',(9.4,4.4,-0.34));
#15227=CARTESIAN_POINT('',(9.4,4.4,-0.34));
#15228=CARTESIAN_POINT('',(9.4,4.3,-0.34));
#15229=CARTESIAN_POINT('',(9.4,4.3,-0.34));
#15230=CARTESIAN_POINT('',(9.375,4.3,-0.34));
#15231=CARTESIAN_POINT('',(9.375,4.3,-0.34));
#15232=CARTESIAN_POINT('',(9.375,3.35,-0.34));
#15233=CARTESIAN_POINT('',(9.375,3.35,-0.34));
#15234=CARTESIAN_POINT('',(9.4,3.35,-0.34));
#15235=CARTESIAN_POINT('',(9.375,3.35,-0.34));
#15236=CARTESIAN_POINT('',(9.4,3.335,-0.34));
#15237=CARTESIAN_POINT('',(9.4,3.35,-0.34));
#15238=CARTESIAN_POINT('',(9.55,3.075192378865,-0.34));
#15239=CARTESIAN_POINT('',(9.55,3.075192378865,-0.34));
#15240=CARTESIAN_POINT('',(9.55,2.82,-0.34));
#15241=CARTESIAN_POINT('',(9.55,2.82,-0.34));
#15242=CARTESIAN_POINT('',(9.4,2.67,-0.34));
#15243=CARTESIAN_POINT('',(9.4,2.67,-0.34));
#15244=CARTESIAN_POINT('',(9.4,1.85,-0.34));
#15245=CARTESIAN_POINT('',(9.4,2.67,-0.34));
#15246=CARTESIAN_POINT('',(9.8,1.85,-0.34));
#15247=CARTESIAN_POINT('',(9.8,1.85,-0.34));
#15248=CARTESIAN_POINT('',(9.6875,0.95,-0.34));
#15249=CARTESIAN_POINT('',(9.6875,0.95,-0.34));
#15250=CARTESIAN_POINT('',(9.6875,0.95,-0.34));
#15251=CARTESIAN_POINT('Origin',(8.675,4.8,-0.34));
#15252=CARTESIAN_POINT('',(-8.675,0.95,-0.34));
#15253=CARTESIAN_POINT('',(-8.675,4.8,-0.34));
#15254=CARTESIAN_POINT('',(-8.675,0.95,-0.34));
#15255=CARTESIAN_POINT('',(-9.6875,0.95,-0.34));
#15256=CARTESIAN_POINT('',(-8.675,0.95,-0.34));
#15257=CARTESIAN_POINT('',(-9.8,1.85,-0.34));
#15258=CARTESIAN_POINT('',(-9.8,1.85,-0.34));
#15259=CARTESIAN_POINT('',(-9.4,1.85,-0.34));
#15260=CARTESIAN_POINT('',(-9.4,1.85,-0.34));
#15261=CARTESIAN_POINT('',(-9.4,2.67,-0.34));
#15262=CARTESIAN_POINT('',(-9.4,2.67,-0.34));
#15263=CARTESIAN_POINT('',(-9.55,2.82,-0.34));
#15264=CARTESIAN_POINT('',(-9.55,2.82,-0.34));
#15265=CARTESIAN_POINT('',(-9.55,3.075192378865,-0.34));
#15266=CARTESIAN_POINT('',(-9.55,3.075192378865,-0.34));
#15267=CARTESIAN_POINT('',(-9.4,3.335,-0.34));
#15268=CARTESIAN_POINT('',(-9.4,3.335,-0.34));
#15269=CARTESIAN_POINT('',(-9.4,3.35,-0.34));
#15270=CARTESIAN_POINT('',(-9.4,3.35,-0.34));
#15271=CARTESIAN_POINT('',(-9.375,3.35,-0.34));
#15272=CARTESIAN_POINT('',(-9.4,3.35,-0.34));
#15273=CARTESIAN_POINT('',(-9.375,4.3,-0.34));
#15274=CARTESIAN_POINT('',(-9.4,4.4,-0.34));
#15275=CARTESIAN_POINT('',(-9.4,4.3,-0.34));
#15276=CARTESIAN_POINT('',(-9.4,4.6,-0.34));
#15277=CARTESIAN_POINT('',(-9.4,4.6,-0.34));
#15278=CARTESIAN_POINT('',(-9.2,4.8,-0.34));
#15279=CARTESIAN_POINT('',(-9.2,4.8,-0.34));
#15280=CARTESIAN_POINT('',(-9.2,4.8,-0.34));
#15281=CARTESIAN_POINT('Origin',(8.675,4.8,1.06));
#15282=CARTESIAN_POINT('',(8.675,0.95,1.06));
#15283=CARTESIAN_POINT('',(8.675,0.95,1.06));
#15284=CARTESIAN_POINT('',(8.675,4.8,1.06));
#15285=CARTESIAN_POINT('',(8.675,0.95,1.06));
#15286=CARTESIAN_POINT('',(8.675,4.8,0.64));
#15287=CARTESIAN_POINT('',(8.675,4.8,1.06));
#15288=CARTESIAN_POINT('',(8.675,3.4,0.64));
#15289=CARTESIAN_POINT('',(8.675,4.8,0.64));
#15290=CARTESIAN_POINT('',(8.675,3.4,-0.25));
#15291=CARTESIAN_POINT('',(8.675,3.4,0.64));
#15292=CARTESIAN_POINT('',(8.675,4.8,-0.25));
#15293=CARTESIAN_POINT('',(8.675,4.8,-0.25));
#15294=CARTESIAN_POINT('',(8.675,4.8,-0.25));
#15295=CARTESIAN_POINT('Origin',(8.775,0.8,0.36));
#15296=CARTESIAN_POINT('',(8.875,0.65,-0.14));
#15297=CARTESIAN_POINT('',(8.675,0.95,-0.34));
#15298=CARTESIAN_POINT('',(8.875,0.65,0.86));
#15299=CARTESIAN_POINT('',(8.875,0.65,0.86));
#15300=CARTESIAN_POINT('',(8.675,0.95,1.06));
#15301=CARTESIAN_POINT('Origin',(9.0375,0.8,0.96));
#15302=CARTESIAN_POINT('',(9.4,0.95,1.06));
#15303=CARTESIAN_POINT('',(9.4,0.95,1.06));
#15304=CARTESIAN_POINT('',(9.2,0.65,0.86));
#15305=CARTESIAN_POINT('',(9.2,0.65,0.86));
#15306=CARTESIAN_POINT('',(9.4,0.95,1.06));
#15307=CARTESIAN_POINT('Origin',(9.4,4.8,1.06));
#15308=CARTESIAN_POINT('',(9.4,3.35,1.06));
#15309=CARTESIAN_POINT('',(9.4,3.35,1.06));
#15310=CARTESIAN_POINT('',(9.375,3.35,1.06));
#15311=CARTESIAN_POINT('',(9.4,3.35,1.06));
#15312=CARTESIAN_POINT('',(9.375,4.3,1.06));
#15313=CARTESIAN_POINT('',(9.375,3.35,1.06));
#15314=CARTESIAN_POINT('',(9.4,4.3,1.06));
#15315=CARTESIAN_POINT('',(9.375,4.3,1.06));
#15316=CARTESIAN_POINT('',(9.4,4.4,1.06));
#15317=CARTESIAN_POINT('',(9.4,4.3,1.06));
#15318=CARTESIAN_POINT('',(9.4,4.6,1.06));
#15319=CARTESIAN_POINT('',(9.4,4.4,1.06));
#15320=CARTESIAN_POINT('',(9.2,4.8,1.06));
#15321=CARTESIAN_POINT('',(9.4,4.6,1.06));
#15322=CARTESIAN_POINT('',(9.2,4.8,1.06));
#15323=CARTESIAN_POINT('Origin',(0.,4.8,0.));
#15324=CARTESIAN_POINT('',(9.2,4.8,-1.8));
#15325=CARTESIAN_POINT('',(9.2,4.8,-1.8));
#15326=CARTESIAN_POINT('',(8.1,4.8,-0.25));
#15327=CARTESIAN_POINT('',(8.1,4.8,-0.25));
#15328=CARTESIAN_POINT('',(8.1,4.8,-1.8));
#15329=CARTESIAN_POINT('',(8.1,4.8,-0.25));
#15330=CARTESIAN_POINT('',(8.1,4.8,-1.8));
#15331=CARTESIAN_POINT('Origin',(0.,4.8,0.));
#15332=CARTESIAN_POINT('',(9.2,4.8,1.8));
#15333=CARTESIAN_POINT('',(9.2,4.8,1.06));
#15334=CARTESIAN_POINT('',(8.975,4.8,1.8));
#15335=CARTESIAN_POINT('',(8.975,4.8,1.8));
#15336=CARTESIAN_POINT('',(8.975,4.8,1.1));
#15337=CARTESIAN_POINT('',(8.975,4.8,1.1));
#15338=CARTESIAN_POINT('',(8.575,4.8,1.1));
#15339=CARTESIAN_POINT('',(8.975,4.8,1.1));
#15340=CARTESIAN_POINT('',(8.575,4.8,0.93));
#15341=CARTESIAN_POINT('',(8.575,4.8,1.1));
#15342=CARTESIAN_POINT('',(-8.575,4.8,0.93));
#15343=CARTESIAN_POINT('',(-8.575,4.8,0.93));
#15344=CARTESIAN_POINT('',(-8.575,4.8,1.1));
#15345=CARTESIAN_POINT('',(-8.575,4.8,0.93));
#15346=CARTESIAN_POINT('',(-8.975,4.8,1.1));
#15347=CARTESIAN_POINT('',(-8.975,4.8,1.1));
#15348=CARTESIAN_POINT('',(-8.975,4.8,1.8));
#15349=CARTESIAN_POINT('',(-8.975,4.8,1.1));
#15350=CARTESIAN_POINT('',(-9.2,4.8,1.8));
#15351=CARTESIAN_POINT('',(-9.2,4.8,1.8));
#15352=CARTESIAN_POINT('',(-9.2,4.8,1.06));
#15353=CARTESIAN_POINT('',(-9.2,4.8,1.06));
#15354=CARTESIAN_POINT('',(-8.675,4.8,1.06));
#15355=CARTESIAN_POINT('',(-8.675,4.8,1.06));
#15356=CARTESIAN_POINT('',(-8.675,4.8,0.64));
#15357=CARTESIAN_POINT('',(-8.675,4.8,0.64));
#15358=CARTESIAN_POINT('',(8.675,4.8,0.64));
#15359=CARTESIAN_POINT('Origin',(0.,4.8,0.));
#15360=CARTESIAN_POINT('',(-9.2,4.8,-1.8));
#15361=CARTESIAN_POINT('',(-9.2,4.8,-1.8));
#15362=CARTESIAN_POINT('',(-8.1,4.8,-1.8));
#15363=CARTESIAN_POINT('',(-9.2,4.8,-1.8));
#15364=CARTESIAN_POINT('',(-8.1,4.8,-0.25));
#15365=CARTESIAN_POINT('',(-8.1,4.8,-1.8));
#15366=CARTESIAN_POINT('',(-8.675,4.8,-0.25));
#15367=CARTESIAN_POINT('',(-8.675,4.8,-0.25));
#15368=CARTESIAN_POINT('',(-8.675,4.8,-0.34));
#15369=CARTESIAN_POINT('Origin',(9.4,4.6,-1.8));
#15370=CARTESIAN_POINT('',(9.4,4.6,-1.8));
#15371=CARTESIAN_POINT('',(9.4,4.6,-1.8));
#15372=CARTESIAN_POINT('',(9.4,4.6,-1.8));
#15373=CARTESIAN_POINT('Origin',(9.4,4.6,-1.8));
#15374=CARTESIAN_POINT('',(9.4,4.6,1.8));
#15375=CARTESIAN_POINT('',(9.4,4.6,1.06));
#15376=CARTESIAN_POINT('',(9.4,4.6,1.8));
#15377=CARTESIAN_POINT('Origin',(9.4,4.4,-1.8));
#15378=CARTESIAN_POINT('',(9.4,4.4,1.8));
#15379=CARTESIAN_POINT('',(9.4,4.4,1.06));
#15380=CARTESIAN_POINT('',(9.4,4.4,1.8));
#15381=CARTESIAN_POINT('Origin',(9.4,4.4,-1.8));
#15382=CARTESIAN_POINT('',(9.4,4.4,-1.8));
#15383=CARTESIAN_POINT('',(9.4,4.4,-1.8));
#15384=CARTESIAN_POINT('',(9.4,4.4,-1.8));
#15385=CARTESIAN_POINT('Origin',(-10.8,5.7,1.8));
#15386=CARTESIAN_POINT('',(10.5,4.4,1.8));
#15387=CARTESIAN_POINT('',(10.5,5.7,1.8));
#15388=CARTESIAN_POINT('',(10.5,4.4,1.8));
#15389=CARTESIAN_POINT('',(-10.5,5.7,1.8));
#15390=CARTESIAN_POINT('',(10.5,5.7,1.8));
#15391=CARTESIAN_POINT('',(-10.5,4.4,1.8));
#15392=CARTESIAN_POINT('',(-10.5,5.7,1.8));
#15393=CARTESIAN_POINT('',(-9.4,4.4,1.8));
#15394=CARTESIAN_POINT('',(-9.4,4.4,1.8));
#15395=CARTESIAN_POINT('',(-9.4,4.6,1.8));
#15396=CARTESIAN_POINT('',(-9.4,4.6,1.8));
#15397=CARTESIAN_POINT('',(-9.2,4.8,1.8));
#15398=CARTESIAN_POINT('',(-8.975,1.,1.8));
#15399=CARTESIAN_POINT('',(-8.975,4.8,1.8));
#15400=CARTESIAN_POINT('',(-9.375,1.,1.8));
#15401=CARTESIAN_POINT('Origin',(-9.175,1.,1.8));
#15402=CARTESIAN_POINT('',(-9.375,4.3,1.8));
#15403=CARTESIAN_POINT('',(-9.175,0.,1.8));
#15404=CARTESIAN_POINT('',(-9.175,0.,1.8));
#15405=CARTESIAN_POINT('',(-8.,0.,1.8));
#15406=CARTESIAN_POINT('',(-9.175,0.,1.8));
#15407=CARTESIAN_POINT('',(-8.,0.25,1.8));
#15408=CARTESIAN_POINT('',(-8.,0.,1.8));
#15409=CARTESIAN_POINT('',(-7.16,0.25,1.8));
#15410=CARTESIAN_POINT('',(-7.16,0.25,1.8));
#15411=CARTESIAN_POINT('',(-7.16,0.65,1.8));
#15412=CARTESIAN_POINT('',(-7.16,0.65,1.8));
#15413=CARTESIAN_POINT('',(-6.84,0.65,1.8));
#15414=CARTESIAN_POINT('',(-7.16,0.65,1.8));
#15415=CARTESIAN_POINT('',(-6.84,0.25,1.8));
#15416=CARTESIAN_POINT('',(-6.84,0.65,1.8));
#15417=CARTESIAN_POINT('',(-6.16,0.25,1.8));
#15418=CARTESIAN_POINT('',(-6.16,0.25,1.8));
#15419=CARTESIAN_POINT('',(-6.16,0.65,1.8));
#15420=CARTESIAN_POINT('',(-6.16,0.25,1.8));
#15421=CARTESIAN_POINT('',(-5.84,0.65,1.8));
#15422=CARTESIAN_POINT('',(-6.16,0.65,1.8));
#15423=CARTESIAN_POINT('',(-5.84,0.25,1.8));
#15424=CARTESIAN_POINT('',(-5.84,0.25,1.8));
#15425=CARTESIAN_POINT('',(-5.16,0.25,1.8));
#15426=CARTESIAN_POINT('',(-5.16,0.25,1.8));
#15427=CARTESIAN_POINT('',(-5.16,0.65,1.8));
#15428=CARTESIAN_POINT('',(-5.16,0.25,1.8));
#15429=CARTESIAN_POINT('',(-4.84,0.65,1.8));
#15430=CARTESIAN_POINT('',(-5.16,0.65,1.8));
#15431=CARTESIAN_POINT('',(-4.84,0.25,1.8));
#15432=CARTESIAN_POINT('',(-4.84,0.25,1.8));
#15433=CARTESIAN_POINT('',(-4.16,0.25,1.8));
#15434=CARTESIAN_POINT('',(-4.16,0.25,1.8));
#15435=CARTESIAN_POINT('',(-4.16,0.65,1.8));
#15436=CARTESIAN_POINT('',(-4.16,0.25,1.8));
#15437=CARTESIAN_POINT('',(-3.84,0.65,1.8));
#15438=CARTESIAN_POINT('',(-4.16,0.65,1.8));
#15439=CARTESIAN_POINT('',(-3.84,0.25,1.8));
#15440=CARTESIAN_POINT('',(-3.84,0.25,1.8));
#15441=CARTESIAN_POINT('',(-3.16,0.25,1.8));
#15442=CARTESIAN_POINT('',(-3.16,0.25,1.8));
#15443=CARTESIAN_POINT('',(-3.16,0.65,1.8));
#15444=CARTESIAN_POINT('',(-3.16,0.25,1.8));
#15445=CARTESIAN_POINT('',(-2.84,0.65,1.8));
#15446=CARTESIAN_POINT('',(-3.16,0.65,1.8));
#15447=CARTESIAN_POINT('',(-2.84,0.25,1.8));
#15448=CARTESIAN_POINT('',(-2.84,0.25,1.8));
#15449=CARTESIAN_POINT('',(-2.16,0.25,1.8));
#15450=CARTESIAN_POINT('',(-2.16,0.25,1.8));
#15451=CARTESIAN_POINT('',(-2.16,0.65,1.8));
#15452=CARTESIAN_POINT('',(-2.16,0.25,1.8));
#15453=CARTESIAN_POINT('',(-1.84,0.65,1.8));
#15454=CARTESIAN_POINT('',(-2.16,0.65,1.8));
#15455=CARTESIAN_POINT('',(-1.84,0.25,1.8));
#15456=CARTESIAN_POINT('',(-1.84,0.25,1.8));
#15457=CARTESIAN_POINT('',(-1.16,0.25,1.8));
#15458=CARTESIAN_POINT('',(-1.16,0.25,1.8));
#15459=CARTESIAN_POINT('',(-1.16,0.65,1.8));
#15460=CARTESIAN_POINT('',(-1.16,0.25,1.8));
#15461=CARTESIAN_POINT('',(-0.84,0.65,1.8));
#15462=CARTESIAN_POINT('',(-1.16,0.65,1.8));
#15463=CARTESIAN_POINT('',(-0.84,0.25,1.8));
#15464=CARTESIAN_POINT('',(-0.84,0.25,1.8));
#15465=CARTESIAN_POINT('',(-0.16,0.25,1.8));
#15466=CARTESIAN_POINT('',(-0.16,0.25,1.8));
#15467=CARTESIAN_POINT('',(-0.16,0.65,1.8));
#15468=CARTESIAN_POINT('',(-0.16,0.25,1.8));
#15469=CARTESIAN_POINT('',(0.16,0.65,1.8));
#15470=CARTESIAN_POINT('',(-0.16,0.65,1.8));
#15471=CARTESIAN_POINT('',(0.16,0.25,1.8));
#15472=CARTESIAN_POINT('',(0.16,0.25,1.8));
#15473=CARTESIAN_POINT('',(0.84,0.25,1.8));
#15474=CARTESIAN_POINT('',(0.84,0.25,1.8));
#15475=CARTESIAN_POINT('',(0.84,0.65,1.8));
#15476=CARTESIAN_POINT('',(0.84,0.25,1.8));
#15477=CARTESIAN_POINT('',(1.16,0.65,1.8));
#15478=CARTESIAN_POINT('',(0.84,0.65,1.8));
#15479=CARTESIAN_POINT('',(1.16,0.25,1.8));
#15480=CARTESIAN_POINT('',(1.16,0.25,1.8));
#15481=CARTESIAN_POINT('',(1.84,0.25,1.8));
#15482=CARTESIAN_POINT('',(1.84,0.25,1.8));
#15483=CARTESIAN_POINT('',(1.84,0.65,1.8));
#15484=CARTESIAN_POINT('',(1.84,0.25,1.8));
#15485=CARTESIAN_POINT('',(2.16,0.65,1.8));
#15486=CARTESIAN_POINT('',(1.84,0.65,1.8));
#15487=CARTESIAN_POINT('',(2.16,0.25,1.8));
#15488=CARTESIAN_POINT('',(2.16,0.25,1.8));
#15489=CARTESIAN_POINT('',(2.84,0.25,1.8));
#15490=CARTESIAN_POINT('',(2.84,0.25,1.8));
#15491=CARTESIAN_POINT('',(2.84,0.65,1.8));
#15492=CARTESIAN_POINT('',(2.84,0.25,1.8));
#15493=CARTESIAN_POINT('',(3.16,0.65,1.8));
#15494=CARTESIAN_POINT('',(2.84,0.65,1.8));
#15495=CARTESIAN_POINT('',(3.16,0.25,1.8));
#15496=CARTESIAN_POINT('',(3.16,0.25,1.8));
#15497=CARTESIAN_POINT('',(3.84,0.25,1.8));
#15498=CARTESIAN_POINT('',(3.84,0.25,1.8));
#15499=CARTESIAN_POINT('',(3.84,0.65,1.8));
#15500=CARTESIAN_POINT('',(3.84,0.25,1.8));
#15501=CARTESIAN_POINT('',(4.16,0.65,1.8));
#15502=CARTESIAN_POINT('',(3.84,0.65,1.8));
#15503=CARTESIAN_POINT('',(4.16,0.25,1.8));
#15504=CARTESIAN_POINT('',(4.16,0.25,1.8));
#15505=CARTESIAN_POINT('',(4.84,0.25,1.8));
#15506=CARTESIAN_POINT('',(4.84,0.25,1.8));
#15507=CARTESIAN_POINT('',(4.84,0.65,1.8));
#15508=CARTESIAN_POINT('',(4.84,0.25,1.8));
#15509=CARTESIAN_POINT('',(5.16,0.65,1.8));
#15510=CARTESIAN_POINT('',(4.84,0.65,1.8));
#15511=CARTESIAN_POINT('',(5.16,0.25,1.8));
#15512=CARTESIAN_POINT('',(5.16,0.25,1.8));
#15513=CARTESIAN_POINT('',(5.84,0.25,1.8));
#15514=CARTESIAN_POINT('',(5.84,0.25,1.8));
#15515=CARTESIAN_POINT('',(5.84,0.65,1.8));
#15516=CARTESIAN_POINT('',(5.84,0.25,1.8));
#15517=CARTESIAN_POINT('',(6.16,0.65,1.8));
#15518=CARTESIAN_POINT('',(5.84,0.65,1.8));
#15519=CARTESIAN_POINT('',(6.16,0.25,1.8));
#15520=CARTESIAN_POINT('',(6.16,0.25,1.8));
#15521=CARTESIAN_POINT('',(6.84,0.25,1.8));
#15522=CARTESIAN_POINT('',(6.84,0.25,1.8));
#15523=CARTESIAN_POINT('',(6.84,0.65,1.8));
#15524=CARTESIAN_POINT('',(6.84,0.25,1.8));
#15525=CARTESIAN_POINT('',(7.16,0.65,1.8));
#15526=CARTESIAN_POINT('',(6.84,0.65,1.8));
#15527=CARTESIAN_POINT('',(7.16,0.25,1.8));
#15528=CARTESIAN_POINT('',(7.16,0.25,1.8));
#15529=CARTESIAN_POINT('',(8.,0.25,1.8));
#15530=CARTESIAN_POINT('',(8.,0.25,1.8));
#15531=CARTESIAN_POINT('',(8.,0.,1.8));
#15532=CARTESIAN_POINT('',(8.,0.,1.8));
#15533=CARTESIAN_POINT('',(9.175,0.,1.8));
#15534=CARTESIAN_POINT('',(8.,0.,1.8));
#15535=CARTESIAN_POINT('',(9.925,0.15,1.8));
#15536=CARTESIAN_POINT('',(9.925,0.15,1.8));
#15537=CARTESIAN_POINT('',(9.925,4.3,1.8));
#15538=CARTESIAN_POINT('',(9.925,4.3,1.8));
#15539=CARTESIAN_POINT('',(9.375,4.3,1.8));
#15540=CARTESIAN_POINT('',(9.925,4.3,1.8));
#15541=CARTESIAN_POINT('',(9.375,1.,1.8));
#15542=CARTESIAN_POINT('',(9.375,1.,1.8));
#15543=CARTESIAN_POINT('',(8.975,1.,1.8));
#15544=CARTESIAN_POINT('Origin',(9.175,1.,1.8));
#15545=CARTESIAN_POINT('',(8.975,4.8,1.8));
#15546=CARTESIAN_POINT('',(10.5,4.4,1.8));
#15547=CARTESIAN_POINT('Origin',(10.65,5.05,1.65));
#15548=CARTESIAN_POINT('',(10.8,5.7,1.5));
#15549=CARTESIAN_POINT('',(10.5,5.7,1.8));
#15550=CARTESIAN_POINT('',(10.8,4.4,1.5));
#15551=CARTESIAN_POINT('',(10.8,4.4,1.5));
#15552=CARTESIAN_POINT('',(10.8,4.4,1.5));
#15553=CARTESIAN_POINT('Origin',(0.,5.7,0.));
#15554=CARTESIAN_POINT('',(-9.588675134595,5.7,-1.8));
#15555=CARTESIAN_POINT('',(-9.3,5.7,-1.3));
#15556=CARTESIAN_POINT('',(-9.588675134595,5.7,-1.8));
#15557=CARTESIAN_POINT('',(-10.8,5.7,-1.8));
#15558=CARTESIAN_POINT('',(-10.8,5.7,-1.8));
#15559=CARTESIAN_POINT('',(-10.8,5.7,1.5));
#15560=CARTESIAN_POINT('',(-10.8,5.7,1.5));
#15561=CARTESIAN_POINT('',(-10.8,5.7,1.5));
#15562=CARTESIAN_POINT('',(10.8,5.7,-1.8));
#15563=CARTESIAN_POINT('',(10.8,5.7,-1.8));
#15564=CARTESIAN_POINT('',(8.4,5.7,-1.8));
#15565=CARTESIAN_POINT('',(8.4,5.7,-1.8));
#15566=CARTESIAN_POINT('',(8.4,5.7,0.05000000000001));
#15567=CARTESIAN_POINT('',(8.4,5.7,-1.8));
#15568=CARTESIAN_POINT('',(-8.4,5.7,0.05000000000001));
#15569=CARTESIAN_POINT('',(8.4,5.7,0.05000000000001));
#15570=CARTESIAN_POINT('',(-8.4,5.7,-1.8));
#15571=CARTESIAN_POINT('',(-8.4,5.7,0.05000000000001));
#15572=CARTESIAN_POINT('',(-9.011324865405,5.7,-1.8));
#15573=CARTESIAN_POINT('',(-9.011324865405,5.7,-1.8));
#15574=CARTESIAN_POINT('',(-9.3,5.7,-1.3));
#15575=CARTESIAN_POINT('Origin',(-9.588675134595,5.7,-1.8));
#15576=CARTESIAN_POINT('',(-9.3,5.65,-1.3));
#15577=CARTESIAN_POINT('',(-9.3,5.7,-1.3));
#15578=CARTESIAN_POINT('',(-9.588675134595,5.65,-1.8));
#15579=CARTESIAN_POINT('',(-9.588675134595,5.65,-1.8));
#15580=CARTESIAN_POINT('',(-9.588675134595,5.7,-1.8));
#15581=CARTESIAN_POINT('Origin',(10.8,5.7,-1.8));
#15582=CARTESIAN_POINT('',(8.1,5.4,-1.8));
#15583=CARTESIAN_POINT('',(8.1,5.4,-1.8));
#15584=CARTESIAN_POINT('',(10.8,4.4,-1.8));
#15585=CARTESIAN_POINT('',(10.8,5.7,-1.8));
#15586=CARTESIAN_POINT('',(10.8,4.4,-1.8));
#15587=CARTESIAN_POINT('',(8.1,4.8,-1.8));
#15588=CARTESIAN_POINT('Origin',(10.8,5.7,-1.8));
#15589=CARTESIAN_POINT('',(-9.011324865405,5.65,-1.8));
#15590=CARTESIAN_POINT('',(-9.011324865405,5.65,-1.8));
#15591=CARTESIAN_POINT('',(-9.011324865405,5.7,-1.8));
#15592=CARTESIAN_POINT('',(-8.1,5.4,-1.8));
#15593=CARTESIAN_POINT('',(-8.4,5.7,-1.8));
#15594=CARTESIAN_POINT('',(-8.1,4.8,-1.8));
#15595=CARTESIAN_POINT('',(-9.4,4.6,-1.8));
#15596=CARTESIAN_POINT('',(-9.2,4.8,-1.8));
#15597=CARTESIAN_POINT('',(-9.4,4.4,-1.8));
#15598=CARTESIAN_POINT('',(-9.4,4.6,-1.8));
#15599=CARTESIAN_POINT('',(-10.8,4.4,-1.8));
#15600=CARTESIAN_POINT('',(-9.4,4.4,-1.8));
#15601=CARTESIAN_POINT('',(-10.8,4.4,-1.8));
#15602=CARTESIAN_POINT('Origin',(8.25,5.55,-1.025));
#15603=CARTESIAN_POINT('',(8.1,5.4,-0.25));
#15604=CARTESIAN_POINT('',(8.1,5.4,-1.8));
#15605=CARTESIAN_POINT('',(8.1,5.4,-0.25));
#15606=CARTESIAN_POINT('Origin',(0.,5.55,-0.09999999999999));
#15607=CARTESIAN_POINT('',(-8.1,5.4,-0.25));
#15608=CARTESIAN_POINT('',(8.1,5.4,-0.25));
#15609=CARTESIAN_POINT('',(-8.1,5.4,-0.25));
#15610=CARTESIAN_POINT('Origin',(8.1,5.7,-0.25));
#15611=CARTESIAN_POINT('',(8.1,4.8,-0.25));
#15612=CARTESIAN_POINT('',(8.575,3.4,-0.25));
#15613=CARTESIAN_POINT('',(8.575,3.4,-0.25));
#15614=CARTESIAN_POINT('',(8.575,4.416071428571,-0.25));
#15615=CARTESIAN_POINT('',(8.575,4.416071428571,-0.25));
#15616=CARTESIAN_POINT('',(8.025,4.416071428571,-0.25));
#15617=CARTESIAN_POINT('',(8.025,4.416071428571,-0.25));
#15618=CARTESIAN_POINT('',(8.025,3.4,-0.25));
#15619=CARTESIAN_POINT('',(8.025,4.416071428571,-0.25));
#15620=CARTESIAN_POINT('',(7.925,3.4,-0.25));
#15621=CARTESIAN_POINT('',(7.925,3.4,-0.25));
#15622=CARTESIAN_POINT('',(7.925,2.05,-0.25));
#15623=CARTESIAN_POINT('',(7.925,2.05,-0.25));
#15624=CARTESIAN_POINT('',(-7.925,2.05,-0.25));
#15625=CARTESIAN_POINT('',(7.925,2.05,-0.25));
#15626=CARTESIAN_POINT('',(-7.925,3.4,-0.25));
#15627=CARTESIAN_POINT('',(-7.925,2.05,-0.25));
#15628=CARTESIAN_POINT('',(-8.025,3.4,-0.25));
#15629=CARTESIAN_POINT('',(-8.025,3.4,-0.25));
#15630=CARTESIAN_POINT('',(-8.025,4.416071428571,-0.25));
#15631=CARTESIAN_POINT('',(-8.025,4.416071428571,-0.25));
#15632=CARTESIAN_POINT('',(-8.575,4.416071428571,-0.25));
#15633=CARTESIAN_POINT('',(-8.575,4.416071428571,-0.25));
#15634=CARTESIAN_POINT('',(-8.575,3.4,-0.25));
#15635=CARTESIAN_POINT('',(-8.575,4.416071428571,-0.25));
#15636=CARTESIAN_POINT('',(-8.675,3.4,-0.25));
#15637=CARTESIAN_POINT('',(-8.675,3.4,-0.25));
#15638=CARTESIAN_POINT('',(-8.675,4.8,-0.25));
#15639=CARTESIAN_POINT('',(-8.1,4.8,-0.25));
#15640=CARTESIAN_POINT('Origin',(-8.1,5.7,-0.25));
#15641=CARTESIAN_POINT('',(-8.1,5.4,-0.25));
#15642=CARTESIAN_POINT('Origin',(-8.25,5.55,-1.025));
#15643=CARTESIAN_POINT('Origin',(-8.675,4.8,-0.34));
#15644=CARTESIAN_POINT('',(-8.675,0.95,1.06));
#15645=CARTESIAN_POINT('',(-8.675,0.95,-0.34));
#15646=CARTESIAN_POINT('',(-8.675,3.4,0.64));
#15647=CARTESIAN_POINT('',(-8.675,3.4,0.64));
#15648=CARTESIAN_POINT('',(-8.675,4.8,0.64));
#15649=CARTESIAN_POINT('',(-8.675,0.95,1.06));
#15650=CARTESIAN_POINT('Origin',(-8.775,0.8,0.36));
#15651=CARTESIAN_POINT('',(-8.875,0.65,0.86));
#15652=CARTESIAN_POINT('',(-8.675,0.95,1.06));
#15653=CARTESIAN_POINT('',(-8.875,0.65,-0.14));
#15654=CARTESIAN_POINT('',(-8.875,0.65,-0.14));
#15655=CARTESIAN_POINT('',(-8.675,0.95,-0.34));
#15656=CARTESIAN_POINT('Origin',(-9.1625,0.8,-0.24));
#15657=CARTESIAN_POINT('',(-9.684399131635,0.9251930530822,-0.3234620353881));
#15658=CARTESIAN_POINT('',(-9.485943556293,0.65,-0.14));
#15659=CARTESIAN_POINT('',(-9.684399131635,0.9251930530822,-0.3234620353881));
#15660=CARTESIAN_POINT('',(-9.6875,0.95,-0.34));
#15661=CARTESIAN_POINT('',(-8.875,0.65,-0.14));
#15662=CARTESIAN_POINT('Origin',(-9.585171343964,0.7875965265411,0.18));
#15663=CARTESIAN_POINT('',(-9.485943556293,0.65,0.5));
#15664=CARTESIAN_POINT('',(-9.485943556293,0.65,0.5));
#15665=CARTESIAN_POINT('',(-9.684399131635,0.9251930530822,0.6834620353881));
#15666=CARTESIAN_POINT('',(-9.684399131635,0.9251930530822,0.6834620353881));
#15667=CARTESIAN_POINT('',(-9.684399131635,0.9251930530822,0.6834620353881));
#15668=CARTESIAN_POINT('Origin',(0.,0.65,0.));
#15669=CARTESIAN_POINT('',(9.485943556293,0.65,-0.14));
#15670=CARTESIAN_POINT('',(9.485943556293,0.65,-0.14));
#15671=CARTESIAN_POINT('',(9.485943556293,0.65,0.5));
#15672=CARTESIAN_POINT('',(9.485943556293,0.65,0.5));
#15673=CARTESIAN_POINT('',(9.2,0.65,0.5));
#15674=CARTESIAN_POINT('',(9.2,0.65,0.5));
#15675=CARTESIAN_POINT('',(9.2,0.65,0.5));
#15676=CARTESIAN_POINT('Origin',(0.,0.65,0.));
#15677=CARTESIAN_POINT('',(-9.2,0.65,0.86));
#15678=CARTESIAN_POINT('',(-8.875,0.65,0.86));
#15679=CARTESIAN_POINT('',(-9.2,0.65,0.5));
#15680=CARTESIAN_POINT('',(-9.2,0.65,0.86));
#15681=CARTESIAN_POINT('',(-9.485943556293,0.65,0.5));
#15682=CARTESIAN_POINT('Origin',(9.3,0.8,0.88));
#15683=CARTESIAN_POINT('',(9.4,0.95,0.7));
#15684=CARTESIAN_POINT('',(9.4,0.95,0.7));
#15685=CARTESIAN_POINT('',(9.4,0.95,0.7));
#15686=CARTESIAN_POINT('Origin',(9.4,4.8,-0.34));
#15687=CARTESIAN_POINT('',(9.4,4.4,-0.34));
#15688=CARTESIAN_POINT('',(9.4,4.3,-0.34));
#15689=CARTESIAN_POINT('Origin',(9.4,4.8,-0.34));
#15690=CARTESIAN_POINT('',(9.4,1.85,0.7));
#15691=CARTESIAN_POINT('',(9.4,0.95,0.7));
#15692=CARTESIAN_POINT('',(9.4,1.85,0.7));
#15693=CARTESIAN_POINT('',(9.4,2.67,0.7));
#15694=CARTESIAN_POINT('',(9.4,2.67,0.7));
#15695=CARTESIAN_POINT('',(9.4,3.335,0.7));
#15696=CARTESIAN_POINT('',(9.4,2.67,0.7));
#15697=CARTESIAN_POINT('',(9.4,3.335,0.7));
#15698=CARTESIAN_POINT('',(9.4,3.35,-0.34));
#15699=CARTESIAN_POINT('Origin',(10.8,4.4,-1.8));
#15700=CARTESIAN_POINT('',(10.8,4.4,-1.8));
#15701=CARTESIAN_POINT('Origin',(10.8,5.7,1.8));
#15702=CARTESIAN_POINT('Origin',(9.375,4.3,1.8));
#15703=CARTESIAN_POINT('',(9.375,4.3,1.8));
#15704=CARTESIAN_POINT('',(9.925,4.3,-1.8));
#15705=CARTESIAN_POINT('',(9.925,4.3,1.8));
#15706=CARTESIAN_POINT('',(9.375,4.3,-1.8));
#15707=CARTESIAN_POINT('',(9.925,4.3,-1.8));
#15708=CARTESIAN_POINT('',(9.375,4.3,-0.34));
#15709=CARTESIAN_POINT('Origin',(9.375,1.,1.8));
#15710=CARTESIAN_POINT('',(9.375,3.35,1.1));
#15711=CARTESIAN_POINT('',(9.375,3.35,1.1));
#15712=CARTESIAN_POINT('',(9.375,1.,1.1));
#15713=CARTESIAN_POINT('',(9.375,3.35,1.1));
#15714=CARTESIAN_POINT('',(9.375,1.,1.8));
#15715=CARTESIAN_POINT('Origin',(9.375,1.,1.8));
#15716=CARTESIAN_POINT('',(9.375,1.,-1.8));
#15717=CARTESIAN_POINT('',(9.375,1.,-1.8));
#15718=CARTESIAN_POINT('',(9.375,1.,-0.8));
#15719=CARTESIAN_POINT('',(9.375,1.,-0.8));
#15720=CARTESIAN_POINT('',(9.375,3.35,-0.8));
#15721=CARTESIAN_POINT('',(9.375,3.35,-0.8));
#15722=CARTESIAN_POINT('',(9.375,3.35,-0.34));
#15723=CARTESIAN_POINT('Origin',(9.175,1.,1.8));
#15724=CARTESIAN_POINT('',(8.975,1.,-1.8));
#15725=CARTESIAN_POINT('Origin',(9.175,1.,-1.8));
#15726=CARTESIAN_POINT('',(8.975,1.,-0.8));
#15727=CARTESIAN_POINT('',(8.975,1.,-0.8));
#15728=CARTESIAN_POINT('Origin',(9.175,1.,-0.8));
#15729=CARTESIAN_POINT('Origin',(9.175,1.,1.8));
#15730=CARTESIAN_POINT('',(8.975,1.,1.1));
#15731=CARTESIAN_POINT('Origin',(9.175,1.,1.1));
#15732=CARTESIAN_POINT('',(8.975,1.,1.8));
#15733=CARTESIAN_POINT('Origin',(-9.925,0.,-1.8));
#15734=CARTESIAN_POINT('',(-7.68,5.65,-1.8));
#15735=CARTESIAN_POINT('',(-7.9,4.6,-1.8));
#15736=CARTESIAN_POINT('',(-7.68,5.65,-1.8));
#15737=CARTESIAN_POINT('',(7.68,5.65,-1.8));
#15738=CARTESIAN_POINT('',(-7.68,5.65,-1.8));
#15739=CARTESIAN_POINT('',(7.9,4.6,-1.8));
#15740=CARTESIAN_POINT('',(7.9,4.6,-1.8));
#15741=CARTESIAN_POINT('',(8.975,4.6,-1.8));
#15742=CARTESIAN_POINT('',(8.975,4.6,-1.8));
#15743=CARTESIAN_POINT('',(8.975,4.6,-1.8));
#15744=CARTESIAN_POINT('',(9.925,0.15,-1.8));
#15745=CARTESIAN_POINT('',(9.925,0.15,-1.8));
#15746=CARTESIAN_POINT('',(9.175,0.,-1.8));
#15747=CARTESIAN_POINT('',(9.925,0.15,-1.8));
#15748=CARTESIAN_POINT('',(8.,0.,-1.8));
#15749=CARTESIAN_POINT('',(8.,0.,-1.8));
#15750=CARTESIAN_POINT('',(8.,0.25,-1.8));
#15751=CARTESIAN_POINT('',(8.,0.,-1.8));
#15752=CARTESIAN_POINT('',(7.16,0.25,-1.8));
#15753=CARTESIAN_POINT('',(8.,0.25,-1.8));
#15754=CARTESIAN_POINT('',(7.16,0.65,-1.8));
#15755=CARTESIAN_POINT('',(7.16,0.25,-1.8));
#15756=CARTESIAN_POINT('',(6.84,0.65,-1.8));
#15757=CARTESIAN_POINT('',(6.84,0.65,-1.8));
#15758=CARTESIAN_POINT('',(6.84,0.25,-1.8));
#15759=CARTESIAN_POINT('',(6.84,0.25,-1.8));
#15760=CARTESIAN_POINT('',(6.16,0.25,-1.8));
#15761=CARTESIAN_POINT('',(6.84,0.25,-1.8));
#15762=CARTESIAN_POINT('',(6.16,0.65,-1.8));
#15763=CARTESIAN_POINT('',(6.16,0.25,-1.8));
#15764=CARTESIAN_POINT('',(5.84,0.65,-1.8));
#15765=CARTESIAN_POINT('',(5.84,0.65,-1.8));
#15766=CARTESIAN_POINT('',(5.84,0.25,-1.8));
#15767=CARTESIAN_POINT('',(5.84,0.25,-1.8));
#15768=CARTESIAN_POINT('',(5.16,0.25,-1.8));
#15769=CARTESIAN_POINT('',(5.84,0.25,-1.8));
#15770=CARTESIAN_POINT('',(5.16,0.65,-1.8));
#15771=CARTESIAN_POINT('',(5.16,0.25,-1.8));
#15772=CARTESIAN_POINT('',(4.84,0.65,-1.8));
#15773=CARTESIAN_POINT('',(4.84,0.65,-1.8));
#15774=CARTESIAN_POINT('',(4.84,0.25,-1.8));
#15775=CARTESIAN_POINT('',(4.84,0.25,-1.8));
#15776=CARTESIAN_POINT('',(4.16,0.25,-1.8));
#15777=CARTESIAN_POINT('',(4.84,0.25,-1.8));
#15778=CARTESIAN_POINT('',(4.16,0.65,-1.8));
#15779=CARTESIAN_POINT('',(4.16,0.25,-1.8));
#15780=CARTESIAN_POINT('',(3.84,0.65,-1.8));
#15781=CARTESIAN_POINT('',(3.84,0.65,-1.8));
#15782=CARTESIAN_POINT('',(3.84,0.25,-1.8));
#15783=CARTESIAN_POINT('',(3.84,0.25,-1.8));
#15784=CARTESIAN_POINT('',(3.16,0.25,-1.8));
#15785=CARTESIAN_POINT('',(3.84,0.25,-1.8));
#15786=CARTESIAN_POINT('',(3.16,0.65,-1.8));
#15787=CARTESIAN_POINT('',(3.16,0.25,-1.8));
#15788=CARTESIAN_POINT('',(2.84,0.65,-1.8));
#15789=CARTESIAN_POINT('',(2.84,0.65,-1.8));
#15790=CARTESIAN_POINT('',(2.84,0.25,-1.8));
#15791=CARTESIAN_POINT('',(2.84,0.25,-1.8));
#15792=CARTESIAN_POINT('',(2.16,0.25,-1.8));
#15793=CARTESIAN_POINT('',(2.84,0.25,-1.8));
#15794=CARTESIAN_POINT('',(2.16,0.65,-1.8));
#15795=CARTESIAN_POINT('',(2.16,0.25,-1.8));
#15796=CARTESIAN_POINT('',(1.84,0.65,-1.8));
#15797=CARTESIAN_POINT('',(1.84,0.65,-1.8));
#15798=CARTESIAN_POINT('',(1.84,0.25,-1.8));
#15799=CARTESIAN_POINT('',(1.84,0.25,-1.8));
#15800=CARTESIAN_POINT('',(1.16,0.25,-1.8));
#15801=CARTESIAN_POINT('',(1.84,0.25,-1.8));
#15802=CARTESIAN_POINT('',(1.16,0.65,-1.8));
#15803=CARTESIAN_POINT('',(1.16,0.25,-1.8));
#15804=CARTESIAN_POINT('',(0.84,0.65,-1.8));
#15805=CARTESIAN_POINT('',(0.84,0.65,-1.8));
#15806=CARTESIAN_POINT('',(0.84,0.25,-1.8));
#15807=CARTESIAN_POINT('',(0.84,0.25,-1.8));
#15808=CARTESIAN_POINT('',(0.16,0.25,-1.8));
#15809=CARTESIAN_POINT('',(0.84,0.25,-1.8));
#15810=CARTESIAN_POINT('',(0.16,0.65,-1.8));
#15811=CARTESIAN_POINT('',(0.16,0.25,-1.8));
#15812=CARTESIAN_POINT('',(-0.16,0.65,-1.8));
#15813=CARTESIAN_POINT('',(-0.16,0.65,-1.8));
#15814=CARTESIAN_POINT('',(-0.16,0.25,-1.8));
#15815=CARTESIAN_POINT('',(-0.16,0.25,-1.8));
#15816=CARTESIAN_POINT('',(-0.84,0.25,-1.8));
#15817=CARTESIAN_POINT('',(-0.16,0.25,-1.8));
#15818=CARTESIAN_POINT('',(-0.84,0.65,-1.8));
#15819=CARTESIAN_POINT('',(-0.84,0.25,-1.8));
#15820=CARTESIAN_POINT('',(-1.16,0.65,-1.8));
#15821=CARTESIAN_POINT('',(-1.16,0.65,-1.8));
#15822=CARTESIAN_POINT('',(-1.16,0.25,-1.8));
#15823=CARTESIAN_POINT('',(-1.16,0.25,-1.8));
#15824=CARTESIAN_POINT('',(-1.84,0.25,-1.8));
#15825=CARTESIAN_POINT('',(-1.16,0.25,-1.8));
#15826=CARTESIAN_POINT('',(-1.84,0.65,-1.8));
#15827=CARTESIAN_POINT('',(-1.84,0.25,-1.8));
#15828=CARTESIAN_POINT('',(-2.16,0.65,-1.8));
#15829=CARTESIAN_POINT('',(-2.16,0.65,-1.8));
#15830=CARTESIAN_POINT('',(-2.16,0.25,-1.8));
#15831=CARTESIAN_POINT('',(-2.16,0.25,-1.8));
#15832=CARTESIAN_POINT('',(-2.84,0.25,-1.8));
#15833=CARTESIAN_POINT('',(-2.16,0.25,-1.8));
#15834=CARTESIAN_POINT('',(-2.84,0.65,-1.8));
#15835=CARTESIAN_POINT('',(-2.84,0.25,-1.8));
#15836=CARTESIAN_POINT('',(-3.16,0.65,-1.8));
#15837=CARTESIAN_POINT('',(-3.16,0.65,-1.8));
#15838=CARTESIAN_POINT('',(-3.16,0.25,-1.8));
#15839=CARTESIAN_POINT('',(-3.16,0.25,-1.8));
#15840=CARTESIAN_POINT('',(-3.84,0.25,-1.8));
#15841=CARTESIAN_POINT('',(-3.16,0.25,-1.8));
#15842=CARTESIAN_POINT('',(-3.84,0.65,-1.8));
#15843=CARTESIAN_POINT('',(-3.84,0.25,-1.8));
#15844=CARTESIAN_POINT('',(-4.16,0.65,-1.8));
#15845=CARTESIAN_POINT('',(-4.16,0.65,-1.8));
#15846=CARTESIAN_POINT('',(-4.16,0.25,-1.8));
#15847=CARTESIAN_POINT('',(-4.16,0.25,-1.8));
#15848=CARTESIAN_POINT('',(-4.84,0.25,-1.8));
#15849=CARTESIAN_POINT('',(-4.16,0.25,-1.8));
#15850=CARTESIAN_POINT('',(-4.84,0.65,-1.8));
#15851=CARTESIAN_POINT('',(-4.84,0.25,-1.8));
#15852=CARTESIAN_POINT('',(-5.16,0.65,-1.8));
#15853=CARTESIAN_POINT('',(-5.16,0.65,-1.8));
#15854=CARTESIAN_POINT('',(-5.16,0.25,-1.8));
#15855=CARTESIAN_POINT('',(-5.16,0.25,-1.8));
#15856=CARTESIAN_POINT('',(-5.84,0.25,-1.8));
#15857=CARTESIAN_POINT('',(-5.16,0.25,-1.8));
#15858=CARTESIAN_POINT('',(-5.84,0.65,-1.8));
#15859=CARTESIAN_POINT('',(-5.84,0.25,-1.8));
#15860=CARTESIAN_POINT('',(-6.16,0.65,-1.8));
#15861=CARTESIAN_POINT('',(-6.16,0.65,-1.8));
#15862=CARTESIAN_POINT('',(-6.16,0.25,-1.8));
#15863=CARTESIAN_POINT('',(-6.16,0.25,-1.8));
#15864=CARTESIAN_POINT('',(-6.84,0.25,-1.8));
#15865=CARTESIAN_POINT('',(-6.16,0.25,-1.8));
#15866=CARTESIAN_POINT('',(-6.84,0.65,-1.8));
#15867=CARTESIAN_POINT('',(-6.84,0.65,-1.8));
#15868=CARTESIAN_POINT('',(-7.16,0.65,-1.8));
#15869=CARTESIAN_POINT('',(-7.16,0.65,-1.8));
#15870=CARTESIAN_POINT('',(-7.16,0.25,-1.8));
#15871=CARTESIAN_POINT('',(-7.16,0.65,-1.8));
#15872=CARTESIAN_POINT('',(-8.,0.25,-1.8));
#15873=CARTESIAN_POINT('',(-7.16,0.25,-1.8));
#15874=CARTESIAN_POINT('',(-8.,0.,-1.8));
#15875=CARTESIAN_POINT('',(-8.,0.,-1.8));
#15876=CARTESIAN_POINT('',(-9.175,0.,-1.8));
#15877=CARTESIAN_POINT('',(-9.175,0.,-1.8));
#15878=CARTESIAN_POINT('',(-9.175,0.,-1.8));
#15879=CARTESIAN_POINT('',(-9.375,1.,-1.8));
#15880=CARTESIAN_POINT('',(-9.375,4.3,-1.8));
#15881=CARTESIAN_POINT('',(-8.975,1.,-1.8));
#15882=CARTESIAN_POINT('Origin',(-9.175,1.,-1.8));
#15883=CARTESIAN_POINT('',(-8.975,4.6,-1.8));
#15884=CARTESIAN_POINT('',(-8.975,1.,-1.8));
#15885=CARTESIAN_POINT('',(-7.9,4.6,-1.8));
#15886=CARTESIAN_POINT('Origin',(-7.68,5.65,-1.8));
#15887=CARTESIAN_POINT('',(-7.9,4.6,-0.6113636363636));
#15888=CARTESIAN_POINT('',(-7.9,4.6,-1.8));
#15889=CARTESIAN_POINT('',(-7.728926673489,5.416486331077,-0.7969287116083));
#15890=CARTESIAN_POINT('',(-7.728926673489,5.416486331077,-0.7969287116083));
#15891=CARTESIAN_POINT('',(-7.68,5.65,-1.089468568346));
#15892=CARTESIAN_POINT('Origin',(-7.74285714285714,5.35,-1.089468568346));
#15893=CARTESIAN_POINT('',(-7.68,5.65,-1.8));
#15894=CARTESIAN_POINT('Origin',(-9.925,5.65,-1.8));
#15895=CARTESIAN_POINT('',(7.68,5.65,-1.089468568346));
#15896=CARTESIAN_POINT('',(-7.68,5.65,-1.089468568346));
#15897=CARTESIAN_POINT('',(7.68,5.65,-1.8));
#15898=CARTESIAN_POINT('Origin',(7.9,4.6,-1.8));
#15899=CARTESIAN_POINT('',(7.728926673489,5.416486331077,-0.7969287116083));
#15900=CARTESIAN_POINT('Origin',(7.74285714285714,5.35,-1.089468568346));
#15901=CARTESIAN_POINT('',(7.9,4.6,-0.6113636363636));
#15902=CARTESIAN_POINT('',(7.728926673489,5.416486331077,-0.7969287116083));
#15903=CARTESIAN_POINT('',(7.9,4.6,-1.8));
#15904=CARTESIAN_POINT('Origin',(8.975,4.6,-1.8));
#15905=CARTESIAN_POINT('',(8.975,4.6,-0.6113636363636));
#15906=CARTESIAN_POINT('',(8.975,4.6,-0.6113636363636));
#15907=CARTESIAN_POINT('',(8.975,4.6,-1.8));
#15908=CARTESIAN_POINT('Origin',(8.975,5.65,1.8));
#15909=CARTESIAN_POINT('',(8.975,4.55,-0.6));
#15910=CARTESIAN_POINT('',(8.975,4.6,-0.6113636363636));
#15911=CARTESIAN_POINT('',(8.975,4.55,-0.5));
#15912=CARTESIAN_POINT('',(8.975,4.55,-0.6));
#15913=CARTESIAN_POINT('',(8.975,4.523214285714,-0.45));
#15914=CARTESIAN_POINT('',(8.975,4.523214285714,-0.45));
#15915=CARTESIAN_POINT('',(8.975,3.35,-0.45));
#15916=CARTESIAN_POINT('',(8.975,3.35,-0.45));
#15917=CARTESIAN_POINT('',(8.975,3.35,-0.8));
#15918=CARTESIAN_POINT('',(8.975,3.35,-0.45));
#15919=CARTESIAN_POINT('',(8.975,3.35,-0.8));
#15920=CARTESIAN_POINT('Origin',(8.975,5.65,1.8));
#15921=CARTESIAN_POINT('',(8.975,1.,1.1));
#15922=CARTESIAN_POINT('Origin',(-9.925,0.25,-0.8));
#15923=CARTESIAN_POINT('',(-9.175,0.,-0.8));
#15924=CARTESIAN_POINT('',(-9.175,0.,-0.8));
#15925=CARTESIAN_POINT('',(-8.,0.,-0.8));
#15926=CARTESIAN_POINT('',(-9.175,0.,-0.8));
#15927=CARTESIAN_POINT('',(-8.,0.25,-0.8));
#15928=CARTESIAN_POINT('',(-8.,0.25,-0.8));
#15929=CARTESIAN_POINT('',(-8.575,0.25,-0.8));
#15930=CARTESIAN_POINT('',(-8.575,0.25,-0.8));
#15931=CARTESIAN_POINT('',(-8.575,3.35,-0.8));
#15932=CARTESIAN_POINT('',(-8.575,0.25,-0.8));
#15933=CARTESIAN_POINT('',(-8.975,3.35,-0.8));
#15934=CARTESIAN_POINT('',(-8.975,3.35,-0.8));
#15935=CARTESIAN_POINT('',(-8.975,1.,-0.8));
#15936=CARTESIAN_POINT('',(-8.975,3.35,-0.8));
#15937=CARTESIAN_POINT('',(-9.375,1.,-0.8));
#15938=CARTESIAN_POINT('Origin',(-9.175,1.,-0.8));
#15939=CARTESIAN_POINT('',(-9.375,3.35,-0.8));
#15940=CARTESIAN_POINT('',(-9.375,3.35,-0.8));
#15941=CARTESIAN_POINT('',(-9.925,3.35,-0.8));
#15942=CARTESIAN_POINT('Origin',(-9.925,0.25,-0.8));
#15943=CARTESIAN_POINT('',(9.925,0.15,-0.8));
#15944=CARTESIAN_POINT('',(9.175,0.,-0.8));
#15945=CARTESIAN_POINT('',(9.925,0.15,-0.8));
#15946=CARTESIAN_POINT('',(9.925,3.35,-0.8));
#15947=CARTESIAN_POINT('',(9.925,3.35,-0.8));
#15948=CARTESIAN_POINT('',(9.375,3.35,-0.8));
#15949=CARTESIAN_POINT('',(8.575,3.35,-0.8));
#15950=CARTESIAN_POINT('',(8.575,3.35,-0.8));
#15951=CARTESIAN_POINT('',(8.575,0.25,-0.8));
#15952=CARTESIAN_POINT('',(8.575,0.25,-0.8));
#15953=CARTESIAN_POINT('',(8.,0.25,-0.8));
#15954=CARTESIAN_POINT('',(8.,0.25,-0.8));
#15955=CARTESIAN_POINT('',(8.,0.,-0.8));
#15956=CARTESIAN_POINT('',(8.,0.25,-0.8));
#15957=CARTESIAN_POINT('',(8.,0.,-0.8));
#15958=CARTESIAN_POINT('Origin',(-9.175,0.,1.8));
#15959=CARTESIAN_POINT('',(-9.175,0.,1.1));
#15960=CARTESIAN_POINT('',(-9.175,0.,1.1));
#15961=CARTESIAN_POINT('',(-9.175,0.,1.8));
#15962=CARTESIAN_POINT('Origin',(-9.175,0.,1.8));
#15963=CARTESIAN_POINT('',(-9.175,0.,-0.8));
#15964=CARTESIAN_POINT('Origin',(-8.575,0.,1.1));
#15965=CARTESIAN_POINT('',(-8.575,0.,1.1));
#15966=CARTESIAN_POINT('',(-8.575,4.8,1.1));
#15967=CARTESIAN_POINT('',(-8.575,0.,1.1));
#15968=CARTESIAN_POINT('',(-9.375,3.35,1.1));
#15969=CARTESIAN_POINT('',(-9.375,3.35,1.1));
#15970=CARTESIAN_POINT('',(-9.375,1.,1.1));
#15971=CARTESIAN_POINT('',(-9.375,3.35,1.1));
#15972=CARTESIAN_POINT('',(-8.975,1.,1.1));
#15973=CARTESIAN_POINT('Origin',(-9.175,1.,1.1));
#15974=CARTESIAN_POINT('',(-8.975,4.8,1.1));
#15975=CARTESIAN_POINT('Origin',(-8.975,1.,1.8));
#15976=CARTESIAN_POINT('',(-8.975,4.6,-0.6113636363636));
#15977=CARTESIAN_POINT('',(-8.975,4.6,-1.8));
#15978=CARTESIAN_POINT('',(-8.975,1.,-0.8));
#15979=CARTESIAN_POINT('',(-8.975,3.35,-0.45));
#15980=CARTESIAN_POINT('',(-8.975,3.35,-0.45));
#15981=CARTESIAN_POINT('',(-8.975,4.523214285714,-0.45));
#15982=CARTESIAN_POINT('',(-8.975,3.35,-0.45));
#15983=CARTESIAN_POINT('',(-8.975,4.55,-0.5));
#15984=CARTESIAN_POINT('',(-8.975,4.523214285714,-0.45));
#15985=CARTESIAN_POINT('',(-8.975,4.55,-0.6));
#15986=CARTESIAN_POINT('',(-8.975,4.55,-0.6));
#15987=CARTESIAN_POINT('',(-8.975,4.6,-0.6113636363636));
#15988=CARTESIAN_POINT('Origin',(-8.975,1.,1.8));
#15989=CARTESIAN_POINT('',(-8.975,1.,1.8));
#15990=CARTESIAN_POINT('Origin',(-7.9,4.6,-1.8));
#15991=CARTESIAN_POINT('',(-8.975,4.6,-0.6113636363636));
#15992=CARTESIAN_POINT('Origin',(-9.925,5.416486331077,-0.7969287116083));
#15993=CARTESIAN_POINT('',(-8.025,4.55,-0.6));
#15994=CARTESIAN_POINT('',(-8.975,4.55,-0.6));
#15995=CARTESIAN_POINT('',(8.025,4.55,-0.6));
#15996=CARTESIAN_POINT('',(-8.025,4.55,-0.6));
#15997=CARTESIAN_POINT('',(8.025,4.55,-0.6));
#15998=CARTESIAN_POINT('',(-7.728926673489,5.416486331077,-0.7969287116083));
#15999=CARTESIAN_POINT('Origin',(-9.925,5.35,-1.089468568346));
#16000=CARTESIAN_POINT('Origin',(-9.925,4.55,-0.6));
#16001=CARTESIAN_POINT('',(8.025,4.55,-0.5));
#16002=CARTESIAN_POINT('',(8.025,4.55,-0.6));
#16003=CARTESIAN_POINT('',(8.025,4.55,-0.5));
#16004=CARTESIAN_POINT('Origin',(-9.925,4.55,-0.6));
#16005=CARTESIAN_POINT('',(-8.025,4.55,-0.5));
#16006=CARTESIAN_POINT('',(-8.025,4.55,-0.6));
#16007=CARTESIAN_POINT('',(-8.975,4.55,-0.5));
#16008=CARTESIAN_POINT('Origin',(8.025,0.,0.));
#16009=CARTESIAN_POINT('',(8.025,3.4,0.64));
#16010=CARTESIAN_POINT('',(8.025,3.4,0.64));
#16011=CARTESIAN_POINT('',(8.025,4.55,-0.5));
#16012=CARTESIAN_POINT('',(8.025,1.55,-0.5));
#16013=CARTESIAN_POINT('',(8.025,1.55,-0.5));
#16014=CARTESIAN_POINT('',(8.025,1.55,0.));
#16015=CARTESIAN_POINT('',(8.025,1.55,0.));
#16016=CARTESIAN_POINT('',(8.025,1.85,0.26));
#16017=CARTESIAN_POINT('',(8.025,1.85,0.26));
#16018=CARTESIAN_POINT('',(8.025,1.85,0.73));
#16019=CARTESIAN_POINT('',(8.025,1.85,0.73));
#16020=CARTESIAN_POINT('',(8.025,4.4,0.73));
#16021=CARTESIAN_POINT('',(8.025,4.4,0.73));
#16022=CARTESIAN_POINT('',(8.025,4.4,0.64));
#16023=CARTESIAN_POINT('',(8.025,4.4,0.64));
#16024=CARTESIAN_POINT('',(8.025,4.4,0.64));
#16025=CARTESIAN_POINT('Origin',(0.,3.4,0.));
#16026=CARTESIAN_POINT('',(-8.575,3.4,0.64));
#16027=CARTESIAN_POINT('',(-8.575,3.4,0.64));
#16028=CARTESIAN_POINT('',(-8.575,3.4,0.64));
#16029=CARTESIAN_POINT('Origin',(0.,3.4,0.));
#16030=CARTESIAN_POINT('',(8.575,3.4,0.64));
#16031=CARTESIAN_POINT('',(8.575,3.4,0.64));
#16032=CARTESIAN_POINT('',(8.675,3.4,0.64));
#16033=CARTESIAN_POINT('Origin',(0.,3.4,0.));
#16034=CARTESIAN_POINT('',(7.925,3.4,0.64));
#16035=CARTESIAN_POINT('',(7.925,3.4,0.64));
#16036=CARTESIAN_POINT('',(8.025,3.4,0.64));
#16037=CARTESIAN_POINT('Origin',(0.,3.4,0.));
#16038=CARTESIAN_POINT('',(-7.925,3.4,0.64));
#16039=CARTESIAN_POINT('',(-7.925,3.4,0.64));
#16040=CARTESIAN_POINT('',(-8.025,3.4,0.64));
#16041=CARTESIAN_POINT('',(-7.925,3.4,0.64));
#16042=CARTESIAN_POINT('',(-8.025,3.4,0.64));
#16043=CARTESIAN_POINT('Origin',(-8.575,0.,-0.8));
#16044=CARTESIAN_POINT('',(-8.575,4.523214285714,-0.45));
#16045=CARTESIAN_POINT('',(-8.575,4.416071428571,-0.25));
#16046=CARTESIAN_POINT('',(-8.575,3.35,-0.45));
#16047=CARTESIAN_POINT('',(-8.575,4.523214285714,-0.45));
#16048=CARTESIAN_POINT('',(-8.575,3.35,-0.8));
#16049=CARTESIAN_POINT('',(-8.575,0.25,0.8));
#16050=CARTESIAN_POINT('',(-8.575,0.25,0.8));
#16051=CARTESIAN_POINT('',(-8.575,0.,0.8));
#16052=CARTESIAN_POINT('',(-8.575,0.,0.8));
#16053=CARTESIAN_POINT('',(-8.575,0.,0.8));
#16054=CARTESIAN_POINT('',(-8.575,4.6,0.73));
#16055=CARTESIAN_POINT('',(-8.575,4.6,0.73));
#16056=CARTESIAN_POINT('',(-8.575,4.4,0.73));
#16057=CARTESIAN_POINT('',(-8.575,4.4,0.73));
#16058=CARTESIAN_POINT('',(-8.575,4.4,0.64));
#16059=CARTESIAN_POINT('',(-8.575,4.4,0.64));
#16060=CARTESIAN_POINT('',(-8.575,4.4,0.64));
#16061=CARTESIAN_POINT('Origin',(8.675,4.8,0.64));
#16062=CARTESIAN_POINT('',(-6.16,3.938117658369,0.64));
#16063=CARTESIAN_POINT('',(-6.16,2.05,0.64));
#16064=CARTESIAN_POINT('',(-6.16,3.938117658369,0.64));
#16065=CARTESIAN_POINT('',(-5.84,3.938117658369,0.64));
#16066=CARTESIAN_POINT('',(-6.16,3.938117658369,0.64));
#16067=CARTESIAN_POINT('',(-5.84,2.05,0.64));
#16068=CARTESIAN_POINT('',(-5.84,2.05,0.64));
#16069=CARTESIAN_POINT('',(-5.16,2.05,0.64));
#16070=CARTESIAN_POINT('',(-5.16,2.05,0.64));
#16071=CARTESIAN_POINT('',(-5.16,3.938117658369,0.64));
#16072=CARTESIAN_POINT('',(-5.16,3.938117658369,0.64));
#16073=CARTESIAN_POINT('',(-4.84,3.938117658369,0.64));
#16074=CARTESIAN_POINT('',(-5.16,3.938117658369,0.64));
#16075=CARTESIAN_POINT('',(-4.84,2.05,0.64));
#16076=CARTESIAN_POINT('',(-4.84,2.05,0.64));
#16077=CARTESIAN_POINT('',(-4.16,2.05,0.64));
#16078=CARTESIAN_POINT('',(-4.16,2.05,0.64));
#16079=CARTESIAN_POINT('',(-4.16,3.938117658369,0.64));
#16080=CARTESIAN_POINT('',(-4.16,3.938117658369,0.64));
#16081=CARTESIAN_POINT('',(-3.84,3.938117658369,0.64));
#16082=CARTESIAN_POINT('',(-4.16,3.938117658369,0.64));
#16083=CARTESIAN_POINT('',(-3.84,2.05,0.64));
#16084=CARTESIAN_POINT('',(-3.84,2.05,0.64));
#16085=CARTESIAN_POINT('',(-3.16,2.05,0.64));
#16086=CARTESIAN_POINT('',(-3.16,2.05,0.64));
#16087=CARTESIAN_POINT('',(-3.16,3.938117658369,0.64));
#16088=CARTESIAN_POINT('',(-3.16,3.938117658369,0.64));
#16089=CARTESIAN_POINT('',(-2.84,3.938117658369,0.64));
#16090=CARTESIAN_POINT('',(-3.16,3.938117658369,0.64));
#16091=CARTESIAN_POINT('',(-2.84,2.05,0.64));
#16092=CARTESIAN_POINT('',(-2.84,2.05,0.64));
#16093=CARTESIAN_POINT('',(-2.16,2.05,0.64));
#16094=CARTESIAN_POINT('',(-2.16,2.05,0.64));
#16095=CARTESIAN_POINT('',(-2.16,3.938117658369,0.64));
#16096=CARTESIAN_POINT('',(-2.16,3.938117658369,0.64));
#16097=CARTESIAN_POINT('',(-1.84,3.938117658369,0.64));
#16098=CARTESIAN_POINT('',(-2.16,3.938117658369,0.64));
#16099=CARTESIAN_POINT('',(-1.84,2.05,0.64));
#16100=CARTESIAN_POINT('',(-1.84,2.05,0.64));
#16101=CARTESIAN_POINT('',(-1.16,2.05,0.64));
#16102=CARTESIAN_POINT('',(-1.16,2.05,0.64));
#16103=CARTESIAN_POINT('',(-1.16,3.938117658369,0.64));
#16104=CARTESIAN_POINT('',(-1.16,3.938117658369,0.64));
#16105=CARTESIAN_POINT('',(-0.84,3.938117658369,0.64));
#16106=CARTESIAN_POINT('',(-1.16,3.938117658369,0.64));
#16107=CARTESIAN_POINT('',(-0.84,2.05,0.64));
#16108=CARTESIAN_POINT('',(-0.84,2.05,0.64));
#16109=CARTESIAN_POINT('',(-0.16,2.05,0.64));
#16110=CARTESIAN_POINT('',(-0.16,2.05,0.64));
#16111=CARTESIAN_POINT('',(-0.16,3.938117658369,0.64));
#16112=CARTESIAN_POINT('',(-0.16,3.938117658369,0.64));
#16113=CARTESIAN_POINT('',(0.16,3.938117658369,0.64));
#16114=CARTESIAN_POINT('',(-0.16,3.938117658369,0.64));
#16115=CARTESIAN_POINT('',(0.16,2.05,0.64));
#16116=CARTESIAN_POINT('',(0.16,2.05,0.64));
#16117=CARTESIAN_POINT('',(0.84,2.05,0.64));
#16118=CARTESIAN_POINT('',(0.84,2.05,0.64));
#16119=CARTESIAN_POINT('',(0.84,3.938117658369,0.64));
#16120=CARTESIAN_POINT('',(0.84,3.938117658369,0.64));
#16121=CARTESIAN_POINT('',(1.16,3.938117658369,0.64));
#16122=CARTESIAN_POINT('',(0.84,3.938117658369,0.64));
#16123=CARTESIAN_POINT('',(1.16,2.05,0.64));
#16124=CARTESIAN_POINT('',(1.16,2.05,0.64));
#16125=CARTESIAN_POINT('',(1.84,2.05,0.64));
#16126=CARTESIAN_POINT('',(1.84,2.05,0.64));
#16127=CARTESIAN_POINT('',(1.84,3.938117658369,0.64));
#16128=CARTESIAN_POINT('',(1.84,3.938117658369,0.64));
#16129=CARTESIAN_POINT('',(2.16,3.938117658369,0.64));
#16130=CARTESIAN_POINT('',(1.84,3.938117658369,0.64));
#16131=CARTESIAN_POINT('',(2.16,2.05,0.64));
#16132=CARTESIAN_POINT('',(2.16,2.05,0.64));
#16133=CARTESIAN_POINT('',(2.84,2.05,0.64));
#16134=CARTESIAN_POINT('',(2.84,2.05,0.64));
#16135=CARTESIAN_POINT('',(2.84,3.938117658369,0.64));
#16136=CARTESIAN_POINT('',(2.84,3.938117658369,0.64));
#16137=CARTESIAN_POINT('',(3.16,3.938117658369,0.64));
#16138=CARTESIAN_POINT('',(2.84,3.938117658369,0.64));
#16139=CARTESIAN_POINT('',(3.16,2.05,0.64));
#16140=CARTESIAN_POINT('',(3.16,2.05,0.64));
#16141=CARTESIAN_POINT('',(3.84,2.05,0.64));
#16142=CARTESIAN_POINT('',(3.84,2.05,0.64));
#16143=CARTESIAN_POINT('',(3.84,3.938117658369,0.64));
#16144=CARTESIAN_POINT('',(3.84,3.938117658369,0.64));
#16145=CARTESIAN_POINT('',(4.16,3.938117658369,0.64));
#16146=CARTESIAN_POINT('',(3.84,3.938117658369,0.64));
#16147=CARTESIAN_POINT('',(4.16,2.05,0.64));
#16148=CARTESIAN_POINT('',(4.16,2.05,0.64));
#16149=CARTESIAN_POINT('',(4.84,2.05,0.64));
#16150=CARTESIAN_POINT('',(4.84,2.05,0.64));
#16151=CARTESIAN_POINT('',(4.84,3.938117658369,0.64));
#16152=CARTESIAN_POINT('',(4.84,3.938117658369,0.64));
#16153=CARTESIAN_POINT('',(5.16,3.938117658369,0.64));
#16154=CARTESIAN_POINT('',(4.84,3.938117658369,0.64));
#16155=CARTESIAN_POINT('',(5.16,2.05,0.64));
#16156=CARTESIAN_POINT('',(5.16,2.05,0.64));
#16157=CARTESIAN_POINT('',(5.84,2.05,0.64));
#16158=CARTESIAN_POINT('',(5.84,2.05,0.64));
#16159=CARTESIAN_POINT('',(5.84,3.938117658369,0.64));
#16160=CARTESIAN_POINT('',(5.84,3.938117658369,0.64));
#16161=CARTESIAN_POINT('',(6.16,3.938117658369,0.64));
#16162=CARTESIAN_POINT('',(5.84,3.938117658369,0.64));
#16163=CARTESIAN_POINT('',(6.16,2.05,0.64));
#16164=CARTESIAN_POINT('',(6.16,2.05,0.64));
#16165=CARTESIAN_POINT('',(6.84,2.05,0.64));
#16166=CARTESIAN_POINT('',(6.84,2.05,0.64));
#16167=CARTESIAN_POINT('',(6.84,3.938117658369,0.64));
#16168=CARTESIAN_POINT('',(6.84,3.938117658369,0.64));
#16169=CARTESIAN_POINT('',(7.16,3.938117658369,0.64));
#16170=CARTESIAN_POINT('',(6.84,3.938117658369,0.64));
#16171=CARTESIAN_POINT('',(7.16,2.05,0.64));
#16172=CARTESIAN_POINT('',(7.16,2.05,0.64));
#16173=CARTESIAN_POINT('',(7.925,2.05,0.64));
#16174=CARTESIAN_POINT('',(7.925,2.05,0.64));
#16175=CARTESIAN_POINT('',(7.925,2.05,0.64));
#16176=CARTESIAN_POINT('',(8.575,4.4,0.64));
#16177=CARTESIAN_POINT('',(8.025,4.4,0.64));
#16178=CARTESIAN_POINT('',(8.575,4.4,0.64));
#16179=CARTESIAN_POINT('',(-8.025,4.4,0.64));
#16180=CARTESIAN_POINT('',(-8.575,4.4,0.64));
#16181=CARTESIAN_POINT('',(-8.025,4.4,0.64));
#16182=CARTESIAN_POINT('',(-7.925,2.05,0.64));
#16183=CARTESIAN_POINT('',(-7.925,3.4,0.64));
#16184=CARTESIAN_POINT('',(-7.16,2.05,0.64));
#16185=CARTESIAN_POINT('',(-7.16,2.05,0.64));
#16186=CARTESIAN_POINT('',(-7.16,3.938117658369,0.64));
#16187=CARTESIAN_POINT('',(-7.16,3.938117658369,0.64));
#16188=CARTESIAN_POINT('',(-6.84,3.938117658369,0.64));
#16189=CARTESIAN_POINT('',(-7.16,3.938117658369,0.64));
#16190=CARTESIAN_POINT('',(-6.84,2.05,0.64));
#16191=CARTESIAN_POINT('',(-6.84,2.05,0.64));
#16192=CARTESIAN_POINT('',(-6.16,2.05,0.64));
#16193=CARTESIAN_POINT('Origin',(-6.16,0.,0.));
#16194=CARTESIAN_POINT('',(-6.16,0.65,2.25));
#16195=CARTESIAN_POINT('',(-6.16,0.65,1.8));
#16196=CARTESIAN_POINT('',(-6.16,0.25,0.65));
#16197=CARTESIAN_POINT('',(-6.16,0.25,1.8));
#16198=CARTESIAN_POINT('',(-6.16,-0.05,0.65));
#16199=CARTESIAN_POINT('',(-6.16,-0.05,0.65));
#16200=CARTESIAN_POINT('',(-6.16,-0.05,2.1));
#16201=CARTESIAN_POINT('',(-6.16,-0.05,0.65));
#16202=CARTESIAN_POINT('',(-6.16,0.1,2.25));
#16203=CARTESIAN_POINT('',(-6.16,-0.05,2.1));
#16204=CARTESIAN_POINT('',(-6.16,0.1,2.25));
#16205=CARTESIAN_POINT('Origin',(-6.16,0.,0.));
#16206=CARTESIAN_POINT('',(-6.16,0.65,-2.25));
#16207=CARTESIAN_POINT('',(-6.16,0.65,-2.25));
#16208=CARTESIAN_POINT('',(-6.16,0.09999999999999,-2.25));
#16209=CARTESIAN_POINT('',(-6.16,0.65,-2.25));
#16210=CARTESIAN_POINT('',(-6.16,-0.05,-2.1));
#16211=CARTESIAN_POINT('',(-6.16,0.09999999999999,-2.25));
#16212=CARTESIAN_POINT('',(-6.16,-0.05,-1.2));
#16213=CARTESIAN_POINT('',(-6.16,-0.05,-2.1));
#16214=CARTESIAN_POINT('',(-6.16,0.25,-0.9));
#16215=CARTESIAN_POINT('',(-6.16,0.25,-0.9));
#16216=CARTESIAN_POINT('',(-6.16,0.25,-0.9));
#16217=CARTESIAN_POINT('Origin',(-6.16,0.,0.));
#16218=CARTESIAN_POINT('',(-6.16,0.25,-0.2));
#16219=CARTESIAN_POINT('',(-6.16,0.15,-0.2));
#16220=CARTESIAN_POINT('',(-6.16,0.25,-0.2));
#16221=CARTESIAN_POINT('',(-6.16,0.25,-0.6));
#16222=CARTESIAN_POINT('',(-6.16,0.25,-0.2));
#16223=CARTESIAN_POINT('',(-6.16,0.15,-0.6));
#16224=CARTESIAN_POINT('',(-6.16,0.15,-0.6));
#16225=CARTESIAN_POINT('',(-6.16,0.15,-0.6));
#16226=CARTESIAN_POINT('Origin',(-6.16,0.,0.));
#16227=CARTESIAN_POINT('',(-6.16,4.340697674419,-0.5930232558139));
#16228=CARTESIAN_POINT('',(-6.16,4.03,-0.36));
#16229=CARTESIAN_POINT('',(-6.16,4.340697674419,-0.5930232558139));
#16230=CARTESIAN_POINT('',(-6.16,3.835079196054,-0.5761693065351));
#16231=CARTESIAN_POINT('',(-6.16,3.835079196054,-0.5761693065351));
#16232=CARTESIAN_POINT('',(-6.16,3.872678788881,-0.4170090916605));
#16233=CARTESIAN_POINT('',(-6.16,3.872678788881,-0.4170090916605));
#16234=CARTESIAN_POINT('Origin',(-6.16,3.97,-0.44));
#16235=CARTESIAN_POINT('Origin',(-6.16,0.,0.));
#16236=CARTESIAN_POINT('',(-6.16,1.85,0.64));
#16237=CARTESIAN_POINT('',(-6.16,2.05,0.64));
#16238=CARTESIAN_POINT('',(-6.16,1.85,0.73));
#16239=CARTESIAN_POINT('',(-6.16,1.85,0.73));
#16240=CARTESIAN_POINT('',(-6.16,4.352725907201,0.73));
#16241=CARTESIAN_POINT('',(-6.16,1.85,0.73));
#16242=CARTESIAN_POINT('Origin',(-6.16,3.938117658369,1.64));
#16243=CARTESIAN_POINT('Origin',(-5.84,0.65,1.2));
#16244=CARTESIAN_POINT('',(-5.84,0.65,2.25));
#16245=CARTESIAN_POINT('',(-5.84,0.65,2.25));
#16246=CARTESIAN_POINT('',(-6.16,0.65,2.25));
#16247=CARTESIAN_POINT('Origin',(-5.84,0.,0.));
#16248=CARTESIAN_POINT('',(-5.84,0.1,2.25));
#16249=CARTESIAN_POINT('',(-5.84,0.1,2.25));
#16250=CARTESIAN_POINT('',(-5.84,-0.05,2.1));
#16251=CARTESIAN_POINT('',(-5.84,-0.05,2.1));
#16252=CARTESIAN_POINT('',(-5.84,-0.05,0.65));
#16253=CARTESIAN_POINT('',(-5.84,-0.05,0.65));
#16254=CARTESIAN_POINT('',(-5.84,0.25,0.65));
#16255=CARTESIAN_POINT('',(-5.84,-0.05,0.65));
#16256=CARTESIAN_POINT('',(-5.84,0.25,1.8));
#16257=CARTESIAN_POINT('Origin',(-5.84,0.,0.));
#16258=CARTESIAN_POINT('',(-5.84,0.65,-2.25));
#16259=CARTESIAN_POINT('',(-5.84,0.65,-2.25));
#16260=CARTESIAN_POINT('',(-5.84,0.25,-0.9));
#16261=CARTESIAN_POINT('',(-5.84,0.25,-0.9));
#16262=CARTESIAN_POINT('',(-5.84,-0.05,-1.2));
#16263=CARTESIAN_POINT('',(-5.84,0.25,-0.9));
#16264=CARTESIAN_POINT('',(-5.84,-0.05,-2.1));
#16265=CARTESIAN_POINT('',(-5.84,-0.05,-2.1));
#16266=CARTESIAN_POINT('',(-5.84,0.09999999999999,-2.25));
#16267=CARTESIAN_POINT('',(-5.84,0.09999999999999,-2.25));
#16268=CARTESIAN_POINT('',(-5.84,0.65,-2.25));
#16269=CARTESIAN_POINT('Origin',(-5.84,0.,0.));
#16270=CARTESIAN_POINT('',(-5.84,0.25,-0.2));
#16271=CARTESIAN_POINT('',(-5.84,0.15,-0.2));
#16272=CARTESIAN_POINT('',(-5.84,0.25,-0.2));
#16273=CARTESIAN_POINT('',(-5.84,0.15,-0.6));
#16274=CARTESIAN_POINT('',(-5.84,0.15,-0.6));
#16275=CARTESIAN_POINT('',(-5.84,0.25,-0.6));
#16276=CARTESIAN_POINT('',(-5.84,0.15,-0.6));
#16277=CARTESIAN_POINT('',(-5.84,0.25,-0.2));
#16278=CARTESIAN_POINT('Origin',(-5.84,0.,0.));
#16279=CARTESIAN_POINT('',(-5.84,4.340697674419,-0.5930232558139));
#16280=CARTESIAN_POINT('',(-5.84,4.03,-0.36));
#16281=CARTESIAN_POINT('',(-5.84,4.340697674419,-0.5930232558139));
#16282=CARTESIAN_POINT('',(-5.84,3.872678788881,-0.4170090916605));
#16283=CARTESIAN_POINT('Origin',(-5.84,3.97,-0.44));
#16284=CARTESIAN_POINT('',(-5.84,3.835079196054,-0.5761693065351));
#16285=CARTESIAN_POINT('',(-5.84,3.872678788881,-0.4170090916605));
#16286=CARTESIAN_POINT('',(-5.84,3.835079196054,-0.5761693065351));
#16287=CARTESIAN_POINT('Origin',(-5.84,0.,0.));
#16288=CARTESIAN_POINT('',(-5.84,1.85,0.64));
#16289=CARTESIAN_POINT('',(-5.84,2.05,0.64));
#16290=CARTESIAN_POINT('',(-5.84,4.352725907201,0.73));
#16291=CARTESIAN_POINT('Origin',(-5.84,3.938117658369,1.64));
#16292=CARTESIAN_POINT('',(-5.84,1.85,0.73));
#16293=CARTESIAN_POINT('',(-5.84,1.85,0.73));
#16294=CARTESIAN_POINT('',(-5.84,1.85,0.73));
#16295=CARTESIAN_POINT('Origin',(-9.925,0.25,0.8));
#16296=CARTESIAN_POINT('',(7.16,0.25,0.65));
#16297=CARTESIAN_POINT('',(7.16,0.25,1.8));
#16298=CARTESIAN_POINT('',(6.84,0.25,0.65));
#16299=CARTESIAN_POINT('',(6.84,0.25,0.65));
#16300=CARTESIAN_POINT('',(6.84,0.25,1.8));
#16301=CARTESIAN_POINT('',(6.16,0.25,0.65));
#16302=CARTESIAN_POINT('',(6.16,0.25,1.8));
#16303=CARTESIAN_POINT('',(5.84,0.25,0.65));
#16304=CARTESIAN_POINT('',(5.84,0.25,0.65));
#16305=CARTESIAN_POINT('',(5.84,0.25,1.8));
#16306=CARTESIAN_POINT('',(5.16,0.25,0.65));
#16307=CARTESIAN_POINT('',(5.16,0.25,1.8));
#16308=CARTESIAN_POINT('',(4.84,0.25,0.65));
#16309=CARTESIAN_POINT('',(4.84,0.25,0.65));
#16310=CARTESIAN_POINT('',(4.84,0.25,1.8));
#16311=CARTESIAN_POINT('',(4.16,0.25,0.65));
#16312=CARTESIAN_POINT('',(4.16,0.25,1.8));
#16313=CARTESIAN_POINT('',(3.84,0.25,0.65));
#16314=CARTESIAN_POINT('',(3.84,0.25,0.65));
#16315=CARTESIAN_POINT('',(3.84,0.25,1.8));
#16316=CARTESIAN_POINT('',(3.16,0.25,0.65));
#16317=CARTESIAN_POINT('',(3.16,0.25,1.8));
#16318=CARTESIAN_POINT('',(2.84,0.25,0.65));
#16319=CARTESIAN_POINT('',(2.84,0.25,0.65));
#16320=CARTESIAN_POINT('',(2.84,0.25,1.8));
#16321=CARTESIAN_POINT('',(2.16,0.25,0.65));
#16322=CARTESIAN_POINT('',(2.16,0.25,1.8));
#16323=CARTESIAN_POINT('',(1.84,0.25,0.65));
#16324=CARTESIAN_POINT('',(1.84,0.25,0.65));
#16325=CARTESIAN_POINT('',(1.84,0.25,1.8));
#16326=CARTESIAN_POINT('',(1.16,0.25,0.65));
#16327=CARTESIAN_POINT('',(1.16,0.25,1.8));
#16328=CARTESIAN_POINT('',(0.84,0.25,0.65));
#16329=CARTESIAN_POINT('',(0.84,0.25,0.65));
#16330=CARTESIAN_POINT('',(0.84,0.25,1.8));
#16331=CARTESIAN_POINT('',(0.16,0.25,0.65));
#16332=CARTESIAN_POINT('',(0.16,0.25,1.8));
#16333=CARTESIAN_POINT('',(-0.16,0.25,0.65));
#16334=CARTESIAN_POINT('',(-0.16,0.25,0.65));
#16335=CARTESIAN_POINT('',(-0.16,0.25,1.8));
#16336=CARTESIAN_POINT('',(-0.84,0.25,0.65));
#16337=CARTESIAN_POINT('',(-0.84,0.25,1.8));
#16338=CARTESIAN_POINT('',(-1.16,0.25,0.65));
#16339=CARTESIAN_POINT('',(-1.16,0.25,0.65));
#16340=CARTESIAN_POINT('',(-1.16,0.25,1.8));
#16341=CARTESIAN_POINT('',(-1.84,0.25,0.65));
#16342=CARTESIAN_POINT('',(-1.84,0.25,1.8));
#16343=CARTESIAN_POINT('',(-2.16,0.25,0.65));
#16344=CARTESIAN_POINT('',(-2.16,0.25,0.65));
#16345=CARTESIAN_POINT('',(-2.16,0.25,1.8));
#16346=CARTESIAN_POINT('',(-2.84,0.25,0.65));
#16347=CARTESIAN_POINT('',(-2.84,0.25,1.8));
#16348=CARTESIAN_POINT('',(-3.16,0.25,0.65));
#16349=CARTESIAN_POINT('',(-3.16,0.25,0.65));
#16350=CARTESIAN_POINT('',(-3.16,0.25,1.8));
#16351=CARTESIAN_POINT('',(-3.84,0.25,0.65));
#16352=CARTESIAN_POINT('',(-3.84,0.25,1.8));
#16353=CARTESIAN_POINT('',(-4.16,0.25,0.65));
#16354=CARTESIAN_POINT('',(-4.16,0.25,0.65));
#16355=CARTESIAN_POINT('',(-4.16,0.25,1.8));
#16356=CARTESIAN_POINT('',(-4.84,0.25,0.65));
#16357=CARTESIAN_POINT('',(-4.84,0.25,1.8));
#16358=CARTESIAN_POINT('',(-5.16,0.25,0.65));
#16359=CARTESIAN_POINT('',(-5.16,0.25,0.65));
#16360=CARTESIAN_POINT('',(-5.16,0.25,1.8));
#16361=CARTESIAN_POINT('',(-6.16,0.25,0.65));
#16362=CARTESIAN_POINT('',(-6.84,0.25,0.65));
#16363=CARTESIAN_POINT('',(-6.84,0.25,1.8));
#16364=CARTESIAN_POINT('',(-7.16,0.25,0.65));
#16365=CARTESIAN_POINT('',(-7.16,0.25,0.65));
#16366=CARTESIAN_POINT('',(-7.16,0.25,1.8));
#16367=CARTESIAN_POINT('',(-8.,0.25,0.8));
#16368=CARTESIAN_POINT('',(-8.,0.25,1.8));
#16369=CARTESIAN_POINT('',(-8.575,0.25,0.8));
#16370=CARTESIAN_POINT('',(-8.,0.25,-0.8));
#16371=CARTESIAN_POINT('',(-7.16,0.25,-0.9));
#16372=CARTESIAN_POINT('',(-7.16,0.25,-0.9));
#16373=CARTESIAN_POINT('',(-6.84,0.25,-0.9));
#16374=CARTESIAN_POINT('',(-7.16,0.25,-0.9));
#16375=CARTESIAN_POINT('',(-6.84,0.25,-0.9));
#16376=CARTESIAN_POINT('',(-6.16,0.25,-0.9));
#16377=CARTESIAN_POINT('',(-5.16,0.25,-0.9));
#16378=CARTESIAN_POINT('',(-5.16,0.25,-0.9));
#16379=CARTESIAN_POINT('',(-4.84,0.25,-0.9));
#16380=CARTESIAN_POINT('',(-5.16,0.25,-0.9));
#16381=CARTESIAN_POINT('',(-4.84,0.25,-0.9));
#16382=CARTESIAN_POINT('',(-4.16,0.25,-0.9));
#16383=CARTESIAN_POINT('',(-4.16,0.25,-0.9));
#16384=CARTESIAN_POINT('',(-3.84,0.25,-0.9));
#16385=CARTESIAN_POINT('',(-4.16,0.25,-0.9));
#16386=CARTESIAN_POINT('',(-3.84,0.25,-0.9));
#16387=CARTESIAN_POINT('',(-3.16,0.25,-0.9));
#16388=CARTESIAN_POINT('',(-3.16,0.25,-0.9));
#16389=CARTESIAN_POINT('',(-2.84,0.25,-0.9));
#16390=CARTESIAN_POINT('',(-3.16,0.25,-0.9));
#16391=CARTESIAN_POINT('',(-2.84,0.25,-0.9));
#16392=CARTESIAN_POINT('',(-2.16,0.25,-0.9));
#16393=CARTESIAN_POINT('',(-2.16,0.25,-0.9));
#16394=CARTESIAN_POINT('',(-1.84,0.25,-0.9));
#16395=CARTESIAN_POINT('',(-2.16,0.25,-0.9));
#16396=CARTESIAN_POINT('',(-1.84,0.25,-0.9));
#16397=CARTESIAN_POINT('',(-1.16,0.25,-0.9));
#16398=CARTESIAN_POINT('',(-1.16,0.25,-0.9));
#16399=CARTESIAN_POINT('',(-0.84,0.25,-0.9));
#16400=CARTESIAN_POINT('',(-1.16,0.25,-0.9));
#16401=CARTESIAN_POINT('',(-0.84,0.25,-0.9));
#16402=CARTESIAN_POINT('',(-0.16,0.25,-0.9));
#16403=CARTESIAN_POINT('',(-0.16,0.25,-0.9));
#16404=CARTESIAN_POINT('',(0.16,0.25,-0.9));
#16405=CARTESIAN_POINT('',(-0.16,0.25,-0.9));
#16406=CARTESIAN_POINT('',(0.16,0.25,-0.9));
#16407=CARTESIAN_POINT('',(0.84,0.25,-0.9));
#16408=CARTESIAN_POINT('',(0.84,0.25,-0.9));
#16409=CARTESIAN_POINT('',(1.16,0.25,-0.9));
#16410=CARTESIAN_POINT('',(0.84,0.25,-0.9));
#16411=CARTESIAN_POINT('',(1.16,0.25,-0.9));
#16412=CARTESIAN_POINT('',(1.84,0.25,-0.9));
#16413=CARTESIAN_POINT('',(1.84,0.25,-0.9));
#16414=CARTESIAN_POINT('',(2.16,0.25,-0.9));
#16415=CARTESIAN_POINT('',(1.84,0.25,-0.9));
#16416=CARTESIAN_POINT('',(2.16,0.25,-0.9));
#16417=CARTESIAN_POINT('',(2.84,0.25,-0.9));
#16418=CARTESIAN_POINT('',(2.84,0.25,-0.9));
#16419=CARTESIAN_POINT('',(3.16,0.25,-0.9));
#16420=CARTESIAN_POINT('',(2.84,0.25,-0.9));
#16421=CARTESIAN_POINT('',(3.16,0.25,-0.9));
#16422=CARTESIAN_POINT('',(3.84,0.25,-0.9));
#16423=CARTESIAN_POINT('',(3.84,0.25,-0.9));
#16424=CARTESIAN_POINT('',(4.16,0.25,-0.9));
#16425=CARTESIAN_POINT('',(3.84,0.25,-0.9));
#16426=CARTESIAN_POINT('',(4.16,0.25,-0.9));
#16427=CARTESIAN_POINT('',(4.84,0.25,-0.9));
#16428=CARTESIAN_POINT('',(4.84,0.25,-0.9));
#16429=CARTESIAN_POINT('',(5.16,0.25,-0.9));
#16430=CARTESIAN_POINT('',(4.84,0.25,-0.9));
#16431=CARTESIAN_POINT('',(5.16,0.25,-0.9));
#16432=CARTESIAN_POINT('',(5.84,0.25,-0.9));
#16433=CARTESIAN_POINT('',(5.84,0.25,-0.9));
#16434=CARTESIAN_POINT('',(6.16,0.25,-0.9));
#16435=CARTESIAN_POINT('',(5.84,0.25,-0.9));
#16436=CARTESIAN_POINT('',(6.16,0.25,-0.9));
#16437=CARTESIAN_POINT('',(6.84,0.25,-0.9));
#16438=CARTESIAN_POINT('',(6.84,0.25,-0.9));
#16439=CARTESIAN_POINT('',(7.16,0.25,-0.9));
#16440=CARTESIAN_POINT('',(6.84,0.25,-0.9));
#16441=CARTESIAN_POINT('',(7.16,0.25,-0.9));
#16442=CARTESIAN_POINT('',(8.,0.25,-0.8));
#16443=CARTESIAN_POINT('',(8.575,0.25,0.8));
#16444=CARTESIAN_POINT('',(8.575,0.25,0.8));
#16445=CARTESIAN_POINT('',(8.,0.25,0.8));
#16446=CARTESIAN_POINT('',(8.,0.25,0.8));
#16447=CARTESIAN_POINT('',(8.,0.25,1.8));
#16448=CARTESIAN_POINT('',(-6.16,0.25,-0.6));
#16449=CARTESIAN_POINT('',(-6.16,0.25,-0.2));
#16450=CARTESIAN_POINT('',(-4.84,0.25,-0.2));
#16451=CARTESIAN_POINT('',(-4.84,0.25,-0.6));
#16452=CARTESIAN_POINT('',(-4.84,0.25,-0.2));
#16453=CARTESIAN_POINT('',(-5.16,0.25,-0.6));
#16454=CARTESIAN_POINT('',(-5.16,0.25,-0.6));
#16455=CARTESIAN_POINT('',(-5.16,0.25,-0.2));
#16456=CARTESIAN_POINT('',(-5.16,0.25,-0.2));
#16457=CARTESIAN_POINT('',(-5.16,0.25,-0.2));
#16458=CARTESIAN_POINT('',(-3.84,0.25,-0.2));
#16459=CARTESIAN_POINT('',(-3.84,0.25,-0.6));
#16460=CARTESIAN_POINT('',(-3.84,0.25,-0.2));
#16461=CARTESIAN_POINT('',(-4.16,0.25,-0.6));
#16462=CARTESIAN_POINT('',(-4.16,0.25,-0.6));
#16463=CARTESIAN_POINT('',(-4.16,0.25,-0.2));
#16464=CARTESIAN_POINT('',(-4.16,0.25,-0.2));
#16465=CARTESIAN_POINT('',(-4.16,0.25,-0.2));
#16466=CARTESIAN_POINT('',(-2.84,0.25,-0.2));
#16467=CARTESIAN_POINT('',(-2.84,0.25,-0.6));
#16468=CARTESIAN_POINT('',(-2.84,0.25,-0.2));
#16469=CARTESIAN_POINT('',(-3.16,0.25,-0.6));
#16470=CARTESIAN_POINT('',(-3.16,0.25,-0.6));
#16471=CARTESIAN_POINT('',(-3.16,0.25,-0.2));
#16472=CARTESIAN_POINT('',(-3.16,0.25,-0.2));
#16473=CARTESIAN_POINT('',(-3.16,0.25,-0.2));
#16474=CARTESIAN_POINT('',(-1.84,0.25,-0.2));
#16475=CARTESIAN_POINT('',(-1.84,0.25,-0.6));
#16476=CARTESIAN_POINT('',(-1.84,0.25,-0.2));
#16477=CARTESIAN_POINT('',(-2.16,0.25,-0.6));
#16478=CARTESIAN_POINT('',(-2.16,0.25,-0.6));
#16479=CARTESIAN_POINT('',(-2.16,0.25,-0.2));
#16480=CARTESIAN_POINT('',(-2.16,0.25,-0.2));
#16481=CARTESIAN_POINT('',(-2.16,0.25,-0.2));
#16482=CARTESIAN_POINT('',(-0.84,0.25,-0.2));
#16483=CARTESIAN_POINT('',(-0.84,0.25,-0.6));
#16484=CARTESIAN_POINT('',(-0.84,0.25,-0.2));
#16485=CARTESIAN_POINT('',(-1.16,0.25,-0.6));
#16486=CARTESIAN_POINT('',(-1.16,0.25,-0.6));
#16487=CARTESIAN_POINT('',(-1.16,0.25,-0.2));
#16488=CARTESIAN_POINT('',(-1.16,0.25,-0.2));
#16489=CARTESIAN_POINT('',(-1.16,0.25,-0.2));
#16490=CARTESIAN_POINT('',(0.16,0.25,-0.2));
#16491=CARTESIAN_POINT('',(0.16,0.25,-0.6));
#16492=CARTESIAN_POINT('',(0.16,0.25,-0.2));
#16493=CARTESIAN_POINT('',(-0.16,0.25,-0.6));
#16494=CARTESIAN_POINT('',(-0.16,0.25,-0.6));
#16495=CARTESIAN_POINT('',(-0.16,0.25,-0.2));
#16496=CARTESIAN_POINT('',(-0.16,0.25,-0.2));
#16497=CARTESIAN_POINT('',(-0.16,0.25,-0.2));
#16498=CARTESIAN_POINT('',(1.16,0.25,-0.2));
#16499=CARTESIAN_POINT('',(1.16,0.25,-0.6));
#16500=CARTESIAN_POINT('',(1.16,0.25,-0.2));
#16501=CARTESIAN_POINT('',(0.84,0.25,-0.6));
#16502=CARTESIAN_POINT('',(0.84,0.25,-0.6));
#16503=CARTESIAN_POINT('',(0.84,0.25,-0.2));
#16504=CARTESIAN_POINT('',(0.84,0.25,-0.2));
#16505=CARTESIAN_POINT('',(0.84,0.25,-0.2));
#16506=CARTESIAN_POINT('',(2.16,0.25,-0.2));
#16507=CARTESIAN_POINT('',(2.16,0.25,-0.6));
#16508=CARTESIAN_POINT('',(2.16,0.25,-0.2));
#16509=CARTESIAN_POINT('',(1.84,0.25,-0.6));
#16510=CARTESIAN_POINT('',(1.84,0.25,-0.6));
#16511=CARTESIAN_POINT('',(1.84,0.25,-0.2));
#16512=CARTESIAN_POINT('',(1.84,0.25,-0.2));
#16513=CARTESIAN_POINT('',(1.84,0.25,-0.2));
#16514=CARTESIAN_POINT('',(3.16,0.25,-0.2));
#16515=CARTESIAN_POINT('',(3.16,0.25,-0.6));
#16516=CARTESIAN_POINT('',(3.16,0.25,-0.2));
#16517=CARTESIAN_POINT('',(2.84,0.25,-0.6));
#16518=CARTESIAN_POINT('',(2.84,0.25,-0.6));
#16519=CARTESIAN_POINT('',(2.84,0.25,-0.2));
#16520=CARTESIAN_POINT('',(2.84,0.25,-0.2));
#16521=CARTESIAN_POINT('',(2.84,0.25,-0.2));
#16522=CARTESIAN_POINT('',(4.16,0.25,-0.2));
#16523=CARTESIAN_POINT('',(4.16,0.25,-0.6));
#16524=CARTESIAN_POINT('',(4.16,0.25,-0.2));
#16525=CARTESIAN_POINT('',(3.84,0.25,-0.6));
#16526=CARTESIAN_POINT('',(3.84,0.25,-0.6));
#16527=CARTESIAN_POINT('',(3.84,0.25,-0.2));
#16528=CARTESIAN_POINT('',(3.84,0.25,-0.2));
#16529=CARTESIAN_POINT('',(3.84,0.25,-0.2));
#16530=CARTESIAN_POINT('',(5.16,0.25,-0.2));
#16531=CARTESIAN_POINT('',(5.16,0.25,-0.6));
#16532=CARTESIAN_POINT('',(5.16,0.25,-0.2));
#16533=CARTESIAN_POINT('',(4.84,0.25,-0.6));
#16534=CARTESIAN_POINT('',(4.84,0.25,-0.6));
#16535=CARTESIAN_POINT('',(4.84,0.25,-0.2));
#16536=CARTESIAN_POINT('',(4.84,0.25,-0.2));
#16537=CARTESIAN_POINT('',(4.84,0.25,-0.2));
#16538=CARTESIAN_POINT('',(6.16,0.25,-0.2));
#16539=CARTESIAN_POINT('',(6.16,0.25,-0.6));
#16540=CARTESIAN_POINT('',(6.16,0.25,-0.2));
#16541=CARTESIAN_POINT('',(5.84,0.25,-0.6));
#16542=CARTESIAN_POINT('',(5.84,0.25,-0.6));
#16543=CARTESIAN_POINT('',(5.84,0.25,-0.2));
#16544=CARTESIAN_POINT('',(5.84,0.25,-0.2));
#16545=CARTESIAN_POINT('',(5.84,0.25,-0.2));
#16546=CARTESIAN_POINT('',(-6.84,0.25,-0.2));
#16547=CARTESIAN_POINT('',(-6.84,0.25,-0.6));
#16548=CARTESIAN_POINT('',(-6.84,0.25,-0.2));
#16549=CARTESIAN_POINT('',(-7.16,0.25,-0.6));
#16550=CARTESIAN_POINT('',(-7.16,0.25,-0.6));
#16551=CARTESIAN_POINT('',(-7.16,0.25,-0.2));
#16552=CARTESIAN_POINT('',(-7.16,0.25,-0.2));
#16553=CARTESIAN_POINT('',(-7.16,0.25,-0.2));
#16554=CARTESIAN_POINT('',(7.16,0.25,-0.2));
#16555=CARTESIAN_POINT('',(7.16,0.25,-0.6));
#16556=CARTESIAN_POINT('',(7.16,0.25,-0.2));
#16557=CARTESIAN_POINT('',(6.84,0.25,-0.6));
#16558=CARTESIAN_POINT('',(6.84,0.25,-0.6));
#16559=CARTESIAN_POINT('',(6.84,0.25,-0.2));
#16560=CARTESIAN_POINT('',(6.84,0.25,-0.2));
#16561=CARTESIAN_POINT('',(6.84,0.25,-0.2));
#16562=CARTESIAN_POINT('Origin',(-6.84,0.,0.));
#16563=CARTESIAN_POINT('',(-6.84,0.65,2.25));
#16564=CARTESIAN_POINT('',(-6.84,0.65,2.25));
#16565=CARTESIAN_POINT('',(-6.84,0.1,2.25));
#16566=CARTESIAN_POINT('',(-6.84,0.1,2.25));
#16567=CARTESIAN_POINT('',(-6.84,-0.05,2.1));
#16568=CARTESIAN_POINT('',(-6.84,-0.05,2.1));
#16569=CARTESIAN_POINT('',(-6.84,-0.05,0.65));
#16570=CARTESIAN_POINT('',(-6.84,-0.05,0.65));
#16571=CARTESIAN_POINT('',(-6.84,-0.05,0.65));
#16572=CARTESIAN_POINT('Origin',(-6.84,0.,0.));
#16573=CARTESIAN_POINT('',(-6.84,0.65,-2.25));
#16574=CARTESIAN_POINT('',(-6.84,0.65,-2.25));
#16575=CARTESIAN_POINT('',(-6.84,-0.05,-1.2));
#16576=CARTESIAN_POINT('',(-6.84,0.25,-0.9));
#16577=CARTESIAN_POINT('',(-6.84,-0.05,-2.1));
#16578=CARTESIAN_POINT('',(-6.84,-0.05,-2.1));
#16579=CARTESIAN_POINT('',(-6.84,0.09999999999999,-2.25));
#16580=CARTESIAN_POINT('',(-6.84,0.09999999999999,-2.25));
#16581=CARTESIAN_POINT('',(-6.84,0.65,-2.25));
#16582=CARTESIAN_POINT('Origin',(-6.84,0.,0.));
#16583=CARTESIAN_POINT('',(-6.84,0.15,-0.2));
#16584=CARTESIAN_POINT('',(-6.84,0.25,-0.2));
#16585=CARTESIAN_POINT('',(-6.84,0.15,-0.6));
#16586=CARTESIAN_POINT('',(-6.84,0.15,-0.6));
#16587=CARTESIAN_POINT('',(-6.84,0.15,-0.6));
#16588=CARTESIAN_POINT('Origin',(-6.84,0.,0.));
#16589=CARTESIAN_POINT('',(-6.84,3.835079196054,-0.5761693065351));
#16590=CARTESIAN_POINT('',(-6.84,4.340697674419,-0.5930232558139));
#16591=CARTESIAN_POINT('',(-6.84,3.835079196054,-0.5761693065351));
#16592=CARTESIAN_POINT('',(-6.84,4.03,-0.36));
#16593=CARTESIAN_POINT('',(-6.84,4.340697674419,-0.5930232558139));
#16594=CARTESIAN_POINT('',(-6.84,3.872678788881,-0.4170090916605));
#16595=CARTESIAN_POINT('Origin',(-6.84,3.97,-0.44));
#16596=CARTESIAN_POINT('',(-6.84,3.872678788881,-0.4170090916605));
#16597=CARTESIAN_POINT('Origin',(-6.84,0.,0.));
#16598=CARTESIAN_POINT('',(-6.84,1.85,0.64));
#16599=CARTESIAN_POINT('',(-6.84,2.05,0.64));
#16600=CARTESIAN_POINT('',(-6.84,4.352725907201,0.73));
#16601=CARTESIAN_POINT('Origin',(-6.84,3.938117658369,1.64));
#16602=CARTESIAN_POINT('',(-6.84,1.85,0.73));
#16603=CARTESIAN_POINT('',(-6.84,1.85,0.73));
#16604=CARTESIAN_POINT('',(-6.84,1.85,0.73));
#16605=CARTESIAN_POINT('Origin',(-6.84,0.65,1.2));
#16606=CARTESIAN_POINT('',(-7.16,0.65,2.25));
#16607=CARTESIAN_POINT('',(-7.16,0.65,1.8));
#16608=CARTESIAN_POINT('',(-7.16,0.65,2.25));
#16609=CARTESIAN_POINT('Origin',(-6.84,0.65,2.25));
#16610=CARTESIAN_POINT('',(-7.16,0.1,2.25));
#16611=CARTESIAN_POINT('',(-7.16,0.1,2.25));
#16612=CARTESIAN_POINT('',(-7.16,0.1,2.25));
#16613=CARTESIAN_POINT('Origin',(-6.84,0.1,2.25));
#16614=CARTESIAN_POINT('',(-7.16,-0.05,2.1));
#16615=CARTESIAN_POINT('',(-7.16,-0.05,2.1));
#16616=CARTESIAN_POINT('',(-7.16,-0.05,2.1));
#16617=CARTESIAN_POINT('Origin',(-6.84,-0.05,2.1));
#16618=CARTESIAN_POINT('',(-7.16,-0.05,0.65));
#16619=CARTESIAN_POINT('',(-7.16,-0.05,0.65));
#16620=CARTESIAN_POINT('',(-7.16,-0.05,0.65));
#16621=CARTESIAN_POINT('Origin',(-6.84,-0.05,0.65));
#16622=CARTESIAN_POINT('',(-7.16,-0.05,0.65));
#16623=CARTESIAN_POINT('Origin',(-7.16,0.,0.));
#16624=CARTESIAN_POINT('Origin',(-7.16,0.,0.));
#16625=CARTESIAN_POINT('',(-7.16,0.65,-2.25));
#16626=CARTESIAN_POINT('',(-7.16,0.65,-2.25));
#16627=CARTESIAN_POINT('',(-7.16,0.09999999999999,-2.25));
#16628=CARTESIAN_POINT('',(-7.16,0.65,-2.25));
#16629=CARTESIAN_POINT('',(-7.16,-0.05,-2.1));
#16630=CARTESIAN_POINT('',(-7.16,0.09999999999999,-2.25));
#16631=CARTESIAN_POINT('',(-7.16,-0.05,-1.2));
#16632=CARTESIAN_POINT('',(-7.16,-0.05,-2.1));
#16633=CARTESIAN_POINT('',(-7.16,0.25,-0.9));
#16634=CARTESIAN_POINT('Origin',(-7.16,0.,0.));
#16635=CARTESIAN_POINT('',(-7.16,0.15,-0.6));
#16636=CARTESIAN_POINT('',(-7.16,0.15,-0.6));
#16637=CARTESIAN_POINT('',(-7.16,0.15,-0.2));
#16638=CARTESIAN_POINT('',(-7.16,0.15,-0.6));
#16639=CARTESIAN_POINT('',(-7.16,0.25,-0.2));
#16640=CARTESIAN_POINT('Origin',(-7.16,0.,0.));
#16641=CARTESIAN_POINT('',(-7.16,3.835079196054,-0.5761693065351));
#16642=CARTESIAN_POINT('',(-7.16,4.340697674419,-0.5930232558139));
#16643=CARTESIAN_POINT('',(-7.16,3.835079196054,-0.5761693065351));
#16644=CARTESIAN_POINT('',(-7.16,3.872678788881,-0.4170090916605));
#16645=CARTESIAN_POINT('',(-7.16,3.872678788881,-0.4170090916605));
#16646=CARTESIAN_POINT('',(-7.16,4.03,-0.36));
#16647=CARTESIAN_POINT('Origin',(-7.16,3.97,-0.44));
#16648=CARTESIAN_POINT('',(-7.16,4.340697674419,-0.5930232558139));
#16649=CARTESIAN_POINT('Origin',(-7.16,0.,0.));
#16650=CARTESIAN_POINT('',(-7.16,1.85,0.64));
#16651=CARTESIAN_POINT('',(-7.16,2.05,0.64));
#16652=CARTESIAN_POINT('',(-7.16,1.85,0.73));
#16653=CARTESIAN_POINT('',(-7.16,1.85,0.73));
#16654=CARTESIAN_POINT('',(-7.16,4.352725907201,0.73));
#16655=CARTESIAN_POINT('',(-7.16,1.85,0.73));
#16656=CARTESIAN_POINT('Origin',(-7.16,3.938117658369,1.64));
#16657=CARTESIAN_POINT('Origin',(-6.84,0.65,-2.25));
#16658=CARTESIAN_POINT('',(-7.16,0.65,-2.25));
#16659=CARTESIAN_POINT('Origin',(-6.84,0.09999999999999,-2.25));
#16660=CARTESIAN_POINT('',(-7.16,0.09999999999999,-2.25));
#16661=CARTESIAN_POINT('Origin',(-6.84,-0.05,-2.1));
#16662=CARTESIAN_POINT('',(-7.16,-0.05,-2.1));
#16663=CARTESIAN_POINT('Origin',(-6.84,-0.05,-1.2));
#16664=CARTESIAN_POINT('',(-7.16,-0.05,-1.2));
#16665=CARTESIAN_POINT('Origin',(-6.84,0.25,-0.9));
#16666=CARTESIAN_POINT('Origin',(-6.84,0.25,-0.2));
#16667=CARTESIAN_POINT('',(-7.16,0.15,-0.2));
#16668=CARTESIAN_POINT('Origin',(-6.84,0.15,-0.2));
#16669=CARTESIAN_POINT('',(-7.16,0.15,-0.6));
#16670=CARTESIAN_POINT('Origin',(-6.84,0.15,-0.6));
#16671=CARTESIAN_POINT('Origin',(8.025,1.55,-0.5));
#16672=CARTESIAN_POINT('',(-8.025,1.55,-0.5));
#16673=CARTESIAN_POINT('',(-8.025,1.55,-0.5));
#16674=CARTESIAN_POINT('',(8.025,1.55,-0.5));
#16675=CARTESIAN_POINT('',(-7.16,3.835079196054,-0.5761693065351));
#16676=CARTESIAN_POINT('',(-7.16,4.340697674419,-0.5930232558139));
#16677=CARTESIAN_POINT('',(-6.16,3.835079196054,-0.5761693065351));
#16678=CARTESIAN_POINT('',(-6.16,4.340697674419,-0.5930232558139));
#16679=CARTESIAN_POINT('',(-4.84,3.835079196054,-0.5761693065351));
#16680=CARTESIAN_POINT('',(-4.84,4.340697674419,-0.5930232558139));
#16681=CARTESIAN_POINT('',(-4.84,3.835079196054,-0.5761693065351));
#16682=CARTESIAN_POINT('',(-5.16,3.835079196054,-0.5761693065351));
#16683=CARTESIAN_POINT('',(-5.16,3.835079196054,-0.5761693065351));
#16684=CARTESIAN_POINT('',(-5.16,4.340697674419,-0.5930232558139));
#16685=CARTESIAN_POINT('',(-5.16,3.835079196054,-0.5761693065351));
#16686=CARTESIAN_POINT('',(-5.16,4.340697674419,-0.5930232558139));
#16687=CARTESIAN_POINT('',(-3.84,3.835079196054,-0.5761693065351));
#16688=CARTESIAN_POINT('',(-3.84,4.340697674419,-0.5930232558139));
#16689=CARTESIAN_POINT('',(-3.84,3.835079196054,-0.5761693065351));
#16690=CARTESIAN_POINT('',(-4.16,3.835079196054,-0.5761693065351));
#16691=CARTESIAN_POINT('',(-4.16,3.835079196054,-0.5761693065351));
#16692=CARTESIAN_POINT('',(-4.16,4.340697674419,-0.5930232558139));
#16693=CARTESIAN_POINT('',(-4.16,3.835079196054,-0.5761693065351));
#16694=CARTESIAN_POINT('',(-4.16,4.340697674419,-0.5930232558139));
#16695=CARTESIAN_POINT('',(-2.84,3.835079196054,-0.5761693065351));
#16696=CARTESIAN_POINT('',(-2.84,4.340697674419,-0.5930232558139));
#16697=CARTESIAN_POINT('',(-2.84,3.835079196054,-0.5761693065351));
#16698=CARTESIAN_POINT('',(-3.16,3.835079196054,-0.5761693065351));
#16699=CARTESIAN_POINT('',(-3.16,3.835079196054,-0.5761693065351));
#16700=CARTESIAN_POINT('',(-3.16,4.340697674419,-0.5930232558139));
#16701=CARTESIAN_POINT('',(-3.16,3.835079196054,-0.5761693065351));
#16702=CARTESIAN_POINT('',(-3.16,4.340697674419,-0.5930232558139));
#16703=CARTESIAN_POINT('',(-1.84,3.835079196054,-0.5761693065351));
#16704=CARTESIAN_POINT('',(-1.84,4.340697674419,-0.5930232558139));
#16705=CARTESIAN_POINT('',(-1.84,3.835079196054,-0.5761693065351));
#16706=CARTESIAN_POINT('',(-2.16,3.835079196054,-0.5761693065351));
#16707=CARTESIAN_POINT('',(-2.16,3.835079196054,-0.5761693065351));
#16708=CARTESIAN_POINT('',(-2.16,4.340697674419,-0.5930232558139));
#16709=CARTESIAN_POINT('',(-2.16,3.835079196054,-0.5761693065351));
#16710=CARTESIAN_POINT('',(-2.16,4.340697674419,-0.5930232558139));
#16711=CARTESIAN_POINT('',(-0.84,3.835079196054,-0.5761693065351));
#16712=CARTESIAN_POINT('',(-0.84,4.340697674419,-0.5930232558139));
#16713=CARTESIAN_POINT('',(-0.84,3.835079196054,-0.5761693065351));
#16714=CARTESIAN_POINT('',(-1.16,3.835079196054,-0.5761693065351));
#16715=CARTESIAN_POINT('',(-1.16,3.835079196054,-0.5761693065351));
#16716=CARTESIAN_POINT('',(-1.16,4.340697674419,-0.5930232558139));
#16717=CARTESIAN_POINT('',(-1.16,3.835079196054,-0.5761693065351));
#16718=CARTESIAN_POINT('',(-1.16,4.340697674419,-0.5930232558139));
#16719=CARTESIAN_POINT('',(0.16,3.835079196054,-0.5761693065351));
#16720=CARTESIAN_POINT('',(0.16,4.340697674419,-0.5930232558139));
#16721=CARTESIAN_POINT('',(0.16,3.835079196054,-0.5761693065351));
#16722=CARTESIAN_POINT('',(-0.16,3.835079196054,-0.5761693065351));
#16723=CARTESIAN_POINT('',(-0.16,3.835079196054,-0.5761693065351));
#16724=CARTESIAN_POINT('',(-0.16,4.340697674419,-0.5930232558139));
#16725=CARTESIAN_POINT('',(-0.16,3.835079196054,-0.5761693065351));
#16726=CARTESIAN_POINT('',(-0.16,4.340697674419,-0.5930232558139));
#16727=CARTESIAN_POINT('',(1.16,3.835079196054,-0.5761693065351));
#16728=CARTESIAN_POINT('',(1.16,4.340697674419,-0.5930232558139));
#16729=CARTESIAN_POINT('',(1.16,3.835079196054,-0.5761693065351));
#16730=CARTESIAN_POINT('',(0.84,3.835079196054,-0.5761693065351));
#16731=CARTESIAN_POINT('',(0.84,3.835079196054,-0.5761693065351));
#16732=CARTESIAN_POINT('',(0.84,4.340697674419,-0.5930232558139));
#16733=CARTESIAN_POINT('',(0.84,3.835079196054,-0.5761693065351));
#16734=CARTESIAN_POINT('',(0.84,4.340697674419,-0.5930232558139));
#16735=CARTESIAN_POINT('',(2.16,3.835079196054,-0.5761693065351));
#16736=CARTESIAN_POINT('',(2.16,4.340697674419,-0.5930232558139));
#16737=CARTESIAN_POINT('',(2.16,3.835079196054,-0.5761693065351));
#16738=CARTESIAN_POINT('',(1.84,3.835079196054,-0.5761693065351));
#16739=CARTESIAN_POINT('',(1.84,3.835079196054,-0.5761693065351));
#16740=CARTESIAN_POINT('',(1.84,4.340697674419,-0.5930232558139));
#16741=CARTESIAN_POINT('',(1.84,3.835079196054,-0.5761693065351));
#16742=CARTESIAN_POINT('',(1.84,4.340697674419,-0.5930232558139));
#16743=CARTESIAN_POINT('',(3.16,3.835079196054,-0.5761693065351));
#16744=CARTESIAN_POINT('',(3.16,4.340697674419,-0.5930232558139));
#16745=CARTESIAN_POINT('',(3.16,3.835079196054,-0.5761693065351));
#16746=CARTESIAN_POINT('',(2.84,3.835079196054,-0.5761693065351));
#16747=CARTESIAN_POINT('',(2.84,3.835079196054,-0.5761693065351));
#16748=CARTESIAN_POINT('',(2.84,4.340697674419,-0.5930232558139));
#16749=CARTESIAN_POINT('',(2.84,3.835079196054,-0.5761693065351));
#16750=CARTESIAN_POINT('',(2.84,4.340697674419,-0.5930232558139));
#16751=CARTESIAN_POINT('',(4.16,3.835079196054,-0.5761693065351));
#16752=CARTESIAN_POINT('',(4.16,4.340697674419,-0.5930232558139));
#16753=CARTESIAN_POINT('',(4.16,3.835079196054,-0.5761693065351));
#16754=CARTESIAN_POINT('',(3.84,3.835079196054,-0.5761693065351));
#16755=CARTESIAN_POINT('',(3.84,3.835079196054,-0.5761693065351));
#16756=CARTESIAN_POINT('',(3.84,4.340697674419,-0.5930232558139));
#16757=CARTESIAN_POINT('',(3.84,3.835079196054,-0.5761693065351));
#16758=CARTESIAN_POINT('',(3.84,4.340697674419,-0.5930232558139));
#16759=CARTESIAN_POINT('',(5.16,3.835079196054,-0.5761693065351));
#16760=CARTESIAN_POINT('',(5.16,4.340697674419,-0.5930232558139));
#16761=CARTESIAN_POINT('',(5.16,3.835079196054,-0.5761693065351));
#16762=CARTESIAN_POINT('',(4.84,3.835079196054,-0.5761693065351));
#16763=CARTESIAN_POINT('',(4.84,3.835079196054,-0.5761693065351));
#16764=CARTESIAN_POINT('',(4.84,4.340697674419,-0.5930232558139));
#16765=CARTESIAN_POINT('',(4.84,3.835079196054,-0.5761693065351));
#16766=CARTESIAN_POINT('',(4.84,4.340697674419,-0.5930232558139));
#16767=CARTESIAN_POINT('',(6.16,3.835079196054,-0.5761693065351));
#16768=CARTESIAN_POINT('',(6.16,4.340697674419,-0.5930232558139));
#16769=CARTESIAN_POINT('',(6.16,3.835079196054,-0.5761693065351));
#16770=CARTESIAN_POINT('',(5.84,3.835079196054,-0.5761693065351));
#16771=CARTESIAN_POINT('',(5.84,3.835079196054,-0.5761693065351));
#16772=CARTESIAN_POINT('',(5.84,4.340697674419,-0.5930232558139));
#16773=CARTESIAN_POINT('',(5.84,3.835079196054,-0.5761693065351));
#16774=CARTESIAN_POINT('',(5.84,4.340697674419,-0.5930232558139));
#16775=CARTESIAN_POINT('',(7.16,3.835079196054,-0.5761693065351));
#16776=CARTESIAN_POINT('',(7.16,4.340697674419,-0.5930232558139));
#16777=CARTESIAN_POINT('',(7.16,3.835079196054,-0.5761693065351));
#16778=CARTESIAN_POINT('',(6.84,3.835079196054,-0.5761693065351));
#16779=CARTESIAN_POINT('',(6.84,3.835079196054,-0.5761693065351));
#16780=CARTESIAN_POINT('',(6.84,4.340697674419,-0.5930232558139));
#16781=CARTESIAN_POINT('',(6.84,3.835079196054,-0.5761693065351));
#16782=CARTESIAN_POINT('',(6.84,4.340697674419,-0.5930232558139));
#16783=CARTESIAN_POINT('Origin',(8.025,1.55,0.));
#16784=CARTESIAN_POINT('',(-8.025,1.55,0.));
#16785=CARTESIAN_POINT('',(-8.025,1.55,0.));
#16786=CARTESIAN_POINT('',(8.025,1.55,0.));
#16787=CARTESIAN_POINT('Origin',(8.025,1.85,0.26));
#16788=CARTESIAN_POINT('',(-8.025,1.85,0.26));
#16789=CARTESIAN_POINT('',(-8.025,1.85,0.26));
#16790=CARTESIAN_POINT('',(8.025,1.85,0.26));
#16791=CARTESIAN_POINT('Origin',(8.025,1.85,0.73));
#16792=CARTESIAN_POINT('',(7.16,1.85,0.73));
#16793=CARTESIAN_POINT('',(7.16,1.85,0.64));
#16794=CARTESIAN_POINT('',(7.16,1.85,0.73));
#16795=CARTESIAN_POINT('',(8.025,1.85,0.73));
#16796=CARTESIAN_POINT('',(-8.025,1.85,0.73));
#16797=CARTESIAN_POINT('',(-8.025,1.85,0.73));
#16798=CARTESIAN_POINT('',(-7.16,1.85,0.73));
#16799=CARTESIAN_POINT('',(-7.16,1.85,0.64));
#16800=CARTESIAN_POINT('',(-6.16,1.85,0.73));
#16801=CARTESIAN_POINT('',(-6.16,1.85,0.64));
#16802=CARTESIAN_POINT('',(-5.16,1.85,0.73));
#16803=CARTESIAN_POINT('',(-5.16,1.85,0.73));
#16804=CARTESIAN_POINT('',(-5.16,1.85,0.64));
#16805=CARTESIAN_POINT('',(-5.16,1.85,0.73));
#16806=CARTESIAN_POINT('',(-4.84,1.85,0.64));
#16807=CARTESIAN_POINT('',(-5.16,1.85,0.64));
#16808=CARTESIAN_POINT('',(-4.84,1.85,0.73));
#16809=CARTESIAN_POINT('',(-4.84,1.85,0.73));
#16810=CARTESIAN_POINT('',(-4.16,1.85,0.73));
#16811=CARTESIAN_POINT('',(-4.16,1.85,0.73));
#16812=CARTESIAN_POINT('',(-4.16,1.85,0.64));
#16813=CARTESIAN_POINT('',(-4.16,1.85,0.73));
#16814=CARTESIAN_POINT('',(-3.84,1.85,0.64));
#16815=CARTESIAN_POINT('',(-4.16,1.85,0.64));
#16816=CARTESIAN_POINT('',(-3.84,1.85,0.73));
#16817=CARTESIAN_POINT('',(-3.84,1.85,0.73));
#16818=CARTESIAN_POINT('',(-3.16,1.85,0.73));
#16819=CARTESIAN_POINT('',(-3.16,1.85,0.73));
#16820=CARTESIAN_POINT('',(-3.16,1.85,0.64));
#16821=CARTESIAN_POINT('',(-3.16,1.85,0.73));
#16822=CARTESIAN_POINT('',(-2.84,1.85,0.64));
#16823=CARTESIAN_POINT('',(-3.16,1.85,0.64));
#16824=CARTESIAN_POINT('',(-2.84,1.85,0.73));
#16825=CARTESIAN_POINT('',(-2.84,1.85,0.73));
#16826=CARTESIAN_POINT('',(-2.16,1.85,0.73));
#16827=CARTESIAN_POINT('',(-2.16,1.85,0.73));
#16828=CARTESIAN_POINT('',(-2.16,1.85,0.64));
#16829=CARTESIAN_POINT('',(-2.16,1.85,0.73));
#16830=CARTESIAN_POINT('',(-1.84,1.85,0.64));
#16831=CARTESIAN_POINT('',(-2.16,1.85,0.64));
#16832=CARTESIAN_POINT('',(-1.84,1.85,0.73));
#16833=CARTESIAN_POINT('',(-1.84,1.85,0.73));
#16834=CARTESIAN_POINT('',(-1.16,1.85,0.73));
#16835=CARTESIAN_POINT('',(-1.16,1.85,0.73));
#16836=CARTESIAN_POINT('',(-1.16,1.85,0.64));
#16837=CARTESIAN_POINT('',(-1.16,1.85,0.73));
#16838=CARTESIAN_POINT('',(-0.84,1.85,0.64));
#16839=CARTESIAN_POINT('',(-1.16,1.85,0.64));
#16840=CARTESIAN_POINT('',(-0.84,1.85,0.73));
#16841=CARTESIAN_POINT('',(-0.84,1.85,0.73));
#16842=CARTESIAN_POINT('',(-0.16,1.85,0.73));
#16843=CARTESIAN_POINT('',(-0.16,1.85,0.73));
#16844=CARTESIAN_POINT('',(-0.16,1.85,0.64));
#16845=CARTESIAN_POINT('',(-0.16,1.85,0.73));
#16846=CARTESIAN_POINT('',(0.16,1.85,0.64));
#16847=CARTESIAN_POINT('',(-0.16,1.85,0.64));
#16848=CARTESIAN_POINT('',(0.16,1.85,0.73));
#16849=CARTESIAN_POINT('',(0.16,1.85,0.73));
#16850=CARTESIAN_POINT('',(0.84,1.85,0.73));
#16851=CARTESIAN_POINT('',(0.84,1.85,0.73));
#16852=CARTESIAN_POINT('',(0.84,1.85,0.64));
#16853=CARTESIAN_POINT('',(0.84,1.85,0.73));
#16854=CARTESIAN_POINT('',(1.16,1.85,0.64));
#16855=CARTESIAN_POINT('',(0.84,1.85,0.64));
#16856=CARTESIAN_POINT('',(1.16,1.85,0.73));
#16857=CARTESIAN_POINT('',(1.16,1.85,0.73));
#16858=CARTESIAN_POINT('',(1.84,1.85,0.73));
#16859=CARTESIAN_POINT('',(1.84,1.85,0.73));
#16860=CARTESIAN_POINT('',(1.84,1.85,0.64));
#16861=CARTESIAN_POINT('',(1.84,1.85,0.73));
#16862=CARTESIAN_POINT('',(2.16,1.85,0.64));
#16863=CARTESIAN_POINT('',(1.84,1.85,0.64));
#16864=CARTESIAN_POINT('',(2.16,1.85,0.73));
#16865=CARTESIAN_POINT('',(2.16,1.85,0.73));
#16866=CARTESIAN_POINT('',(2.84,1.85,0.73));
#16867=CARTESIAN_POINT('',(2.84,1.85,0.73));
#16868=CARTESIAN_POINT('',(2.84,1.85,0.64));
#16869=CARTESIAN_POINT('',(2.84,1.85,0.73));
#16870=CARTESIAN_POINT('',(3.16,1.85,0.64));
#16871=CARTESIAN_POINT('',(2.84,1.85,0.64));
#16872=CARTESIAN_POINT('',(3.16,1.85,0.73));
#16873=CARTESIAN_POINT('',(3.16,1.85,0.73));
#16874=CARTESIAN_POINT('',(3.84,1.85,0.73));
#16875=CARTESIAN_POINT('',(3.84,1.85,0.73));
#16876=CARTESIAN_POINT('',(3.84,1.85,0.64));
#16877=CARTESIAN_POINT('',(3.84,1.85,0.73));
#16878=CARTESIAN_POINT('',(4.16,1.85,0.64));
#16879=CARTESIAN_POINT('',(3.84,1.85,0.64));
#16880=CARTESIAN_POINT('',(4.16,1.85,0.73));
#16881=CARTESIAN_POINT('',(4.16,1.85,0.73));
#16882=CARTESIAN_POINT('',(4.84,1.85,0.73));
#16883=CARTESIAN_POINT('',(4.84,1.85,0.73));
#16884=CARTESIAN_POINT('',(4.84,1.85,0.64));
#16885=CARTESIAN_POINT('',(4.84,1.85,0.73));
#16886=CARTESIAN_POINT('',(5.16,1.85,0.64));
#16887=CARTESIAN_POINT('',(4.84,1.85,0.64));
#16888=CARTESIAN_POINT('',(5.16,1.85,0.73));
#16889=CARTESIAN_POINT('',(5.16,1.85,0.73));
#16890=CARTESIAN_POINT('',(5.84,1.85,0.73));
#16891=CARTESIAN_POINT('',(5.84,1.85,0.73));
#16892=CARTESIAN_POINT('',(5.84,1.85,0.64));
#16893=CARTESIAN_POINT('',(5.84,1.85,0.73));
#16894=CARTESIAN_POINT('',(6.16,1.85,0.64));
#16895=CARTESIAN_POINT('',(5.84,1.85,0.64));
#16896=CARTESIAN_POINT('',(6.16,1.85,0.73));
#16897=CARTESIAN_POINT('',(6.16,1.85,0.73));
#16898=CARTESIAN_POINT('',(6.84,1.85,0.73));
#16899=CARTESIAN_POINT('',(6.84,1.85,0.73));
#16900=CARTESIAN_POINT('',(6.84,1.85,0.64));
#16901=CARTESIAN_POINT('',(6.84,1.85,0.73));
#16902=CARTESIAN_POINT('',(6.84,1.85,0.64));
#16903=CARTESIAN_POINT('Origin',(7.16,0.,0.));
#16904=CARTESIAN_POINT('',(7.16,0.65,2.25));
#16905=CARTESIAN_POINT('',(7.16,0.65,2.25));
#16906=CARTESIAN_POINT('',(7.16,0.1,2.25));
#16907=CARTESIAN_POINT('',(7.16,0.1,2.25));
#16908=CARTESIAN_POINT('',(7.16,-0.05,2.1));
#16909=CARTESIAN_POINT('',(7.16,-0.05,2.1));
#16910=CARTESIAN_POINT('',(7.16,-0.05,0.65));
#16911=CARTESIAN_POINT('',(7.16,-0.05,0.65));
#16912=CARTESIAN_POINT('',(7.16,-0.05,0.65));
#16913=CARTESIAN_POINT('Origin',(7.16,0.,0.));
#16914=CARTESIAN_POINT('',(7.16,0.65,-2.25));
#16915=CARTESIAN_POINT('',(7.16,0.65,-2.25));
#16916=CARTESIAN_POINT('',(7.16,-0.05,-1.2));
#16917=CARTESIAN_POINT('',(7.16,0.25,-0.9));
#16918=CARTESIAN_POINT('',(7.16,-0.05,-2.1));
#16919=CARTESIAN_POINT('',(7.16,-0.05,-2.1));
#16920=CARTESIAN_POINT('',(7.16,0.09999999999999,-2.25));
#16921=CARTESIAN_POINT('',(7.16,0.09999999999999,-2.25));
#16922=CARTESIAN_POINT('',(7.16,0.65,-2.25));
#16923=CARTESIAN_POINT('Origin',(7.16,0.,0.));
#16924=CARTESIAN_POINT('',(7.16,0.15,-0.2));
#16925=CARTESIAN_POINT('',(7.16,0.25,-0.2));
#16926=CARTESIAN_POINT('',(7.16,0.15,-0.6));
#16927=CARTESIAN_POINT('',(7.16,0.15,-0.6));
#16928=CARTESIAN_POINT('',(7.16,0.15,-0.6));
#16929=CARTESIAN_POINT('Origin',(7.16,0.,0.));
#16930=CARTESIAN_POINT('',(7.16,4.03,-0.36));
#16931=CARTESIAN_POINT('',(7.16,4.340697674419,-0.5930232558139));
#16932=CARTESIAN_POINT('',(7.16,3.872678788881,-0.4170090916605));
#16933=CARTESIAN_POINT('Origin',(7.16,3.97,-0.44));
#16934=CARTESIAN_POINT('',(7.16,3.872678788881,-0.4170090916605));
#16935=CARTESIAN_POINT('Origin',(7.16,0.,0.));
#16936=CARTESIAN_POINT('',(7.16,2.05,0.64));
#16937=CARTESIAN_POINT('',(7.16,4.352725907201,0.73));
#16938=CARTESIAN_POINT('Origin',(7.16,3.938117658369,1.64));
#16939=CARTESIAN_POINT('',(7.16,1.85,0.73));
#16940=CARTESIAN_POINT('Origin',(7.16,0.65,1.2));
#16941=CARTESIAN_POINT('',(6.84,0.65,2.25));
#16942=CARTESIAN_POINT('',(6.84,0.65,1.8));
#16943=CARTESIAN_POINT('',(6.84,0.65,2.25));
#16944=CARTESIAN_POINT('Origin',(7.16,0.65,2.25));
#16945=CARTESIAN_POINT('',(6.84,0.1,2.25));
#16946=CARTESIAN_POINT('',(6.84,0.1,2.25));
#16947=CARTESIAN_POINT('',(6.84,0.1,2.25));
#16948=CARTESIAN_POINT('Origin',(7.16,0.1,2.25));
#16949=CARTESIAN_POINT('',(6.84,-0.05,2.1));
#16950=CARTESIAN_POINT('',(6.84,-0.05,2.1));
#16951=CARTESIAN_POINT('',(6.84,-0.05,2.1));
#16952=CARTESIAN_POINT('Origin',(7.16,-0.05,2.1));
#16953=CARTESIAN_POINT('',(6.84,-0.05,0.65));
#16954=CARTESIAN_POINT('',(6.84,-0.05,0.65));
#16955=CARTESIAN_POINT('',(6.84,-0.05,0.65));
#16956=CARTESIAN_POINT('Origin',(7.16,-0.05,0.65));
#16957=CARTESIAN_POINT('',(6.84,-0.05,0.65));
#16958=CARTESIAN_POINT('Origin',(6.84,0.,0.));
#16959=CARTESIAN_POINT('Origin',(6.84,0.,0.));
#16960=CARTESIAN_POINT('',(6.84,0.65,-2.25));
#16961=CARTESIAN_POINT('',(6.84,0.65,-2.25));
#16962=CARTESIAN_POINT('',(6.84,0.09999999999999,-2.25));
#16963=CARTESIAN_POINT('',(6.84,0.65,-2.25));
#16964=CARTESIAN_POINT('',(6.84,-0.05,-2.1));
#16965=CARTESIAN_POINT('',(6.84,0.09999999999999,-2.25));
#16966=CARTESIAN_POINT('',(6.84,-0.05,-1.2));
#16967=CARTESIAN_POINT('',(6.84,-0.05,-2.1));
#16968=CARTESIAN_POINT('',(6.84,0.25,-0.9));
#16969=CARTESIAN_POINT('Origin',(6.84,0.,0.));
#16970=CARTESIAN_POINT('',(6.84,0.15,-0.2));
#16971=CARTESIAN_POINT('',(6.84,0.25,-0.2));
#16972=CARTESIAN_POINT('',(6.84,0.15,-0.6));
#16973=CARTESIAN_POINT('',(6.84,0.15,-0.6));
#16974=CARTESIAN_POINT('',(6.84,0.15,-0.6));
#16975=CARTESIAN_POINT('Origin',(6.84,0.,0.));
#16976=CARTESIAN_POINT('',(6.84,4.03,-0.36));
#16977=CARTESIAN_POINT('',(6.84,4.340697674419,-0.5930232558139));
#16978=CARTESIAN_POINT('',(6.84,3.872678788881,-0.4170090916605));
#16979=CARTESIAN_POINT('',(6.84,3.872678788881,-0.4170090916605));
#16980=CARTESIAN_POINT('Origin',(6.84,3.97,-0.44));
#16981=CARTESIAN_POINT('Origin',(6.84,0.,0.));
#16982=CARTESIAN_POINT('',(6.84,2.05,0.64));
#16983=CARTESIAN_POINT('',(6.84,4.352725907201,0.73));
#16984=CARTESIAN_POINT('',(6.84,1.85,0.73));
#16985=CARTESIAN_POINT('Origin',(6.84,3.938117658369,1.64));
#16986=CARTESIAN_POINT('Origin',(7.16,0.65,-2.25));
#16987=CARTESIAN_POINT('',(6.84,0.65,-2.25));
#16988=CARTESIAN_POINT('Origin',(7.16,0.09999999999999,-2.25));
#16989=CARTESIAN_POINT('',(6.84,0.09999999999999,-2.25));
#16990=CARTESIAN_POINT('Origin',(7.16,-0.05,-2.1));
#16991=CARTESIAN_POINT('',(6.84,-0.05,-2.1));
#16992=CARTESIAN_POINT('Origin',(7.16,-0.05,-1.2));
#16993=CARTESIAN_POINT('',(6.84,-0.05,-1.2));
#16994=CARTESIAN_POINT('Origin',(7.16,0.25,-0.9));
#16995=CARTESIAN_POINT('Origin',(7.16,0.25,-0.2));
#16996=CARTESIAN_POINT('',(6.84,0.15,-0.2));
#16997=CARTESIAN_POINT('Origin',(7.16,0.15,-0.2));
#16998=CARTESIAN_POINT('',(6.84,0.15,-0.6));
#16999=CARTESIAN_POINT('Origin',(7.16,0.15,-0.6));
#17000=CARTESIAN_POINT('Origin',(7.16,4.43,-0.66));
#17001=CARTESIAN_POINT('',(6.84,4.03,-0.36));
#17002=CARTESIAN_POINT('Origin',(7.16,3.97,-0.44));
#17003=CARTESIAN_POINT('',(6.84,3.872678788881,-0.4170090916605));
#17004=CARTESIAN_POINT('Origin',(7.16,3.872678788881,-0.4170090916605));
#17005=CARTESIAN_POINT('Origin',(7.16,3.938117658369,1.64));
#17006=CARTESIAN_POINT('',(6.84,4.352725907201,0.73));
#17007=CARTESIAN_POINT('Origin',(-9.925,4.4,0.73));
#17008=CARTESIAN_POINT('',(6.16,4.352725907201,0.73));
#17009=CARTESIAN_POINT('',(6.16,1.85,0.73));
#17010=CARTESIAN_POINT('',(5.84,4.352725907201,0.73));
#17011=CARTESIAN_POINT('',(5.84,4.352725907201,0.73));
#17012=CARTESIAN_POINT('',(5.84,1.85,0.73));
#17013=CARTESIAN_POINT('',(5.16,4.352725907201,0.73));
#17014=CARTESIAN_POINT('',(5.16,1.85,0.73));
#17015=CARTESIAN_POINT('',(4.84,4.352725907201,0.73));
#17016=CARTESIAN_POINT('',(4.84,4.352725907201,0.73));
#17017=CARTESIAN_POINT('',(4.84,1.85,0.73));
#17018=CARTESIAN_POINT('',(4.16,4.352725907201,0.73));
#17019=CARTESIAN_POINT('',(4.16,1.85,0.73));
#17020=CARTESIAN_POINT('',(3.84,4.352725907201,0.73));
#17021=CARTESIAN_POINT('',(3.84,4.352725907201,0.73));
#17022=CARTESIAN_POINT('',(3.84,1.85,0.73));
#17023=CARTESIAN_POINT('',(3.16,4.352725907201,0.73));
#17024=CARTESIAN_POINT('',(3.16,1.85,0.73));
#17025=CARTESIAN_POINT('',(2.84,4.352725907201,0.73));
#17026=CARTESIAN_POINT('',(2.84,4.352725907201,0.73));
#17027=CARTESIAN_POINT('',(2.84,1.85,0.73));
#17028=CARTESIAN_POINT('',(2.16,4.352725907201,0.73));
#17029=CARTESIAN_POINT('',(2.16,1.85,0.73));
#17030=CARTESIAN_POINT('',(1.84,4.352725907201,0.73));
#17031=CARTESIAN_POINT('',(1.84,4.352725907201,0.73));
#17032=CARTESIAN_POINT('',(1.84,1.85,0.73));
#17033=CARTESIAN_POINT('',(1.16,4.352725907201,0.73));
#17034=CARTESIAN_POINT('',(1.16,1.85,0.73));
#17035=CARTESIAN_POINT('',(0.84,4.352725907201,0.73));
#17036=CARTESIAN_POINT('',(0.84,4.352725907201,0.73));
#17037=CARTESIAN_POINT('',(0.84,1.85,0.73));
#17038=CARTESIAN_POINT('',(0.16,4.352725907201,0.73));
#17039=CARTESIAN_POINT('',(0.16,1.85,0.73));
#17040=CARTESIAN_POINT('',(-0.16,4.352725907201,0.73));
#17041=CARTESIAN_POINT('',(-0.16,4.352725907201,0.73));
#17042=CARTESIAN_POINT('',(-0.16,1.85,0.73));
#17043=CARTESIAN_POINT('',(-0.84,4.352725907201,0.73));
#17044=CARTESIAN_POINT('',(-0.84,1.85,0.73));
#17045=CARTESIAN_POINT('',(-1.16,4.352725907201,0.73));
#17046=CARTESIAN_POINT('',(-1.16,4.352725907201,0.73));
#17047=CARTESIAN_POINT('',(-1.16,1.85,0.73));
#17048=CARTESIAN_POINT('',(-1.84,4.352725907201,0.73));
#17049=CARTESIAN_POINT('',(-1.84,1.85,0.73));
#17050=CARTESIAN_POINT('',(-2.16,4.352725907201,0.73));
#17051=CARTESIAN_POINT('',(-2.16,4.352725907201,0.73));
#17052=CARTESIAN_POINT('',(-2.16,1.85,0.73));
#17053=CARTESIAN_POINT('',(-2.84,4.352725907201,0.73));
#17054=CARTESIAN_POINT('',(-2.84,1.85,0.73));
#17055=CARTESIAN_POINT('',(-3.16,4.352725907201,0.73));
#17056=CARTESIAN_POINT('',(-3.16,4.352725907201,0.73));
#17057=CARTESIAN_POINT('',(-3.16,1.85,0.73));
#17058=CARTESIAN_POINT('',(-3.84,4.352725907201,0.73));
#17059=CARTESIAN_POINT('',(-3.84,1.85,0.73));
#17060=CARTESIAN_POINT('',(-4.16,4.352725907201,0.73));
#17061=CARTESIAN_POINT('',(-4.16,4.352725907201,0.73));
#17062=CARTESIAN_POINT('',(-4.16,1.85,0.73));
#17063=CARTESIAN_POINT('',(-4.84,4.352725907201,0.73));
#17064=CARTESIAN_POINT('',(-4.84,1.85,0.73));
#17065=CARTESIAN_POINT('',(-5.16,4.352725907201,0.73));
#17066=CARTESIAN_POINT('',(-5.16,4.352725907201,0.73));
#17067=CARTESIAN_POINT('',(-5.16,1.85,0.73));
#17068=CARTESIAN_POINT('',(-6.16,4.352725907201,0.73));
#17069=CARTESIAN_POINT('',(-7.16,4.352725907201,0.73));
#17070=CARTESIAN_POINT('',(-8.025,4.4,0.73));
#17071=CARTESIAN_POINT('',(-8.025,4.4,0.73));
#17072=CARTESIAN_POINT('',(-8.575,4.4,0.73));
#17073=CARTESIAN_POINT('',(8.575,4.6,0.73));
#17074=CARTESIAN_POINT('',(-8.575,4.6,0.73));
#17075=CARTESIAN_POINT('',(8.575,4.4,0.73));
#17076=CARTESIAN_POINT('',(8.575,4.4,0.73));
#17077=CARTESIAN_POINT('',(8.025,4.4,0.73));
#17078=CARTESIAN_POINT('Origin',(-9.925,4.4,-0.22));
#17079=CARTESIAN_POINT('',(8.575,4.4,0.64));
#17080=CARTESIAN_POINT('Origin',(-9.925,4.4,-0.22));
#17081=CARTESIAN_POINT('',(-8.025,4.4,0.64));
#17082=CARTESIAN_POINT('Origin',(8.575,0.,1.1));
#17083=CARTESIAN_POINT('',(8.575,4.6,0.73));
#17084=CARTESIAN_POINT('',(8.575,0.,1.1));
#17085=CARTESIAN_POINT('',(8.575,4.8,1.1));
#17086=CARTESIAN_POINT('',(8.575,0.,0.8));
#17087=CARTESIAN_POINT('',(8.575,0.,0.8));
#17088=CARTESIAN_POINT('',(8.575,0.,0.8));
#17089=CARTESIAN_POINT('',(8.575,3.35,-0.45));
#17090=CARTESIAN_POINT('',(8.575,3.35,-0.45));
#17091=CARTESIAN_POINT('',(8.575,4.523214285714,-0.45));
#17092=CARTESIAN_POINT('',(8.575,4.523214285714,-0.45));
#17093=CARTESIAN_POINT('',(8.575,4.416071428571,-0.25));
#17094=CARTESIAN_POINT('Origin',(-9.925,4.55,-0.5));
#17095=CARTESIAN_POINT('',(-8.025,4.55,-0.5));
#17096=CARTESIAN_POINT('',(-8.975,4.523214285714,-0.45));
#17097=CARTESIAN_POINT('Origin',(-9.925,4.55,-0.5));
#17098=CARTESIAN_POINT('',(8.975,4.523214285714,-0.45));
#17099=CARTESIAN_POINT('Origin',(-8.575,4.8,-0.45));
#17100=CARTESIAN_POINT('',(-8.575,3.35,-0.45));
#17101=CARTESIAN_POINT('Origin',(-9.925,3.35,-0.8));
#17102=CARTESIAN_POINT('',(8.575,3.35,-0.45));
#17103=CARTESIAN_POINT('Origin',(-9.925,3.35,-0.8));
#17104=CARTESIAN_POINT('Origin',(-9.925,3.35,-0.8));
#17105=CARTESIAN_POINT('',(9.925,3.35,1.1));
#17106=CARTESIAN_POINT('',(9.925,3.35,1.1));
#17107=CARTESIAN_POINT('',(9.925,3.35,1.1));
#17108=CARTESIAN_POINT('Origin',(-9.925,3.35,-0.8));
#17109=CARTESIAN_POINT('',(-9.4,3.35,1.06));
#17110=CARTESIAN_POINT('',(-9.4,3.35,1.06));
#17111=CARTESIAN_POINT('',(-9.375,3.35,1.06));
#17112=CARTESIAN_POINT('',(-9.375,3.35,1.06));
#17113=CARTESIAN_POINT('',(-9.375,3.35,1.1));
#17114=CARTESIAN_POINT('',(-9.375,3.35,-0.34));
#17115=CARTESIAN_POINT('Origin',(8.975,4.8,-0.45));
#17116=CARTESIAN_POINT('Origin',(9.925,0.,1.1));
#17117=CARTESIAN_POINT('',(9.925,0.15,1.1));
#17118=CARTESIAN_POINT('',(9.925,0.15,1.1));
#17119=CARTESIAN_POINT('',(9.175,0.,1.1));
#17120=CARTESIAN_POINT('',(9.925,0.15,1.1));
#17121=CARTESIAN_POINT('',(9.175,0.,1.1));
#17122=CARTESIAN_POINT('Origin',(-9.925,0.,1.8));
#17123=CARTESIAN_POINT('',(-8.,0.,0.8));
#17124=CARTESIAN_POINT('',(-8.575,0.,0.8));
#17125=CARTESIAN_POINT('',(-8.,0.,1.8));
#17126=CARTESIAN_POINT('Origin',(-9.925,0.,1.8));
#17127=CARTESIAN_POINT('',(9.175,0.,1.8));
#17128=CARTESIAN_POINT('',(8.,0.,0.8));
#17129=CARTESIAN_POINT('',(8.,0.,1.8));
#17130=CARTESIAN_POINT('',(8.,0.,0.8));
#17131=CARTESIAN_POINT('Origin',(-8.,0.25,1.8));
#17132=CARTESIAN_POINT('',(-8.,0.,0.8));
#17133=CARTESIAN_POINT('Origin',(-8.,0.25,1.8));
#17134=CARTESIAN_POINT('',(-8.,0.,-0.8));
#17135=CARTESIAN_POINT('Origin',(-9.925,0.,0.8));
#17136=CARTESIAN_POINT('Origin',(-9.925,0.,0.8));
#17137=CARTESIAN_POINT('',(8.,0.,0.8));
#17138=CARTESIAN_POINT('Origin',(8.,0.,1.8));
#17139=CARTESIAN_POINT('Origin',(8.,0.,1.8));
#17140=CARTESIAN_POINT('',(8.,0.,-0.8));
#17141=CARTESIAN_POINT('Origin',(-9.925,0.,-0.8));
#17142=CARTESIAN_POINT('Origin',(-9.925,0.,-0.8));
#17143=CARTESIAN_POINT('',(9.175,0.,-0.8));
#17144=CARTESIAN_POINT('Origin',(9.925,0.15,1.8));
#17145=CARTESIAN_POINT('',(9.925,0.15,1.8));
#17146=CARTESIAN_POINT('Origin',(9.925,0.15,1.8));
#17147=CARTESIAN_POINT('',(9.925,0.15,-0.8));
#17148=CARTESIAN_POINT('Origin',(9.925,0.,0.));
#17149=CARTESIAN_POINT('Origin',(-9.375,4.3,1.8));
#17150=CARTESIAN_POINT('',(-9.375,1.,-0.8));
#17151=CARTESIAN_POINT('Origin',(-9.375,4.3,1.8));
#17152=CARTESIAN_POINT('',(-9.375,4.3,1.06));
#17153=CARTESIAN_POINT('',(-9.375,1.,1.8));
#17154=CARTESIAN_POINT('Origin',(-9.175,1.,1.8));
#17155=CARTESIAN_POINT('Origin',(-9.175,1.,1.8));
#17156=CARTESIAN_POINT('Origin',(-8.675,4.8,1.06));
#17157=CARTESIAN_POINT('',(-9.4,0.95,1.06));
#17158=CARTESIAN_POINT('',(-8.675,0.95,1.06));
#17159=CARTESIAN_POINT('',(-9.4,4.6,1.06));
#17160=CARTESIAN_POINT('',(-9.2,4.8,1.06));
#17161=CARTESIAN_POINT('',(-9.4,4.4,1.06));
#17162=CARTESIAN_POINT('',(-9.4,4.6,1.06));
#17163=CARTESIAN_POINT('',(-9.4,4.3,1.06));
#17164=CARTESIAN_POINT('',(-9.4,3.35,1.06));
#17165=CARTESIAN_POINT('Origin',(-9.0375,0.8,0.96));
#17166=CARTESIAN_POINT('',(-9.4,0.95,1.06));
#17167=CARTESIAN_POINT('Origin',(-9.3,0.8,0.88));
#17168=CARTESIAN_POINT('',(-9.4,0.95,0.7));
#17169=CARTESIAN_POINT('',(-9.4,0.95,1.06));
#17170=CARTESIAN_POINT('',(-9.4,0.95,0.7));
#17171=CARTESIAN_POINT('Origin',(-9.525,0.8,0.6));
#17172=CARTESIAN_POINT('',(-9.6875,0.95,0.7));
#17173=CARTESIAN_POINT('',(-9.6875,0.95,0.7));
#17174=CARTESIAN_POINT('',(-9.684399131635,0.9251930530822,0.6834620353881));
#17175=CARTESIAN_POINT('Origin',(-9.8,1.85,0.7));
#17176=CARTESIAN_POINT('',(-9.8,1.85,0.7));
#17177=CARTESIAN_POINT('',(-9.8,1.85,0.7));
#17178=CARTESIAN_POINT('',(-9.8,1.85,0.7));
#17179=CARTESIAN_POINT('Origin',(-9.4,1.85,0.7));
#17180=CARTESIAN_POINT('',(-9.4,1.85,0.7));
#17181=CARTESIAN_POINT('',(-9.4,1.85,0.7));
#17182=CARTESIAN_POINT('',(-9.4,1.85,0.7));
#17183=CARTESIAN_POINT('Origin',(-9.4,4.8,1.06));
#17184=CARTESIAN_POINT('',(-9.4,4.4,1.06));
#17185=CARTESIAN_POINT('Origin',(-9.4,4.8,1.06));
#17186=CARTESIAN_POINT('',(-9.4,3.335,0.7));
#17187=CARTESIAN_POINT('',(-9.4,3.335,0.7));
#17188=CARTESIAN_POINT('',(-9.4,2.67,0.7));
#17189=CARTESIAN_POINT('',(-9.4,2.67,0.7));
#17190=CARTESIAN_POINT('',(-9.4,2.67,0.7));
#17191=CARTESIAN_POINT('',(-9.4,0.95,0.7));
#17192=CARTESIAN_POINT('Origin',(-9.4,4.4,-1.8));
#17193=CARTESIAN_POINT('',(-10.8,4.4,1.5));
#17194=CARTESIAN_POINT('',(-10.5,4.4,1.8));
#17195=CARTESIAN_POINT('',(-10.8,4.4,-1.8));
#17196=CARTESIAN_POINT('',(-9.4,4.4,-1.8));
#17197=CARTESIAN_POINT('',(-9.4,4.4,1.06));
#17198=CARTESIAN_POINT('Origin',(-10.65,5.05,1.65));
#17199=CARTESIAN_POINT('',(-10.8,5.7,1.5));
#17200=CARTESIAN_POINT('Origin',(-10.8,5.7,-1.8));
#17201=CARTESIAN_POINT('Origin',(-9.4,4.6,-1.8));
#17202=CARTESIAN_POINT('',(-9.4,4.6,-1.8));
#17203=CARTESIAN_POINT('Origin',(-9.4,4.6,-1.8));
#17204=CARTESIAN_POINT('',(-9.4,4.6,1.06));
#17205=CARTESIAN_POINT('Origin',(-9.2,4.8,-1.8));
#17206=CARTESIAN_POINT('Origin',(-9.2,4.8,-1.8));
#17207=CARTESIAN_POINT('Origin',(9.4,4.8,0.7));
#17208=CARTESIAN_POINT('',(9.55,2.82,0.7));
#17209=CARTESIAN_POINT('',(9.4,2.67,0.7));
#17210=CARTESIAN_POINT('',(9.55,3.075192378865,0.7));
#17211=CARTESIAN_POINT('',(9.55,2.82,0.7));
#17212=CARTESIAN_POINT('',(9.55,3.075192378865,0.7));
#17213=CARTESIAN_POINT('Origin',(9.4,4.8,0.7));
#17214=CARTESIAN_POINT('',(-9.55,3.075192378865,0.7));
#17215=CARTESIAN_POINT('',(-9.4,3.335,0.7));
#17216=CARTESIAN_POINT('',(-9.55,2.82,0.7));
#17217=CARTESIAN_POINT('',(-9.55,3.075192378865,0.7));
#17218=CARTESIAN_POINT('',(-9.55,2.82,0.7));
#17219=CARTESIAN_POINT('Origin',(9.4,4.8,0.7));
#17220=CARTESIAN_POINT('',(9.6875,0.95,0.7));
#17221=CARTESIAN_POINT('',(9.8,1.85,0.7));
#17222=CARTESIAN_POINT('',(9.6875,0.95,0.7));
#17223=CARTESIAN_POINT('',(9.8,1.85,0.7));
#17224=CARTESIAN_POINT('',(9.4,0.95,0.7));
#17225=CARTESIAN_POINT('Origin',(9.4,4.8,0.7));
#17226=CARTESIAN_POINT('Origin',(9.4,2.67,0.7));
#17227=CARTESIAN_POINT('',(9.55,2.82,0.7));
#17228=CARTESIAN_POINT('Origin',(9.55,2.82,0.7));
#17229=CARTESIAN_POINT('',(9.55,3.075192378865,0.7));
#17230=CARTESIAN_POINT('Origin',(9.55,3.075192378865,0.7));
#17231=CARTESIAN_POINT('Origin',(-9.4,3.335,0.7));
#17232=CARTESIAN_POINT('',(-9.55,3.075192378865,0.7));
#17233=CARTESIAN_POINT('Origin',(-9.55,3.075192378865,0.7));
#17234=CARTESIAN_POINT('',(-9.55,2.82,0.7));
#17235=CARTESIAN_POINT('Origin',(-9.55,2.82,0.7));
#17236=CARTESIAN_POINT('Origin',(9.65,0.65,0.7));
#17237=CARTESIAN_POINT('',(9.684399131635,0.9251930530822,0.6834620353881));
#17238=CARTESIAN_POINT('',(9.684399131635,0.9251930530822,-0.3234620353881));
#17239=CARTESIAN_POINT('',(9.684399131635,0.9251930530822,0.6834620353881));
#17240=CARTESIAN_POINT('',(9.684399131635,0.9251930530822,-0.3234620353881));
#17241=CARTESIAN_POINT('',(9.8,1.85,0.7));
#17242=CARTESIAN_POINT('',(9.6875,0.95,0.7));
#17243=CARTESIAN_POINT('Origin',(9.585171343964,0.7875965265411,0.18));
#17244=CARTESIAN_POINT('',(9.684399131635,0.9251930530822,0.6834620353881));
#17245=CARTESIAN_POINT('',(9.684399131635,0.9251930530822,-0.3234620353881));
#17246=CARTESIAN_POINT('Origin',(9.525,0.8,0.6));
#17247=CARTESIAN_POINT('Origin',(9.1625,0.8,-0.24));
#17248=CARTESIAN_POINT('Origin',(9.8,1.85,0.7));
#17249=CARTESIAN_POINT('Origin',(-8.025,0.,0.));
#17250=CARTESIAN_POINT('Origin',(-9.925,4.6,0.73));
#17251=CARTESIAN_POINT('Origin',(-6.84,3.938117658369,1.64));
#17252=CARTESIAN_POINT('Origin',(-5.84,3.938117658369,1.64));
#17253=CARTESIAN_POINT('Origin',(-5.16,0.,0.));
#17254=CARTESIAN_POINT('',(-5.16,0.65,2.25));
#17255=CARTESIAN_POINT('',(-5.16,0.65,1.8));
#17256=CARTESIAN_POINT('',(-5.16,-0.05,0.65));
#17257=CARTESIAN_POINT('',(-5.16,-0.05,0.65));
#17258=CARTESIAN_POINT('',(-5.16,-0.05,2.1));
#17259=CARTESIAN_POINT('',(-5.16,-0.05,0.65));
#17260=CARTESIAN_POINT('',(-5.16,0.1,2.25));
#17261=CARTESIAN_POINT('',(-5.16,-0.05,2.1));
#17262=CARTESIAN_POINT('',(-5.16,0.1,2.25));
#17263=CARTESIAN_POINT('Origin',(-5.16,0.,0.));
#17264=CARTESIAN_POINT('',(-5.16,0.65,-2.25));
#17265=CARTESIAN_POINT('',(-5.16,0.65,-2.25));
#17266=CARTESIAN_POINT('',(-5.16,0.09999999999999,-2.25));
#17267=CARTESIAN_POINT('',(-5.16,0.65,-2.25));
#17268=CARTESIAN_POINT('',(-5.16,-0.05,-2.1));
#17269=CARTESIAN_POINT('',(-5.16,0.09999999999999,-2.25));
#17270=CARTESIAN_POINT('',(-5.16,-0.05,-1.2));
#17271=CARTESIAN_POINT('',(-5.16,-0.05,-2.1));
#17272=CARTESIAN_POINT('',(-5.16,0.25,-0.9));
#17273=CARTESIAN_POINT('Origin',(-5.16,0.,0.));
#17274=CARTESIAN_POINT('',(-5.16,0.15,-0.2));
#17275=CARTESIAN_POINT('',(-5.16,0.25,-0.2));
#17276=CARTESIAN_POINT('',(-5.16,0.15,-0.6));
#17277=CARTESIAN_POINT('',(-5.16,0.15,-0.6));
#17278=CARTESIAN_POINT('',(-5.16,0.15,-0.6));
#17279=CARTESIAN_POINT('Origin',(-5.16,0.,0.));
#17280=CARTESIAN_POINT('',(-5.16,4.03,-0.36));
#17281=CARTESIAN_POINT('',(-5.16,4.340697674419,-0.5930232558139));
#17282=CARTESIAN_POINT('',(-5.16,3.872678788881,-0.4170090916605));
#17283=CARTESIAN_POINT('',(-5.16,3.872678788881,-0.4170090916605));
#17284=CARTESIAN_POINT('Origin',(-5.16,3.97,-0.44));
#17285=CARTESIAN_POINT('Origin',(-5.16,0.,0.));
#17286=CARTESIAN_POINT('',(-5.16,2.05,0.64));
#17287=CARTESIAN_POINT('Origin',(-5.16,3.938117658369,1.64));
#17288=CARTESIAN_POINT('Origin',(-4.84,0.65,1.2));
#17289=CARTESIAN_POINT('',(-4.84,0.65,2.25));
#17290=CARTESIAN_POINT('',(-4.84,0.65,2.25));
#17291=CARTESIAN_POINT('',(-5.16,0.65,2.25));
#17292=CARTESIAN_POINT('Origin',(-4.84,0.,0.));
#17293=CARTESIAN_POINT('',(-4.84,0.1,2.25));
#17294=CARTESIAN_POINT('',(-4.84,0.1,2.25));
#17295=CARTESIAN_POINT('',(-4.84,-0.05,2.1));
#17296=CARTESIAN_POINT('',(-4.84,-0.05,2.1));
#17297=CARTESIAN_POINT('',(-4.84,-0.05,0.65));
#17298=CARTESIAN_POINT('',(-4.84,-0.05,0.65));
#17299=CARTESIAN_POINT('',(-4.84,-0.05,0.65));
#17300=CARTESIAN_POINT('Origin',(-4.84,0.,0.));
#17301=CARTESIAN_POINT('',(-4.84,0.65,-2.25));
#17302=CARTESIAN_POINT('',(-4.84,0.65,-2.25));
#17303=CARTESIAN_POINT('',(-4.84,-0.05,-1.2));
#17304=CARTESIAN_POINT('',(-4.84,0.25,-0.9));
#17305=CARTESIAN_POINT('',(-4.84,-0.05,-2.1));
#17306=CARTESIAN_POINT('',(-4.84,-0.05,-2.1));
#17307=CARTESIAN_POINT('',(-4.84,0.09999999999999,-2.25));
#17308=CARTESIAN_POINT('',(-4.84,0.09999999999999,-2.25));
#17309=CARTESIAN_POINT('',(-4.84,0.65,-2.25));
#17310=CARTESIAN_POINT('Origin',(-4.84,0.,0.));
#17311=CARTESIAN_POINT('',(-4.84,0.15,-0.2));
#17312=CARTESIAN_POINT('',(-4.84,0.25,-0.2));
#17313=CARTESIAN_POINT('',(-4.84,0.15,-0.6));
#17314=CARTESIAN_POINT('',(-4.84,0.15,-0.6));
#17315=CARTESIAN_POINT('',(-4.84,0.15,-0.6));
#17316=CARTESIAN_POINT('Origin',(-4.84,0.,0.));
#17317=CARTESIAN_POINT('',(-4.84,4.03,-0.36));
#17318=CARTESIAN_POINT('',(-4.84,4.340697674419,-0.5930232558139));
#17319=CARTESIAN_POINT('',(-4.84,3.872678788881,-0.4170090916605));
#17320=CARTESIAN_POINT('Origin',(-4.84,3.97,-0.44));
#17321=CARTESIAN_POINT('',(-4.84,3.872678788881,-0.4170090916605));
#17322=CARTESIAN_POINT('Origin',(-4.84,0.,0.));
#17323=CARTESIAN_POINT('',(-4.84,2.05,0.64));
#17324=CARTESIAN_POINT('Origin',(-4.84,3.938117658369,1.64));
#17325=CARTESIAN_POINT('Origin',(-4.84,-0.05,0.65));
#17326=CARTESIAN_POINT('',(-5.16,-0.05,0.65));
#17327=CARTESIAN_POINT('Origin',(-4.84,-0.05,2.1));
#17328=CARTESIAN_POINT('',(-5.16,-0.05,2.1));
#17329=CARTESIAN_POINT('Origin',(-4.84,0.1,2.25));
#17330=CARTESIAN_POINT('',(-5.16,0.1,2.25));
#17331=CARTESIAN_POINT('Origin',(-4.84,0.65,2.25));
#17332=CARTESIAN_POINT('Origin',(-4.84,0.65,-2.25));
#17333=CARTESIAN_POINT('',(-5.16,0.65,-2.25));
#17334=CARTESIAN_POINT('Origin',(-4.84,0.09999999999999,-2.25));
#17335=CARTESIAN_POINT('',(-5.16,0.09999999999999,-2.25));
#17336=CARTESIAN_POINT('Origin',(-4.84,-0.05,-2.1));
#17337=CARTESIAN_POINT('',(-5.16,-0.05,-2.1));
#17338=CARTESIAN_POINT('Origin',(-4.84,-0.05,-1.2));
#17339=CARTESIAN_POINT('',(-5.16,-0.05,-1.2));
#17340=CARTESIAN_POINT('Origin',(-4.84,0.25,-0.9));
#17341=CARTESIAN_POINT('Origin',(-4.84,0.25,-0.2));
#17342=CARTESIAN_POINT('',(-5.16,0.15,-0.2));
#17343=CARTESIAN_POINT('Origin',(-4.84,0.15,-0.2));
#17344=CARTESIAN_POINT('',(-5.16,0.15,-0.6));
#17345=CARTESIAN_POINT('Origin',(-4.84,0.15,-0.6));
#17346=CARTESIAN_POINT('Origin',(-4.84,4.43,-0.66));
#17347=CARTESIAN_POINT('',(-5.16,4.03,-0.36));
#17348=CARTESIAN_POINT('Origin',(-4.84,3.97,-0.44));
#17349=CARTESIAN_POINT('',(-5.16,3.872678788881,-0.4170090916605));
#17350=CARTESIAN_POINT('Origin',(-4.84,3.872678788881,-0.4170090916605));
#17351=CARTESIAN_POINT('Origin',(-4.84,1.55,0.64));
#17352=CARTESIAN_POINT('',(-5.16,2.05,0.64));
#17353=CARTESIAN_POINT('Origin',(0.,2.05,0.));
#17354=CARTESIAN_POINT('',(-7.16,2.05,0.64));
#17355=CARTESIAN_POINT('',(-7.925,2.05,-0.25));
#17356=CARTESIAN_POINT('',(7.925,2.05,0.64));
#17357=CARTESIAN_POINT('',(6.84,2.05,0.64));
#17358=CARTESIAN_POINT('',(5.84,2.05,0.64));
#17359=CARTESIAN_POINT('',(4.84,2.05,0.64));
#17360=CARTESIAN_POINT('',(3.84,2.05,0.64));
#17361=CARTESIAN_POINT('',(2.84,2.05,0.64));
#17362=CARTESIAN_POINT('',(1.84,2.05,0.64));
#17363=CARTESIAN_POINT('',(0.84,2.05,0.64));
#17364=CARTESIAN_POINT('',(-0.16,2.05,0.64));
#17365=CARTESIAN_POINT('',(-1.16,2.05,0.64));
#17366=CARTESIAN_POINT('',(-2.16,2.05,0.64));
#17367=CARTESIAN_POINT('',(-3.16,2.05,0.64));
#17368=CARTESIAN_POINT('',(-4.16,2.05,0.64));
#17369=CARTESIAN_POINT('',(-6.16,2.05,0.64));
#17370=CARTESIAN_POINT('Origin',(-6.84,1.55,0.64));
#17371=CARTESIAN_POINT('Origin',(-5.84,1.55,0.64));
#17372=CARTESIAN_POINT('Origin',(-3.84,1.55,0.64));
#17373=CARTESIAN_POINT('',(-3.84,2.05,0.64));
#17374=CARTESIAN_POINT('',(-4.16,2.05,0.64));
#17375=CARTESIAN_POINT('Origin',(-4.16,0.,0.));
#17376=CARTESIAN_POINT('',(-4.16,0.65,2.25));
#17377=CARTESIAN_POINT('',(-4.16,0.65,1.8));
#17378=CARTESIAN_POINT('',(-4.16,-0.05,0.65));
#17379=CARTESIAN_POINT('',(-4.16,-0.05,0.65));
#17380=CARTESIAN_POINT('',(-4.16,-0.05,2.1));
#17381=CARTESIAN_POINT('',(-4.16,-0.05,0.65));
#17382=CARTESIAN_POINT('',(-4.16,0.1,2.25));
#17383=CARTESIAN_POINT('',(-4.16,-0.05,2.1));
#17384=CARTESIAN_POINT('',(-4.16,0.1,2.25));
#17385=CARTESIAN_POINT('Origin',(-4.16,0.,0.));
#17386=CARTESIAN_POINT('',(-4.16,0.65,-2.25));
#17387=CARTESIAN_POINT('',(-4.16,0.65,-2.25));
#17388=CARTESIAN_POINT('',(-4.16,0.09999999999999,-2.25));
#17389=CARTESIAN_POINT('',(-4.16,0.65,-2.25));
#17390=CARTESIAN_POINT('',(-4.16,-0.05,-2.1));
#17391=CARTESIAN_POINT('',(-4.16,0.09999999999999,-2.25));
#17392=CARTESIAN_POINT('',(-4.16,-0.05,-1.2));
#17393=CARTESIAN_POINT('',(-4.16,-0.05,-2.1));
#17394=CARTESIAN_POINT('',(-4.16,0.25,-0.9));
#17395=CARTESIAN_POINT('Origin',(-4.16,0.,0.));
#17396=CARTESIAN_POINT('',(-4.16,0.15,-0.2));
#17397=CARTESIAN_POINT('',(-4.16,0.25,-0.2));
#17398=CARTESIAN_POINT('',(-4.16,0.15,-0.6));
#17399=CARTESIAN_POINT('',(-4.16,0.15,-0.6));
#17400=CARTESIAN_POINT('',(-4.16,0.15,-0.6));
#17401=CARTESIAN_POINT('Origin',(-4.16,0.,0.));
#17402=CARTESIAN_POINT('',(-4.16,4.03,-0.36));
#17403=CARTESIAN_POINT('',(-4.16,4.340697674419,-0.5930232558139));
#17404=CARTESIAN_POINT('',(-4.16,3.872678788881,-0.4170090916605));
#17405=CARTESIAN_POINT('',(-4.16,3.872678788881,-0.4170090916605));
#17406=CARTESIAN_POINT('Origin',(-4.16,3.97,-0.44));
#17407=CARTESIAN_POINT('Origin',(-4.16,0.,0.));
#17408=CARTESIAN_POINT('Origin',(-4.16,3.938117658369,1.64));
#17409=CARTESIAN_POINT('Origin',(-3.84,0.65,1.2));
#17410=CARTESIAN_POINT('',(-3.84,0.65,2.25));
#17411=CARTESIAN_POINT('',(-3.84,0.65,2.25));
#17412=CARTESIAN_POINT('',(-4.16,0.65,2.25));
#17413=CARTESIAN_POINT('Origin',(-3.84,0.,0.));
#17414=CARTESIAN_POINT('',(-3.84,0.1,2.25));
#17415=CARTESIAN_POINT('',(-3.84,0.1,2.25));
#17416=CARTESIAN_POINT('',(-3.84,-0.05,2.1));
#17417=CARTESIAN_POINT('',(-3.84,-0.05,2.1));
#17418=CARTESIAN_POINT('',(-3.84,-0.05,0.65));
#17419=CARTESIAN_POINT('',(-3.84,-0.05,0.65));
#17420=CARTESIAN_POINT('',(-3.84,-0.05,0.65));
#17421=CARTESIAN_POINT('Origin',(-3.84,0.,0.));
#17422=CARTESIAN_POINT('',(-3.84,0.65,-2.25));
#17423=CARTESIAN_POINT('',(-3.84,0.65,-2.25));
#17424=CARTESIAN_POINT('',(-3.84,-0.05,-1.2));
#17425=CARTESIAN_POINT('',(-3.84,0.25,-0.9));
#17426=CARTESIAN_POINT('',(-3.84,-0.05,-2.1));
#17427=CARTESIAN_POINT('',(-3.84,-0.05,-2.1));
#17428=CARTESIAN_POINT('',(-3.84,0.09999999999999,-2.25));
#17429=CARTESIAN_POINT('',(-3.84,0.09999999999999,-2.25));
#17430=CARTESIAN_POINT('',(-3.84,0.65,-2.25));
#17431=CARTESIAN_POINT('Origin',(-3.84,0.,0.));
#17432=CARTESIAN_POINT('',(-3.84,0.15,-0.2));
#17433=CARTESIAN_POINT('',(-3.84,0.25,-0.2));
#17434=CARTESIAN_POINT('',(-3.84,0.15,-0.6));
#17435=CARTESIAN_POINT('',(-3.84,0.15,-0.6));
#17436=CARTESIAN_POINT('',(-3.84,0.15,-0.6));
#17437=CARTESIAN_POINT('Origin',(-3.84,0.,0.));
#17438=CARTESIAN_POINT('',(-3.84,4.03,-0.36));
#17439=CARTESIAN_POINT('',(-3.84,4.340697674419,-0.5930232558139));
#17440=CARTESIAN_POINT('',(-3.84,3.872678788881,-0.4170090916605));
#17441=CARTESIAN_POINT('Origin',(-3.84,3.97,-0.44));
#17442=CARTESIAN_POINT('',(-3.84,3.872678788881,-0.4170090916605));
#17443=CARTESIAN_POINT('Origin',(-3.84,0.,0.));
#17444=CARTESIAN_POINT('Origin',(-3.84,3.938117658369,1.64));
#17445=CARTESIAN_POINT('Origin',(-3.84,-0.05,0.65));
#17446=CARTESIAN_POINT('',(-4.16,-0.05,0.65));
#17447=CARTESIAN_POINT('Origin',(-3.84,-0.05,2.1));
#17448=CARTESIAN_POINT('',(-4.16,-0.05,2.1));
#17449=CARTESIAN_POINT('Origin',(-3.84,0.1,2.25));
#17450=CARTESIAN_POINT('',(-4.16,0.1,2.25));
#17451=CARTESIAN_POINT('Origin',(-3.84,0.65,2.25));
#17452=CARTESIAN_POINT('Origin',(-3.84,0.65,-2.25));
#17453=CARTESIAN_POINT('',(-4.16,0.65,-2.25));
#17454=CARTESIAN_POINT('Origin',(-3.84,0.09999999999999,-2.25));
#17455=CARTESIAN_POINT('',(-4.16,0.09999999999999,-2.25));
#17456=CARTESIAN_POINT('Origin',(-3.84,-0.05,-2.1));
#17457=CARTESIAN_POINT('',(-4.16,-0.05,-2.1));
#17458=CARTESIAN_POINT('Origin',(-3.84,-0.05,-1.2));
#17459=CARTESIAN_POINT('',(-4.16,-0.05,-1.2));
#17460=CARTESIAN_POINT('Origin',(-3.84,0.25,-0.9));
#17461=CARTESIAN_POINT('Origin',(-3.84,0.25,-0.2));
#17462=CARTESIAN_POINT('',(-4.16,0.15,-0.2));
#17463=CARTESIAN_POINT('Origin',(-3.84,0.15,-0.2));
#17464=CARTESIAN_POINT('',(-4.16,0.15,-0.6));
#17465=CARTESIAN_POINT('Origin',(-3.84,0.15,-0.6));
#17466=CARTESIAN_POINT('Origin',(-3.84,4.43,-0.66));
#17467=CARTESIAN_POINT('',(-4.16,4.03,-0.36));
#17468=CARTESIAN_POINT('Origin',(-3.84,3.97,-0.44));
#17469=CARTESIAN_POINT('',(-4.16,3.872678788881,-0.4170090916605));
#17470=CARTESIAN_POINT('Origin',(-3.84,3.872678788881,-0.4170090916605));
#17471=CARTESIAN_POINT('Origin',(-3.84,3.938117658369,1.64));
#17472=CARTESIAN_POINT('Origin',(-2.84,1.55,0.64));
#17473=CARTESIAN_POINT('',(-2.84,2.05,0.64));
#17474=CARTESIAN_POINT('',(-3.16,2.05,0.64));
#17475=CARTESIAN_POINT('Origin',(-3.16,0.,0.));
#17476=CARTESIAN_POINT('',(-3.16,0.65,2.25));
#17477=CARTESIAN_POINT('',(-3.16,0.65,1.8));
#17478=CARTESIAN_POINT('',(-3.16,-0.05,0.65));
#17479=CARTESIAN_POINT('',(-3.16,-0.05,0.65));
#17480=CARTESIAN_POINT('',(-3.16,-0.05,2.1));
#17481=CARTESIAN_POINT('',(-3.16,-0.05,0.65));
#17482=CARTESIAN_POINT('',(-3.16,0.1,2.25));
#17483=CARTESIAN_POINT('',(-3.16,-0.05,2.1));
#17484=CARTESIAN_POINT('',(-3.16,0.1,2.25));
#17485=CARTESIAN_POINT('Origin',(-3.16,0.,0.));
#17486=CARTESIAN_POINT('',(-3.16,0.65,-2.25));
#17487=CARTESIAN_POINT('',(-3.16,0.65,-2.25));
#17488=CARTESIAN_POINT('',(-3.16,0.09999999999999,-2.25));
#17489=CARTESIAN_POINT('',(-3.16,0.65,-2.25));
#17490=CARTESIAN_POINT('',(-3.16,-0.05,-2.1));
#17491=CARTESIAN_POINT('',(-3.16,0.09999999999999,-2.25));
#17492=CARTESIAN_POINT('',(-3.16,-0.05,-1.2));
#17493=CARTESIAN_POINT('',(-3.16,-0.05,-2.1));
#17494=CARTESIAN_POINT('',(-3.16,0.25,-0.9));
#17495=CARTESIAN_POINT('Origin',(-3.16,0.,0.));
#17496=CARTESIAN_POINT('',(-3.16,0.15,-0.2));
#17497=CARTESIAN_POINT('',(-3.16,0.25,-0.2));
#17498=CARTESIAN_POINT('',(-3.16,0.15,-0.6));
#17499=CARTESIAN_POINT('',(-3.16,0.15,-0.6));
#17500=CARTESIAN_POINT('',(-3.16,0.15,-0.6));
#17501=CARTESIAN_POINT('Origin',(-3.16,0.,0.));
#17502=CARTESIAN_POINT('',(-3.16,4.03,-0.36));
#17503=CARTESIAN_POINT('',(-3.16,4.340697674419,-0.5930232558139));
#17504=CARTESIAN_POINT('',(-3.16,3.872678788881,-0.4170090916605));
#17505=CARTESIAN_POINT('',(-3.16,3.872678788881,-0.4170090916605));
#17506=CARTESIAN_POINT('Origin',(-3.16,3.97,-0.44));
#17507=CARTESIAN_POINT('Origin',(-3.16,0.,0.));
#17508=CARTESIAN_POINT('Origin',(-3.16,3.938117658369,1.64));
#17509=CARTESIAN_POINT('Origin',(-2.84,0.65,1.2));
#17510=CARTESIAN_POINT('',(-2.84,0.65,2.25));
#17511=CARTESIAN_POINT('',(-2.84,0.65,2.25));
#17512=CARTESIAN_POINT('',(-3.16,0.65,2.25));
#17513=CARTESIAN_POINT('Origin',(-2.84,0.,0.));
#17514=CARTESIAN_POINT('',(-2.84,0.1,2.25));
#17515=CARTESIAN_POINT('',(-2.84,0.1,2.25));
#17516=CARTESIAN_POINT('',(-2.84,-0.05,2.1));
#17517=CARTESIAN_POINT('',(-2.84,-0.05,2.1));
#17518=CARTESIAN_POINT('',(-2.84,-0.05,0.65));
#17519=CARTESIAN_POINT('',(-2.84,-0.05,0.65));
#17520=CARTESIAN_POINT('',(-2.84,-0.05,0.65));
#17521=CARTESIAN_POINT('Origin',(-2.84,0.,0.));
#17522=CARTESIAN_POINT('',(-2.84,0.65,-2.25));
#17523=CARTESIAN_POINT('',(-2.84,0.65,-2.25));
#17524=CARTESIAN_POINT('',(-2.84,-0.05,-1.2));
#17525=CARTESIAN_POINT('',(-2.84,0.25,-0.9));
#17526=CARTESIAN_POINT('',(-2.84,-0.05,-2.1));
#17527=CARTESIAN_POINT('',(-2.84,-0.05,-2.1));
#17528=CARTESIAN_POINT('',(-2.84,0.09999999999999,-2.25));
#17529=CARTESIAN_POINT('',(-2.84,0.09999999999999,-2.25));
#17530=CARTESIAN_POINT('',(-2.84,0.65,-2.25));
#17531=CARTESIAN_POINT('Origin',(-2.84,0.,0.));
#17532=CARTESIAN_POINT('',(-2.84,0.15,-0.2));
#17533=CARTESIAN_POINT('',(-2.84,0.25,-0.2));
#17534=CARTESIAN_POINT('',(-2.84,0.15,-0.6));
#17535=CARTESIAN_POINT('',(-2.84,0.15,-0.6));
#17536=CARTESIAN_POINT('',(-2.84,0.15,-0.6));
#17537=CARTESIAN_POINT('Origin',(-2.84,0.,0.));
#17538=CARTESIAN_POINT('',(-2.84,4.03,-0.36));
#17539=CARTESIAN_POINT('',(-2.84,4.340697674419,-0.5930232558139));
#17540=CARTESIAN_POINT('',(-2.84,3.872678788881,-0.4170090916605));
#17541=CARTESIAN_POINT('Origin',(-2.84,3.97,-0.44));
#17542=CARTESIAN_POINT('',(-2.84,3.872678788881,-0.4170090916605));
#17543=CARTESIAN_POINT('Origin',(-2.84,0.,0.));
#17544=CARTESIAN_POINT('Origin',(-2.84,3.938117658369,1.64));
#17545=CARTESIAN_POINT('Origin',(-2.84,-0.05,0.65));
#17546=CARTESIAN_POINT('',(-3.16,-0.05,0.65));
#17547=CARTESIAN_POINT('Origin',(-2.84,-0.05,2.1));
#17548=CARTESIAN_POINT('',(-3.16,-0.05,2.1));
#17549=CARTESIAN_POINT('Origin',(-2.84,0.1,2.25));
#17550=CARTESIAN_POINT('',(-3.16,0.1,2.25));
#17551=CARTESIAN_POINT('Origin',(-2.84,0.65,2.25));
#17552=CARTESIAN_POINT('Origin',(-2.84,0.65,-2.25));
#17553=CARTESIAN_POINT('',(-3.16,0.65,-2.25));
#17554=CARTESIAN_POINT('Origin',(-2.84,0.09999999999999,-2.25));
#17555=CARTESIAN_POINT('',(-3.16,0.09999999999999,-2.25));
#17556=CARTESIAN_POINT('Origin',(-2.84,-0.05,-2.1));
#17557=CARTESIAN_POINT('',(-3.16,-0.05,-2.1));
#17558=CARTESIAN_POINT('Origin',(-2.84,-0.05,-1.2));
#17559=CARTESIAN_POINT('',(-3.16,-0.05,-1.2));
#17560=CARTESIAN_POINT('Origin',(-2.84,0.25,-0.9));
#17561=CARTESIAN_POINT('Origin',(-2.84,0.25,-0.2));
#17562=CARTESIAN_POINT('',(-3.16,0.15,-0.2));
#17563=CARTESIAN_POINT('Origin',(-2.84,0.15,-0.2));
#17564=CARTESIAN_POINT('',(-3.16,0.15,-0.6));
#17565=CARTESIAN_POINT('Origin',(-2.84,0.15,-0.6));
#17566=CARTESIAN_POINT('Origin',(-2.84,4.43,-0.66));
#17567=CARTESIAN_POINT('',(-3.16,4.03,-0.36));
#17568=CARTESIAN_POINT('Origin',(-2.84,3.97,-0.44));
#17569=CARTESIAN_POINT('',(-3.16,3.872678788881,-0.4170090916605));
#17570=CARTESIAN_POINT('Origin',(-2.84,3.872678788881,-0.4170090916605));
#17571=CARTESIAN_POINT('Origin',(-2.84,3.938117658369,1.64));
#17572=CARTESIAN_POINT('Origin',(-1.84,1.55,0.64));
#17573=CARTESIAN_POINT('',(-1.84,2.05,0.64));
#17574=CARTESIAN_POINT('',(-2.16,2.05,0.64));
#17575=CARTESIAN_POINT('Origin',(-2.16,0.,0.));
#17576=CARTESIAN_POINT('',(-2.16,0.65,2.25));
#17577=CARTESIAN_POINT('',(-2.16,0.65,1.8));
#17578=CARTESIAN_POINT('',(-2.16,-0.05,0.65));
#17579=CARTESIAN_POINT('',(-2.16,-0.05,0.65));
#17580=CARTESIAN_POINT('',(-2.16,-0.05,2.1));
#17581=CARTESIAN_POINT('',(-2.16,-0.05,0.65));
#17582=CARTESIAN_POINT('',(-2.16,0.1,2.25));
#17583=CARTESIAN_POINT('',(-2.16,-0.05,2.1));
#17584=CARTESIAN_POINT('',(-2.16,0.1,2.25));
#17585=CARTESIAN_POINT('Origin',(-2.16,0.,0.));
#17586=CARTESIAN_POINT('',(-2.16,0.65,-2.25));
#17587=CARTESIAN_POINT('',(-2.16,0.65,-2.25));
#17588=CARTESIAN_POINT('',(-2.16,0.09999999999999,-2.25));
#17589=CARTESIAN_POINT('',(-2.16,0.65,-2.25));
#17590=CARTESIAN_POINT('',(-2.16,-0.05,-2.1));
#17591=CARTESIAN_POINT('',(-2.16,0.09999999999999,-2.25));
#17592=CARTESIAN_POINT('',(-2.16,-0.05,-1.2));
#17593=CARTESIAN_POINT('',(-2.16,-0.05,-2.1));
#17594=CARTESIAN_POINT('',(-2.16,0.25,-0.9));
#17595=CARTESIAN_POINT('Origin',(-2.16,0.,0.));
#17596=CARTESIAN_POINT('',(-2.16,0.15,-0.2));
#17597=CARTESIAN_POINT('',(-2.16,0.25,-0.2));
#17598=CARTESIAN_POINT('',(-2.16,0.15,-0.6));
#17599=CARTESIAN_POINT('',(-2.16,0.15,-0.6));
#17600=CARTESIAN_POINT('',(-2.16,0.15,-0.6));
#17601=CARTESIAN_POINT('Origin',(-2.16,0.,0.));
#17602=CARTESIAN_POINT('',(-2.16,4.03,-0.36));
#17603=CARTESIAN_POINT('',(-2.16,4.340697674419,-0.5930232558139));
#17604=CARTESIAN_POINT('',(-2.16,3.872678788881,-0.4170090916605));
#17605=CARTESIAN_POINT('',(-2.16,3.872678788881,-0.4170090916605));
#17606=CARTESIAN_POINT('Origin',(-2.16,3.97,-0.44));
#17607=CARTESIAN_POINT('Origin',(-2.16,0.,0.));
#17608=CARTESIAN_POINT('Origin',(-2.16,3.938117658369,1.64));
#17609=CARTESIAN_POINT('Origin',(-1.84,0.65,1.2));
#17610=CARTESIAN_POINT('',(-1.84,0.65,2.25));
#17611=CARTESIAN_POINT('',(-1.84,0.65,2.25));
#17612=CARTESIAN_POINT('',(-2.16,0.65,2.25));
#17613=CARTESIAN_POINT('Origin',(-1.84,0.,0.));
#17614=CARTESIAN_POINT('',(-1.84,0.1,2.25));
#17615=CARTESIAN_POINT('',(-1.84,0.1,2.25));
#17616=CARTESIAN_POINT('',(-1.84,-0.05,2.1));
#17617=CARTESIAN_POINT('',(-1.84,-0.05,2.1));
#17618=CARTESIAN_POINT('',(-1.84,-0.05,0.65));
#17619=CARTESIAN_POINT('',(-1.84,-0.05,0.65));
#17620=CARTESIAN_POINT('',(-1.84,-0.05,0.65));
#17621=CARTESIAN_POINT('Origin',(-1.84,0.,0.));
#17622=CARTESIAN_POINT('',(-1.84,0.65,-2.25));
#17623=CARTESIAN_POINT('',(-1.84,0.65,-2.25));
#17624=CARTESIAN_POINT('',(-1.84,-0.05,-1.2));
#17625=CARTESIAN_POINT('',(-1.84,0.25,-0.9));
#17626=CARTESIAN_POINT('',(-1.84,-0.05,-2.1));
#17627=CARTESIAN_POINT('',(-1.84,-0.05,-2.1));
#17628=CARTESIAN_POINT('',(-1.84,0.09999999999999,-2.25));
#17629=CARTESIAN_POINT('',(-1.84,0.09999999999999,-2.25));
#17630=CARTESIAN_POINT('',(-1.84,0.65,-2.25));
#17631=CARTESIAN_POINT('Origin',(-1.84,0.,0.));
#17632=CARTESIAN_POINT('',(-1.84,0.15,-0.2));
#17633=CARTESIAN_POINT('',(-1.84,0.25,-0.2));
#17634=CARTESIAN_POINT('',(-1.84,0.15,-0.6));
#17635=CARTESIAN_POINT('',(-1.84,0.15,-0.6));
#17636=CARTESIAN_POINT('',(-1.84,0.15,-0.6));
#17637=CARTESIAN_POINT('Origin',(-1.84,0.,0.));
#17638=CARTESIAN_POINT('',(-1.84,4.03,-0.36));
#17639=CARTESIAN_POINT('',(-1.84,4.340697674419,-0.5930232558139));
#17640=CARTESIAN_POINT('',(-1.84,3.872678788881,-0.4170090916605));
#17641=CARTESIAN_POINT('Origin',(-1.84,3.97,-0.44));
#17642=CARTESIAN_POINT('',(-1.84,3.872678788881,-0.4170090916605));
#17643=CARTESIAN_POINT('Origin',(-1.84,0.,0.));
#17644=CARTESIAN_POINT('Origin',(-1.84,3.938117658369,1.64));
#17645=CARTESIAN_POINT('Origin',(-1.84,-0.05,0.65));
#17646=CARTESIAN_POINT('',(-2.16,-0.05,0.65));
#17647=CARTESIAN_POINT('Origin',(-1.84,-0.05,2.1));
#17648=CARTESIAN_POINT('',(-2.16,-0.05,2.1));
#17649=CARTESIAN_POINT('Origin',(-1.84,0.1,2.25));
#17650=CARTESIAN_POINT('',(-2.16,0.1,2.25));
#17651=CARTESIAN_POINT('Origin',(-1.84,0.65,2.25));
#17652=CARTESIAN_POINT('Origin',(-1.84,0.65,-2.25));
#17653=CARTESIAN_POINT('',(-2.16,0.65,-2.25));
#17654=CARTESIAN_POINT('Origin',(-1.84,0.09999999999999,-2.25));
#17655=CARTESIAN_POINT('',(-2.16,0.09999999999999,-2.25));
#17656=CARTESIAN_POINT('Origin',(-1.84,-0.05,-2.1));
#17657=CARTESIAN_POINT('',(-2.16,-0.05,-2.1));
#17658=CARTESIAN_POINT('Origin',(-1.84,-0.05,-1.2));
#17659=CARTESIAN_POINT('',(-2.16,-0.05,-1.2));
#17660=CARTESIAN_POINT('Origin',(-1.84,0.25,-0.9));
#17661=CARTESIAN_POINT('Origin',(-1.84,0.25,-0.2));
#17662=CARTESIAN_POINT('',(-2.16,0.15,-0.2));
#17663=CARTESIAN_POINT('Origin',(-1.84,0.15,-0.2));
#17664=CARTESIAN_POINT('',(-2.16,0.15,-0.6));
#17665=CARTESIAN_POINT('Origin',(-1.84,0.15,-0.6));
#17666=CARTESIAN_POINT('Origin',(-1.84,4.43,-0.66));
#17667=CARTESIAN_POINT('',(-2.16,4.03,-0.36));
#17668=CARTESIAN_POINT('Origin',(-1.84,3.97,-0.44));
#17669=CARTESIAN_POINT('',(-2.16,3.872678788881,-0.4170090916605));
#17670=CARTESIAN_POINT('Origin',(-1.84,3.872678788881,-0.4170090916605));
#17671=CARTESIAN_POINT('Origin',(-1.84,3.938117658369,1.64));
#17672=CARTESIAN_POINT('Origin',(-0.84,1.55,0.64));
#17673=CARTESIAN_POINT('',(-0.84,2.05,0.64));
#17674=CARTESIAN_POINT('',(-1.16,2.05,0.64));
#17675=CARTESIAN_POINT('Origin',(-1.16,0.,0.));
#17676=CARTESIAN_POINT('',(-1.16,0.65,2.25));
#17677=CARTESIAN_POINT('',(-1.16,0.65,1.8));
#17678=CARTESIAN_POINT('',(-1.16,-0.05,0.65));
#17679=CARTESIAN_POINT('',(-1.16,-0.05,0.65));
#17680=CARTESIAN_POINT('',(-1.16,-0.05,2.1));
#17681=CARTESIAN_POINT('',(-1.16,-0.05,0.65));
#17682=CARTESIAN_POINT('',(-1.16,0.1,2.25));
#17683=CARTESIAN_POINT('',(-1.16,-0.05,2.1));
#17684=CARTESIAN_POINT('',(-1.16,0.1,2.25));
#17685=CARTESIAN_POINT('Origin',(-1.16,0.,0.));
#17686=CARTESIAN_POINT('',(-1.16,0.65,-2.25));
#17687=CARTESIAN_POINT('',(-1.16,0.65,-2.25));
#17688=CARTESIAN_POINT('',(-1.16,0.09999999999999,-2.25));
#17689=CARTESIAN_POINT('',(-1.16,0.65,-2.25));
#17690=CARTESIAN_POINT('',(-1.16,-0.05,-2.1));
#17691=CARTESIAN_POINT('',(-1.16,0.09999999999999,-2.25));
#17692=CARTESIAN_POINT('',(-1.16,-0.05,-1.2));
#17693=CARTESIAN_POINT('',(-1.16,-0.05,-2.1));
#17694=CARTESIAN_POINT('',(-1.16,0.25,-0.9));
#17695=CARTESIAN_POINT('Origin',(-1.16,0.,0.));
#17696=CARTESIAN_POINT('',(-1.16,0.15,-0.2));
#17697=CARTESIAN_POINT('',(-1.16,0.25,-0.2));
#17698=CARTESIAN_POINT('',(-1.16,0.15,-0.6));
#17699=CARTESIAN_POINT('',(-1.16,0.15,-0.6));
#17700=CARTESIAN_POINT('',(-1.16,0.15,-0.6));
#17701=CARTESIAN_POINT('Origin',(-1.16,0.,0.));
#17702=CARTESIAN_POINT('',(-1.16,4.03,-0.36));
#17703=CARTESIAN_POINT('',(-1.16,4.340697674419,-0.5930232558139));
#17704=CARTESIAN_POINT('',(-1.16,3.872678788881,-0.4170090916605));
#17705=CARTESIAN_POINT('',(-1.16,3.872678788881,-0.4170090916605));
#17706=CARTESIAN_POINT('Origin',(-1.16,3.97,-0.44));
#17707=CARTESIAN_POINT('Origin',(-1.16,0.,0.));
#17708=CARTESIAN_POINT('Origin',(-1.16,3.938117658369,1.64));
#17709=CARTESIAN_POINT('Origin',(-0.84,0.65,1.2));
#17710=CARTESIAN_POINT('',(-0.84,0.65,2.25));
#17711=CARTESIAN_POINT('',(-0.84,0.65,2.25));
#17712=CARTESIAN_POINT('',(-1.16,0.65,2.25));
#17713=CARTESIAN_POINT('Origin',(-0.84,0.,0.));
#17714=CARTESIAN_POINT('',(-0.84,0.1,2.25));
#17715=CARTESIAN_POINT('',(-0.84,0.1,2.25));
#17716=CARTESIAN_POINT('',(-0.84,-0.05,2.1));
#17717=CARTESIAN_POINT('',(-0.84,-0.05,2.1));
#17718=CARTESIAN_POINT('',(-0.84,-0.05,0.65));
#17719=CARTESIAN_POINT('',(-0.84,-0.05,0.65));
#17720=CARTESIAN_POINT('',(-0.84,-0.05,0.65));
#17721=CARTESIAN_POINT('Origin',(-0.84,0.,0.));
#17722=CARTESIAN_POINT('',(-0.84,0.65,-2.25));
#17723=CARTESIAN_POINT('',(-0.84,0.65,-2.25));
#17724=CARTESIAN_POINT('',(-0.84,-0.05,-1.2));
#17725=CARTESIAN_POINT('',(-0.84,0.25,-0.9));
#17726=CARTESIAN_POINT('',(-0.84,-0.05,-2.1));
#17727=CARTESIAN_POINT('',(-0.84,-0.05,-2.1));
#17728=CARTESIAN_POINT('',(-0.84,0.09999999999999,-2.25));
#17729=CARTESIAN_POINT('',(-0.84,0.09999999999999,-2.25));
#17730=CARTESIAN_POINT('',(-0.84,0.65,-2.25));
#17731=CARTESIAN_POINT('Origin',(-0.84,0.,0.));
#17732=CARTESIAN_POINT('',(-0.84,0.15,-0.2));
#17733=CARTESIAN_POINT('',(-0.84,0.25,-0.2));
#17734=CARTESIAN_POINT('',(-0.84,0.15,-0.6));
#17735=CARTESIAN_POINT('',(-0.84,0.15,-0.6));
#17736=CARTESIAN_POINT('',(-0.84,0.15,-0.6));
#17737=CARTESIAN_POINT('Origin',(-0.84,0.,0.));
#17738=CARTESIAN_POINT('',(-0.84,4.03,-0.36));
#17739=CARTESIAN_POINT('',(-0.84,4.340697674419,-0.5930232558139));
#17740=CARTESIAN_POINT('',(-0.84,3.872678788881,-0.4170090916605));
#17741=CARTESIAN_POINT('Origin',(-0.84,3.97,-0.44));
#17742=CARTESIAN_POINT('',(-0.84,3.872678788881,-0.4170090916605));
#17743=CARTESIAN_POINT('Origin',(-0.84,0.,0.));
#17744=CARTESIAN_POINT('Origin',(-0.84,3.938117658369,1.64));
#17745=CARTESIAN_POINT('Origin',(-0.84,-0.05,0.65));
#17746=CARTESIAN_POINT('',(-1.16,-0.05,0.65));
#17747=CARTESIAN_POINT('Origin',(-0.84,-0.05,2.1));
#17748=CARTESIAN_POINT('',(-1.16,-0.05,2.1));
#17749=CARTESIAN_POINT('Origin',(-0.84,0.1,2.25));
#17750=CARTESIAN_POINT('',(-1.16,0.1,2.25));
#17751=CARTESIAN_POINT('Origin',(-0.84,0.65,2.25));
#17752=CARTESIAN_POINT('Origin',(-0.84,0.65,-2.25));
#17753=CARTESIAN_POINT('',(-1.16,0.65,-2.25));
#17754=CARTESIAN_POINT('Origin',(-0.84,0.09999999999999,-2.25));
#17755=CARTESIAN_POINT('',(-1.16,0.09999999999999,-2.25));
#17756=CARTESIAN_POINT('Origin',(-0.84,-0.05,-2.1));
#17757=CARTESIAN_POINT('',(-1.16,-0.05,-2.1));
#17758=CARTESIAN_POINT('Origin',(-0.84,-0.05,-1.2));
#17759=CARTESIAN_POINT('',(-1.16,-0.05,-1.2));
#17760=CARTESIAN_POINT('Origin',(-0.84,0.25,-0.9));
#17761=CARTESIAN_POINT('Origin',(-0.84,0.25,-0.2));
#17762=CARTESIAN_POINT('',(-1.16,0.15,-0.2));
#17763=CARTESIAN_POINT('Origin',(-0.84,0.15,-0.2));
#17764=CARTESIAN_POINT('',(-1.16,0.15,-0.6));
#17765=CARTESIAN_POINT('Origin',(-0.84,0.15,-0.6));
#17766=CARTESIAN_POINT('Origin',(-0.84,4.43,-0.66));
#17767=CARTESIAN_POINT('',(-1.16,4.03,-0.36));
#17768=CARTESIAN_POINT('Origin',(-0.84,3.97,-0.44));
#17769=CARTESIAN_POINT('',(-1.16,3.872678788881,-0.4170090916605));
#17770=CARTESIAN_POINT('Origin',(-0.84,3.872678788881,-0.4170090916605));
#17771=CARTESIAN_POINT('Origin',(-0.84,3.938117658369,1.64));
#17772=CARTESIAN_POINT('Origin',(0.16,1.55,0.64));
#17773=CARTESIAN_POINT('',(0.16,2.05,0.64));
#17774=CARTESIAN_POINT('',(-0.16,2.05,0.64));
#17775=CARTESIAN_POINT('Origin',(-0.16,0.,0.));
#17776=CARTESIAN_POINT('',(-0.16,0.65,2.25));
#17777=CARTESIAN_POINT('',(-0.16,0.65,1.8));
#17778=CARTESIAN_POINT('',(-0.16,-0.05,0.65));
#17779=CARTESIAN_POINT('',(-0.16,-0.05,0.65));
#17780=CARTESIAN_POINT('',(-0.16,-0.05,2.1));
#17781=CARTESIAN_POINT('',(-0.16,-0.05,0.65));
#17782=CARTESIAN_POINT('',(-0.16,0.1,2.25));
#17783=CARTESIAN_POINT('',(-0.16,-0.05,2.1));
#17784=CARTESIAN_POINT('',(-0.16,0.1,2.25));
#17785=CARTESIAN_POINT('Origin',(-0.16,0.,0.));
#17786=CARTESIAN_POINT('',(-0.16,0.65,-2.25));
#17787=CARTESIAN_POINT('',(-0.16,0.65,-2.25));
#17788=CARTESIAN_POINT('',(-0.16,0.09999999999999,-2.25));
#17789=CARTESIAN_POINT('',(-0.16,0.65,-2.25));
#17790=CARTESIAN_POINT('',(-0.16,-0.05,-2.1));
#17791=CARTESIAN_POINT('',(-0.16,0.09999999999999,-2.25));
#17792=CARTESIAN_POINT('',(-0.16,-0.05,-1.2));
#17793=CARTESIAN_POINT('',(-0.16,-0.05,-2.1));
#17794=CARTESIAN_POINT('',(-0.16,0.25,-0.9));
#17795=CARTESIAN_POINT('Origin',(-0.16,0.,0.));
#17796=CARTESIAN_POINT('',(-0.16,0.15,-0.2));
#17797=CARTESIAN_POINT('',(-0.16,0.25,-0.2));
#17798=CARTESIAN_POINT('',(-0.16,0.15,-0.6));
#17799=CARTESIAN_POINT('',(-0.16,0.15,-0.6));
#17800=CARTESIAN_POINT('',(-0.16,0.15,-0.6));
#17801=CARTESIAN_POINT('Origin',(-0.16,0.,0.));
#17802=CARTESIAN_POINT('',(-0.16,4.03,-0.36));
#17803=CARTESIAN_POINT('',(-0.16,4.340697674419,-0.5930232558139));
#17804=CARTESIAN_POINT('',(-0.16,3.872678788881,-0.4170090916605));
#17805=CARTESIAN_POINT('',(-0.16,3.872678788881,-0.4170090916605));
#17806=CARTESIAN_POINT('Origin',(-0.16,3.97,-0.44));
#17807=CARTESIAN_POINT('Origin',(-0.16,0.,0.));
#17808=CARTESIAN_POINT('Origin',(-0.16,3.938117658369,1.64));
#17809=CARTESIAN_POINT('Origin',(0.16,0.65,1.2));
#17810=CARTESIAN_POINT('',(0.16,0.65,2.25));
#17811=CARTESIAN_POINT('',(0.16,0.65,2.25));
#17812=CARTESIAN_POINT('',(-0.16,0.65,2.25));
#17813=CARTESIAN_POINT('Origin',(0.16,0.,0.));
#17814=CARTESIAN_POINT('',(0.16,0.1,2.25));
#17815=CARTESIAN_POINT('',(0.16,0.1,2.25));
#17816=CARTESIAN_POINT('',(0.16,-0.05,2.1));
#17817=CARTESIAN_POINT('',(0.16,-0.05,2.1));
#17818=CARTESIAN_POINT('',(0.16,-0.05,0.65));
#17819=CARTESIAN_POINT('',(0.16,-0.05,0.65));
#17820=CARTESIAN_POINT('',(0.16,-0.05,0.65));
#17821=CARTESIAN_POINT('Origin',(0.16,0.,0.));
#17822=CARTESIAN_POINT('',(0.16,0.65,-2.25));
#17823=CARTESIAN_POINT('',(0.16,0.65,-2.25));
#17824=CARTESIAN_POINT('',(0.16,-0.05,-1.2));
#17825=CARTESIAN_POINT('',(0.16,0.25,-0.9));
#17826=CARTESIAN_POINT('',(0.16,-0.05,-2.1));
#17827=CARTESIAN_POINT('',(0.16,-0.05,-2.1));
#17828=CARTESIAN_POINT('',(0.16,0.09999999999999,-2.25));
#17829=CARTESIAN_POINT('',(0.16,0.09999999999999,-2.25));
#17830=CARTESIAN_POINT('',(0.16,0.65,-2.25));
#17831=CARTESIAN_POINT('Origin',(0.16,0.,0.));
#17832=CARTESIAN_POINT('',(0.16,0.15,-0.2));
#17833=CARTESIAN_POINT('',(0.16,0.25,-0.2));
#17834=CARTESIAN_POINT('',(0.16,0.15,-0.6));
#17835=CARTESIAN_POINT('',(0.16,0.15,-0.6));
#17836=CARTESIAN_POINT('',(0.16,0.15,-0.6));
#17837=CARTESIAN_POINT('Origin',(0.16,0.,0.));
#17838=CARTESIAN_POINT('',(0.16,4.03,-0.36));
#17839=CARTESIAN_POINT('',(0.16,4.340697674419,-0.5930232558139));
#17840=CARTESIAN_POINT('',(0.16,3.872678788881,-0.4170090916605));
#17841=CARTESIAN_POINT('Origin',(0.16,3.97,-0.44));
#17842=CARTESIAN_POINT('',(0.16,3.872678788881,-0.4170090916605));
#17843=CARTESIAN_POINT('Origin',(0.16,0.,0.));
#17844=CARTESIAN_POINT('Origin',(0.16,3.938117658369,1.64));
#17845=CARTESIAN_POINT('Origin',(0.16,-0.05,0.65));
#17846=CARTESIAN_POINT('',(-0.16,-0.05,0.65));
#17847=CARTESIAN_POINT('Origin',(0.16,-0.05,2.1));
#17848=CARTESIAN_POINT('',(-0.16,-0.05,2.1));
#17849=CARTESIAN_POINT('Origin',(0.16,0.1,2.25));
#17850=CARTESIAN_POINT('',(-0.16,0.1,2.25));
#17851=CARTESIAN_POINT('Origin',(0.16,0.65,2.25));
#17852=CARTESIAN_POINT('Origin',(0.16,0.65,-2.25));
#17853=CARTESIAN_POINT('',(-0.16,0.65,-2.25));
#17854=CARTESIAN_POINT('Origin',(0.16,0.09999999999999,-2.25));
#17855=CARTESIAN_POINT('',(-0.16,0.09999999999999,-2.25));
#17856=CARTESIAN_POINT('Origin',(0.16,-0.05,-2.1));
#17857=CARTESIAN_POINT('',(-0.16,-0.05,-2.1));
#17858=CARTESIAN_POINT('Origin',(0.16,-0.05,-1.2));
#17859=CARTESIAN_POINT('',(-0.16,-0.05,-1.2));
#17860=CARTESIAN_POINT('Origin',(0.16,0.25,-0.9));
#17861=CARTESIAN_POINT('Origin',(0.16,0.25,-0.2));
#17862=CARTESIAN_POINT('',(-0.16,0.15,-0.2));
#17863=CARTESIAN_POINT('Origin',(0.16,0.15,-0.2));
#17864=CARTESIAN_POINT('',(-0.16,0.15,-0.6));
#17865=CARTESIAN_POINT('Origin',(0.16,0.15,-0.6));
#17866=CARTESIAN_POINT('Origin',(0.16,4.43,-0.66));
#17867=CARTESIAN_POINT('',(-0.16,4.03,-0.36));
#17868=CARTESIAN_POINT('Origin',(0.16,3.97,-0.44));
#17869=CARTESIAN_POINT('',(-0.16,3.872678788881,-0.4170090916605));
#17870=CARTESIAN_POINT('Origin',(0.16,3.872678788881,-0.4170090916605));
#17871=CARTESIAN_POINT('Origin',(0.16,3.938117658369,1.64));
#17872=CARTESIAN_POINT('Origin',(1.16,1.55,0.64));
#17873=CARTESIAN_POINT('',(1.16,2.05,0.64));
#17874=CARTESIAN_POINT('',(0.84,2.05,0.64));
#17875=CARTESIAN_POINT('Origin',(0.84,0.,0.));
#17876=CARTESIAN_POINT('',(0.84,0.65,2.25));
#17877=CARTESIAN_POINT('',(0.84,0.65,1.8));
#17878=CARTESIAN_POINT('',(0.84,-0.05,0.65));
#17879=CARTESIAN_POINT('',(0.84,-0.05,0.65));
#17880=CARTESIAN_POINT('',(0.84,-0.05,2.1));
#17881=CARTESIAN_POINT('',(0.84,-0.05,0.65));
#17882=CARTESIAN_POINT('',(0.84,0.1,2.25));
#17883=CARTESIAN_POINT('',(0.84,-0.05,2.1));
#17884=CARTESIAN_POINT('',(0.84,0.1,2.25));
#17885=CARTESIAN_POINT('Origin',(0.84,0.,0.));
#17886=CARTESIAN_POINT('',(0.84,0.65,-2.25));
#17887=CARTESIAN_POINT('',(0.84,0.65,-2.25));
#17888=CARTESIAN_POINT('',(0.84,0.09999999999999,-2.25));
#17889=CARTESIAN_POINT('',(0.84,0.65,-2.25));
#17890=CARTESIAN_POINT('',(0.84,-0.05,-2.1));
#17891=CARTESIAN_POINT('',(0.84,0.09999999999999,-2.25));
#17892=CARTESIAN_POINT('',(0.84,-0.05,-1.2));
#17893=CARTESIAN_POINT('',(0.84,-0.05,-2.1));
#17894=CARTESIAN_POINT('',(0.84,0.25,-0.9));
#17895=CARTESIAN_POINT('Origin',(0.84,0.,0.));
#17896=CARTESIAN_POINT('',(0.84,0.15,-0.2));
#17897=CARTESIAN_POINT('',(0.84,0.25,-0.2));
#17898=CARTESIAN_POINT('',(0.84,0.15,-0.6));
#17899=CARTESIAN_POINT('',(0.84,0.15,-0.6));
#17900=CARTESIAN_POINT('',(0.84,0.15,-0.6));
#17901=CARTESIAN_POINT('Origin',(0.84,0.,0.));
#17902=CARTESIAN_POINT('',(0.84,4.03,-0.36));
#17903=CARTESIAN_POINT('',(0.84,4.340697674419,-0.5930232558139));
#17904=CARTESIAN_POINT('',(0.84,3.872678788881,-0.4170090916605));
#17905=CARTESIAN_POINT('',(0.84,3.872678788881,-0.4170090916605));
#17906=CARTESIAN_POINT('Origin',(0.84,3.97,-0.44));
#17907=CARTESIAN_POINT('Origin',(0.84,0.,0.));
#17908=CARTESIAN_POINT('Origin',(0.84,3.938117658369,1.64));
#17909=CARTESIAN_POINT('Origin',(1.16,0.65,1.2));
#17910=CARTESIAN_POINT('',(1.16,0.65,2.25));
#17911=CARTESIAN_POINT('',(1.16,0.65,2.25));
#17912=CARTESIAN_POINT('',(0.84,0.65,2.25));
#17913=CARTESIAN_POINT('Origin',(1.16,0.,0.));
#17914=CARTESIAN_POINT('',(1.16,0.1,2.25));
#17915=CARTESIAN_POINT('',(1.16,0.1,2.25));
#17916=CARTESIAN_POINT('',(1.16,-0.05,2.1));
#17917=CARTESIAN_POINT('',(1.16,-0.05,2.1));
#17918=CARTESIAN_POINT('',(1.16,-0.05,0.65));
#17919=CARTESIAN_POINT('',(1.16,-0.05,0.65));
#17920=CARTESIAN_POINT('',(1.16,-0.05,0.65));
#17921=CARTESIAN_POINT('Origin',(1.16,0.,0.));
#17922=CARTESIAN_POINT('',(1.16,0.65,-2.25));
#17923=CARTESIAN_POINT('',(1.16,0.65,-2.25));
#17924=CARTESIAN_POINT('',(1.16,-0.05,-1.2));
#17925=CARTESIAN_POINT('',(1.16,0.25,-0.9));
#17926=CARTESIAN_POINT('',(1.16,-0.05,-2.1));
#17927=CARTESIAN_POINT('',(1.16,-0.05,-2.1));
#17928=CARTESIAN_POINT('',(1.16,0.09999999999999,-2.25));
#17929=CARTESIAN_POINT('',(1.16,0.09999999999999,-2.25));
#17930=CARTESIAN_POINT('',(1.16,0.65,-2.25));
#17931=CARTESIAN_POINT('Origin',(1.16,0.,0.));
#17932=CARTESIAN_POINT('',(1.16,0.15,-0.2));
#17933=CARTESIAN_POINT('',(1.16,0.25,-0.2));
#17934=CARTESIAN_POINT('',(1.16,0.15,-0.6));
#17935=CARTESIAN_POINT('',(1.16,0.15,-0.6));
#17936=CARTESIAN_POINT('',(1.16,0.15,-0.6));
#17937=CARTESIAN_POINT('Origin',(1.16,0.,0.));
#17938=CARTESIAN_POINT('',(1.16,4.03,-0.36));
#17939=CARTESIAN_POINT('',(1.16,4.340697674419,-0.5930232558139));
#17940=CARTESIAN_POINT('',(1.16,3.872678788881,-0.4170090916605));
#17941=CARTESIAN_POINT('Origin',(1.16,3.97,-0.44));
#17942=CARTESIAN_POINT('',(1.16,3.872678788881,-0.4170090916605));
#17943=CARTESIAN_POINT('Origin',(1.16,0.,0.));
#17944=CARTESIAN_POINT('Origin',(1.16,3.938117658369,1.64));
#17945=CARTESIAN_POINT('Origin',(1.16,-0.05,0.65));
#17946=CARTESIAN_POINT('',(0.84,-0.05,0.65));
#17947=CARTESIAN_POINT('Origin',(1.16,-0.05,2.1));
#17948=CARTESIAN_POINT('',(0.84,-0.05,2.1));
#17949=CARTESIAN_POINT('Origin',(1.16,0.1,2.25));
#17950=CARTESIAN_POINT('',(0.84,0.1,2.25));
#17951=CARTESIAN_POINT('Origin',(1.16,0.65,2.25));
#17952=CARTESIAN_POINT('Origin',(1.16,0.65,-2.25));
#17953=CARTESIAN_POINT('',(0.84,0.65,-2.25));
#17954=CARTESIAN_POINT('Origin',(1.16,0.09999999999999,-2.25));
#17955=CARTESIAN_POINT('',(0.84,0.09999999999999,-2.25));
#17956=CARTESIAN_POINT('Origin',(1.16,-0.05,-2.1));
#17957=CARTESIAN_POINT('',(0.84,-0.05,-2.1));
#17958=CARTESIAN_POINT('Origin',(1.16,-0.05,-1.2));
#17959=CARTESIAN_POINT('',(0.84,-0.05,-1.2));
#17960=CARTESIAN_POINT('Origin',(1.16,0.25,-0.9));
#17961=CARTESIAN_POINT('Origin',(1.16,0.25,-0.2));
#17962=CARTESIAN_POINT('',(0.84,0.15,-0.2));
#17963=CARTESIAN_POINT('Origin',(1.16,0.15,-0.2));
#17964=CARTESIAN_POINT('',(0.84,0.15,-0.6));
#17965=CARTESIAN_POINT('Origin',(1.16,0.15,-0.6));
#17966=CARTESIAN_POINT('Origin',(1.16,4.43,-0.66));
#17967=CARTESIAN_POINT('',(0.84,4.03,-0.36));
#17968=CARTESIAN_POINT('Origin',(1.16,3.97,-0.44));
#17969=CARTESIAN_POINT('',(0.84,3.872678788881,-0.4170090916605));
#17970=CARTESIAN_POINT('Origin',(1.16,3.872678788881,-0.4170090916605));
#17971=CARTESIAN_POINT('Origin',(1.16,3.938117658369,1.64));
#17972=CARTESIAN_POINT('Origin',(2.16,1.55,0.64));
#17973=CARTESIAN_POINT('',(2.16,2.05,0.64));
#17974=CARTESIAN_POINT('',(1.84,2.05,0.64));
#17975=CARTESIAN_POINT('Origin',(1.84,0.,0.));
#17976=CARTESIAN_POINT('',(1.84,0.65,2.25));
#17977=CARTESIAN_POINT('',(1.84,0.65,1.8));
#17978=CARTESIAN_POINT('',(1.84,-0.05,0.65));
#17979=CARTESIAN_POINT('',(1.84,-0.05,0.65));
#17980=CARTESIAN_POINT('',(1.84,-0.05,2.1));
#17981=CARTESIAN_POINT('',(1.84,-0.05,0.65));
#17982=CARTESIAN_POINT('',(1.84,0.1,2.25));
#17983=CARTESIAN_POINT('',(1.84,-0.05,2.1));
#17984=CARTESIAN_POINT('',(1.84,0.1,2.25));
#17985=CARTESIAN_POINT('Origin',(1.84,0.,0.));
#17986=CARTESIAN_POINT('',(1.84,0.65,-2.25));
#17987=CARTESIAN_POINT('',(1.84,0.65,-2.25));
#17988=CARTESIAN_POINT('',(1.84,0.09999999999999,-2.25));
#17989=CARTESIAN_POINT('',(1.84,0.65,-2.25));
#17990=CARTESIAN_POINT('',(1.84,-0.05,-2.1));
#17991=CARTESIAN_POINT('',(1.84,0.09999999999999,-2.25));
#17992=CARTESIAN_POINT('',(1.84,-0.05,-1.2));
#17993=CARTESIAN_POINT('',(1.84,-0.05,-2.1));
#17994=CARTESIAN_POINT('',(1.84,0.25,-0.9));
#17995=CARTESIAN_POINT('Origin',(1.84,0.,0.));
#17996=CARTESIAN_POINT('',(1.84,0.15,-0.2));
#17997=CARTESIAN_POINT('',(1.84,0.25,-0.2));
#17998=CARTESIAN_POINT('',(1.84,0.15,-0.6));
#17999=CARTESIAN_POINT('',(1.84,0.15,-0.6));
#18000=CARTESIAN_POINT('',(1.84,0.15,-0.6));
#18001=CARTESIAN_POINT('Origin',(1.84,0.,0.));
#18002=CARTESIAN_POINT('',(1.84,4.03,-0.36));
#18003=CARTESIAN_POINT('',(1.84,4.340697674419,-0.5930232558139));
#18004=CARTESIAN_POINT('',(1.84,3.872678788881,-0.4170090916605));
#18005=CARTESIAN_POINT('',(1.84,3.872678788881,-0.4170090916605));
#18006=CARTESIAN_POINT('Origin',(1.84,3.97,-0.44));
#18007=CARTESIAN_POINT('Origin',(1.84,0.,0.));
#18008=CARTESIAN_POINT('Origin',(1.84,3.938117658369,1.64));
#18009=CARTESIAN_POINT('Origin',(2.16,0.65,1.2));
#18010=CARTESIAN_POINT('',(2.16,0.65,2.25));
#18011=CARTESIAN_POINT('',(2.16,0.65,2.25));
#18012=CARTESIAN_POINT('',(1.84,0.65,2.25));
#18013=CARTESIAN_POINT('Origin',(2.16,0.,0.));
#18014=CARTESIAN_POINT('',(2.16,0.1,2.25));
#18015=CARTESIAN_POINT('',(2.16,0.1,2.25));
#18016=CARTESIAN_POINT('',(2.16,-0.05,2.1));
#18017=CARTESIAN_POINT('',(2.16,-0.05,2.1));
#18018=CARTESIAN_POINT('',(2.16,-0.05,0.65));
#18019=CARTESIAN_POINT('',(2.16,-0.05,0.65));
#18020=CARTESIAN_POINT('',(2.16,-0.05,0.65));
#18021=CARTESIAN_POINT('Origin',(2.16,0.,0.));
#18022=CARTESIAN_POINT('',(2.16,0.65,-2.25));
#18023=CARTESIAN_POINT('',(2.16,0.65,-2.25));
#18024=CARTESIAN_POINT('',(2.16,-0.05,-1.2));
#18025=CARTESIAN_POINT('',(2.16,0.25,-0.9));
#18026=CARTESIAN_POINT('',(2.16,-0.05,-2.1));
#18027=CARTESIAN_POINT('',(2.16,-0.05,-2.1));
#18028=CARTESIAN_POINT('',(2.16,0.09999999999999,-2.25));
#18029=CARTESIAN_POINT('',(2.16,0.09999999999999,-2.25));
#18030=CARTESIAN_POINT('',(2.16,0.65,-2.25));
#18031=CARTESIAN_POINT('Origin',(2.16,0.,0.));
#18032=CARTESIAN_POINT('',(2.16,0.15,-0.2));
#18033=CARTESIAN_POINT('',(2.16,0.25,-0.2));
#18034=CARTESIAN_POINT('',(2.16,0.15,-0.6));
#18035=CARTESIAN_POINT('',(2.16,0.15,-0.6));
#18036=CARTESIAN_POINT('',(2.16,0.15,-0.6));
#18037=CARTESIAN_POINT('Origin',(2.16,0.,0.));
#18038=CARTESIAN_POINT('',(2.16,4.03,-0.36));
#18039=CARTESIAN_POINT('',(2.16,4.340697674419,-0.5930232558139));
#18040=CARTESIAN_POINT('',(2.16,3.872678788881,-0.4170090916605));
#18041=CARTESIAN_POINT('Origin',(2.16,3.97,-0.44));
#18042=CARTESIAN_POINT('',(2.16,3.872678788881,-0.4170090916605));
#18043=CARTESIAN_POINT('Origin',(2.16,0.,0.));
#18044=CARTESIAN_POINT('Origin',(2.16,3.938117658369,1.64));
#18045=CARTESIAN_POINT('Origin',(2.16,-0.05,0.65));
#18046=CARTESIAN_POINT('',(1.84,-0.05,0.65));
#18047=CARTESIAN_POINT('Origin',(2.16,-0.05,2.1));
#18048=CARTESIAN_POINT('',(1.84,-0.05,2.1));
#18049=CARTESIAN_POINT('Origin',(2.16,0.1,2.25));
#18050=CARTESIAN_POINT('',(1.84,0.1,2.25));
#18051=CARTESIAN_POINT('Origin',(2.16,0.65,2.25));
#18052=CARTESIAN_POINT('Origin',(2.16,0.65,-2.25));
#18053=CARTESIAN_POINT('',(1.84,0.65,-2.25));
#18054=CARTESIAN_POINT('Origin',(2.16,0.09999999999999,-2.25));
#18055=CARTESIAN_POINT('',(1.84,0.09999999999999,-2.25));
#18056=CARTESIAN_POINT('Origin',(2.16,-0.05,-2.1));
#18057=CARTESIAN_POINT('',(1.84,-0.05,-2.1));
#18058=CARTESIAN_POINT('Origin',(2.16,-0.05,-1.2));
#18059=CARTESIAN_POINT('',(1.84,-0.05,-1.2));
#18060=CARTESIAN_POINT('Origin',(2.16,0.25,-0.9));
#18061=CARTESIAN_POINT('Origin',(2.16,0.25,-0.2));
#18062=CARTESIAN_POINT('',(1.84,0.15,-0.2));
#18063=CARTESIAN_POINT('Origin',(2.16,0.15,-0.2));
#18064=CARTESIAN_POINT('',(1.84,0.15,-0.6));
#18065=CARTESIAN_POINT('Origin',(2.16,0.15,-0.6));
#18066=CARTESIAN_POINT('Origin',(2.16,4.43,-0.66));
#18067=CARTESIAN_POINT('',(1.84,4.03,-0.36));
#18068=CARTESIAN_POINT('Origin',(2.16,3.97,-0.44));
#18069=CARTESIAN_POINT('',(1.84,3.872678788881,-0.4170090916605));
#18070=CARTESIAN_POINT('Origin',(2.16,3.872678788881,-0.4170090916605));
#18071=CARTESIAN_POINT('Origin',(2.16,3.938117658369,1.64));
#18072=CARTESIAN_POINT('Origin',(3.16,1.55,0.64));
#18073=CARTESIAN_POINT('',(3.16,2.05,0.64));
#18074=CARTESIAN_POINT('',(2.84,2.05,0.64));
#18075=CARTESIAN_POINT('Origin',(2.84,0.,0.));
#18076=CARTESIAN_POINT('',(2.84,0.65,2.25));
#18077=CARTESIAN_POINT('',(2.84,0.65,1.8));
#18078=CARTESIAN_POINT('',(2.84,-0.05,0.65));
#18079=CARTESIAN_POINT('',(2.84,-0.05,0.65));
#18080=CARTESIAN_POINT('',(2.84,-0.05,2.1));
#18081=CARTESIAN_POINT('',(2.84,-0.05,0.65));
#18082=CARTESIAN_POINT('',(2.84,0.1,2.25));
#18083=CARTESIAN_POINT('',(2.84,-0.05,2.1));
#18084=CARTESIAN_POINT('',(2.84,0.1,2.25));
#18085=CARTESIAN_POINT('Origin',(2.84,0.,0.));
#18086=CARTESIAN_POINT('',(2.84,0.65,-2.25));
#18087=CARTESIAN_POINT('',(2.84,0.65,-2.25));
#18088=CARTESIAN_POINT('',(2.84,0.09999999999999,-2.25));
#18089=CARTESIAN_POINT('',(2.84,0.65,-2.25));
#18090=CARTESIAN_POINT('',(2.84,-0.05,-2.1));
#18091=CARTESIAN_POINT('',(2.84,0.09999999999999,-2.25));
#18092=CARTESIAN_POINT('',(2.84,-0.05,-1.2));
#18093=CARTESIAN_POINT('',(2.84,-0.05,-2.1));
#18094=CARTESIAN_POINT('',(2.84,0.25,-0.9));
#18095=CARTESIAN_POINT('Origin',(2.84,0.,0.));
#18096=CARTESIAN_POINT('',(2.84,0.15,-0.2));
#18097=CARTESIAN_POINT('',(2.84,0.25,-0.2));
#18098=CARTESIAN_POINT('',(2.84,0.15,-0.6));
#18099=CARTESIAN_POINT('',(2.84,0.15,-0.6));
#18100=CARTESIAN_POINT('',(2.84,0.15,-0.6));
#18101=CARTESIAN_POINT('Origin',(2.84,0.,0.));
#18102=CARTESIAN_POINT('',(2.84,4.03,-0.36));
#18103=CARTESIAN_POINT('',(2.84,4.340697674419,-0.5930232558139));
#18104=CARTESIAN_POINT('',(2.84,3.872678788881,-0.4170090916605));
#18105=CARTESIAN_POINT('',(2.84,3.872678788881,-0.4170090916605));
#18106=CARTESIAN_POINT('Origin',(2.84,3.97,-0.44));
#18107=CARTESIAN_POINT('Origin',(2.84,0.,0.));
#18108=CARTESIAN_POINT('Origin',(2.84,3.938117658369,1.64));
#18109=CARTESIAN_POINT('Origin',(3.16,0.65,1.2));
#18110=CARTESIAN_POINT('',(3.16,0.65,2.25));
#18111=CARTESIAN_POINT('',(3.16,0.65,2.25));
#18112=CARTESIAN_POINT('',(2.84,0.65,2.25));
#18113=CARTESIAN_POINT('Origin',(3.16,0.,0.));
#18114=CARTESIAN_POINT('',(3.16,0.1,2.25));
#18115=CARTESIAN_POINT('',(3.16,0.1,2.25));
#18116=CARTESIAN_POINT('',(3.16,-0.05,2.1));
#18117=CARTESIAN_POINT('',(3.16,-0.05,2.1));
#18118=CARTESIAN_POINT('',(3.16,-0.05,0.65));
#18119=CARTESIAN_POINT('',(3.16,-0.05,0.65));
#18120=CARTESIAN_POINT('',(3.16,-0.05,0.65));
#18121=CARTESIAN_POINT('Origin',(3.16,0.,0.));
#18122=CARTESIAN_POINT('',(3.16,0.65,-2.25));
#18123=CARTESIAN_POINT('',(3.16,0.65,-2.25));
#18124=CARTESIAN_POINT('',(3.16,-0.05,-1.2));
#18125=CARTESIAN_POINT('',(3.16,0.25,-0.9));
#18126=CARTESIAN_POINT('',(3.16,-0.05,-2.1));
#18127=CARTESIAN_POINT('',(3.16,-0.05,-2.1));
#18128=CARTESIAN_POINT('',(3.16,0.09999999999999,-2.25));
#18129=CARTESIAN_POINT('',(3.16,0.09999999999999,-2.25));
#18130=CARTESIAN_POINT('',(3.16,0.65,-2.25));
#18131=CARTESIAN_POINT('Origin',(3.16,0.,0.));
#18132=CARTESIAN_POINT('',(3.16,0.15,-0.2));
#18133=CARTESIAN_POINT('',(3.16,0.25,-0.2));
#18134=CARTESIAN_POINT('',(3.16,0.15,-0.6));
#18135=CARTESIAN_POINT('',(3.16,0.15,-0.6));
#18136=CARTESIAN_POINT('',(3.16,0.15,-0.6));
#18137=CARTESIAN_POINT('Origin',(3.16,0.,0.));
#18138=CARTESIAN_POINT('',(3.16,4.03,-0.36));
#18139=CARTESIAN_POINT('',(3.16,4.340697674419,-0.5930232558139));
#18140=CARTESIAN_POINT('',(3.16,3.872678788881,-0.4170090916605));
#18141=CARTESIAN_POINT('Origin',(3.16,3.97,-0.44));
#18142=CARTESIAN_POINT('',(3.16,3.872678788881,-0.4170090916605));
#18143=CARTESIAN_POINT('Origin',(3.16,0.,0.));
#18144=CARTESIAN_POINT('Origin',(3.16,3.938117658369,1.64));
#18145=CARTESIAN_POINT('Origin',(3.16,-0.05,0.65));
#18146=CARTESIAN_POINT('',(2.84,-0.05,0.65));
#18147=CARTESIAN_POINT('Origin',(3.16,-0.05,2.1));
#18148=CARTESIAN_POINT('',(2.84,-0.05,2.1));
#18149=CARTESIAN_POINT('Origin',(3.16,0.1,2.25));
#18150=CARTESIAN_POINT('',(2.84,0.1,2.25));
#18151=CARTESIAN_POINT('Origin',(3.16,0.65,2.25));
#18152=CARTESIAN_POINT('Origin',(3.16,0.65,-2.25));
#18153=CARTESIAN_POINT('',(2.84,0.65,-2.25));
#18154=CARTESIAN_POINT('Origin',(3.16,0.09999999999999,-2.25));
#18155=CARTESIAN_POINT('',(2.84,0.09999999999999,-2.25));
#18156=CARTESIAN_POINT('Origin',(3.16,-0.05,-2.1));
#18157=CARTESIAN_POINT('',(2.84,-0.05,-2.1));
#18158=CARTESIAN_POINT('Origin',(3.16,-0.05,-1.2));
#18159=CARTESIAN_POINT('',(2.84,-0.05,-1.2));
#18160=CARTESIAN_POINT('Origin',(3.16,0.25,-0.9));
#18161=CARTESIAN_POINT('Origin',(3.16,0.25,-0.2));
#18162=CARTESIAN_POINT('',(2.84,0.15,-0.2));
#18163=CARTESIAN_POINT('Origin',(3.16,0.15,-0.2));
#18164=CARTESIAN_POINT('',(2.84,0.15,-0.6));
#18165=CARTESIAN_POINT('Origin',(3.16,0.15,-0.6));
#18166=CARTESIAN_POINT('Origin',(3.16,4.43,-0.66));
#18167=CARTESIAN_POINT('',(2.84,4.03,-0.36));
#18168=CARTESIAN_POINT('Origin',(3.16,3.97,-0.44));
#18169=CARTESIAN_POINT('',(2.84,3.872678788881,-0.4170090916605));
#18170=CARTESIAN_POINT('Origin',(3.16,3.872678788881,-0.4170090916605));
#18171=CARTESIAN_POINT('Origin',(3.16,3.938117658369,1.64));
#18172=CARTESIAN_POINT('Origin',(4.16,1.55,0.64));
#18173=CARTESIAN_POINT('',(4.16,2.05,0.64));
#18174=CARTESIAN_POINT('',(3.84,2.05,0.64));
#18175=CARTESIAN_POINT('Origin',(3.84,0.,0.));
#18176=CARTESIAN_POINT('',(3.84,0.65,2.25));
#18177=CARTESIAN_POINT('',(3.84,0.65,1.8));
#18178=CARTESIAN_POINT('',(3.84,-0.05,0.65));
#18179=CARTESIAN_POINT('',(3.84,-0.05,0.65));
#18180=CARTESIAN_POINT('',(3.84,-0.05,2.1));
#18181=CARTESIAN_POINT('',(3.84,-0.05,0.65));
#18182=CARTESIAN_POINT('',(3.84,0.1,2.25));
#18183=CARTESIAN_POINT('',(3.84,-0.05,2.1));
#18184=CARTESIAN_POINT('',(3.84,0.1,2.25));
#18185=CARTESIAN_POINT('Origin',(3.84,0.,0.));
#18186=CARTESIAN_POINT('',(3.84,0.65,-2.25));
#18187=CARTESIAN_POINT('',(3.84,0.65,-2.25));
#18188=CARTESIAN_POINT('',(3.84,0.09999999999999,-2.25));
#18189=CARTESIAN_POINT('',(3.84,0.65,-2.25));
#18190=CARTESIAN_POINT('',(3.84,-0.05,-2.1));
#18191=CARTESIAN_POINT('',(3.84,0.09999999999999,-2.25));
#18192=CARTESIAN_POINT('',(3.84,-0.05,-1.2));
#18193=CARTESIAN_POINT('',(3.84,-0.05,-2.1));
#18194=CARTESIAN_POINT('',(3.84,0.25,-0.9));
#18195=CARTESIAN_POINT('Origin',(3.84,0.,0.));
#18196=CARTESIAN_POINT('',(3.84,0.15,-0.2));
#18197=CARTESIAN_POINT('',(3.84,0.25,-0.2));
#18198=CARTESIAN_POINT('',(3.84,0.15,-0.6));
#18199=CARTESIAN_POINT('',(3.84,0.15,-0.6));
#18200=CARTESIAN_POINT('',(3.84,0.15,-0.6));
#18201=CARTESIAN_POINT('Origin',(3.84,0.,0.));
#18202=CARTESIAN_POINT('',(3.84,4.03,-0.36));
#18203=CARTESIAN_POINT('',(3.84,4.340697674419,-0.5930232558139));
#18204=CARTESIAN_POINT('',(3.84,3.872678788881,-0.4170090916605));
#18205=CARTESIAN_POINT('',(3.84,3.872678788881,-0.4170090916605));
#18206=CARTESIAN_POINT('Origin',(3.84,3.97,-0.44));
#18207=CARTESIAN_POINT('Origin',(3.84,0.,0.));
#18208=CARTESIAN_POINT('Origin',(3.84,3.938117658369,1.64));
#18209=CARTESIAN_POINT('Origin',(4.16,0.65,1.2));
#18210=CARTESIAN_POINT('',(4.16,0.65,2.25));
#18211=CARTESIAN_POINT('',(4.16,0.65,2.25));
#18212=CARTESIAN_POINT('',(3.84,0.65,2.25));
#18213=CARTESIAN_POINT('Origin',(4.16,0.,0.));
#18214=CARTESIAN_POINT('',(4.16,0.1,2.25));
#18215=CARTESIAN_POINT('',(4.16,0.1,2.25));
#18216=CARTESIAN_POINT('',(4.16,-0.05,2.1));
#18217=CARTESIAN_POINT('',(4.16,-0.05,2.1));
#18218=CARTESIAN_POINT('',(4.16,-0.05,0.65));
#18219=CARTESIAN_POINT('',(4.16,-0.05,0.65));
#18220=CARTESIAN_POINT('',(4.16,-0.05,0.65));
#18221=CARTESIAN_POINT('Origin',(4.16,0.,0.));
#18222=CARTESIAN_POINT('',(4.16,0.65,-2.25));
#18223=CARTESIAN_POINT('',(4.16,0.65,-2.25));
#18224=CARTESIAN_POINT('',(4.16,-0.05,-1.2));
#18225=CARTESIAN_POINT('',(4.16,0.25,-0.9));
#18226=CARTESIAN_POINT('',(4.16,-0.05,-2.1));
#18227=CARTESIAN_POINT('',(4.16,-0.05,-2.1));
#18228=CARTESIAN_POINT('',(4.16,0.09999999999999,-2.25));
#18229=CARTESIAN_POINT('',(4.16,0.09999999999999,-2.25));
#18230=CARTESIAN_POINT('',(4.16,0.65,-2.25));
#18231=CARTESIAN_POINT('Origin',(4.16,0.,0.));
#18232=CARTESIAN_POINT('',(4.16,0.15,-0.2));
#18233=CARTESIAN_POINT('',(4.16,0.25,-0.2));
#18234=CARTESIAN_POINT('',(4.16,0.15,-0.6));
#18235=CARTESIAN_POINT('',(4.16,0.15,-0.6));
#18236=CARTESIAN_POINT('',(4.16,0.15,-0.6));
#18237=CARTESIAN_POINT('Origin',(4.16,0.,0.));
#18238=CARTESIAN_POINT('',(4.16,4.03,-0.36));
#18239=CARTESIAN_POINT('',(4.16,4.340697674419,-0.5930232558139));
#18240=CARTESIAN_POINT('',(4.16,3.872678788881,-0.4170090916605));
#18241=CARTESIAN_POINT('Origin',(4.16,3.97,-0.44));
#18242=CARTESIAN_POINT('',(4.16,3.872678788881,-0.4170090916605));
#18243=CARTESIAN_POINT('Origin',(4.16,0.,0.));
#18244=CARTESIAN_POINT('Origin',(4.16,3.938117658369,1.64));
#18245=CARTESIAN_POINT('Origin',(4.16,-0.05,0.65));
#18246=CARTESIAN_POINT('',(3.84,-0.05,0.65));
#18247=CARTESIAN_POINT('Origin',(4.16,-0.05,2.1));
#18248=CARTESIAN_POINT('',(3.84,-0.05,2.1));
#18249=CARTESIAN_POINT('Origin',(4.16,0.1,2.25));
#18250=CARTESIAN_POINT('',(3.84,0.1,2.25));
#18251=CARTESIAN_POINT('Origin',(4.16,0.65,2.25));
#18252=CARTESIAN_POINT('Origin',(4.16,0.65,-2.25));
#18253=CARTESIAN_POINT('',(3.84,0.65,-2.25));
#18254=CARTESIAN_POINT('Origin',(4.16,0.09999999999999,-2.25));
#18255=CARTESIAN_POINT('',(3.84,0.09999999999999,-2.25));
#18256=CARTESIAN_POINT('Origin',(4.16,-0.05,-2.1));
#18257=CARTESIAN_POINT('',(3.84,-0.05,-2.1));
#18258=CARTESIAN_POINT('Origin',(4.16,-0.05,-1.2));
#18259=CARTESIAN_POINT('',(3.84,-0.05,-1.2));
#18260=CARTESIAN_POINT('Origin',(4.16,0.25,-0.9));
#18261=CARTESIAN_POINT('Origin',(4.16,0.25,-0.2));
#18262=CARTESIAN_POINT('',(3.84,0.15,-0.2));
#18263=CARTESIAN_POINT('Origin',(4.16,0.15,-0.2));
#18264=CARTESIAN_POINT('',(3.84,0.15,-0.6));
#18265=CARTESIAN_POINT('Origin',(4.16,0.15,-0.6));
#18266=CARTESIAN_POINT('Origin',(4.16,4.43,-0.66));
#18267=CARTESIAN_POINT('',(3.84,4.03,-0.36));
#18268=CARTESIAN_POINT('Origin',(4.16,3.97,-0.44));
#18269=CARTESIAN_POINT('',(3.84,3.872678788881,-0.4170090916605));
#18270=CARTESIAN_POINT('Origin',(4.16,3.872678788881,-0.4170090916605));
#18271=CARTESIAN_POINT('Origin',(4.16,3.938117658369,1.64));
#18272=CARTESIAN_POINT('Origin',(5.16,1.55,0.64));
#18273=CARTESIAN_POINT('',(5.16,2.05,0.64));
#18274=CARTESIAN_POINT('',(4.84,2.05,0.64));
#18275=CARTESIAN_POINT('Origin',(4.84,0.,0.));
#18276=CARTESIAN_POINT('',(4.84,0.65,2.25));
#18277=CARTESIAN_POINT('',(4.84,0.65,1.8));
#18278=CARTESIAN_POINT('',(4.84,-0.05,0.65));
#18279=CARTESIAN_POINT('',(4.84,-0.05,0.65));
#18280=CARTESIAN_POINT('',(4.84,-0.05,2.1));
#18281=CARTESIAN_POINT('',(4.84,-0.05,0.65));
#18282=CARTESIAN_POINT('',(4.84,0.1,2.25));
#18283=CARTESIAN_POINT('',(4.84,-0.05,2.1));
#18284=CARTESIAN_POINT('',(4.84,0.1,2.25));
#18285=CARTESIAN_POINT('Origin',(4.84,0.,0.));
#18286=CARTESIAN_POINT('',(4.84,0.65,-2.25));
#18287=CARTESIAN_POINT('',(4.84,0.65,-2.25));
#18288=CARTESIAN_POINT('',(4.84,0.09999999999999,-2.25));
#18289=CARTESIAN_POINT('',(4.84,0.65,-2.25));
#18290=CARTESIAN_POINT('',(4.84,-0.05,-2.1));
#18291=CARTESIAN_POINT('',(4.84,0.09999999999999,-2.25));
#18292=CARTESIAN_POINT('',(4.84,-0.05,-1.2));
#18293=CARTESIAN_POINT('',(4.84,-0.05,-2.1));
#18294=CARTESIAN_POINT('',(4.84,0.25,-0.9));
#18295=CARTESIAN_POINT('Origin',(4.84,0.,0.));
#18296=CARTESIAN_POINT('',(4.84,0.15,-0.2));
#18297=CARTESIAN_POINT('',(4.84,0.25,-0.2));
#18298=CARTESIAN_POINT('',(4.84,0.15,-0.6));
#18299=CARTESIAN_POINT('',(4.84,0.15,-0.6));
#18300=CARTESIAN_POINT('',(4.84,0.15,-0.6));
#18301=CARTESIAN_POINT('Origin',(4.84,0.,0.));
#18302=CARTESIAN_POINT('',(4.84,4.03,-0.36));
#18303=CARTESIAN_POINT('',(4.84,4.340697674419,-0.5930232558139));
#18304=CARTESIAN_POINT('',(4.84,3.872678788881,-0.4170090916605));
#18305=CARTESIAN_POINT('',(4.84,3.872678788881,-0.4170090916605));
#18306=CARTESIAN_POINT('Origin',(4.84,3.97,-0.44));
#18307=CARTESIAN_POINT('Origin',(4.84,0.,0.));
#18308=CARTESIAN_POINT('Origin',(4.84,3.938117658369,1.64));
#18309=CARTESIAN_POINT('Origin',(5.16,0.65,1.2));
#18310=CARTESIAN_POINT('',(5.16,0.65,2.25));
#18311=CARTESIAN_POINT('',(5.16,0.65,2.25));
#18312=CARTESIAN_POINT('',(4.84,0.65,2.25));
#18313=CARTESIAN_POINT('Origin',(5.16,0.,0.));
#18314=CARTESIAN_POINT('',(5.16,0.1,2.25));
#18315=CARTESIAN_POINT('',(5.16,0.1,2.25));
#18316=CARTESIAN_POINT('',(5.16,-0.05,2.1));
#18317=CARTESIAN_POINT('',(5.16,-0.05,2.1));
#18318=CARTESIAN_POINT('',(5.16,-0.05,0.65));
#18319=CARTESIAN_POINT('',(5.16,-0.05,0.65));
#18320=CARTESIAN_POINT('',(5.16,-0.05,0.65));
#18321=CARTESIAN_POINT('Origin',(5.16,0.,0.));
#18322=CARTESIAN_POINT('',(5.16,0.65,-2.25));
#18323=CARTESIAN_POINT('',(5.16,0.65,-2.25));
#18324=CARTESIAN_POINT('',(5.16,-0.05,-1.2));
#18325=CARTESIAN_POINT('',(5.16,0.25,-0.9));
#18326=CARTESIAN_POINT('',(5.16,-0.05,-2.1));
#18327=CARTESIAN_POINT('',(5.16,-0.05,-2.1));
#18328=CARTESIAN_POINT('',(5.16,0.09999999999999,-2.25));
#18329=CARTESIAN_POINT('',(5.16,0.09999999999999,-2.25));
#18330=CARTESIAN_POINT('',(5.16,0.65,-2.25));
#18331=CARTESIAN_POINT('Origin',(5.16,0.,0.));
#18332=CARTESIAN_POINT('',(5.16,0.15,-0.2));
#18333=CARTESIAN_POINT('',(5.16,0.25,-0.2));
#18334=CARTESIAN_POINT('',(5.16,0.15,-0.6));
#18335=CARTESIAN_POINT('',(5.16,0.15,-0.6));
#18336=CARTESIAN_POINT('',(5.16,0.15,-0.6));
#18337=CARTESIAN_POINT('Origin',(5.16,0.,0.));
#18338=CARTESIAN_POINT('',(5.16,4.03,-0.36));
#18339=CARTESIAN_POINT('',(5.16,4.340697674419,-0.5930232558139));
#18340=CARTESIAN_POINT('',(5.16,3.872678788881,-0.4170090916605));
#18341=CARTESIAN_POINT('Origin',(5.16,3.97,-0.44));
#18342=CARTESIAN_POINT('',(5.16,3.872678788881,-0.4170090916605));
#18343=CARTESIAN_POINT('Origin',(5.16,0.,0.));
#18344=CARTESIAN_POINT('Origin',(5.16,3.938117658369,1.64));
#18345=CARTESIAN_POINT('Origin',(5.16,-0.05,0.65));
#18346=CARTESIAN_POINT('',(4.84,-0.05,0.65));
#18347=CARTESIAN_POINT('Origin',(5.16,-0.05,2.1));
#18348=CARTESIAN_POINT('',(4.84,-0.05,2.1));
#18349=CARTESIAN_POINT('Origin',(5.16,0.1,2.25));
#18350=CARTESIAN_POINT('',(4.84,0.1,2.25));
#18351=CARTESIAN_POINT('Origin',(5.16,0.65,2.25));
#18352=CARTESIAN_POINT('Origin',(5.16,0.65,-2.25));
#18353=CARTESIAN_POINT('',(4.84,0.65,-2.25));
#18354=CARTESIAN_POINT('Origin',(5.16,0.09999999999999,-2.25));
#18355=CARTESIAN_POINT('',(4.84,0.09999999999999,-2.25));
#18356=CARTESIAN_POINT('Origin',(5.16,-0.05,-2.1));
#18357=CARTESIAN_POINT('',(4.84,-0.05,-2.1));
#18358=CARTESIAN_POINT('Origin',(5.16,-0.05,-1.2));
#18359=CARTESIAN_POINT('',(4.84,-0.05,-1.2));
#18360=CARTESIAN_POINT('Origin',(5.16,0.25,-0.9));
#18361=CARTESIAN_POINT('Origin',(5.16,0.25,-0.2));
#18362=CARTESIAN_POINT('',(4.84,0.15,-0.2));
#18363=CARTESIAN_POINT('Origin',(5.16,0.15,-0.2));
#18364=CARTESIAN_POINT('',(4.84,0.15,-0.6));
#18365=CARTESIAN_POINT('Origin',(5.16,0.15,-0.6));
#18366=CARTESIAN_POINT('Origin',(5.16,4.43,-0.66));
#18367=CARTESIAN_POINT('',(4.84,4.03,-0.36));
#18368=CARTESIAN_POINT('Origin',(5.16,3.97,-0.44));
#18369=CARTESIAN_POINT('',(4.84,3.872678788881,-0.4170090916605));
#18370=CARTESIAN_POINT('Origin',(5.16,3.872678788881,-0.4170090916605));
#18371=CARTESIAN_POINT('Origin',(5.16,3.938117658369,1.64));
#18372=CARTESIAN_POINT('Origin',(6.16,1.55,0.64));
#18373=CARTESIAN_POINT('',(6.16,2.05,0.64));
#18374=CARTESIAN_POINT('',(5.84,2.05,0.64));
#18375=CARTESIAN_POINT('Origin',(5.84,0.,0.));
#18376=CARTESIAN_POINT('',(5.84,0.65,2.25));
#18377=CARTESIAN_POINT('',(5.84,0.65,1.8));
#18378=CARTESIAN_POINT('',(5.84,-0.05,0.65));
#18379=CARTESIAN_POINT('',(5.84,-0.05,0.65));
#18380=CARTESIAN_POINT('',(5.84,-0.05,2.1));
#18381=CARTESIAN_POINT('',(5.84,-0.05,0.65));
#18382=CARTESIAN_POINT('',(5.84,0.1,2.25));
#18383=CARTESIAN_POINT('',(5.84,-0.05,2.1));
#18384=CARTESIAN_POINT('',(5.84,0.1,2.25));
#18385=CARTESIAN_POINT('Origin',(5.84,0.,0.));
#18386=CARTESIAN_POINT('',(5.84,0.65,-2.25));
#18387=CARTESIAN_POINT('',(5.84,0.65,-2.25));
#18388=CARTESIAN_POINT('',(5.84,0.09999999999999,-2.25));
#18389=CARTESIAN_POINT('',(5.84,0.65,-2.25));
#18390=CARTESIAN_POINT('',(5.84,-0.05,-2.1));
#18391=CARTESIAN_POINT('',(5.84,0.09999999999999,-2.25));
#18392=CARTESIAN_POINT('',(5.84,-0.05,-1.2));
#18393=CARTESIAN_POINT('',(5.84,-0.05,-2.1));
#18394=CARTESIAN_POINT('',(5.84,0.25,-0.9));
#18395=CARTESIAN_POINT('Origin',(5.84,0.,0.));
#18396=CARTESIAN_POINT('',(5.84,0.15,-0.2));
#18397=CARTESIAN_POINT('',(5.84,0.25,-0.2));
#18398=CARTESIAN_POINT('',(5.84,0.15,-0.6));
#18399=CARTESIAN_POINT('',(5.84,0.15,-0.6));
#18400=CARTESIAN_POINT('',(5.84,0.15,-0.6));
#18401=CARTESIAN_POINT('Origin',(5.84,0.,0.));
#18402=CARTESIAN_POINT('',(5.84,4.03,-0.36));
#18403=CARTESIAN_POINT('',(5.84,4.340697674419,-0.5930232558139));
#18404=CARTESIAN_POINT('',(5.84,3.872678788881,-0.4170090916605));
#18405=CARTESIAN_POINT('',(5.84,3.872678788881,-0.4170090916605));
#18406=CARTESIAN_POINT('Origin',(5.84,3.97,-0.44));
#18407=CARTESIAN_POINT('Origin',(5.84,0.,0.));
#18408=CARTESIAN_POINT('Origin',(5.84,3.938117658369,1.64));
#18409=CARTESIAN_POINT('Origin',(6.16,0.65,1.2));
#18410=CARTESIAN_POINT('',(6.16,0.65,2.25));
#18411=CARTESIAN_POINT('',(6.16,0.65,2.25));
#18412=CARTESIAN_POINT('',(5.84,0.65,2.25));
#18413=CARTESIAN_POINT('Origin',(6.16,0.,0.));
#18414=CARTESIAN_POINT('',(6.16,0.1,2.25));
#18415=CARTESIAN_POINT('',(6.16,0.1,2.25));
#18416=CARTESIAN_POINT('',(6.16,-0.05,2.1));
#18417=CARTESIAN_POINT('',(6.16,-0.05,2.1));
#18418=CARTESIAN_POINT('',(6.16,-0.05,0.65));
#18419=CARTESIAN_POINT('',(6.16,-0.05,0.65));
#18420=CARTESIAN_POINT('',(6.16,-0.05,0.65));
#18421=CARTESIAN_POINT('Origin',(6.16,0.,0.));
#18422=CARTESIAN_POINT('',(6.16,0.65,-2.25));
#18423=CARTESIAN_POINT('',(6.16,0.65,-2.25));
#18424=CARTESIAN_POINT('',(6.16,-0.05,-1.2));
#18425=CARTESIAN_POINT('',(6.16,0.25,-0.9));
#18426=CARTESIAN_POINT('',(6.16,-0.05,-2.1));
#18427=CARTESIAN_POINT('',(6.16,-0.05,-2.1));
#18428=CARTESIAN_POINT('',(6.16,0.09999999999999,-2.25));
#18429=CARTESIAN_POINT('',(6.16,0.09999999999999,-2.25));
#18430=CARTESIAN_POINT('',(6.16,0.65,-2.25));
#18431=CARTESIAN_POINT('Origin',(6.16,0.,0.));
#18432=CARTESIAN_POINT('',(6.16,0.15,-0.2));
#18433=CARTESIAN_POINT('',(6.16,0.25,-0.2));
#18434=CARTESIAN_POINT('',(6.16,0.15,-0.6));
#18435=CARTESIAN_POINT('',(6.16,0.15,-0.6));
#18436=CARTESIAN_POINT('',(6.16,0.15,-0.6));
#18437=CARTESIAN_POINT('Origin',(6.16,0.,0.));
#18438=CARTESIAN_POINT('',(6.16,4.03,-0.36));
#18439=CARTESIAN_POINT('',(6.16,4.340697674419,-0.5930232558139));
#18440=CARTESIAN_POINT('',(6.16,3.872678788881,-0.4170090916605));
#18441=CARTESIAN_POINT('Origin',(6.16,3.97,-0.44));
#18442=CARTESIAN_POINT('',(6.16,3.872678788881,-0.4170090916605));
#18443=CARTESIAN_POINT('Origin',(6.16,0.,0.));
#18444=CARTESIAN_POINT('Origin',(6.16,3.938117658369,1.64));
#18445=CARTESIAN_POINT('Origin',(6.16,-0.05,0.65));
#18446=CARTESIAN_POINT('',(5.84,-0.05,0.65));
#18447=CARTESIAN_POINT('Origin',(6.16,-0.05,2.1));
#18448=CARTESIAN_POINT('',(5.84,-0.05,2.1));
#18449=CARTESIAN_POINT('Origin',(6.16,0.1,2.25));
#18450=CARTESIAN_POINT('',(5.84,0.1,2.25));
#18451=CARTESIAN_POINT('Origin',(6.16,0.65,2.25));
#18452=CARTESIAN_POINT('Origin',(6.16,0.65,-2.25));
#18453=CARTESIAN_POINT('',(5.84,0.65,-2.25));
#18454=CARTESIAN_POINT('Origin',(6.16,0.09999999999999,-2.25));
#18455=CARTESIAN_POINT('',(5.84,0.09999999999999,-2.25));
#18456=CARTESIAN_POINT('Origin',(6.16,-0.05,-2.1));
#18457=CARTESIAN_POINT('',(5.84,-0.05,-2.1));
#18458=CARTESIAN_POINT('Origin',(6.16,-0.05,-1.2));
#18459=CARTESIAN_POINT('',(5.84,-0.05,-1.2));
#18460=CARTESIAN_POINT('Origin',(6.16,0.25,-0.9));
#18461=CARTESIAN_POINT('Origin',(6.16,0.25,-0.2));
#18462=CARTESIAN_POINT('',(5.84,0.15,-0.2));
#18463=CARTESIAN_POINT('Origin',(6.16,0.15,-0.2));
#18464=CARTESIAN_POINT('',(5.84,0.15,-0.6));
#18465=CARTESIAN_POINT('Origin',(6.16,0.15,-0.6));
#18466=CARTESIAN_POINT('Origin',(6.16,4.43,-0.66));
#18467=CARTESIAN_POINT('',(5.84,4.03,-0.36));
#18468=CARTESIAN_POINT('Origin',(6.16,3.97,-0.44));
#18469=CARTESIAN_POINT('',(5.84,3.872678788881,-0.4170090916605));
#18470=CARTESIAN_POINT('Origin',(6.16,3.872678788881,-0.4170090916605));
#18471=CARTESIAN_POINT('Origin',(6.16,3.938117658369,1.64));
#18472=CARTESIAN_POINT('Origin',(7.16,1.55,0.64));
#18473=CARTESIAN_POINT('Origin',(7.925,4.8,-0.25));
#18474=CARTESIAN_POINT('Origin',(-7.925,4.8,0.64));
#18475=CARTESIAN_POINT('Origin',(-4.84,3.938117658369,1.64));
#18476=CARTESIAN_POINT('Origin',(-6.84,4.43,-0.66));
#18477=CARTESIAN_POINT('',(-7.16,4.03,-0.36));
#18478=CARTESIAN_POINT('Origin',(-6.84,3.97,-0.44));
#18479=CARTESIAN_POINT('',(-7.16,3.872678788881,-0.4170090916605));
#18480=CARTESIAN_POINT('Origin',(-6.84,3.872678788881,-0.4170090916605));
#18481=CARTESIAN_POINT('Origin',(-5.84,4.43,-0.66));
#18482=CARTESIAN_POINT('',(-6.16,4.03,-0.36));
#18483=CARTESIAN_POINT('Origin',(-5.84,3.97,-0.44));
#18484=CARTESIAN_POINT('',(-6.16,3.872678788881,-0.4170090916605));
#18485=CARTESIAN_POINT('Origin',(-5.84,3.872678788881,-0.4170090916605));
#18486=CARTESIAN_POINT('Origin',(-5.84,0.25,-0.2));
#18487=CARTESIAN_POINT('',(-6.16,0.15,-0.2));
#18488=CARTESIAN_POINT('Origin',(-5.84,0.15,-0.2));
#18489=CARTESIAN_POINT('',(-6.16,0.15,-0.6));
#18490=CARTESIAN_POINT('Origin',(-5.84,0.15,-0.6));
#18491=CARTESIAN_POINT('Origin',(-5.84,0.25,-0.9));
#18492=CARTESIAN_POINT('',(-6.16,-0.05,-1.2));
#18493=CARTESIAN_POINT('Origin',(-5.84,-0.05,-1.2));
#18494=CARTESIAN_POINT('',(-6.16,-0.05,-2.1));
#18495=CARTESIAN_POINT('Origin',(-5.84,-0.05,-2.1));
#18496=CARTESIAN_POINT('',(-6.16,0.09999999999999,-2.25));
#18497=CARTESIAN_POINT('Origin',(-5.84,0.09999999999999,-2.25));
#18498=CARTESIAN_POINT('',(-6.16,0.65,-2.25));
#18499=CARTESIAN_POINT('Origin',(-5.84,0.65,-2.25));
#18500=CARTESIAN_POINT('Origin',(-5.84,-0.05,0.65));
#18501=CARTESIAN_POINT('',(-6.16,-0.05,0.65));
#18502=CARTESIAN_POINT('Origin',(-5.84,-0.05,2.1));
#18503=CARTESIAN_POINT('',(-6.16,-0.05,2.1));
#18504=CARTESIAN_POINT('Origin',(-5.84,0.1,2.25));
#18505=CARTESIAN_POINT('',(-6.16,0.1,2.25));
#18506=CARTESIAN_POINT('Origin',(-5.84,0.65,2.25));
#18507=CARTESIAN_POINT('Origin',(8.1,5.7,-1.8));
#18508=CARTESIAN_POINT('Origin',(-9.3,5.7,-1.3));
#18509=CARTESIAN_POINT('',(-9.3,5.65,-1.3));
#18510=CARTESIAN_POINT('Origin',(0.,5.65,0.));
#18511=UNCERTAINTY_MEASURE_WITH_UNIT(LENGTH_MEASURE(0.01),#18515,
'DISTANCE_ACCURACY_VALUE',
'Maximum model space distance between geometric entities at asserted c
onnectivities');
#18512=UNCERTAINTY_MEASURE_WITH_UNIT(LENGTH_MEASURE(0.01),#18515,
'DISTANCE_ACCURACY_VALUE',
'Maximum model space distance between geometric entities at asserted c
onnectivities');
#18513=(
GEOMETRIC_REPRESENTATION_CONTEXT(3)
GLOBAL_UNCERTAINTY_ASSIGNED_CONTEXT((#18511))
GLOBAL_UNIT_ASSIGNED_CONTEXT((#18515,#18517,#18518))
REPRESENTATION_CONTEXT('','3D')
);
#18514=(
GEOMETRIC_REPRESENTATION_CONTEXT(3)
GLOBAL_UNCERTAINTY_ASSIGNED_CONTEXT((#18512))
GLOBAL_UNIT_ASSIGNED_CONTEXT((#18515,#18517,#18518))
REPRESENTATION_CONTEXT('','3D')
);
#18515=(
LENGTH_UNIT()
NAMED_UNIT(*)
SI_UNIT(.MILLI.,.METRE.)
);
#18516=(
LENGTH_UNIT()
NAMED_UNIT(*)
SI_UNIT($,.METRE.)
);
#18517=(
NAMED_UNIT(*)
PLANE_ANGLE_UNIT()
SI_UNIT($,.RADIAN.)
);
#18518=(
NAMED_UNIT(*)
SI_UNIT($,.STERADIAN.)
SOLID_ANGLE_UNIT()
);
#18519=SHAPE_DEFINITION_REPRESENTATION(#18520,#18521);
#18520=PRODUCT_DEFINITION_SHAPE('',$,#18523);
#18521=SHAPE_REPRESENTATION('',(#11693),#18513);
#18522=PRODUCT_DEFINITION_CONTEXT('part definition',#18527,'design');
#18523=PRODUCT_DEFINITION('526101572','(Unsaved)',#18524,#18522);
#18524=PRODUCT_DEFINITION_FORMATION('',$,#18529);
#18525=PRODUCT_RELATED_PRODUCT_CATEGORY('(Unsaved)','(Unsaved)',(#18529));
#18526=APPLICATION_PROTOCOL_DEFINITION('international standard',
'automotive_design',2009,#18527);
#18527=APPLICATION_CONTEXT(
'Core Data for Automotive Mechanical Design Process');
#18528=PRODUCT_CONTEXT('part definition',#18527,'mechanical');
#18529=PRODUCT('526101572','(Unsaved)',$,(#18528));
#18530=PRESENTATION_STYLE_ASSIGNMENT((#18531));
#18531=SURFACE_STYLE_USAGE(.BOTH.,#18532);
#18532=SURFACE_SIDE_STYLE('',(#18533));
#18533=SURFACE_STYLE_FILL_AREA(#18534);
#18534=FILL_AREA_STYLE('Steel - Satin',(#18535));
#18535=FILL_AREA_STYLE_COLOUR('Steel - Satin',#18536);
#18536=COLOUR_RGB('Steel - Satin',0.627450980392157,0.627450980392157,0.627450980392157);
ENDSEC;
END-ISO-10303-21;
